# Blender v2.79 (sub 0) OBJ File: ''
# www.blender.org
mtllib Chewbacca.mtl
o Chewbacca
v -0.007620 0.142437 0.007620
v -0.072065 0.142437 0.007620
v -0.007620 0.137646 0.025498
v -0.072258 0.137646 0.025498
v -0.007620 0.124558 0.038586
v -0.072540 0.124558 0.038586
v -0.007620 0.106680 0.043377
v -0.073666 0.106680 0.043377
v -0.007620 0.088802 0.038586
v -0.074229 0.088802 0.038586
v -0.007620 0.077212 0.026201
v -0.074511 0.077212 0.026201
v -0.072258 0.137646 -0.010258
v -0.072065 0.142437 0.007620
v -0.007620 0.137646 -0.010258
v -0.007620 0.142437 0.007620
v -0.072258 0.137646 -0.010258
v -0.072540 0.124558 -0.023346
v -0.073666 0.106680 0.007620
v -0.073666 0.106680 -0.028137
v -0.074229 0.088802 0.038586
v -0.073666 0.106680 0.043377
v -0.072540 0.124558 0.038586
v -0.072258 0.137646 0.025498
v -0.074511 0.077212 0.026201
v -0.072065 0.142437 0.007620
v -0.072258 0.137646 -0.010258
v -0.007620 0.137646 -0.010258
v -0.007620 0.106680 0.007620
v -0.007620 0.124558 -0.023346
v -0.007620 0.106680 -0.028137
v -0.007620 0.124558 0.038586
v -0.007620 0.106680 0.043377
v -0.007620 0.088802 0.038586
v -0.007620 0.077212 0.026201
v -0.007620 0.137646 -0.010258
v -0.007620 0.142437 0.007620
v -0.007620 0.137646 0.025498
v -0.073666 0.106680 0.007620
v -0.073666 0.106680 -0.028137
v -0.074511 0.077212 0.026201
v -0.074871 0.068118 -0.028298
v -0.074907 0.058922 0.026201
v -0.075474 0.031964 -0.028379
v -0.075303 0.032001 0.026201
v -0.076076 0.000000 -0.028459
v -0.076076 0.000000 0.026328
v -0.075307 0.031999 0.045720
v -0.076076 0.000000 0.045720
v -0.006000 0.000000 0.026328
v -0.006000 0.000000 -0.028459
v -0.006000 0.031999 0.026201
v -0.006405 0.031964 -0.028379
v -0.006810 0.058922 0.026201
v -0.006810 0.068118 -0.028298
v -0.007620 0.077212 0.026201
v -0.007620 0.106680 -0.028137
v -0.007620 0.106680 0.007620
v -0.006000 0.000000 0.045720
v -0.006000 0.031999 0.045720
v -0.007620 0.077212 0.026201
v -0.074511 0.077212 0.026201
v -0.006810 0.058922 0.026201
v -0.074907 0.058922 0.026201
v -0.006000 0.031999 0.026201
v -0.075303 0.032001 0.026201
v -0.006000 0.031999 0.045720
v -0.006000 0.031999 0.026201
v -0.075307 0.031999 0.045720
v -0.075303 0.032001 0.026201
v -0.006000 0.000000 0.045720
v -0.006000 0.031999 0.045720
v -0.076076 0.000000 0.045720
v -0.075307 0.031999 0.045720
v 0.007620 0.077212 0.026201
v 0.074511 0.077212 0.026201
v 0.007620 0.088802 0.038586
v 0.074229 0.088802 0.038586
v 0.007620 0.106680 0.043377
v 0.073666 0.106680 0.043377
v 0.007620 0.124558 0.038586
v 0.072540 0.124558 0.038586
v 0.007620 0.137646 0.025498
v 0.072258 0.137646 0.025498
v 0.007620 0.142437 0.007620
v 0.072065 0.142437 0.007620
v 0.007620 0.142437 0.007620
v 0.072065 0.142437 0.007620
v 0.007620 0.137646 -0.010258
v 0.072258 0.137646 -0.010258
v 0.072258 0.137646 -0.010258
v 0.073666 0.106680 0.007620
v 0.072540 0.124558 -0.023346
v 0.073666 0.106680 -0.028137
v 0.072540 0.124558 0.038586
v 0.073666 0.106680 0.043377
v 0.074229 0.088802 0.038586
v 0.074511 0.077212 0.026201
v 0.072258 0.137646 -0.010258
v 0.072065 0.142437 0.007620
v 0.072258 0.137646 0.025498
v 0.007620 0.137646 -0.010258
v 0.007620 0.124558 -0.023346
v 0.007620 0.106680 0.007620
v 0.007620 0.106680 -0.028137
v 0.007620 0.088802 0.038586
v 0.007620 0.106680 0.043377
v 0.007620 0.124558 0.038586
v 0.007620 0.137646 0.025498
v 0.007620 0.077212 0.026201
v 0.007620 0.142437 0.007620
v 0.007620 0.137646 -0.010258
v 0.076076 0.000000 0.026328
v 0.076076 0.000000 -0.028459
v 0.075303 0.032001 0.026201
v 0.075474 0.031964 -0.028379
v 0.074907 0.058922 0.026201
v 0.074871 0.068118 -0.028298
v 0.074511 0.077212 0.026201
v 0.073666 0.106680 -0.028137
v 0.073666 0.106680 0.007620
v 0.074511 0.077212 0.026201
v 0.007620 0.077212 0.026201
v 0.074907 0.058922 0.026201
v 0.006810 0.058922 0.026201
v 0.075303 0.032001 0.026201
v 0.006000 0.031999 0.026201
v 0.007620 0.106680 0.007620
v 0.007620 0.106680 -0.028137
v 0.007620 0.077212 0.026201
v 0.006810 0.068118 -0.028298
v 0.006810 0.058922 0.026201
v 0.006405 0.031964 -0.028379
v 0.006000 0.031999 0.026201
v 0.006000 0.000000 -0.028459
v 0.006000 0.000000 0.026328
v 0.075307 0.031999 0.045720
v 0.006000 0.031999 0.045720
v 0.076076 0.000000 0.045720
v 0.006000 0.000000 0.045720
v 0.006000 0.031999 0.045720
v 0.006000 0.031999 0.026201
v 0.006000 0.000000 0.045720
v 0.006000 0.000000 0.026328
v 0.075303 0.032001 0.026201
v 0.006000 0.031999 0.026201
v 0.075307 0.031999 0.045720
v 0.006000 0.031999 0.045720
v 0.076076 0.000000 0.045720
v 0.076076 0.000000 0.026328
v 0.075307 0.031999 0.045720
v 0.075303 0.032001 0.026201
v -0.087533 0.181583 -0.009484
v -0.097356 0.183507 -0.009656
v -0.095914 0.188770 -0.013839
v -0.105557 0.187269 -0.004095
v -0.104130 0.192211 -0.007923
v -0.078688 0.182006 -0.003627
v -0.086243 0.186703 -0.013758
v -0.084224 0.193794 -0.015480
v -0.093364 0.196269 -0.015272
v -0.090299 0.204726 -0.015719
v -0.101479 0.199240 -0.009044
v -0.098801 0.207089 -0.008750
v -0.103158 0.210087 0.001090
v -0.077621 0.186465 -0.007632
v -0.076193 0.192079 -0.009338
v -0.072290 0.188817 0.002347
v -0.071400 0.193272 0.000748
v -0.071219 0.192896 0.012637
v -0.070476 0.196516 0.011104
v -0.074863 0.199153 0.024617
v -0.073753 0.202656 0.024076
v -0.083684 0.202813 0.030538
v -0.082155 0.207015 0.030003
v -0.081458 0.201769 -0.016286
v -0.073918 0.197534 -0.009815
v -0.069969 0.197817 0.000524
v -0.069565 0.200396 0.011360
v -0.072492 0.205956 0.023613
v -0.079799 0.212361 0.030413
v -0.091331 0.209424 0.029462
v -0.093406 0.204866 0.030269
v -0.084098 0.200837 0.031090
v -0.093952 0.202845 0.030863
v -0.075354 0.196793 0.025484
v -0.077795 0.160903 0.037347
v -0.084169 0.154946 0.031689
v -0.079098 0.177659 0.001274
v -0.093737 0.152672 0.028311
v -0.088320 0.176956 -0.004546
v -0.103935 0.154691 0.028117
v -0.098521 0.178961 -0.004732
v -0.112032 0.160462 0.031160
v -0.106969 0.183136 0.000766
v -0.115857 0.168439 0.036625
v -0.110963 0.189580 0.008843
v -0.114385 0.176484 0.043047
v -0.109732 0.195817 0.018046
v -0.108012 0.182441 0.048705
v -0.103653 0.200501 0.025612
v -0.094488 0.201858 0.032096
v -0.073217 0.182161 0.009530
v -0.072130 0.188268 0.018475
v -0.076324 0.168948 0.043769
v -0.080148 0.176925 0.049234
v -0.098444 0.184716 0.052084
v -0.088245 0.182697 0.052278
v -0.084501 0.199894 0.032278
v -0.075833 0.195475 0.026995
v -0.071683 0.190042 0.015230
v -0.073109 0.184998 0.005951
v -0.109737 0.192548 0.004998
v -0.108763 0.197908 0.014969
v -0.102937 0.201930 0.023418
v -0.084156 0.220581 -0.014700
v -0.092530 0.222100 -0.007125
v -0.096768 0.224022 0.001450
v -0.102547 0.213080 0.010924
v -0.096037 0.225943 0.010025
v -0.091667 0.227462 0.020729
v -0.085847 0.239579 0.020280
v -0.083101 0.227292 0.029773
v -0.077516 0.239493 0.029177
v -0.075625 0.223355 0.031262
v -0.071409 0.234561 0.031350
v -0.064169 0.229578 0.025377
v -0.062455 0.239843 0.031782
v -0.049814 0.239843 0.028579
v -0.049814 0.251695 0.028579
v -0.041719 0.239843 0.019830
v -0.041719 0.251695 0.019830
v -0.038756 0.239843 0.007878
v -0.038756 0.251695 0.007878
v -0.041719 0.239843 -0.004074
v -0.041719 0.251695 -0.004074
v -0.049814 0.239843 -0.012824
v -0.049814 0.251695 -0.012824
v -0.060873 0.251695 -0.016026
v -0.052778 0.261959 -0.007277
v -0.060873 0.261959 -0.009621
v -0.056764 0.267065 0.000185
v -0.060873 0.267065 -0.001005
v -0.060873 0.268666 0.007878
v -0.064982 0.267065 0.000185
v -0.067990 0.267065 0.003437
v -0.068968 0.261959 -0.007277
v -0.074894 0.261959 -0.000872
v -0.071931 0.251695 -0.012824
v -0.080026 0.251695 -0.004074
v -0.086278 0.236898 -0.005599
v -0.089184 0.237858 0.001676
v -0.108496 0.196611 0.001834
v -0.105853 0.202835 0.000689
v -0.071937 0.231206 -0.015769
v -0.062455 0.239843 -0.016026
v -0.064169 0.229578 -0.009621
v -0.052778 0.229578 -0.007277
v -0.057037 0.224572 0.000696
v -0.046851 0.229578 -0.000872
v -0.054229 0.224572 0.003732
v -0.044682 0.229578 0.007878
v -0.053201 0.224572 0.007878
v -0.046851 0.229578 0.016627
v -0.054229 0.224572 0.012024
v -0.052778 0.229578 0.023032
v -0.057037 0.224572 0.015059
v -0.065071 0.224572 0.016170
v -0.065372 0.222872 0.007878
v -0.088642 0.215301 0.029589
v -0.099894 0.209327 0.020793
v -0.102208 0.204416 0.021872
v -0.097456 0.215466 0.020967
v -0.105234 0.206540 0.011136
v -0.107780 0.201076 0.012554
v -0.078044 0.236138 -0.013762
v -0.046851 0.261959 -0.000872
v -0.053756 0.267065 0.003437
v -0.044682 0.261959 0.007878
v -0.052655 0.267065 0.007878
v -0.052778 0.261959 0.023032
v -0.046851 0.261959 0.016627
v -0.056764 0.267065 0.015570
v -0.053756 0.267065 0.012319
v -0.071931 0.251695 0.028579
v -0.068968 0.261959 0.023032
v -0.080026 0.251695 0.019830
v -0.074894 0.261959 0.016627
v -0.083580 0.251695 0.007878
v -0.077063 0.261959 0.007878
v -0.069091 0.267065 0.007878
v -0.067990 0.267065 0.012319
v -0.064982 0.267065 0.015570
v -0.089513 0.238819 0.008952
v -0.067193 0.245769 0.031437
v -0.060873 0.251695 0.031782
v -0.060873 0.261959 0.025377
v -0.060873 0.267065 0.016760
v -0.067193 0.245769 -0.015540
v -0.076680 0.216642 -0.015998
v -0.069786 0.213741 0.023666
v -0.068170 0.207892 0.010250
v -0.065071 0.224572 0.016170
v -0.065372 0.222872 0.007878
v -0.068328 0.206821 0.000237
v -0.065071 0.224572 -0.000415
v -0.071111 0.207714 -0.009734
v -0.065071 0.224572 -0.000415
v -0.112032 0.160462 0.031160
v -0.103935 0.154691 0.028117
v -0.096090 0.168694 0.040198
v -0.093737 0.152672 0.028311
v -0.084169 0.154946 0.031689
v -0.108012 0.182441 0.048705
v -0.114385 0.176484 0.043047
v -0.115857 0.168439 0.036625
v -0.080148 0.176925 0.049234
v -0.088245 0.182697 0.052278
v -0.098444 0.184716 0.052084
v -0.077795 0.160903 0.037347
v -0.076324 0.168948 0.043769
v 0.071219 0.192896 0.012637
v 0.075354 0.196791 0.025484
v 0.074863 0.199149 0.024618
v 0.084099 0.200833 0.031090
v 0.083685 0.202808 0.030540
v 0.073918 0.197538 -0.009814
v 0.076192 0.192084 -0.009339
v 0.069969 0.197819 0.000525
v 0.071399 0.193276 0.000748
v 0.069565 0.200396 0.011362
v 0.070476 0.196516 0.011105
v 0.072493 0.205951 0.023618
v 0.073754 0.202649 0.024081
v 0.079799 0.212357 0.030417
v 0.082156 0.207009 0.030007
v 0.091332 0.209420 0.029464
v 0.093407 0.204861 0.030271
v 0.093953 0.202840 0.030865
v 0.081458 0.201773 -0.016285
v 0.072290 0.188819 0.002346
v 0.077621 0.186469 -0.007634
v 0.087533 0.181585 -0.009486
v 0.078688 0.182008 -0.003628
v 0.086243 0.186708 -0.013760
v 0.095914 0.188772 -0.013840
v 0.084223 0.193800 -0.015480
v 0.093363 0.196274 -0.015273
v 0.090299 0.204729 -0.015718
v 0.101478 0.199245 -0.009044
v 0.098801 0.207093 -0.008749
v 0.103158 0.210088 0.001092
v 0.097356 0.183508 -0.009656
v 0.104129 0.192213 -0.007924
v 0.105557 0.187269 -0.004095
v 0.109737 0.192549 0.004998
v 0.108496 0.196612 0.001834
v 0.105853 0.202837 0.000690
v 0.102547 0.213079 0.010927
v 0.108764 0.197907 0.014969
v 0.107780 0.201076 0.012555
v 0.102938 0.201926 0.023419
v 0.102208 0.204413 0.021874
v 0.105234 0.206539 0.011139
v 0.099895 0.209325 0.020796
v 0.097456 0.215465 0.020969
v 0.088643 0.215299 0.029591
v 0.075625 0.223354 0.031263
v 0.064169 0.229578 0.025377
v 0.069786 0.213740 0.023668
v 0.068170 0.207893 0.010250
v 0.065071 0.224572 0.016170
v 0.065372 0.222872 0.007878
v 0.068328 0.206821 0.000238
v 0.065071 0.224572 -0.000415
v 0.071111 0.207716 -0.009733
v 0.064169 0.229578 -0.009621
v 0.076680 0.216643 -0.015997
v 0.071937 0.231206 -0.015769
v 0.078044 0.236138 -0.013762
v 0.071931 0.251695 -0.012824
v 0.086278 0.236898 -0.005599
v 0.096768 0.224022 0.001451
v 0.092530 0.222100 -0.007124
v 0.089184 0.237858 0.001676
v 0.080026 0.251695 -0.004074
v 0.074894 0.261959 -0.000872
v 0.068968 0.261959 -0.007277
v 0.067990 0.267065 0.003437
v 0.064982 0.267065 0.000185
v 0.060873 0.268666 0.007878
v 0.060873 0.267065 -0.001005
v 0.056764 0.267065 0.000185
v 0.060873 0.261959 -0.009621
v 0.052778 0.261959 -0.007277
v 0.060873 0.251695 -0.016026
v 0.049814 0.251695 -0.012824
v 0.049814 0.239843 -0.012824
v 0.041719 0.251695 -0.004074
v 0.041719 0.239843 -0.004074
v 0.038756 0.251695 0.007878
v 0.038756 0.239843 0.007878
v 0.041719 0.251695 0.019830
v 0.041719 0.239843 0.019830
v 0.049814 0.251695 0.028579
v 0.049814 0.239843 0.028579
v 0.062455 0.239843 0.031782
v 0.071409 0.234561 0.031350
v 0.077516 0.239493 0.029177
v 0.083101 0.227292 0.029774
v 0.085847 0.239579 0.020280
v 0.091667 0.227462 0.020730
v 0.096037 0.225943 0.010025
v 0.084156 0.220582 -0.014699
v 0.073109 0.184999 0.005950
v 0.071683 0.190042 0.015230
v 0.075833 0.195474 0.026995
v 0.084501 0.199894 0.032278
v 0.094488 0.201855 0.032096
v 0.103654 0.200497 0.025612
v 0.109732 0.195816 0.018046
v 0.110963 0.189580 0.008842
v 0.106969 0.183136 0.000766
v 0.098521 0.178961 -0.004732
v 0.088320 0.176957 -0.004548
v 0.079097 0.177660 0.001272
v 0.073217 0.182162 0.009529
v 0.072130 0.188268 0.018475
v 0.065071 0.224572 -0.000415
v 0.057037 0.224572 0.000696
v 0.065372 0.222872 0.007878
v 0.054229 0.224572 0.003732
v 0.053201 0.224572 0.007878
v 0.054229 0.224572 0.012024
v 0.057037 0.224572 0.015059
v 0.065071 0.224572 0.016170
v 0.052777 0.229578 0.023032
v 0.046851 0.229578 0.016627
v 0.044682 0.229578 0.007878
v 0.046851 0.229578 -0.000872
v 0.052778 0.229578 -0.007277
v 0.062455 0.239843 -0.016026
v 0.067193 0.245769 -0.015540
v 0.077063 0.261959 0.007878
v 0.069091 0.267065 0.007878
v 0.083580 0.251695 0.007878
v 0.074894 0.261959 0.016627
v 0.067990 0.267065 0.012319
v 0.064982 0.267065 0.015570
v 0.060873 0.267065 0.016760
v 0.068968 0.261959 0.023032
v 0.060873 0.261959 0.025377
v 0.071931 0.251695 0.028579
v 0.060873 0.251695 0.031782
v 0.067193 0.245769 0.031437
v 0.089513 0.238819 0.008952
v 0.046851 0.261959 -0.000872
v 0.044682 0.261959 0.007878
v 0.053756 0.267065 0.003437
v 0.052655 0.267065 0.007878
v 0.080026 0.251695 0.019830
v 0.046851 0.261959 0.016627
v 0.052778 0.261959 0.023032
v 0.053756 0.267065 0.012319
v 0.056764 0.267065 0.015570
v 0.103935 0.154692 0.028118
v 0.112032 0.160463 0.031162
v 0.096090 0.168694 0.040198
v 0.115857 0.168440 0.036626
v 0.114385 0.176485 0.043048
v 0.077795 0.160902 0.037345
v 0.084169 0.154945 0.031687
v 0.093737 0.152672 0.028310
v 0.088245 0.182695 0.052277
v 0.080149 0.176923 0.049233
v 0.076324 0.168946 0.043767
v 0.108012 0.182443 0.048706
v 0.098444 0.184716 0.052084
v 0.115857 0.168440 0.036626
v 0.112032 0.160463 0.031162
v 0.106969 0.183136 0.000766
v 0.103935 0.154692 0.028118
v 0.098521 0.178961 -0.004732
v 0.093737 0.152672 0.028310
v 0.088320 0.176957 -0.004548
v 0.084169 0.154945 0.031687
v 0.079097 0.177660 0.001272
v 0.077795 0.160902 0.037345
v 0.073217 0.182162 0.009529
v 0.076324 0.168946 0.043767
v 0.072130 0.188268 0.018475
v 0.080149 0.176923 0.049233
v 0.075833 0.195474 0.026995
v 0.088245 0.182695 0.052277
v 0.084501 0.199894 0.032278
v 0.098444 0.184716 0.052084
v 0.094488 0.201855 0.032096
v 0.108012 0.182443 0.048706
v 0.103654 0.200497 0.025612
v 0.114385 0.176485 0.043048
v 0.109732 0.195816 0.018046
v 0.110963 0.189580 0.008842
v -0.056956 0.270384 -0.026697
v -0.051443 0.275006 -0.025776
v -0.052993 0.270384 -0.030508
v -0.051443 0.275006 -0.025776
v -0.051443 0.275006 0.040975
v 0.000000 0.275006 -0.025776
v 0.000000 0.275006 0.040975
v 0.051443 0.275006 -0.025776
v 0.051443 0.275006 0.040975
v 0.056956 0.270384 0.041896
v 0.051443 0.275006 0.040975
v 0.052993 0.270384 0.045707
v 0.000000 0.270384 0.045707
v -0.052993 0.270384 0.045707
v 0.000000 0.243942 0.045707
v -0.058744 0.243942 0.045707
v 0.000000 0.217500 0.045707
v -0.064496 0.217500 0.045707
v 0.000000 0.191058 0.045707
v -0.070248 0.191058 0.045707
v 0.052993 0.270384 0.045707
v 0.058744 0.243942 0.045707
v 0.064496 0.217500 0.045707
v 0.070248 0.191058 0.045707
v 0.056956 0.270384 0.041896
v 0.061717 0.243942 0.042849
v 0.066478 0.217500 0.043801
v 0.071239 0.191058 0.044754
v 0.076000 0.164616 0.045707
v 0.000000 0.164616 0.045707
v -0.076000 0.164616 0.045707
v -0.071239 0.191058 0.044754
v 0.076000 0.152616 0.045707
v 0.000000 0.152616 0.045707
v -0.076000 0.152616 0.045707
v -0.056956 0.270384 0.041896
v -0.061717 0.243942 0.042849
v -0.066478 0.217500 0.043801
v -0.076000 0.152616 -0.030508
v -0.076000 0.164616 -0.030508
v 0.000000 0.152616 -0.030508
v 0.000000 0.164616 -0.030508
v 0.076000 0.152616 -0.030508
v 0.076000 0.164616 -0.030508
v 0.070248 0.191058 -0.030508
v 0.000000 0.191058 -0.030508
v 0.064496 0.217500 -0.030508
v 0.000000 0.217500 -0.030508
v 0.058744 0.243942 -0.030508
v 0.000000 0.243942 -0.030508
v 0.052993 0.270384 -0.030508
v 0.000000 0.270384 -0.030508
v 0.056956 0.270384 -0.026697
v 0.061717 0.243942 -0.027650
v 0.066478 0.217500 -0.028602
v 0.071239 0.191058 -0.029555
v -0.052993 0.270384 -0.030508
v -0.058744 0.243942 -0.030508
v -0.064496 0.217500 -0.030508
v -0.070248 0.191058 -0.030508
v -0.056956 0.270384 -0.026697
v -0.061717 0.243942 -0.027650
v -0.066478 0.217500 -0.028602
v -0.071239 0.191058 -0.029555
v -0.056956 0.270384 -0.026697
v -0.056956 0.270384 0.041896
v -0.051443 0.275006 -0.025776
v -0.051443 0.275006 0.040975
v 0.056956 0.270384 0.041896
v 0.056956 0.270384 -0.026697
v 0.051443 0.275006 0.040975
v 0.051443 0.275006 -0.025776
v -0.051443 0.275006 0.040975
v -0.052993 0.270384 0.045707
v 0.000000 0.275006 0.040975
v 0.000000 0.270384 0.045707
v 0.051443 0.275006 0.040975
v 0.052993 0.270384 0.045707
v -0.052993 0.270384 0.045707
v -0.051443 0.275006 0.040975
v -0.056956 0.270384 0.041896
v -0.052993 0.270384 -0.030508
v -0.051443 0.275006 -0.025776
v 0.000000 0.270384 -0.030508
v 0.000000 0.275006 -0.025776
v 0.052993 0.270384 -0.030508
v 0.051443 0.275006 -0.025776
v 0.052993 0.270384 -0.030508
v 0.051443 0.275006 -0.025776
v 0.056956 0.270384 -0.026697
v -0.056956 0.270384 0.041896
v -0.056956 0.270384 -0.026697
v -0.061717 0.243942 0.042849
v -0.061717 0.243942 -0.027650
v -0.066478 0.217500 0.043801
v -0.066478 0.217500 -0.028602
v -0.071239 0.191058 0.044754
v -0.071239 0.191058 -0.029555
v -0.076000 0.164616 0.045707
v -0.076000 0.164616 -0.030508
v -0.076000 0.152616 0.045707
v -0.076000 0.164616 0.045707
v -0.076000 0.152616 -0.030508
v -0.076000 0.164616 -0.030508
v 0.056956 0.270384 -0.026697
v 0.056956 0.270384 0.041896
v 0.061717 0.243942 -0.027650
v 0.061717 0.243942 0.042849
v 0.066478 0.217500 -0.028602
v 0.066478 0.217500 0.043801
v 0.071239 0.191058 -0.029555
v 0.071239 0.191058 0.044754
v 0.076000 0.164616 -0.030508
v 0.076000 0.164616 0.045707
v 0.076000 0.152616 -0.030508
v 0.076000 0.164616 -0.030508
v 0.076000 0.152616 0.045707
v 0.076000 0.164616 0.045707
v -0.055615 0.217450 0.036188
v -0.055615 0.217450 -0.020988
v 0.000000 0.217450 0.036188
v 0.000000 0.217450 -0.020988
v 0.055615 0.217450 0.036188
v 0.055615 0.217450 -0.020988
v 0.000000 0.152616 -0.030508
v 0.000000 0.152616 -0.020988
v -0.076000 0.152616 -0.030508
v -0.066149 0.152616 -0.020988
v -0.076000 0.152616 0.045707
v -0.066149 0.152616 0.036188
v 0.000000 0.152616 0.045707
v 0.000000 0.152616 0.036188
v 0.076000 0.152616 0.045707
v 0.066149 0.152616 0.036188
v 0.076000 0.152616 -0.030508
v 0.066149 0.152616 -0.020988
v -0.055615 0.217450 -0.020988
v -0.066149 0.152616 -0.020988
v 0.000000 0.217450 -0.020988
v 0.000000 0.152616 -0.020988
v 0.055615 0.217450 -0.020988
v 0.066149 0.152616 -0.020988
v -0.066149 0.152616 0.036188
v -0.066149 0.152616 -0.020988
v -0.055615 0.217450 0.036188
v -0.055615 0.217450 -0.020988
v -0.066149 0.152616 0.036188
v -0.055615 0.217450 0.036188
v 0.000000 0.152616 0.036188
v 0.000000 0.217450 0.036188
v 0.066149 0.152616 0.036188
v 0.055615 0.217450 0.036188
v 0.066149 0.152616 -0.020988
v 0.066149 0.152616 0.036188
v 0.055615 0.217450 -0.020988
v 0.055615 0.217450 0.036188
v -0.026096 0.081372 0.007620
v -0.020772 0.081372 0.017689
v -0.039403 0.091839 0.007620
v -0.030182 0.091839 0.025059
v -0.044274 0.106136 0.007620
v -0.033626 0.106136 0.027757
v -0.039403 0.120434 0.007620
v -0.030182 0.120434 0.025059
v -0.026096 0.130901 0.007620
v -0.020772 0.130901 0.017689
v -0.020772 0.130901 -0.002449
v -0.007919 0.130920 -0.006624
v -0.030182 0.120434 -0.009819
v -0.007919 0.120450 -0.017052
v -0.033626 0.106136 -0.012517
v -0.007919 0.106147 -0.020869
v -0.030182 0.091839 -0.009819
v -0.007919 0.091844 -0.017052
v -0.020772 0.081372 -0.002449
v -0.007919 0.081374 -0.006624
v -0.007919 0.077541 0.007620
v -0.007919 0.130920 0.021864
v -0.007919 0.120450 0.032292
v -0.007919 0.106147 0.036109
v -0.007919 0.091844 0.032292
v -0.007919 0.081374 0.021864
v -0.020772 0.081372 -0.002449
v -0.030182 0.091839 -0.009819
v -0.033626 0.106136 -0.012517
v -0.030182 0.120434 -0.009819
v -0.020772 0.130901 -0.002449
v 0.026096 0.081372 0.007620
v 0.020772 0.081372 -0.002449
v 0.039403 0.091839 0.007620
v 0.030182 0.091839 -0.009819
v 0.044274 0.106136 0.007620
v 0.033626 0.106136 -0.012517
v 0.039403 0.120434 0.007620
v 0.030182 0.120434 -0.009819
v 0.026096 0.130901 0.007620
v 0.020772 0.130901 -0.002449
v 0.007919 0.130920 -0.006624
v 0.007919 0.120450 -0.017052
v 0.007919 0.106147 -0.020869
v 0.007919 0.091844 -0.017052
v 0.007919 0.081374 -0.006624
v 0.007919 0.077541 0.007620
v 0.020772 0.081372 0.017689
v 0.030182 0.091839 0.025059
v 0.033626 0.106136 0.027757
v 0.030182 0.120434 0.025059
v 0.020772 0.130901 0.017689
v 0.007919 0.130920 0.021864
v 0.007919 0.120450 0.032292
v 0.007919 0.106147 0.036109
v 0.007919 0.091844 0.032292
v 0.007919 0.081374 0.021864
v 0.072000 0.152400 -0.030508
v -0.072000 0.152400 -0.030508
v 0.072000 0.152400 0.045707
v -0.072000 0.152400 0.045707
v -0.072000 0.152400 -0.030508
v 0.072000 0.152400 -0.030508
v -0.072000 0.136000 -0.030508
v 0.072000 0.136000 -0.030508
v 0.072000 0.152400 0.045707
v -0.072000 0.152400 0.045707
v 0.072000 0.136000 0.045707
v -0.072000 0.136000 0.045707
v -0.072000 0.136009 0.027744
v -0.072000 0.152400 0.045707
v -0.070002 0.138187 0.025811
v -0.072000 0.152400 -0.030508
v -0.070002 0.138187 -0.010571
v -0.072000 0.136000 -0.030508
v -0.072000 0.135977 -0.012531
v -0.072000 0.136000 0.045707
v -0.070002 0.143062 0.007620
v 0.070002 0.138187 0.025811
v 0.070002 0.143062 0.007620
v 0.072000 0.152400 0.045707
v 0.070002 0.138187 -0.010571
v 0.072000 0.152400 -0.030508
v 0.072000 0.135977 -0.012531
v 0.072000 0.136000 -0.030508
v 0.072000 0.136009 0.027744
v 0.072000 0.136000 0.045707
v -0.072000 0.136000 -0.030508
v 0.072000 0.136000 -0.030508
v -0.072000 0.135977 -0.012531
v 0.072000 0.135977 -0.012531
v -0.070002 0.138187 -0.010571
v 0.070002 0.138187 -0.010571
v -0.070002 0.143062 0.007620
v 0.070002 0.143062 0.007620
v -0.070002 0.138187 0.025811
v 0.070002 0.138187 0.025811
v -0.072000 0.136009 0.027744
v 0.072000 0.136009 0.027744
v -0.072000 0.136000 0.045707
v 0.072000 0.136000 0.045707
v -0.007919 0.138163 -0.010564
v 0.007919 0.138163 -0.010564
v -0.007919 0.124851 -0.023876
v 0.007919 0.124851 -0.023876
v -0.007919 0.106667 -0.028748
v 0.007919 0.106667 -0.028748
v -0.007919 0.088483 -0.023876
v 0.007919 0.088483 -0.023876
v -0.007919 0.075171 -0.010564
v 0.007919 0.075171 -0.010564
v -0.007919 0.070298 0.007620
v 0.007919 0.070298 0.007620
v -0.007919 0.075171 0.025804
v 0.007919 0.075171 0.025804
v -0.007919 0.088483 0.039116
v 0.007919 0.088483 0.039116
v -0.007919 0.106667 0.043988
v 0.007919 0.106667 0.043988
v -0.007919 0.124851 0.039116
v 0.007919 0.124851 0.039116
v -0.007919 0.138163 0.025804
v 0.007919 0.138163 0.025804
v 0.020772 0.130901 0.017689
v 0.026096 0.130901 0.007620
v 0.007919 0.133874 0.007620
v 0.020772 0.130901 -0.002449
v 0.007919 0.130920 -0.006624
v 0.007919 0.130920 0.021864
v -0.007919 0.130920 -0.006624
v -0.020772 0.130901 -0.002449
v -0.007919 0.133874 0.007620
v -0.026096 0.130901 0.007620
v -0.020772 0.130901 0.017689
v -0.007919 0.130920 0.021864
v -0.007919 0.124851 0.039116
v -0.007919 0.138163 0.025804
v -0.007919 0.120450 0.032292
v -0.007919 0.130920 0.021864
v -0.007919 0.120450 0.032292
v -0.007919 0.106147 0.036109
v -0.007919 0.124851 0.039116
v -0.007919 0.106667 0.043988
v -0.007919 0.088483 0.039116
v -0.007919 0.106667 0.043988
v -0.007919 0.091844 0.032292
v -0.007919 0.106147 0.036109
v -0.007919 0.091844 0.032292
v -0.007919 0.081374 0.021864
v -0.007919 0.088483 0.039116
v -0.007919 0.075171 0.025804
v -0.007919 0.070298 0.007620
v -0.007919 0.075171 0.025804
v -0.007919 0.077541 0.007620
v -0.007919 0.081374 0.021864
v -0.007919 0.075171 -0.010564
v -0.007919 0.070298 0.007620
v -0.007919 0.081374 -0.006624
v -0.007919 0.077541 0.007620
v -0.007919 0.081374 -0.006624
v -0.007919 0.091844 -0.017052
v -0.007919 0.075171 -0.010564
v -0.007919 0.088483 -0.023876
v -0.007919 0.091844 -0.017052
v -0.007919 0.106147 -0.020869
v -0.007919 0.088483 -0.023876
v -0.007919 0.106667 -0.028748
v -0.007919 0.106147 -0.020869
v -0.007919 0.120450 -0.017052
v -0.007919 0.106667 -0.028748
v -0.007919 0.124851 -0.023876
v -0.007919 0.120450 -0.017052
v -0.007919 0.130920 -0.006624
v -0.007919 0.124851 -0.023876
v -0.007919 0.138163 -0.010564
v -0.007919 0.130920 0.021864
v -0.007919 0.138163 0.025804
v -0.007919 0.133874 0.007620
v -0.007919 0.142642 0.007620
v -0.007919 0.130920 -0.006624
v -0.007919 0.133874 0.007620
v -0.007919 0.138163 -0.010564
v 0.007919 0.106147 0.036109
v 0.007919 0.120450 0.032292
v 0.007919 0.106667 0.043988
v 0.007919 0.124851 0.039116
v 0.007919 0.091844 0.032292
v 0.007919 0.106147 0.036109
v 0.007919 0.088483 0.039116
v 0.007919 0.106667 0.043988
v 0.007919 0.081374 0.021864
v 0.007919 0.091844 0.032292
v 0.007919 0.075171 0.025804
v 0.007919 0.088483 0.039116
v 0.007919 0.077541 0.007620
v 0.007919 0.081374 0.021864
v 0.007919 0.070298 0.007620
v 0.007919 0.075171 0.025804
v 0.007919 0.081374 -0.006624
v 0.007919 0.077541 0.007620
v 0.007919 0.075171 -0.010564
v 0.007919 0.070298 0.007620
v 0.007919 0.091844 -0.017052
v 0.007919 0.081374 -0.006624
v 0.007919 0.088483 -0.023876
v 0.007919 0.075171 -0.010564
v 0.007919 0.088483 -0.023876
v 0.007919 0.106667 -0.028748
v 0.007919 0.091844 -0.017052
v 0.007919 0.106147 -0.020869
v 0.007919 0.120450 -0.017052
v 0.007919 0.106147 -0.020869
v 0.007919 0.124851 -0.023876
v 0.007919 0.106667 -0.028748
v 0.007919 0.130920 -0.006624
v 0.007919 0.120450 -0.017052
v 0.007919 0.138163 -0.010564
v 0.007919 0.124851 -0.023876
v 0.007919 0.130920 -0.006624
v 0.007919 0.138163 -0.010564
v 0.007919 0.133874 0.007620
v 0.007919 0.142642 0.007620
v 0.007919 0.120450 0.032292
v 0.007919 0.130920 0.021864
v 0.007919 0.124851 0.039116
v 0.007919 0.138163 0.025804
v 0.007919 0.130920 0.021864
v 0.007919 0.133874 0.007620
v 0.007919 0.138163 0.025804
v 0.026160 0.196597 -0.024000
v 0.033929 0.196597 -0.014677
v 0.053840 0.196597 -0.024000
v 0.046071 0.196597 -0.014677
v 0.057920 0.196597 -0.017920
v 0.051200 0.196597 -0.011200
v 0.057920 0.196597 0.017920
v 0.051200 0.196597 0.011200
v 0.053840 0.196597 0.024000
v 0.046071 0.196597 0.014677
v 0.026160 0.196597 0.024000
v 0.033929 0.196597 0.014677
v 0.016000 0.196597 0.013840
v 0.025323 0.196597 0.006071
v 0.016000 0.196597 -0.013840
v 0.025323 0.196597 -0.006071
v 0.057920 0.196597 0.017920
v 0.053840 0.196597 0.024000
v 0.064000 0.168597 0.013840
v 0.053840 0.152597 0.024000
v 0.064000 0.152597 0.013840
v 0.057920 0.196597 0.017920
v 0.064000 0.168597 0.013840
v 0.057920 0.196597 -0.017920
v 0.064000 0.168597 -0.013840
v 0.064000 0.168597 0.013840
v 0.064000 0.152597 0.013840
v 0.064000 0.168597 -0.013840
v 0.064000 0.152597 -0.013840
v 0.064000 0.152597 -0.013840
v 0.053840 0.152597 -0.024000
v 0.064000 0.168597 -0.013840
v 0.053840 0.196597 -0.024000
v 0.057920 0.196597 -0.017920
v 0.053840 0.196597 -0.024000
v 0.053840 0.152597 -0.024000
v 0.026160 0.196597 -0.024000
v 0.026160 0.152597 -0.024000
v 0.026160 0.196597 -0.024000
v 0.026160 0.152597 -0.024000
v 0.016000 0.196597 -0.013840
v 0.016000 0.152597 -0.013840
v 0.016000 0.196597 -0.013840
v 0.016000 0.152597 -0.013840
v 0.016000 0.196597 0.013840
v 0.016000 0.152597 0.013840
v 0.016000 0.196597 0.013840
v 0.016000 0.152597 0.013840
v 0.026160 0.196597 0.024000
v 0.026160 0.152597 0.024000
v 0.026160 0.196597 0.024000
v 0.026160 0.152597 0.024000
v 0.053840 0.196597 0.024000
v 0.053840 0.152597 0.024000
v 0.051200 0.196597 0.011200
v 0.051200 0.196597 -0.011200
v 0.051200 0.176951 0.011200
v 0.051200 0.176951 -0.011200
v 0.051200 0.176951 -0.011200
v 0.051200 0.196597 -0.011200
v 0.046062 0.176951 -0.014634
v 0.046071 0.196597 -0.014677
v 0.033938 0.176951 -0.014634
v 0.033929 0.196597 -0.014677
v 0.025366 0.176951 -0.006062
v 0.025323 0.196597 -0.006071
v 0.025366 0.176951 0.006062
v 0.025323 0.196597 0.006071
v 0.033938 0.176951 0.014634
v 0.033929 0.196597 0.014677
v 0.046062 0.176951 0.014634
v 0.046071 0.196597 0.014677
v 0.051200 0.176951 0.011200
v 0.051200 0.196597 0.011200
v -0.053840 0.196597 -0.024000
v -0.046071 0.196597 -0.014677
v -0.026160 0.196597 -0.024000
v -0.033929 0.196597 -0.014677
v -0.016000 0.196597 -0.013840
v -0.025323 0.196597 -0.006071
v -0.016000 0.196597 0.013840
v -0.025323 0.196597 0.006071
v -0.026160 0.196597 0.024000
v -0.033929 0.196597 0.014677
v -0.053840 0.196597 0.024000
v -0.046071 0.196597 0.014677
v -0.057920 0.196597 0.017920
v -0.051200 0.196597 0.011200
v -0.057920 0.196597 -0.017920
v -0.051200 0.196597 -0.011200
v -0.064000 0.152597 0.013840
v -0.053840 0.152597 0.024000
v -0.064000 0.168597 0.013840
v -0.053840 0.196597 0.024000
v -0.057920 0.196597 0.017920
v -0.064000 0.168597 -0.013840
v -0.064000 0.168597 0.013840
v -0.057920 0.196597 -0.017920
v -0.057920 0.196597 0.017920
v -0.064000 0.152597 -0.013840
v -0.064000 0.152597 0.013840
v -0.064000 0.168597 -0.013840
v -0.064000 0.168597 0.013840
v -0.057920 0.196597 -0.017920
v -0.053840 0.196597 -0.024000
v -0.064000 0.168597 -0.013840
v -0.053840 0.152597 -0.024000
v -0.064000 0.152597 -0.013840
v -0.026160 0.152597 -0.024000
v -0.053840 0.152597 -0.024000
v -0.026160 0.196597 -0.024000
v -0.053840 0.196597 -0.024000
v -0.016000 0.152597 -0.013840
v -0.026160 0.152597 -0.024000
v -0.016000 0.196597 -0.013840
v -0.026160 0.196597 -0.024000
v -0.016000 0.152597 0.013840
v -0.016000 0.152597 -0.013840
v -0.016000 0.196597 0.013840
v -0.016000 0.196597 -0.013840
v -0.026160 0.152597 0.024000
v -0.016000 0.152597 0.013840
v -0.026160 0.196597 0.024000
v -0.016000 0.196597 0.013840
v -0.053840 0.152597 0.024000
v -0.026160 0.152597 0.024000
v -0.053840 0.196597 0.024000
v -0.026160 0.196597 0.024000
v -0.051200 0.176951 -0.011200
v -0.051200 0.196597 -0.011200
v -0.051200 0.176951 0.011200
v -0.051200 0.196597 0.011200
v -0.051200 0.196597 -0.011200
v -0.051200 0.176951 -0.011200
v -0.046071 0.196597 -0.014677
v -0.046062 0.176951 -0.014634
v -0.033929 0.196597 -0.014677
v -0.033938 0.176951 -0.014634
v -0.025323 0.196597 -0.006071
v -0.025366 0.176951 -0.006062
v -0.025323 0.196597 0.006071
v -0.025366 0.176951 0.006062
v -0.033929 0.196597 0.014677
v -0.033938 0.176951 0.014634
v -0.046071 0.196597 0.014677
v -0.046062 0.176951 0.014634
v -0.051200 0.196597 0.011200
v -0.051200 0.176951 0.011200
v -0.016326 0.274983 -0.008812
v -0.016326 0.323979 -0.008812
v 0.000000 0.274983 -0.015574
v 0.000000 0.323979 -0.015574
v 0.016326 0.274983 -0.008812
v 0.016326 0.323979 -0.008812
v 0.023088 0.274983 0.007514
v 0.023088 0.323979 0.007514
v 0.016326 0.274983 0.023839
v 0.016326 0.323979 0.023839
v 0.000000 0.274983 0.030602
v 0.000000 0.323979 0.030602
v -0.016326 0.274983 0.023839
v -0.016326 0.323979 0.023839
v -0.023088 0.274983 0.007514
v -0.023088 0.323979 0.007514
v -0.016326 0.274983 -0.008812
v -0.016326 0.323979 -0.008812
v 0.000000 0.323979 0.007514
v 0.076000 0.164616 0.045707
v 0.076000 0.152616 0.045707
v 0.072331 0.162043 0.057889
v -0.105153 0.156091 0.041068
v -0.100767 0.176085 0.018031
v -0.097269 0.154947 0.037021
v -0.093260 0.172739 0.016417
v -0.089195 0.155328 0.038924
v -0.085106 0.173175 0.018278
v -0.083599 0.159134 0.043745
v -0.079418 0.177228 0.022902
v -0.082432 0.165832 0.048608
v -0.078370 0.183348 0.028523
v -0.086124 0.172937 0.051570
v -0.082362 0.189198 0.032994
v -0.093423 0.176956 0.052378
v -0.089869 0.192544 0.034607
v -0.101999 0.174109 0.053254
v -0.098023 0.192107 0.032746
v -0.108216 0.167250 0.051872
v -0.103711 0.188055 0.028122
v -0.109393 0.160508 0.047059
v -0.104759 0.181935 0.022501
v -0.110494 0.135253 0.074048
v -0.106476 0.162706 0.093543
v -0.116181 0.135138 0.067985
v -0.111655 0.166065 0.089948
v -0.120421 0.140096 0.057069
v -0.115567 0.173261 0.080621
v -0.117966 0.146900 0.046982
v -0.113111 0.180065 0.070534
v -0.109800 0.151488 0.038837
v -0.104946 0.184653 0.062389
v -0.098112 0.152632 0.034817
v -0.093258 0.185798 0.058369
v -0.086034 0.150025 0.035999
v -0.081180 0.183190 0.059551
v -0.076802 0.144366 0.042066
v -0.071948 0.177531 0.065618
v -0.072890 0.137170 0.051393
v -0.068036 0.170335 0.074945
v -0.075018 0.132604 0.063069
v -0.070491 0.163531 0.085032
v -0.079067 0.133319 0.070295
v -0.075049 0.160771 0.089790
v -0.106476 0.162706 0.093543
v -0.110494 0.135253 0.074048
v -0.107515 0.172765 0.079660
v -0.112369 0.139600 0.056108
v -0.105891 0.177264 0.072990
v -0.110745 0.144099 0.049438
v -0.100492 0.180298 0.067605
v -0.105346 0.147133 0.044053
v -0.092764 0.181054 0.064947
v -0.097619 0.147889 0.041395
v -0.084779 0.179330 0.065728
v -0.089633 0.146165 0.042176
v -0.078675 0.175588 0.069740
v -0.083529 0.142423 0.046188
v -0.076088 0.170831 0.075906
v -0.080942 0.137665 0.052354
v -0.075049 0.160771 0.089790
v -0.079067 0.133319 0.070295
v -0.110494 0.135253 0.074048
v -0.116181 0.135138 0.067985
v -0.112369 0.139600 0.056108
v -0.120421 0.140096 0.057069
v -0.110745 0.144099 0.049438
v -0.117966 0.146900 0.046982
v -0.105346 0.147133 0.044053
v -0.109800 0.151488 0.038837
v -0.097619 0.147889 0.041395
v -0.098112 0.152632 0.034817
v -0.089633 0.146165 0.042176
v -0.086034 0.150025 0.035999
v -0.083529 0.142423 0.046188
v -0.076802 0.144366 0.042066
v -0.080942 0.137665 0.052354
v -0.072890 0.137170 0.051393
v -0.079067 0.133319 0.070295
v -0.075018 0.132604 0.063069
v -0.111655 0.166065 0.089948
v -0.106476 0.162706 0.093543
v -0.115567 0.173261 0.080621
v -0.107515 0.172765 0.079660
v -0.113111 0.180065 0.070534
v -0.105891 0.177264 0.072990
v -0.104946 0.184653 0.062389
v -0.100492 0.180298 0.067605
v -0.093258 0.185798 0.058369
v -0.092764 0.181054 0.064947
v -0.081180 0.183190 0.059551
v -0.084779 0.179330 0.065728
v -0.071948 0.177531 0.065618
v -0.078675 0.175588 0.069740
v -0.068036 0.170335 0.074945
v -0.076088 0.170831 0.075906
v -0.070491 0.163531 0.085032
v -0.075049 0.160771 0.089790
v -0.105153 0.156091 0.041068
v -0.097269 0.154947 0.037021
v -0.101999 0.174109 0.053254
v -0.095346 0.165952 0.044699
v -0.093423 0.176956 0.052378
v -0.109393 0.160508 0.047059
v -0.108216 0.167250 0.051872
v -0.082432 0.165832 0.048608
v -0.086124 0.172937 0.051570
v -0.097269 0.154947 0.037021
v -0.093423 0.176956 0.052378
v -0.095346 0.165952 0.044699
v -0.083599 0.159134 0.043745
v -0.089195 0.155328 0.038924
v 0.097269 0.154947 0.037021
v 0.093260 0.172739 0.016417
v 0.105153 0.156091 0.041068
v 0.100767 0.176085 0.018031
v 0.109393 0.160508 0.047059
v 0.104759 0.181935 0.022501
v 0.108216 0.167250 0.051872
v 0.103711 0.188055 0.028122
v 0.101999 0.174109 0.053254
v 0.098023 0.192107 0.032746
v 0.093423 0.176956 0.052378
v 0.089869 0.192544 0.034607
v 0.086124 0.172937 0.051570
v 0.082362 0.189198 0.032994
v 0.082432 0.165832 0.048608
v 0.078370 0.183348 0.028523
v 0.083599 0.159134 0.043745
v 0.079418 0.177228 0.022902
v 0.089195 0.155328 0.038924
v 0.085106 0.173175 0.018278
v 0.106476 0.162706 0.093543
v 0.110494 0.135253 0.074047
v 0.111655 0.166065 0.089948
v 0.116181 0.135138 0.067984
v 0.115567 0.173261 0.080621
v 0.120421 0.140096 0.057068
v 0.113111 0.180065 0.070534
v 0.117966 0.146900 0.046981
v 0.104946 0.184653 0.062389
v 0.109800 0.151488 0.038837
v 0.093258 0.185798 0.058369
v 0.098112 0.152632 0.034817
v 0.081180 0.183190 0.059551
v 0.086034 0.150025 0.035998
v 0.071948 0.177531 0.065618
v 0.076802 0.144366 0.042065
v 0.068036 0.170335 0.074945
v 0.072890 0.137170 0.051392
v 0.070491 0.163531 0.085032
v 0.075018 0.132604 0.063068
v 0.075049 0.160771 0.089790
v 0.079067 0.133319 0.070294
v 0.110494 0.135253 0.074047
v 0.106476 0.162706 0.093543
v 0.112369 0.139600 0.056107
v 0.107515 0.172765 0.079660
v 0.110745 0.144099 0.049437
v 0.105891 0.177264 0.072990
v 0.105346 0.147133 0.044052
v 0.100492 0.180298 0.067605
v 0.097619 0.147889 0.041394
v 0.092764 0.181054 0.064947
v 0.089633 0.146165 0.042175
v 0.084779 0.179330 0.065728
v 0.083529 0.142423 0.046187
v 0.078675 0.175588 0.069740
v 0.080942 0.137665 0.052353
v 0.076088 0.170831 0.075906
v 0.079067 0.133319 0.070294
v 0.075049 0.160771 0.089790
v 0.110494 0.135253 0.074047
v 0.112369 0.139600 0.056107
v 0.116181 0.135138 0.067984
v 0.120421 0.140096 0.057068
v 0.110745 0.144099 0.049437
v 0.117966 0.146900 0.046981
v 0.105346 0.147133 0.044052
v 0.109800 0.151488 0.038837
v 0.097619 0.147889 0.041394
v 0.098112 0.152632 0.034817
v 0.089633 0.146165 0.042175
v 0.086034 0.150025 0.035998
v 0.083529 0.142423 0.046187
v 0.076802 0.144366 0.042065
v 0.080942 0.137665 0.052353
v 0.072890 0.137170 0.051392
v 0.079067 0.133319 0.070294
v 0.075018 0.132604 0.063068
v 0.106476 0.162706 0.093543
v 0.111655 0.166065 0.089948
v 0.107515 0.172765 0.079660
v 0.115567 0.173261 0.080621
v 0.105891 0.177264 0.072990
v 0.113111 0.180065 0.070534
v 0.100492 0.180298 0.067605
v 0.104946 0.184653 0.062389
v 0.092764 0.181054 0.064947
v 0.093258 0.185798 0.058369
v 0.084779 0.179330 0.065728
v 0.081180 0.183190 0.059551
v 0.078675 0.175588 0.069740
v 0.071948 0.177531 0.065618
v 0.076088 0.170831 0.075906
v 0.068036 0.170335 0.074945
v 0.075049 0.160771 0.089790
v 0.070491 0.163531 0.085032
v 0.097269 0.154947 0.037021
v 0.105153 0.156091 0.041068
v 0.101999 0.174109 0.053254
v 0.109393 0.160508 0.047059
v 0.108216 0.167250 0.051872
v 0.095346 0.165952 0.044699
v 0.093423 0.176956 0.052378
v 0.086124 0.172937 0.051570
v 0.082432 0.165832 0.048608
v 0.097269 0.154947 0.037021
v 0.083599 0.159134 0.043745
v 0.089195 0.155328 0.038924
v 0.093423 0.176956 0.052378
v 0.095346 0.165952 0.044699
v -0.072258 0.137646 -0.010258
v -0.007620 0.137646 -0.010258
v -0.072540 0.124558 -0.023346
v -0.007620 0.124558 -0.023346
v -0.073666 0.106680 -0.028137
v -0.007620 0.106680 -0.028137
v -0.074871 0.068118 -0.028298
v -0.006810 0.068118 -0.028298
v -0.075474 0.031964 -0.028379
v -0.006405 0.031964 -0.028379
v -0.076076 0.000000 -0.028459
v -0.006000 0.000000 -0.028459
v -0.076076 0.000000 -0.028459
v -0.006000 0.000000 -0.028459
v -0.076076 0.000000 0.026328
v -0.006000 0.000000 0.026328
v -0.076076 0.000000 0.045720
v -0.006000 0.000000 0.045720
v 0.007620 0.137646 -0.010258
v 0.072258 0.137646 -0.010258
v 0.007620 0.124558 -0.023346
v 0.072540 0.124558 -0.023346
v 0.007620 0.106680 -0.028137
v 0.073666 0.106680 -0.028137
v 0.006810 0.068118 -0.028298
v 0.074871 0.068118 -0.028298
v 0.006405 0.031964 -0.028379
v 0.075474 0.031964 -0.028379
v 0.006000 0.000000 -0.028459
v 0.076076 0.000000 -0.028459
v 0.076076 0.000000 0.026328
v 0.006000 0.000000 0.026328
v 0.076076 0.000000 -0.028459
v 0.006000 0.000000 -0.028459
v 0.076076 0.000000 0.026328
v 0.076076 0.000000 0.045720
v 0.006000 0.000000 0.026328
v 0.006000 0.000000 0.045720
v -0.019582 0.323762 0.061612
v -0.019582 0.323587 0.059843
v -0.011749 0.323762 0.068275
v -0.011749 0.323587 0.066506
v -0.003916 0.323762 0.070750
v -0.003916 0.323587 0.068981
v 0.003916 0.323762 0.070750
v 0.003916 0.323587 0.068981
v 0.011749 0.323762 0.068275
v 0.011749 0.323587 0.066506
v 0.019582 0.323762 0.061612
v 0.019582 0.323587 0.059843
v -0.019582 0.327141 0.061612
v -0.011749 0.327141 0.068275
v -0.003916 0.327141 0.070750
v 0.003916 0.327141 0.070750
v 0.011749 0.327141 0.068275
v 0.019582 0.327141 0.061612
v 0.019582 0.325312 0.059721
v 0.019582 0.325488 0.057952
v 0.011749 0.325312 0.066384
v 0.011749 0.325488 0.064615
v 0.003916 0.325312 0.068860
v 0.003916 0.325488 0.067090
v -0.003916 0.325312 0.068860
v -0.003916 0.325488 0.067090
v -0.011749 0.325312 0.066384
v -0.011749 0.325488 0.064615
v -0.019582 0.325312 0.059721
v -0.019582 0.325488 0.057952
v 0.019582 0.321934 0.059721
v 0.011749 0.321934 0.066384
v 0.003916 0.321934 0.068860
v -0.003916 0.321934 0.068860
v -0.011749 0.321934 0.066384
v -0.019582 0.321934 0.059721
v 0.000000 0.149146 0.067477
v -0.062379 0.191058 0.057616
v -0.056742 0.149146 0.059581
v -0.065525 0.154374 0.057855
v 0.038218 0.397391 0.025942
v 0.027502 0.405243 0.027050
v 0.034251 0.385366 0.041169
v 0.016787 0.393556 0.045112
v 0.016378 0.377396 0.053731
v 0.000000 0.394197 0.047443
v 0.000000 0.378037 0.056061
v -0.011327 0.393556 0.045112
v -0.016378 0.377396 0.053731
v -0.029706 0.386771 0.040857
v -0.033001 0.365127 0.051394
v 0.000000 0.411346 0.030489
v -0.011327 0.415757 0.007496
v -0.011327 0.409351 0.028158
v -0.029452 0.409260 0.007496
v -0.028793 0.402855 0.025942
v 0.000000 0.417751 0.007496
v 0.030596 0.411038 -0.011447
v 0.044405 0.402109 -0.010339
v 0.035251 0.401613 -0.026626
v 0.046235 0.385366 -0.029582
v 0.026782 0.385366 -0.046366
v 0.026805 0.365473 -0.049377
v 0.000000 0.385366 -0.047527
v 0.000000 0.368643 -0.049911
v -0.012090 0.385366 -0.048037
v -0.012854 0.370132 -0.050162
v -0.036699 0.366820 -0.036051
v -0.036274 0.341452 -0.035332
v -0.048249 0.340055 -0.010547
v -0.050285 0.326399 -0.010466
v -0.065453 0.264523 -0.041635
v -0.058818 0.271880 -0.044203
v -0.062657 0.243942 -0.047496
v -0.033980 0.243942 -0.048259
v -0.063221 0.217500 -0.048571
v -0.008830 0.217500 -0.049465
v -0.063586 0.191058 -0.049268
v 0.000000 0.191058 -0.049868
v -0.064051 0.157245 -0.050154
v 0.000000 0.157245 -0.050154
v 0.076000 0.152616 -0.030508
v 0.056892 0.141526 -0.030604
v 0.064051 0.157245 -0.050154
v 0.056892 0.149146 -0.050154
v 0.045174 0.157245 -0.050154
v 0.000000 0.149146 -0.050154
v -0.060681 0.149146 -0.050154
v -0.076000 0.152616 -0.030508
v -0.072576 0.157311 -0.040379
v -0.076000 0.164616 -0.030508
v -0.069473 0.191058 -0.042605
v -0.070248 0.191058 -0.030508
v -0.066608 0.217500 -0.044661
v -0.064496 0.217500 -0.030508
v -0.058744 0.243942 -0.030508
v -0.073511 0.272012 -0.033579
v -0.073738 0.284168 -0.030253
v -0.080990 0.290731 -0.005032
v -0.058504 0.310110 -0.011354
v -0.086866 0.276415 0.003478
v -0.078925 0.289138 0.026170
v -0.081892 0.291985 0.007962
v -0.048119 0.366787 -0.010706
v -0.045594 0.385366 -0.010313
v -0.034169 0.385366 -0.037086
v -0.028793 0.401242 -0.029552
v -0.011327 0.404173 -0.036202
v 0.000000 0.404173 -0.036202
v 0.000000 0.416976 -0.012556
v 0.016787 0.404173 -0.036202
v 0.016787 0.415147 -0.012556
v 0.082215 0.270944 0.007496
v 0.080626 0.268230 -0.013234
v 0.083815 0.282316 0.007496
v 0.079034 0.278420 -0.013109
v 0.072476 0.298404 0.007496
v 0.053569 0.385366 0.007496
v 0.044405 0.402719 0.007496
v 0.029823 0.412013 0.007496
v 0.016787 0.409351 0.028158
v -0.042869 0.385366 0.022465
v -0.049553 0.366787 0.025699
v -0.041027 0.357652 0.042102
v -0.045778 0.339122 0.025534
v -0.040882 0.340640 0.037159
v -0.047868 0.326399 0.025459
v -0.037709 0.326456 0.040903
v -0.044302 0.293493 0.049589
v -0.027847 0.325227 0.058304
v -0.024031 0.294706 0.061839
v -0.020054 0.309835 0.066091
v -0.015340 0.307361 0.070674
v -0.019063 0.318743 0.067602
v -0.011975 0.315027 0.073191
v -0.018587 0.322650 0.065858
v -0.011153 0.321473 0.070723
v -0.058744 0.243942 -0.030508
v -0.052993 0.270384 -0.030508
v -0.075519 0.267466 -0.030158
v -0.051443 0.275006 -0.025776
v -0.079553 0.270335 -0.013881
v -0.051377 0.275035 -0.013774
v -0.081491 0.270124 0.003669
v -0.051426 0.275093 0.004303
v -0.072324 0.270854 0.032648
v -0.051371 0.274976 0.032663
v -0.065864 0.271419 0.045596
v -0.051443 0.275006 0.040975
v -0.052993 0.270384 0.045707
v 0.061902 0.339073 0.006554
v 0.057314 0.340317 0.022994
v 0.062517 0.318456 0.005852
v 0.059460 0.318456 0.020760
v 0.067396 0.297172 0.025996
v 0.046459 0.294506 0.048974
v 0.067191 0.275345 0.047909
v 0.055843 0.260347 0.061988
v 0.069209 0.268771 0.045596
v 0.052993 0.270384 0.045707
v 0.044587 0.340793 0.041451
v 0.043483 0.323935 0.040800
v -0.075519 0.267466 -0.030158
v -0.087143 0.275564 -0.013032
v -0.079553 0.270335 -0.013881
v -0.081491 0.270124 0.003669
v 0.076000 0.164616 -0.030508
v 0.063040 0.178814 -0.049589
v 0.070248 0.191058 -0.030508
v 0.062466 0.191058 -0.049268
v 0.064496 0.217500 -0.030508
v 0.061040 0.217500 -0.049931
v 0.058744 0.243942 -0.030508
v 0.059107 0.243942 -0.050831
v 0.077515 0.264376 -0.023708
v 0.072897 0.271219 -0.026041
v 0.069715 0.295537 -0.011042
v 0.062517 0.318456 0.005852
v 0.053569 0.385366 0.007496
v 0.058070 0.366787 0.007496
v 0.057093 0.366787 -0.010706
v 0.059003 0.337647 -0.009711
v 0.046963 0.338244 -0.030098
v 0.058135 0.318456 -0.009056
v 0.045440 0.317587 -0.027450
v 0.061943 0.289065 -0.026617
v 0.047476 0.279693 -0.049173
v 0.000000 0.282661 -0.048449
v 0.000000 0.243942 -0.049163
v -0.037466 0.284946 -0.047892
v -0.000473 0.244371 -0.054617
v -0.037939 0.285375 -0.053346
v -0.059291 0.272309 -0.049657
v -0.050888 0.301809 -0.030918
v 0.061902 0.339073 0.006554
v 0.053569 0.385366 -0.010275
v 0.047479 0.366820 -0.028858
v 0.025833 0.342243 -0.047121
v 0.000000 0.342243 -0.045974
v -0.016278 0.342243 -0.045302
v -0.035099 0.317728 -0.032674
v -0.028793 0.408650 -0.010339
v -0.011327 0.415147 -0.012556
v -0.045716 0.385366 0.007496
v -0.052536 0.366787 0.007496
v -0.051062 0.339319 0.007496
v -0.052285 0.326399 0.007496
v -0.058510 0.307522 0.027210
v -0.059829 0.312919 0.007729
v 0.058070 0.366787 0.007496
v 0.047382 0.385366 0.022465
v 0.051883 0.366787 0.025699
v 0.033001 0.365127 0.051394
v 0.012315 0.364816 0.058289
v 0.000000 0.364490 0.059134
v -0.012315 0.364816 0.058289
v -0.024383 0.358883 0.055238
v -0.032137 0.352443 0.049332
v -0.009968 0.356480 0.059101
v -0.017434 0.349878 0.049804
v -0.010415 0.345790 0.064070
v -0.023025 0.334214 0.060995
v -0.010730 0.340374 0.066895
v -0.017789 0.333035 0.068352
v -0.007868 0.337488 0.070088
v -0.008582 0.333761 0.073151
v 0.000000 0.333169 0.073741
v 0.000000 0.325352 0.074310
v 0.010665 0.325739 0.073945
v 0.011153 0.322731 0.070723
v 0.019444 0.325735 0.069267
v 0.018587 0.323908 0.065858
v 0.027847 0.325227 0.058304
v 0.079433 0.280757 0.031354
v 0.076573 0.270671 0.032782
v -0.081491 0.270124 0.003669
v -0.072324 0.270854 0.032648
v -0.080648 0.276968 0.028467
v -0.064710 0.277967 0.049018
v -0.054583 0.260618 0.062836
v -0.038012 0.279725 0.065435
v -0.022567 0.260618 0.072685
v -0.037668 0.279454 0.059763
v -0.022223 0.260347 0.067013
v 0.000000 0.290956 0.064169
v 0.000000 0.304776 0.073004
v 0.000000 0.313922 0.075522
v -0.000004 0.320424 0.073038
v -0.086866 0.276415 0.003478
v -0.081892 0.291985 0.007962
v -0.059829 0.312919 0.007729
v -0.052285 0.326399 0.007496
v -0.051062 0.339319 0.007496
v -0.052536 0.366787 0.007496
v -0.045716 0.385366 0.007496
v -0.029452 0.409260 0.007496
v -0.011327 0.415757 0.007496
v 0.000000 0.417751 0.007496
v 0.016787 0.415757 0.007496
v 0.029823 0.412013 0.007496
v 0.044405 0.402719 0.007496
v 0.016356 0.320805 -0.046609
v 0.000000 0.320307 -0.046194
v -0.016359 0.319866 -0.045827
v 0.072476 0.298404 0.007496
v 0.083815 0.282316 0.007496
v 0.082215 0.270944 0.007496
v -0.000004 0.321682 0.073038
v -0.010665 0.325739 0.073945
v -0.011153 0.322731 0.070723
v -0.019444 0.325735 0.069267
v -0.018587 0.323908 0.065858
v -0.034683 0.342158 0.048784
v -0.007483 0.345797 0.069398
v -0.006447 0.349008 0.066556
v -0.000013 0.346011 0.071761
v -0.000004 0.350329 0.068258
v 0.007483 0.345797 0.069398
v 0.006447 0.349008 0.066556
v 0.010415 0.345790 0.064070
v 0.009968 0.356480 0.059101
v 0.017434 0.349878 0.049804
v 0.024383 0.358883 0.055238
v 0.032137 0.352443 0.049332
v 0.043129 0.357652 0.042102
v 0.058744 0.243942 0.045707
v 0.058744 0.243942 0.061323
v 0.064496 0.217500 0.045707
v 0.063602 0.217500 0.060059
v 0.070248 0.191058 0.045707
v 0.067945 0.191058 0.058979
v 0.072331 0.162043 0.057889
v 0.045486 0.191017 0.064487
v 0.045486 0.191017 0.070159
v 0.019774 0.217500 0.067535
v 0.019430 0.217771 0.073207
v 0.000000 0.237300 0.071112
v -0.000344 0.237571 0.076784
v -0.006422 0.243942 0.070064
v -0.006767 0.244213 0.075736
v 0.008582 0.333761 0.073151
v 0.017789 0.333035 0.068352
v 0.023025 0.334214 0.060995
v 0.034683 0.342158 0.048784
v -0.000025 0.337022 0.072524
v 0.007868 0.337488 0.070088
v 0.010730 0.340374 0.066895
v 0.000009 0.356191 0.061510
v 0.015340 0.307361 0.070674
v 0.024031 0.294706 0.061839
v 0.020054 0.309835 0.066091
v 0.019063 0.318743 0.067602
v 0.018587 0.322650 0.065858
v 0.011975 0.315027 0.073191
v 0.011153 0.321473 0.070723
v -0.065864 0.271419 0.045596
v -0.054239 0.260347 0.057164
v -0.038145 0.243942 0.062466
v -0.038489 0.244213 0.068138
v -0.013036 0.217500 0.066879
v -0.013380 0.217771 0.072551
v 0.000000 0.204279 0.069676
v -0.000344 0.204550 0.075348
v 0.013309 0.191058 0.067997
v 0.012965 0.191058 0.073669
v 0.076000 0.152616 0.045707
v 0.056919 0.149146 0.065147
v -0.034453 0.244371 -0.053713
v -0.009303 0.217929 -0.054919
v 0.015184 0.191058 -0.049722
v 0.014711 0.191487 -0.055176
v 0.049240 0.191487 -0.054844
v 0.049713 0.191058 -0.049390
v 0.024574 0.217500 -0.049740
v 0.000000 0.141526 -0.030604
v 0.056892 0.141526 -0.030604
v 0.000000 0.152616 -0.030508
v 0.076000 0.152616 -0.030508
v 0.000000 0.164616 -0.030508
v 0.076000 0.164616 -0.030508
v 0.000000 0.191058 -0.030508
v 0.070248 0.191058 -0.030508
v 0.000000 0.217500 -0.030508
v 0.064496 0.217500 -0.030508
v 0.000000 0.243942 -0.030508
v 0.058744 0.243942 -0.030508
v 0.000000 0.270384 -0.030508
v 0.052993 0.270384 -0.030508
v 0.000000 0.275006 -0.025776
v 0.051443 0.275006 -0.025776
v 0.000033 0.275025 -0.013521
v 0.051443 0.275015 -0.013268
v 0.000008 0.275054 0.005767
v 0.051443 0.275015 0.007231
v 0.000036 0.274996 0.032720
v 0.051443 0.275015 0.032776
v 0.000000 0.275006 0.040975
v 0.051443 0.275006 0.040975
v 0.000000 0.270384 0.045707
v 0.052993 0.270384 0.045707
v 0.000000 0.243942 0.045707
v 0.058744 0.243942 0.045707
v 0.000000 0.217500 0.045707
v 0.064496 0.217500 0.045707
v 0.000000 0.191058 0.045707
v 0.070248 0.191058 0.045707
v 0.000000 0.164616 0.045707
v 0.076000 0.164616 0.045707
v 0.000000 0.152616 0.045707
v 0.076000 0.152616 0.045707
v 0.000000 0.141526 0.045596
v 0.059752 0.141526 0.045596
v 0.016787 0.415757 0.007496
v 0.000000 0.417751 0.007496
v -0.057763 0.141526 0.045596
v -0.076000 0.152616 0.045707
v -0.076000 0.164616 0.045707
v -0.070248 0.191058 0.045707
v -0.064496 0.217500 0.045707
v -0.058744 0.243942 0.045707
v -0.064496 0.217500 -0.030508
v -0.070248 0.191058 -0.030508
v -0.076000 0.164616 -0.030508
v -0.076000 0.152616 -0.030508
v -0.060681 0.141526 -0.030604
v 0.076000 0.164616 0.045707
v -0.060681 0.141526 -0.030604
v 0.000000 0.141526 -0.030604
v 0.082215 0.270944 0.007496
v 0.080626 0.268230 -0.013234
v 0.077515 0.264376 -0.023708
v 0.076573 0.270671 0.032782
v 0.069209 0.268771 0.045596
v -0.064496 0.217500 0.045707
v -0.070248 0.191058 0.045707
v -0.076000 0.164616 0.045707
v -0.076000 0.152616 0.045707
v -0.057763 0.141526 0.045596
v 0.000000 0.141526 0.045596
v 0.059752 0.141526 0.045596
v 0.000000 0.243942 0.071427
v -0.052993 0.270384 0.045707
v -0.058744 0.243942 0.045707
v -0.058744 0.243942 0.057271
v -0.060215 0.217500 0.057451
v 0.000000 0.191058 0.069177
v 0.000000 0.260347 0.072163
v 0.024101 0.217929 -0.055194
v -0.018587 0.323908 0.065858
v -0.027847 0.325227 0.058304
v -0.018587 0.323279 0.038586
v -0.018587 0.322650 0.065858
v -0.018587 0.323279 0.038586
v -0.011153 0.322102 0.037670
v -0.018587 0.323908 0.065858
v -0.011153 0.322731 0.070723
v -0.011153 0.322102 0.037670
v -0.000004 0.321053 0.037300
v -0.011153 0.322731 0.070723
v -0.000004 0.321682 0.073038
v -0.000004 0.321053 0.037300
v 0.011153 0.322102 0.037670
v -0.000004 0.321682 0.073038
v 0.011153 0.322731 0.070723
v 0.011153 0.322102 0.037670
v 0.018587 0.323279 0.038586
v 0.011153 0.322731 0.070723
v 0.018587 0.323908 0.065858
v 0.018587 0.323908 0.065858
v 0.018587 0.323279 0.038586
v 0.027847 0.325227 0.058304
v 0.018587 0.322650 0.065858
v 0.011153 0.321473 0.070723
v 0.018587 0.322650 0.065858
v 0.011153 0.322102 0.037670
v -0.000004 0.320424 0.073038
v 0.011153 0.321473 0.070723
v -0.000004 0.321053 0.037300
v 0.011153 0.322102 0.037670
v -0.011153 0.321473 0.070723
v -0.000004 0.320424 0.073038
v -0.011153 0.322102 0.037670
v -0.000004 0.321053 0.037300
v -0.018587 0.322650 0.065858
v -0.011153 0.321473 0.070723
v -0.011153 0.322102 0.037670
v -0.025488 0.355176 0.050336
v -0.025488 0.344376 0.050336
v -0.015504 0.355176 0.054455
v -0.015504 0.344376 0.054455
v 0.015504 0.344376 0.054455
v 0.025488 0.344376 0.050336
v 0.015504 0.355176 0.054455
v 0.025488 0.355176 0.050336
vt 0.597276 0.550469
vt 0.597276 0.536588
vt 0.590008 0.550469
vt 0.590008 0.536588
vt 0.582740 0.550469
vt 0.582740 0.536588
vt 0.575472 0.550469
vt 0.575472 0.536588
vt 0.568204 0.550469
vt 0.568204 0.536588
vt 0.564570 0.550469
vt 0.564570 0.536588
vt 0.623284 0.985964
vt 0.622961 0.994091
vt 0.514784 0.985964
vt 0.514784 0.994091
vt 0.517327 0.536588
vt 0.524596 0.536588
vt 0.560936 0.522708
vt 0.531864 0.536588
vt 0.568204 0.536588
vt 0.575472 0.536588
vt 0.582740 0.536588
vt 0.590008 0.536588
vt 0.564570 0.536588
vt 0.597276 0.536588
vt 0.604544 0.536588
vt 0.517327 0.550469
vt 0.560936 0.564350
vt 0.524596 0.550469
vt 0.531864 0.550469
vt 0.582740 0.550469
vt 0.575472 0.550469
vt 0.568204 0.550469
vt 0.564570 0.550469
vt 0.604544 0.550469
vt 0.597276 0.550469
vt 0.590008 0.550469
vt 0.569149 0.522708
vt 0.517327 0.522708
vt 0.604544 0.558102
vt 0.528230 0.532885
vt 0.582740 0.549254
vt 0.533681 0.529344
vt 0.560936 0.540405
vt 0.539132 0.531556
vt 0.544583 0.533768
vt 0.555485 0.538193
vt 0.550034 0.535981
vt 0.577289 0.533768
vt 0.582740 0.531556
vt 0.560936 0.540405
vt 0.588191 0.529344
vt 0.539132 0.549254
vt 0.593642 0.532885
vt 0.517327 0.558102
vt 0.604544 0.522708
vt 0.552723 0.522708
vt 0.571838 0.535981
vt 0.566387 0.538193
vt 0.520108 0.522708
vt 0.517327 0.609018
vt 0.551782 0.522708
vt 0.548926 0.609471
vt 0.583456 0.522708
vt 0.580525 0.609924
vt 0.541723 0.609924
vt 0.517327 0.609924
vt 0.541723 0.522708
vt 0.517327 0.522776
vt 0.557155 0.609924
vt 0.517327 0.609924
vt 0.557155 0.522708
vt 0.517327 0.523665
vt 0.564570 0.550469
vt 0.564570 0.536588
vt 0.568204 0.550469
vt 0.568204 0.536588
vt 0.575472 0.550469
vt 0.575472 0.536588
vt 0.582740 0.550469
vt 0.582740 0.536588
vt 0.590008 0.550469
vt 0.590008 0.536588
vt 0.597276 0.550469
vt 0.597276 0.536588
vt 0.514799 0.994091
vt 0.622976 0.994091
vt 0.514799 0.985964
vt 0.623299 0.985964
vt 0.517327 0.536588
vt 0.560936 0.522708
vt 0.524596 0.536588
vt 0.531864 0.536588
vt 0.582740 0.536588
vt 0.575472 0.536588
vt 0.568204 0.536588
vt 0.564570 0.536588
vt 0.604544 0.536588
vt 0.597276 0.536588
vt 0.590008 0.536588
vt 0.517327 0.550469
vt 0.524596 0.550469
vt 0.560936 0.564350
vt 0.531864 0.550469
vt 0.568204 0.550469
vt 0.575472 0.550469
vt 0.582740 0.550469
vt 0.590008 0.550469
vt 0.564570 0.550469
vt 0.597276 0.550469
vt 0.604544 0.550469
vt 0.544583 0.533768
vt 0.539132 0.531556
vt 0.560936 0.540405
vt 0.533681 0.529344
vt 0.582740 0.549254
vt 0.528230 0.532885
vt 0.604544 0.558102
vt 0.517327 0.522708
vt 0.569149 0.522708
vt 0.517327 0.609018
vt 0.520108 0.522708
vt 0.548926 0.609471
vt 0.551782 0.522708
vt 0.580525 0.609924
vt 0.583456 0.522708
vt 0.552723 0.522708
vt 0.604544 0.522708
vt 0.517327 0.558102
vt 0.593642 0.532885
vt 0.539132 0.549254
vt 0.588191 0.529344
vt 0.560936 0.540405
vt 0.582740 0.531556
vt 0.577289 0.533768
vt 0.517327 0.523665
vt 0.517327 0.609924
vt 0.557155 0.522708
vt 0.557155 0.609924
vt 0.566387 0.538193
vt 0.560936 0.540405
vt 0.571838 0.535981
vt 0.577289 0.533768
vt 0.517327 0.522776
vt 0.517327 0.609924
vt 0.541723 0.522708
vt 0.541723 0.609924
vt 0.550034 0.535981
vt 0.544583 0.533768
vt 0.555485 0.538193
vt 0.560936 0.540405
vt 0.588866 0.564772
vt 0.591683 0.565461
vt 0.591410 0.568914
vt 0.594331 0.563320
vt 0.594021 0.567012
vt 0.586624 0.561435
vt 0.588635 0.568130
vt 0.588577 0.566541
vt 0.591194 0.567650
vt 0.590725 0.566631
vt 0.593653 0.567070
vt 0.593179 0.567229
vt 0.594481 0.567940
vt 0.586416 0.564777
vt 0.586415 0.563729
vt 0.585322 0.560468
vt 0.585285 0.561182
vt 0.585482 0.556755
vt 0.585278 0.559617
vt 0.587083 0.553064
vt 0.586548 0.558725
vt 0.589870 0.551254
vt 0.589099 0.559029
vt 0.588213 0.565073
vt 0.586109 0.562093
vt 0.585058 0.561276
vt 0.585020 0.561689
vt 0.585942 0.563632
vt 0.588070 0.566556
vt 0.591709 0.560349
vt 0.592652 0.552138
vt 0.590102 0.547762
vt 0.592928 0.548533
vt 0.587292 0.549807
vt 0.587506 0.515586
vt 0.588736 0.517647
vt 0.586700 0.556809
vt 0.591146 0.519150
vt 0.589006 0.560469
vt 0.594091 0.519693
vt 0.591938 0.561130
vt 0.596781 0.519130
vt 0.594712 0.558616
vt 0.598496 0.517612
vt 0.596420 0.555552
vt 0.598776 0.515545
vt 0.596702 0.551785
vt 0.597546 0.513484
vt 0.595489 0.548729
vt 0.593251 0.544900
vt 0.585571 0.553106
vt 0.585876 0.549463
vt 0.587786 0.513519
vt 0.589501 0.512001
vt 0.595136 0.511981
vt 0.592192 0.511438
vt 0.590381 0.544252
vt 0.587547 0.546479
vt 0.585647 0.553295
vt 0.585529 0.556802
vt 0.596031 0.559795
vt 0.596315 0.555965
vt 0.595130 0.552681
vt 0.589122 0.573024
vt 0.591487 0.573881
vt 0.592685 0.574965
vt 0.594379 0.568688
vt 0.592478 0.576050
vt 0.591244 0.576907
vt 0.589599 0.583745
vt 0.588823 0.576811
vt 0.587246 0.583697
vt 0.586711 0.574588
vt 0.585520 0.580913
vt 0.583475 0.578101
vt 0.582991 0.583894
vt 0.579420 0.583894
vt 0.579420 0.590583
vt 0.577133 0.583894
vt 0.577133 0.590583
vt 0.576296 0.583894
vt 0.576296 0.590583
vt 0.577133 0.583894
vt 0.577133 0.590583
vt 0.579420 0.583894
vt 0.579420 0.590583
vt 0.582544 0.590583
vt 0.580257 0.596376
vt 0.582544 0.596376
vt 0.581383 0.599257
vt 0.582544 0.599257
vt 0.582544 0.600160
vt 0.583705 0.599257
vt 0.584554 0.599257
vt 0.584831 0.596376
vt 0.586505 0.596376
vt 0.585668 0.590583
vt 0.587955 0.590583
vt 0.589721 0.582232
vt 0.590542 0.582774
vt 0.595704 0.563558
vt 0.595135 0.565775
vt 0.585669 0.579020
vt 0.582991 0.583894
vt 0.583475 0.578101
vt 0.580257 0.578101
vt 0.581460 0.575276
vt 0.578583 0.578101
vt 0.580667 0.575276
vt 0.577970 0.578101
vt 0.580376 0.575276
vt 0.578583 0.578101
vt 0.580667 0.575276
vt 0.580257 0.578101
vt 0.581460 0.575276
vt 0.583730 0.575276
vt 0.583815 0.574316
vt 0.590574 0.568241
vt 0.593947 0.562953
vt 0.594825 0.556432
vt 0.593011 0.569106
vt 0.595222 0.564434
vt 0.595989 0.559793
vt 0.587395 0.581803
vt 0.578583 0.596376
vt 0.580533 0.599257
vt 0.577970 0.596376
vt 0.580222 0.599257
vt 0.580257 0.596376
vt 0.578583 0.596376
vt 0.581383 0.599257
vt 0.580533 0.599257
vt 0.585668 0.590583
vt 0.584831 0.596376
vt 0.587955 0.590583
vt 0.586505 0.596376
vt 0.588959 0.590583
vt 0.587118 0.596376
vt 0.584865 0.599257
vt 0.584554 0.599257
vt 0.583705 0.599257
vt 0.590635 0.583316
vt 0.584329 0.587238
vt 0.582544 0.590583
vt 0.582544 0.596376
vt 0.582544 0.599257
vt 0.584329 0.587238
vt 0.587010 0.570801
vt 0.585062 0.569162
vt 0.584605 0.565862
vt 0.583730 0.575276
vt 0.583815 0.574316
vt 0.584650 0.565258
vt 0.583730 0.575276
vt 0.585436 0.565763
vt 0.583730 0.575276
vt 0.596781 0.519130
vt 0.594091 0.519693
vt 0.593141 0.515566
vt 0.591146 0.519150
vt 0.588736 0.517647
vt 0.597546 0.513484
vt 0.598776 0.515545
vt 0.598496 0.517612
vt 0.589501 0.512001
vt 0.592192 0.511438
vt 0.595136 0.511981
vt 0.587506 0.515586
vt 0.587786 0.513519
vt 0.545210 0.556755
vt 0.543401 0.549807
vt 0.543609 0.553064
vt 0.540591 0.547762
vt 0.540822 0.551254
vt 0.544584 0.562093
vt 0.544278 0.563729
vt 0.545635 0.561276
vt 0.545408 0.561182
vt 0.545673 0.561689
vt 0.545414 0.559617
vt 0.544751 0.563632
vt 0.544144 0.558725
vt 0.542622 0.566556
vt 0.541594 0.559029
vt 0.538983 0.560349
vt 0.538040 0.552138
vt 0.537764 0.548533
vt 0.542479 0.565073
vt 0.545370 0.560468
vt 0.544277 0.564777
vt 0.541827 0.564772
vt 0.544068 0.561435
vt 0.542058 0.568130
vt 0.539283 0.568914
vt 0.542115 0.566541
vt 0.539499 0.567650
vt 0.539968 0.566631
vt 0.537040 0.567070
vt 0.537514 0.567229
vt 0.536212 0.567940
vt 0.539010 0.565462
vt 0.536672 0.567012
vt 0.536362 0.563320
vt 0.534661 0.559795
vt 0.534988 0.563558
vt 0.535558 0.565775
vt 0.536313 0.568688
vt 0.534378 0.555965
vt 0.534704 0.559793
vt 0.535563 0.552681
vt 0.535867 0.556432
vt 0.535471 0.564434
vt 0.536745 0.562953
vt 0.537681 0.569106
vt 0.540119 0.568241
vt 0.543981 0.574588
vt 0.547218 0.578101
vt 0.545631 0.569162
vt 0.546087 0.565862
vt 0.546963 0.575276
vt 0.546878 0.574316
vt 0.546043 0.565258
vt 0.546963 0.575276
vt 0.545256 0.565763
vt 0.547218 0.578101
vt 0.543683 0.570801
vt 0.545023 0.579020
vt 0.543298 0.581803
vt 0.545025 0.590583
vt 0.540972 0.582232
vt 0.538008 0.574965
vt 0.539205 0.573881
vt 0.540151 0.582774
vt 0.542738 0.590583
vt 0.544188 0.596376
vt 0.545862 0.596376
vt 0.546138 0.599257
vt 0.546988 0.599257
vt 0.548149 0.600160
vt 0.548149 0.599257
vt 0.549310 0.599257
vt 0.548149 0.596376
vt 0.550436 0.596376
vt 0.548149 0.590583
vt 0.551273 0.590583
vt 0.551273 0.583894
vt 0.553560 0.590583
vt 0.553560 0.583894
vt 0.554397 0.590583
vt 0.554397 0.583894
vt 0.553560 0.590583
vt 0.553560 0.583894
vt 0.551273 0.590583
vt 0.551273 0.583894
vt 0.547702 0.583894
vt 0.545172 0.580913
vt 0.543447 0.583697
vt 0.541869 0.576811
vt 0.541094 0.583745
vt 0.539449 0.576907
vt 0.538214 0.576050
vt 0.541571 0.573024
vt 0.545164 0.556802
vt 0.545045 0.553295
vt 0.543145 0.546479
vt 0.540312 0.544252
vt 0.537441 0.544900
vt 0.535204 0.548729
vt 0.533991 0.551785
vt 0.534272 0.555552
vt 0.535981 0.558616
vt 0.538755 0.561130
vt 0.541687 0.560469
vt 0.543992 0.556810
vt 0.545122 0.553106
vt 0.544816 0.549463
vt 0.546963 0.575276
vt 0.549233 0.575276
vt 0.546878 0.574316
vt 0.550026 0.575276
vt 0.550316 0.575276
vt 0.550026 0.575276
vt 0.549233 0.575276
vt 0.546963 0.575276
vt 0.550436 0.578101
vt 0.552110 0.578101
vt 0.552723 0.578101
vt 0.552110 0.578101
vt 0.550436 0.578101
vt 0.547702 0.583894
vt 0.546363 0.587238
vt 0.543575 0.596376
vt 0.545827 0.599257
vt 0.541734 0.590583
vt 0.544188 0.596376
vt 0.546138 0.599257
vt 0.546988 0.599257
vt 0.548149 0.599257
vt 0.545862 0.596376
vt 0.548149 0.596376
vt 0.545025 0.590583
vt 0.548149 0.590583
vt 0.546363 0.587238
vt 0.540058 0.583316
vt 0.552110 0.596376
vt 0.552723 0.596376
vt 0.550160 0.599257
vt 0.550471 0.599257
vt 0.542738 0.590583
vt 0.552110 0.596376
vt 0.550436 0.596376
vt 0.550160 0.599257
vt 0.549310 0.599257
vt 0.536602 0.519693
vt 0.533912 0.519130
vt 0.537552 0.515566
vt 0.532197 0.517612
vt 0.531917 0.515545
vt 0.543186 0.515586
vt 0.541957 0.517647
vt 0.539547 0.519150
vt 0.538501 0.511438
vt 0.541191 0.512001
vt 0.542906 0.513519
vt 0.533147 0.513484
vt 0.535557 0.511981
vt 0.532197 0.517612
vt 0.533912 0.519130
vt 0.535981 0.558616
vt 0.536602 0.519693
vt 0.538755 0.561130
vt 0.539547 0.519150
vt 0.541687 0.560469
vt 0.541957 0.517647
vt 0.543992 0.556810
vt 0.543186 0.515586
vt 0.545122 0.553106
vt 0.542906 0.513519
vt 0.544816 0.549463
vt 0.541191 0.512001
vt 0.543145 0.546479
vt 0.538501 0.511438
vt 0.540312 0.544252
vt 0.535557 0.511981
vt 0.537441 0.544900
vt 0.533147 0.513484
vt 0.535204 0.548729
vt 0.531917 0.515545
vt 0.533991 0.551785
vt 0.534272 0.555552
vt 0.597920 0.606631
vt 0.594756 0.609924
vt 0.595646 0.606631
vt 0.594756 0.604765
vt 0.594756 0.527866
vt 0.565239 0.604765
vt 0.565239 0.527866
vt 0.535721 0.604765
vt 0.535721 0.527866
vt 0.534982 0.601252
vt 0.537977 0.604043
vt 0.537135 0.601252
vt 0.565922 0.601252
vt 0.594709 0.601252
vt 0.565922 0.584442
vt 0.597834 0.584442
vt 0.565922 0.567632
vt 0.600958 0.567632
vt 0.565922 0.550822
vt 0.604083 0.550822
vt 0.537135 0.601252
vt 0.534011 0.584442
vt 0.530886 0.567632
vt 0.527761 0.550822
vt 0.534982 0.601252
vt 0.532396 0.584442
vt 0.529809 0.567632
vt 0.527223 0.550822
vt 0.524637 0.534011
vt 0.565922 0.534011
vt 0.607207 0.534011
vt 0.604621 0.550822
vt 0.524637 0.526767
vt 0.565922 0.526767
vt 0.607207 0.526767
vt 0.596862 0.601252
vt 0.599448 0.584442
vt 0.602035 0.567632
vt 0.608847 0.522708
vt 0.608847 0.531259
vt 0.565239 0.522708
vt 0.565239 0.531259
vt 0.521630 0.522708
vt 0.521630 0.531259
vt 0.524931 0.550102
vt 0.565239 0.550102
vt 0.528231 0.568945
vt 0.565239 0.568945
vt 0.531532 0.587788
vt 0.565239 0.587788
vt 0.534832 0.606631
vt 0.565239 0.606631
vt 0.532558 0.606631
vt 0.529826 0.587788
vt 0.527094 0.568945
vt 0.524362 0.550102
vt 0.595646 0.606631
vt 0.598946 0.587788
vt 0.602246 0.568945
vt 0.605547 0.550102
vt 0.597920 0.606631
vt 0.600652 0.587788
vt 0.603383 0.568945
vt 0.606115 0.550102
vt 0.597920 0.605769
vt 0.597920 0.526862
vt 0.594756 0.604765
vt 0.594756 0.527866
vt 0.532558 0.526862
vt 0.532558 0.605769
vt 0.535721 0.527866
vt 0.535721 0.604765
vt 0.593867 0.604043
vt 0.594709 0.601252
vt 0.565922 0.604043
vt 0.565922 0.601252
vt 0.537977 0.604043
vt 0.537135 0.601252
vt 0.594709 0.601252
vt 0.593867 0.604043
vt 0.596862 0.601252
vt 0.595646 0.606631
vt 0.594756 0.609924
vt 0.565239 0.606631
vt 0.565239 0.609924
vt 0.534832 0.606631
vt 0.535721 0.609924
vt 0.534832 0.606631
vt 0.535721 0.609924
vt 0.532558 0.606631
vt 0.523473 0.522708
vt 0.521630 0.577331
vt 0.544816 0.522708
vt 0.542926 0.578769
vt 0.566160 0.522708
vt 0.564221 0.580208
vt 0.587504 0.522708
vt 0.585516 0.581646
vt 0.608847 0.522708
vt 0.606811 0.583084
vt 0.534713 0.522708
vt 0.521630 0.522708
vt 0.534713 0.609924
vt 0.521630 0.609924
vt 0.523473 0.522708
vt 0.521630 0.577331
vt 0.544816 0.522708
vt 0.542926 0.578769
vt 0.566160 0.522708
vt 0.564221 0.580208
vt 0.587504 0.522708
vt 0.585516 0.581646
vt 0.608847 0.522708
vt 0.606811 0.583084
vt 0.534713 0.522708
vt 0.521630 0.522708
vt 0.534713 0.609924
vt 0.521630 0.609924
vt 0.608847 0.568611
vt 0.608847 0.522708
vt 0.565239 0.568611
vt 0.565239 0.522708
vt 0.521630 0.568611
vt 0.521630 0.522708
vt 0.565239 0.522708
vt 0.565239 0.522708
vt 0.608847 0.522708
vt 0.608847 0.522708
vt 0.608847 0.568611
vt 0.608847 0.568611
vt 0.565239 0.568611
vt 0.565239 0.568611
vt 0.521630 0.568611
vt 0.521630 0.568611
vt 0.521630 0.522708
vt 0.521630 0.522708
vt 0.608847 0.522708
vt 0.608847 0.522708
vt 0.565239 0.522708
vt 0.565239 0.522708
vt 0.521630 0.522708
vt 0.521630 0.522708
vt 0.608847 0.568611
vt 0.608847 0.522708
vt 0.608847 0.568611
vt 0.608847 0.522708
vt 0.608847 0.568611
vt 0.608847 0.568611
vt 0.565239 0.568611
vt 0.565239 0.568611
vt 0.521630 0.568611
vt 0.521630 0.568611
vt 0.521630 0.522708
vt 0.521630 0.568611
vt 0.521630 0.522708
vt 0.521630 0.568611
vt 0.721606 0.760785
vt 0.710704 0.760785
vt 0.721606 0.775321
vt 0.710704 0.775321
vt 0.721606 0.789857
vt 0.710704 0.789857
vt 0.721606 0.804393
vt 0.710704 0.804393
vt 0.721606 0.818929
vt 0.710704 0.818929
vt 0.645292 0.818929
vt 0.656194 0.818929
vt 0.645292 0.804393
vt 0.656194 0.804393
vt 0.645292 0.789857
vt 0.656194 0.789857
vt 0.645292 0.775321
vt 0.656194 0.775321
vt 0.645292 0.760785
vt 0.656194 0.760785
vt 0.688900 0.746249
vt 0.699802 0.818929
vt 0.699802 0.804393
vt 0.699802 0.789857
vt 0.699802 0.775321
vt 0.699802 0.760785
vt 0.732508 0.760785
vt 0.732508 0.775321
vt 0.732508 0.789857
vt 0.732508 0.804393
vt 0.732508 0.818929
vt 0.677998 0.760785
vt 0.667096 0.760785
vt 0.677998 0.775321
vt 0.667096 0.775321
vt 0.677998 0.789857
vt 0.667096 0.789857
vt 0.677998 0.804393
vt 0.667096 0.804393
vt 0.677998 0.818929
vt 0.667096 0.818929
vt 0.656194 0.818929
vt 0.656194 0.804393
vt 0.656194 0.789857
vt 0.656194 0.775321
vt 0.656194 0.760785
vt 0.688900 0.746249
vt 0.688900 0.760785
vt 0.688900 0.775321
vt 0.688900 0.789857
vt 0.688900 0.804393
vt 0.688900 0.818929
vt 0.699802 0.818929
vt 0.699802 0.804393
vt 0.699802 0.789857
vt 0.699802 0.775321
vt 0.699802 0.760785
vt 0.645292 0.833465
vt 0.732508 0.833465
vt 0.645292 0.746249
vt 0.732508 0.746249
vt 0.732508 0.833465
vt 0.645292 0.833465
vt 0.732508 0.833466
vt 0.645292 0.833466
vt 0.645292 0.746249
vt 0.732508 0.746249
vt 0.645292 0.746249
vt 0.732508 0.746249
vt 0.732508 0.759165
vt 0.732508 0.746249
vt 0.732508 0.777392
vt 0.732508 0.833465
vt 0.732508 0.802322
vt 0.732508 0.833466
vt 0.732508 0.820579
vt 0.732508 0.746249
vt 0.732508 0.789857
vt 0.645292 0.777392
vt 0.645292 0.789857
vt 0.645292 0.746249
vt 0.645292 0.802322
vt 0.645292 0.833465
vt 0.645292 0.820579
vt 0.645292 0.833466
vt 0.645292 0.759165
vt 0.645292 0.746249
vt 0.732508 0.833466
vt 0.645292 0.833466
vt 0.732508 0.820579
vt 0.645292 0.820579
vt 0.732508 0.802322
vt 0.645292 0.802322
vt 0.732508 0.789857
vt 0.645292 0.789857
vt 0.732508 0.777392
vt 0.645292 0.777392
vt 0.732508 0.759165
vt 0.645292 0.759165
vt 0.732508 0.746249
vt 0.645292 0.746249
vt 0.645292 0.760130
vt 0.645292 0.774011
vt 0.652560 0.760130
vt 0.652560 0.774011
vt 0.659828 0.760130
vt 0.659828 0.774011
vt 0.667096 0.760130
vt 0.667096 0.774011
vt 0.674364 0.760130
vt 0.674364 0.774011
vt 0.681632 0.760130
vt 0.681632 0.774011
vt 0.688900 0.760130
vt 0.688900 0.774011
vt 0.696168 0.760130
vt 0.696168 0.774011
vt 0.703436 0.760130
vt 0.703436 0.774011
vt 0.710704 0.760130
vt 0.710704 0.774011
vt 0.717972 0.760130
vt 0.717972 0.774011
vt 0.708823 0.807898
vt 0.715109 0.771778
vt 0.659459 0.789857
vt 0.688795 0.746249
vt 0.645292 0.746249
vt 0.673626 0.833466
vt 0.673626 0.833465
vt 0.708823 0.807898
vt 0.659459 0.789857
vt 0.715109 0.771778
vt 0.688795 0.746249
vt 0.645292 0.746249
vt 0.732508 0.746249
vt 0.645292 0.746249
vt 0.724571 0.783023
vt 0.656111 0.782882
vt 0.720958 0.746249
vt 0.652376 0.746249
vt 0.732508 0.782053
vt 0.645292 0.782142
vt 0.732508 0.746249
vt 0.645292 0.746249
vt 0.725649 0.780817
vt 0.657067 0.780887
vt 0.721233 0.746249
vt 0.652773 0.746249
vt 0.732508 0.779639
vt 0.645292 0.779460
vt 0.732508 0.746249
vt 0.645292 0.746249
vt 0.723824 0.778660
vt 0.655485 0.778730
vt 0.732508 0.746249
vt 0.645292 0.746249
vt 0.722315 0.778730
vt 0.653976 0.778660
vt 0.725027 0.746249
vt 0.656567 0.746249
vt 0.732508 0.779460
vt 0.645292 0.779639
vt 0.725613 0.746249
vt 0.657032 0.746249
vt 0.732508 0.780810
vt 0.645292 0.780900
vt 0.725424 0.746249
vt 0.656842 0.746249
vt 0.732508 0.782142
vt 0.645292 0.782053
vt 0.724647 0.746249
vt 0.656187 0.746249
vt 0.732508 0.783039
vt 0.645292 0.782860
vt 0.657586 0.746249
vt 0.645292 0.786894
vt 0.691326 0.746249
vt 0.688900 0.756534
vt 0.720214 0.746249
vt 0.645292 0.746249
vt 0.732508 0.766819
vt 0.725424 0.746249
vt 0.656842 0.746249
vt 0.732508 0.782142
vt 0.645292 0.782053
vt 0.725613 0.746249
vt 0.657032 0.746249
vt 0.732508 0.780810
vt 0.645292 0.780900
vt 0.725027 0.746249
vt 0.656567 0.746249
vt 0.732508 0.779460
vt 0.645292 0.779639
vt 0.723790 0.746249
vt 0.655452 0.746249
vt 0.732508 0.778651
vt 0.645292 0.778741
vt 0.722348 0.746249
vt 0.654010 0.746249
vt 0.732508 0.778741
vt 0.645292 0.778651
vt 0.721233 0.746249
vt 0.652773 0.746249
vt 0.732508 0.779639
vt 0.645292 0.779460
vt 0.732508 0.746249
vt 0.645292 0.746249
vt 0.725649 0.780817
vt 0.657067 0.780887
vt 0.720958 0.746249
vt 0.652376 0.746249
vt 0.732508 0.782053
vt 0.645292 0.782142
vt 0.721614 0.746249
vt 0.653153 0.746249
vt 0.732508 0.782860
vt 0.645292 0.783039
vt 0.696935 0.746249
vt 0.645292 0.746249
vt 0.691326 0.746249
vt 0.688900 0.756534
vt 0.724647 0.746249
vt 0.656187 0.746249
vt 0.732508 0.783039
vt 0.645292 0.782860
vt 0.720214 0.746249
vt 0.645292 0.746249
vt 0.732508 0.766819
vt 0.665755 0.833305
vt 0.660928 0.833305
vt 0.648558 0.833305
vt 0.653385 0.833305
vt 0.646023 0.833305
vt 0.650198 0.833305
vt 0.646023 0.833305
vt 0.650198 0.833305
vt 0.648558 0.833305
vt 0.653385 0.833305
vt 0.665755 0.833305
vt 0.660928 0.833305
vt 0.672067 0.833305
vt 0.666275 0.833305
vt 0.672067 0.833305
vt 0.666275 0.833305
vt 0.646023 0.833305
vt 0.648558 0.833305
vt 0.642246 0.782700
vt 0.648558 0.753783
vt 0.642246 0.753783
vt 0.646023 0.833305
vt 0.642246 0.782700
vt 0.646023 0.833305
vt 0.642246 0.782700
vt 0.642246 0.782700
vt 0.642246 0.753783
vt 0.642246 0.782700
vt 0.642246 0.753783
vt 0.642246 0.753783
vt 0.648558 0.753783
vt 0.642246 0.782700
vt 0.648558 0.833305
vt 0.646023 0.833305
vt 0.648558 0.833305
vt 0.648558 0.753783
vt 0.665755 0.833305
vt 0.665755 0.753783
vt 0.665755 0.833305
vt 0.665755 0.753783
vt 0.672067 0.833305
vt 0.672067 0.753783
vt 0.672067 0.833305
vt 0.672067 0.753783
vt 0.672067 0.833305
vt 0.672067 0.753783
vt 0.672067 0.833305
vt 0.672067 0.753783
vt 0.665755 0.833305
vt 0.665755 0.753783
vt 0.665755 0.833305
vt 0.665755 0.753783
vt 0.648558 0.833305
vt 0.648558 0.753783
vt 0.650198 0.833305
vt 0.650198 0.833305
vt 0.650198 0.797798
vt 0.650198 0.797798
vt 0.650198 0.797798
vt 0.650198 0.833305
vt 0.653391 0.797798
vt 0.653385 0.833305
vt 0.660922 0.797798
vt 0.660928 0.833305
vt 0.666248 0.797798
vt 0.666275 0.833305
vt 0.666248 0.797798
vt 0.666275 0.833305
vt 0.660922 0.797798
vt 0.660928 0.833305
vt 0.653391 0.797798
vt 0.653385 0.833305
vt 0.650198 0.797798
vt 0.650198 0.833305
vt 0.715456 0.833305
vt 0.710630 0.833305
vt 0.698260 0.833305
vt 0.703087 0.833305
vt 0.691948 0.833305
vt 0.697740 0.833305
vt 0.691948 0.833305
vt 0.697740 0.833305
vt 0.698260 0.833305
vt 0.703087 0.833305
vt 0.715456 0.833305
vt 0.710630 0.833305
vt 0.717991 0.833305
vt 0.713816 0.833305
vt 0.717991 0.833305
vt 0.713816 0.833305
vt 0.721769 0.753783
vt 0.715456 0.753783
vt 0.721769 0.782700
vt 0.715456 0.833305
vt 0.717991 0.833305
vt 0.721769 0.782700
vt 0.721769 0.782700
vt 0.717991 0.833305
vt 0.717991 0.833305
vt 0.721769 0.753783
vt 0.721769 0.753783
vt 0.721769 0.782700
vt 0.721769 0.782700
vt 0.717991 0.833305
vt 0.715456 0.833305
vt 0.721769 0.782700
vt 0.715456 0.753783
vt 0.721769 0.753783
vt 0.698260 0.753783
vt 0.715456 0.753783
vt 0.698260 0.833305
vt 0.715456 0.833305
vt 0.691948 0.753783
vt 0.698260 0.753783
vt 0.691948 0.833305
vt 0.698260 0.833305
vt 0.691948 0.753783
vt 0.691948 0.753783
vt 0.691948 0.833305
vt 0.691948 0.833305
vt 0.698260 0.753783
vt 0.691948 0.753783
vt 0.698260 0.833305
vt 0.691948 0.833305
vt 0.715456 0.753783
vt 0.698260 0.753783
vt 0.715456 0.833305
vt 0.698260 0.833305
vt 0.713816 0.797798
vt 0.713816 0.833305
vt 0.713816 0.797798
vt 0.713816 0.833305
vt 0.713816 0.833305
vt 0.713816 0.797798
vt 0.710630 0.833305
vt 0.710624 0.797798
vt 0.703087 0.833305
vt 0.703092 0.797798
vt 0.697740 0.833305
vt 0.697766 0.797798
vt 0.697740 0.833305
vt 0.697766 0.797798
vt 0.703087 0.833305
vt 0.703092 0.797798
vt 0.710630 0.833305
vt 0.710624 0.797798
vt 0.713816 0.833305
vt 0.713816 0.797798
vt 0.527952 0.540670
vt 0.527952 0.564458
vt 0.537293 0.540670
vt 0.537293 0.564458
vt 0.546635 0.540670
vt 0.546635 0.564458
vt 0.555977 0.540670
vt 0.555977 0.564458
vt 0.565318 0.540670
vt 0.565318 0.564458
vt 0.574660 0.540670
vt 0.574660 0.564458
vt 0.584001 0.540670
vt 0.584001 0.564458
vt 0.593343 0.540670
vt 0.593343 0.564458
vt 0.602685 0.540670
vt 0.602685 0.564458
vt 0.565318 0.576352
vt 0.106244 0.553925
vt 0.108193 0.522970
vt 0.110396 0.553476
vt 0.583754 0.560761
vt 0.573709 0.592308
vt 0.573035 0.563722
vt 0.563470 0.593518
vt 0.562038 0.562366
vt 0.552364 0.592193
vt 0.554429 0.558870
vt 0.544634 0.588838
vt 0.552875 0.555314
vt 0.543232 0.584736
vt 0.557949 0.553118
vt 0.548694 0.581454
vt 0.567916 0.552488
vt 0.558933 0.580244
vt 0.579558 0.551844
vt 0.570039 0.581569
vt 0.587964 0.552865
vt 0.577769 0.584924
vt 0.589530 0.556385
vt 0.579171 0.589025
vt 0.587347 0.551898
vt 0.580816 0.522708
vt 0.596881 0.560851
vt 0.589523 0.527966
vt 0.604091 0.576948
vt 0.596201 0.541683
vt 0.600141 0.591836
vt 0.592251 0.556571
vt 0.586622 0.603906
vt 0.578732 0.568642
vt 0.567156 0.609924
vt 0.559266 0.574659
vt 0.546958 0.608277
vt 0.539068 0.573013
vt 0.531442 0.599407
vt 0.523552 0.564142
vt 0.524764 0.585690
vt 0.516874 0.550425
vt 0.528182 0.568422
vt 0.520824 0.535537
vt 0.534897 0.557678
vt 0.528366 0.528487
vt 0.580816 0.522708
vt 0.587347 0.551898
vt 0.582762 0.543164
vt 0.590652 0.578429
vt 0.580151 0.553008
vt 0.588041 0.588273
vt 0.571212 0.560989
vt 0.579102 0.596253
vt 0.558341 0.564967
vt 0.566231 0.600232
vt 0.544987 0.563879
vt 0.552877 0.599143
vt 0.534728 0.558014
vt 0.542618 0.593278
vt 0.530313 0.548944
vt 0.538203 0.584209
vt 0.528366 0.528487
vt 0.534897 0.557678
vt 0.587347 0.551898
vt 0.596881 0.560851
vt 0.590652 0.578429
vt 0.604091 0.576948
vt 0.588041 0.588273
vt 0.600141 0.591836
vt 0.579102 0.596253
vt 0.586622 0.603906
vt 0.566231 0.600232
vt 0.567156 0.609924
vt 0.552877 0.599143
vt 0.546958 0.608277
vt 0.542618 0.593278
vt 0.531442 0.599407
vt 0.538203 0.584209
vt 0.524764 0.585690
vt 0.534897 0.557678
vt 0.528182 0.568422
vt 0.589523 0.527966
vt 0.580816 0.522708
vt 0.596201 0.541683
vt 0.582762 0.543164
vt 0.592251 0.556571
vt 0.580151 0.553008
vt 0.578732 0.568642
vt 0.571212 0.560989
vt 0.559266 0.574659
vt 0.558341 0.564967
vt 0.539068 0.573013
vt 0.544987 0.563879
vt 0.523552 0.564142
vt 0.534728 0.558014
vt 0.516874 0.550425
vt 0.530313 0.548944
vt 0.520824 0.535537
vt 0.528366 0.528487
vt 0.527206 0.533805
vt 0.551378 0.535261
vt 0.551299 0.522708
vt 0.566008 0.528984
vt 0.580638 0.522708
vt 0.516874 0.532700
vt 0.525798 0.529085
vt 0.604091 0.549970
vt 0.599100 0.536928
vt 0.551378 0.535261
vt 0.580638 0.522708
vt 0.566008 0.528984
vt 0.595256 0.553386
vt 0.575818 0.546210
vt 0.573035 0.563722
vt 0.563470 0.593518
vt 0.583754 0.560761
vt 0.573709 0.592308
vt 0.589530 0.556385
vt 0.579171 0.589025
vt 0.587964 0.552865
vt 0.577769 0.584924
vt 0.579558 0.551844
vt 0.570039 0.581569
vt 0.567916 0.552488
vt 0.558933 0.580244
vt 0.557949 0.553118
vt 0.548694 0.581454
vt 0.552875 0.555314
vt 0.543232 0.584736
vt 0.554429 0.558870
vt 0.544634 0.588838
vt 0.562038 0.562366
vt 0.552364 0.592193
vt 0.580816 0.522708
vt 0.587347 0.551898
vt 0.589523 0.527966
vt 0.596881 0.560851
vt 0.596201 0.541683
vt 0.604091 0.576948
vt 0.592251 0.556571
vt 0.600141 0.591836
vt 0.578732 0.568642
vt 0.586622 0.603906
vt 0.559266 0.574659
vt 0.567156 0.609924
vt 0.539068 0.573013
vt 0.546958 0.608277
vt 0.523552 0.564142
vt 0.531442 0.599407
vt 0.516874 0.550425
vt 0.524764 0.585690
vt 0.520824 0.535537
vt 0.528182 0.568422
vt 0.528366 0.528487
vt 0.534897 0.557678
vt 0.587347 0.551898
vt 0.580816 0.522708
vt 0.590652 0.578429
vt 0.582762 0.543164
vt 0.588041 0.588273
vt 0.580151 0.553008
vt 0.579102 0.596253
vt 0.571212 0.560989
vt 0.566231 0.600232
vt 0.558341 0.564967
vt 0.552877 0.599143
vt 0.544987 0.563879
vt 0.542618 0.593278
vt 0.534728 0.558014
vt 0.538203 0.584209
vt 0.530313 0.548944
vt 0.534897 0.557678
vt 0.528366 0.528487
vt 0.587347 0.551898
vt 0.590652 0.578429
vt 0.596881 0.560851
vt 0.604091 0.576948
vt 0.588041 0.588273
vt 0.600141 0.591836
vt 0.579102 0.596253
vt 0.586622 0.603906
vt 0.566231 0.600232
vt 0.567156 0.609924
vt 0.552877 0.599143
vt 0.546958 0.608277
vt 0.542618 0.593278
vt 0.531442 0.599407
vt 0.538203 0.584209
vt 0.524764 0.585690
vt 0.534897 0.557678
vt 0.528182 0.568422
vt 0.580816 0.522708
vt 0.589523 0.527966
vt 0.582762 0.543164
vt 0.596201 0.541683
vt 0.580151 0.553008
vt 0.592251 0.556571
vt 0.571212 0.560989
vt 0.578732 0.568642
vt 0.558341 0.564967
vt 0.559266 0.574659
vt 0.544987 0.563879
vt 0.539068 0.573013
vt 0.534728 0.558014
vt 0.523552 0.564142
vt 0.530313 0.548944
vt 0.516874 0.550425
vt 0.528366 0.528487
vt 0.520824 0.535537
vt 0.551378 0.535261
vt 0.527206 0.533805
vt 0.551299 0.522708
vt 0.516874 0.532700
vt 0.525798 0.529085
vt 0.566008 0.528984
vt 0.580638 0.522708
vt 0.599100 0.536928
vt 0.604091 0.549970
vt 0.551378 0.535261
vt 0.595256 0.553386
vt 0.575818 0.546210
vt 0.580638 0.522708
vt 0.566008 0.528984
vt 0.623284 0.985964
vt 0.514784 0.985964
vt 0.623757 0.963763
vt 0.514784 0.963763
vt 0.625647 0.933435
vt 0.514784 0.933435
vt 0.627670 0.867206
vt 0.513424 0.867206
vt 0.628682 0.806691
vt 0.512744 0.806691
vt 0.629693 0.752470
vt 0.512065 0.752470
vt 0.631536 0.635225
vt 0.502855 0.635225
vt 0.631536 0.719070
vt 0.502855 0.719070
vt 0.631536 0.748747
vt 0.502855 0.748747
vt 0.514799 0.985964
vt 0.623299 0.985964
vt 0.514799 0.963763
vt 0.623772 0.963763
vt 0.514799 0.933435
vt 0.625662 0.933435
vt 0.513439 0.867206
vt 0.627685 0.867206
vt 0.512760 0.806691
vt 0.628697 0.806691
vt 0.512080 0.752470
vt 0.629708 0.752470
vt 0.502855 0.719070
vt 0.631536 0.719070
vt 0.502855 0.635225
vt 0.631536 0.635225
vt 0.502855 0.719070
vt 0.502855 0.748747
vt 0.631536 0.719070
vt 0.631536 0.748747
vt 0.819729 0.564285
vt 0.819729 0.564285
vt 0.819729 0.564285
vt 0.819729 0.564285
vt 0.819729 0.564285
vt 0.819729 0.564285
vt 0.819729 0.564285
vt 0.819729 0.564285
vt 0.819729 0.564285
vt 0.819729 0.564285
vt 0.819729 0.564285
vt 0.819729 0.564285
vt 0.819729 0.564285
vt 0.819729 0.564285
vt 0.819729 0.564285
vt 0.819729 0.564285
vt 0.819729 0.564285
vt 0.819729 0.564285
vt 0.817058 0.563766
vt 0.817058 0.563766
vt 0.817058 0.563766
vt 0.817058 0.563766
vt 0.817058 0.563766
vt 0.817058 0.563766
vt 0.817058 0.563766
vt 0.817058 0.563766
vt 0.817058 0.563766
vt 0.817058 0.563766
vt 0.817058 0.563766
vt 0.817058 0.563766
vt 0.817058 0.563766
vt 0.817058 0.563766
vt 0.817058 0.563766
vt 0.817058 0.563766
vt 0.817058 0.563766
vt 0.817058 0.563766
vt 0.240379 0.520397
vt 0.364264 0.590624
vt 0.352378 0.520397
vt 0.369256 0.529608
vt 0.168961 0.955912
vt 0.190496 0.967399
vt 0.177529 0.936624
vt 0.211086 0.951055
vt 0.211872 0.922579
vt 0.240379 0.952184
vt 0.240379 0.923709
vt 0.267947 0.951055
vt 0.274816 0.922579
vt 0.307268 0.950341
vt 0.305264 0.912885
vt 0.244180 0.982400
vt 0.265995 0.990172
vt 0.265232 0.978886
vt 0.313921 0.974505
vt 0.307268 0.965806
vt 0.244386 0.993687
vt 0.319003 0.481583
vt 0.338385 0.465502
vt 0.328845 0.464610
vt 0.327574 0.440012
vt 0.295787 0.438857
vt 0.295835 0.404426
vt 0.249214 0.438857
vt 0.249090 0.407441
vt 0.228751 0.438857
vt 0.227136 0.410122
vt 0.197383 0.426161
vt 0.189840 0.358472
vt 0.159498 0.357254
vt 0.154804 0.343618
vt 0.129817 0.200844
vt 0.149781 0.219461
vt 0.144981 0.156191
vt 0.199122 0.167378
vt 0.134428 0.107909
vt 0.241800 0.118124
vt 0.127587 0.076607
vt 0.256902 0.084150
vt 0.118889 0.036811
vt 0.254314 0.036811
vt 0.399917 0.023088
vt 0.374601 0.008502
vt 0.391502 0.031518
vt 0.374601 0.022225
vt 0.349826 0.032400
vt 0.250307 0.022225
vt 0.126013 0.022225
vt 0.098159 0.037047
vt 0.100864 0.036929
vt 0.101026 0.055037
vt 0.114664 0.074236
vt 0.107206 0.093806
vt 0.127408 0.108688
vt 0.113658 0.134279
vt 0.119062 0.168176
vt 0.112539 0.236508
vt 0.122212 0.248925
vt 0.101812 0.260744
vt 0.144673 0.303327
vt 0.416159 0.766633
vt 0.373235 0.779960
vt 0.387575 0.788955
vt 0.159773 0.424686
vt 0.161480 0.447934
vt 0.202731 0.438857
vt 0.206523 0.463942
vt 0.230365 0.469219
vt 0.258130 0.469219
vt 0.259678 0.485591
vt 0.289807 0.469219
vt 0.289807 0.488982
vt 0.408773 0.229061
vt 0.403434 0.229644
vt 0.415441 0.245102
vt 0.397600 0.239171
vt 0.406117 0.269732
vt 0.133091 0.937011
vt 0.153580 0.967199
vt 0.182673 0.981452
vt 0.211086 0.978886
vt 0.325672 0.946350
vt 0.336028 0.922317
vt 0.318742 0.902393
vt 0.333815 0.853795
vt 0.323364 0.861076
vt 0.335326 0.832721
vt 0.315804 0.832822
vt 0.330199 0.767837
vt 0.300357 0.833188
vt 0.279285 0.776877
vt 0.281363 0.801842
vt 0.272820 0.799176
vt 0.283442 0.820082
vt 0.266356 0.813242
vt 0.278237 0.827403
vt 0.264766 0.824600
vt 0.100000 0.900000
vt 0.100000 0.900000
vt 0.100000 0.900000
vt 0.100000 0.900000
vt 0.100000 0.900000
vt 0.100000 0.900000
vt 0.100000 0.900000
vt 0.100000 0.900000
vt 0.100000 0.900000
vt 0.100000 0.900000
vt 0.100000 0.900000
vt 0.100000 0.900000
vt 0.100000 0.900000
vt 0.118133 0.858422
vt 0.133210 0.857245
vt 0.111729 0.818726
vt 0.129087 0.818726
vt 0.116964 0.776228
vt 0.149569 0.776524
vt 0.107349 0.740477
vt 0.136038 0.705856
vt 0.106723 0.725870
vt 0.128211 0.704319
vt 0.159647 0.858085
vt 0.163256 0.817482
vt 0.097919 0.222425
vt 0.081806 0.237523
vt 0.074435 0.224012
vt 0.079811 0.256507
vt 0.405895 0.068599
vt 0.372191 0.065714
vt 0.401722 0.105894
vt 0.387119 0.082121
vt 0.397709 0.141763
vt 0.384765 0.122858
vt 0.391383 0.198312
vt 0.381572 0.178095
vt 0.394144 0.224940
vt 0.389037 0.235964
vt 0.384949 0.258649
vt 0.391590 0.318357
vt 0.364928 0.425051
vt 0.376376 0.402818
vt 0.359138 0.404615
vt 0.369688 0.358285
vt 0.330532 0.358264
vt 0.364064 0.303335
vt 0.331106 0.316792
vt 0.357883 0.264141
vt 0.355465 0.238994
vt 0.259730 0.230837
vt 0.252692 0.165379
vt 0.180036 0.241745
vt 0.254456 0.165379
vt 0.180036 0.241745
vt 0.149781 0.219461
vt 0.146090 0.287079
vt 0.385044 0.358930
vt 0.352247 0.435421
vt 0.343679 0.404157
vt 0.296963 0.359896
vt 0.263942 0.359896
vt 0.240546 0.359896
vt 0.187679 0.315747
vt 0.182738 0.477283
vt 0.230365 0.482296
vt 0.342911 0.945833
vt 0.352093 0.923105
vt 0.351219 0.852884
vt 0.352380 0.832721
vt 0.359349 0.797318
vt 0.362745 0.807898
vt 0.126614 0.901363
vt 0.148133 0.936400
vt 0.143647 0.903886
vt 0.179930 0.909472
vt 0.219679 0.907506
vt 0.240368 0.907641
vt 0.267395 0.907506
vt 0.283088 0.892554
vt 0.300264 0.886525
vt 0.261500 0.892108
vt 0.282277 0.877060
vt 0.261721 0.866888
vt 0.280439 0.845267
vt 0.258041 0.857346
vt 0.273583 0.844413
vt 0.252596 0.852261
vt 0.260091 0.845037
vt 0.240379 0.844650
vt 0.240379 0.830877
vt 0.222851 0.832118
vt 0.221914 0.824600
vt 0.205981 0.832403
vt 0.207627 0.826966
vt 0.180469 0.830656
vt 0.088738 0.746328
vt 0.094333 0.731856
vt 0.420137 0.753214
vt 0.390076 0.747186
vt 0.387860 0.760939
vt 0.363860 0.740958
vt 0.340166 0.705856
vt 0.312823 0.739309
vt 0.279676 0.705856
vt 0.312823 0.745350
vt 0.279676 0.705856
vt 0.240379 0.770270
vt 0.240379 0.794621
vt 0.240379 0.810737
vt 0.240372 0.822193
vt 0.080441 0.265114
vt 0.109656 0.287929
vt 0.135034 0.307290
vt 0.142258 0.338839
vt 0.146727 0.353269
vt 0.146832 0.422057
vt 0.151036 0.448270
vt 0.174103 0.481604
vt 0.231145 0.486738
vt 0.259890 0.487823
vt 0.289923 0.490081
vt 0.317652 0.486901
vt 0.342800 0.466601
vt 0.294189 0.321287
vt 0.261183 0.320391
vt 0.231968 0.319598
vt 0.097515 0.771151
vt 0.088393 0.747052
vt 0.094917 0.731358
vt 0.240372 0.822193
vt 0.263917 0.832118
vt 0.264766 0.824600
vt 0.280435 0.832840
vt 0.278237 0.827403
vt 0.312914 0.860657
vt 0.251801 0.866900
vt 0.249809 0.872559
vt 0.240404 0.867278
vt 0.240387 0.874887
vt 0.228965 0.866900
vt 0.230957 0.872559
vt 0.219049 0.866888
vt 0.220092 0.892108
vt 0.192744 0.874092
vt 0.196490 0.892088
vt 0.181590 0.886528
vt 0.158983 0.903236
vt 0.122951 0.684567
vt 0.130903 0.679479
vt 0.115145 0.637955
vt 0.121128 0.629274
vt 0.107213 0.590582
vt 0.112783 0.586411
vt 0.110396 0.553476
vt 0.159580 0.600094
vt 0.155265 0.595779
vt 0.199089 0.627587
vt 0.208581 0.638806
vt 0.240379 0.664281
vt 0.240379 0.664281
vt 0.251614 0.676900
vt 0.251614 0.676900
vt 0.226853 0.845693
vt 0.209161 0.844413
vt 0.199099 0.846492
vt 0.176698 0.860489
vt 0.240426 0.851440
vt 0.228225 0.852261
vt 0.222725 0.857346
vt 0.240361 0.892308
vt 0.213868 0.799176
vt 0.207404 0.776877
vt 0.204809 0.801842
vt 0.202214 0.820082
vt 0.207627 0.826966
vt 0.220333 0.813242
vt 0.221914 0.824600
vt 0.381997 0.735224
vt 0.340166 0.705856
vt 0.314247 0.677850
vt 0.314247 0.677850
vt 0.271582 0.628581
vt 0.264679 0.628581
vt 0.253323 0.618644
vt 0.242968 0.610014
vt 0.218934 0.590132
vt 0.218071 0.583228
vt 0.108193 0.522970
vt 0.137445 0.523849
vt 0.199122 0.167378
vt 0.241800 0.122534
vt 0.288556 0.083657
vt 0.288556 0.083657
vt 0.349951 0.080771
vt 0.348187 0.082535
vt 0.309769 0.121020
vt 0.100000 0.900000
vt 0.100000 0.900000
vt 0.100000 0.900000
vt 0.100000 0.900000
vt 0.100000 0.900000
vt 0.100000 0.900000
vt 0.100000 0.900000
vt 0.100000 0.900000
vt 0.100000 0.900000
vt 0.100000 0.900000
vt 0.100000 0.900000
vt 0.100000 0.900000
vt 0.100000 0.900000
vt 0.100000 0.900000
vt 0.100000 0.900000
vt 0.100000 0.900000
vt 0.100000 0.900000
vt 0.100000 0.900000
vt 0.100000 0.900000
vt 0.100000 0.900000
vt 0.100000 0.900000
vt 0.100000 0.900000
vt 0.100000 0.900000
vt 0.100000 0.900000
vt 0.100000 0.900000
vt 0.100000 0.900000
vt 0.100000 0.900000
vt 0.100000 0.900000
vt 0.100000 0.900000
vt 0.100000 0.900000
vt 0.100000 0.900000
vt 0.100000 0.900000
vt 0.100000 0.900000
vt 0.100000 0.900000
vt 0.100000 0.900000
vt 0.100000 0.900000
vt 0.100000 0.900000
vt 0.100000 0.900000
vt 0.211200 0.990172
vt 0.243843 0.993687
vt 0.100000 0.900000
vt 0.100000 0.900000
vt 0.100000 0.900000
vt 0.100000 0.900000
vt 0.100000 0.900000
vt 0.100000 0.900000
vt 0.100000 0.900000
vt 0.100000 0.900000
vt 0.100000 0.900000
vt 0.100000 0.900000
vt 0.100000 0.900000
vt 0.106244 0.553925
vt 0.126013 0.008502
vt 0.250307 0.008502
vt 0.100000 0.900000
vt 0.100000 0.900000
vt 0.100000 0.900000
vt 0.100000 0.900000
vt 0.100000 0.900000
vt 0.378099 0.645318
vt 0.381741 0.605594
vt 0.385384 0.565869
vt 0.372937 0.516181
vt 0.354340 0.506970
vt 0.241433 0.506970
vt 0.128526 0.506970
vt 0.240379 0.676729
vt 0.371800 0.714015
vt 0.374400 0.685654
vt 0.357075 0.678499
vt 0.360830 0.632602
vt 0.240379 0.587675
vt 0.240379 0.705856
vt 0.302713 0.122784
vt 0.546970 0.680081
vt 0.588754 0.669260
vt 0.546709 0.674671
vt 0.546449 0.669260
vt 0.588371 0.678921
vt 0.546832 0.678921
vt 0.588754 0.688581
vt 0.547215 0.688581
vt 0.588542 0.676929
vt 0.546660 0.676929
vt 0.588754 0.684598
vt 0.546872 0.684598
vt 0.588542 0.676924
vt 0.546660 0.676924
vt 0.588331 0.684588
vt 0.546449 0.684588
vt 0.588371 0.678921
vt 0.546832 0.678921
vt 0.587988 0.688581
vt 0.546449 0.688581
vt 0.588233 0.680081
vt 0.588493 0.674671
vt 0.546449 0.669260
vt 0.588754 0.669260
vt 0.588754 0.669260
vt 0.547215 0.669260
vt 0.588371 0.678921
vt 0.588754 0.669260
vt 0.546871 0.669260
vt 0.588542 0.676924
vt 0.546660 0.676924
vt 0.588331 0.669260
vt 0.546449 0.669260
vt 0.588542 0.676929
vt 0.546660 0.676929
vt 0.587988 0.669260
vt 0.546449 0.669260
vt 0.546832 0.678921
vt 1.000000 1.000002
vt 1.000000 0.000000
vt 0.000000 1.000002
vt 0.000000 0.000000
vt 1.000000 0.000000
vt 0.000000 0.000000
vt 1.000000 1.000002
vt 0.000000 1.000002
vn 0.0000 0.9659 0.2588
vn 0.0000 0.9071 0.4210
vn -0.0000 0.8181 0.5751
vn 0.0000 0.5751 0.8181
vn -0.0000 0.4210 0.9071
vn 0.0000 0.0890 0.9960
vn 0.0000 -0.0890 0.9960
vn 0.0000 -0.4306 0.9025
vn 0.0000 -0.5933 0.8050
vn 0.0000 -0.7302 0.6833
vn -0.0000 0.9659 -0.2588
vn -0.9992 0.0367 -0.0152
vn -0.9987 0.0498 -0.0076
vn -0.9991 0.0434 -0.0003
vn -0.9980 0.0629 0.0000
vn -0.9996 0.0293 -0.0013
vn -0.9989 0.0472 0.0000
vn -0.9987 0.0498 0.0076
vn -0.9991 0.0407 0.0082
vn -0.9996 0.0271 -0.0026
vn -0.9990 0.0447 -0.0000
vn -0.9990 0.0447 -0.0012
vn 1.0000 0.0000 -0.0000
vn -0.9996 0.0287 0.0000
vn -0.9995 0.0304 0.0010
vn -0.9996 0.0271 0.0015
vn -0.9997 0.0237 0.0019
vn -0.9998 0.0177 0.0028
vn -0.9998 0.0175 0.0028
vn -0.9998 0.0211 0.0012
vn -0.9998 0.0214 0.0016
vn -0.9997 0.0241 -0.0000
vn -0.9997 0.0240 -0.0002
vn -0.9997 0.0241 -0.0001
vn 1.0000 0.0064 -0.0037
vn 1.0000 0.0086 -0.0030
vn 0.9998 0.0180 -0.0043
vn 0.9996 0.0285 0.0006
vn 0.9997 0.0254 0.0069
vn 0.9997 0.0217 0.0063
vn 0.9999 0.0105 0.0057
vn 0.0000 0.0000 1.0000
vn 0.0000 1.0000 0.0000
vn 0.0000 1.0000 0.0001
vn -0.0010 0.9071 0.4210
vn 0.0000 0.9659 0.2589
vn 0.9992 0.0367 -0.0152
vn 0.9991 0.0434 -0.0003
vn 0.9987 0.0498 -0.0076
vn 0.9980 0.0629 0.0000
vn 0.9987 0.0498 0.0076
vn 0.9989 0.0472 -0.0000
vn 0.9996 0.0293 -0.0013
vn 0.9996 0.0271 -0.0026
vn 0.9990 0.0447 -0.0012
vn 0.9990 0.0447 -0.0000
vn 0.9991 0.0407 0.0082
vn -1.0000 0.0000 0.0000
vn 0.9997 0.0241 -0.0000
vn 0.9998 0.0213 0.0017
vn 0.9998 0.0185 0.0021
vn 0.9998 0.0175 0.0028
vn 0.9998 0.0177 0.0028
vn 0.9997 0.0237 0.0019
vn 0.9996 0.0272 0.0015
vn 0.9995 0.0304 0.0010
vn 0.9996 0.0287 0.0000
vn -0.9999 0.0105 0.0057
vn -0.9997 0.0217 0.0063
vn -0.9997 0.0254 0.0069
vn -0.9996 0.0285 0.0006
vn -0.9998 0.0180 -0.0043
vn -0.9999 0.0143 -0.0050
vn -1.0000 0.0064 -0.0037
vn 0.9997 0.0240 -0.0000
vn 0.9997 0.0241 -0.0001
vn 0.9997 0.0241 -0.0002
vn 0.0664 -0.6888 -0.7219
vn -0.4443 -0.5560 -0.7025
vn -0.3728 -0.2960 -0.8794
vn -0.8062 -0.2520 -0.5353
vn -0.8114 -0.0207 -0.5841
vn 0.6154 -0.6074 -0.5024
vn 0.3121 -0.5041 -0.8053
vn 0.1483 -0.1949 -0.9695
vn -0.3309 0.0014 -0.9437
vn -0.3265 0.1094 -0.9388
vn -0.7221 0.2126 -0.6583
vn -0.6879 0.3080 -0.6572
vn -0.8646 0.3675 -0.3427
vn 0.6867 -0.4816 -0.5446
vn 0.7280 -0.3369 -0.5971
vn 0.9055 -0.3465 -0.2452
vn 0.9559 -0.2620 -0.1327
vn 0.9846 -0.1269 0.1201
vn 0.9514 -0.2132 0.2222
vn 0.7965 -0.0251 0.6041
vn 0.6913 -0.1836 0.6989
vn 0.2955 0.0942 0.9507
vn 0.2394 -0.0710 0.9683
vn 0.3068 -0.1259 -0.9434
vn 0.8033 -0.2657 -0.5330
vn 0.9506 -0.2591 -0.1707
vn 0.9597 -0.2378 0.1500
vn 0.7706 -0.2500 0.5863
vn 0.1773 -0.1007 0.9790
vn -0.2698 0.1766 0.9466
vn -0.3362 0.3474 0.8754
vn 0.4015 0.3906 0.8284
vn -0.2481 0.6375 0.7294
vn 0.8566 0.1479 0.4943
vn 0.9137 -0.3821 -0.1383
vn 0.5923 -0.6898 -0.4164
vn 0.6512 -0.6305 -0.4223
vn 0.2072 -0.8019 -0.5603
vn 0.1399 -0.7720 -0.6200
vn -0.3100 -0.7395 -0.5975
vn -0.3940 -0.6678 -0.6315
vn -0.7428 -0.4724 -0.4744
vn -0.8062 -0.3586 -0.4706
vn -0.9719 -0.0740 -0.2234
vn -0.9786 0.0533 -0.1988
vn -0.9388 0.3336 0.0857
vn -0.8898 0.4443 0.1040
vn -0.6158 0.6675 0.4186
vn -0.6388 0.6989 0.3218
vn -0.1910 0.7934 0.5780
vn 0.9397 -0.3142 -0.1351
vn 0.9877 -0.0058 0.1562
vn 0.9845 0.0152 0.1748
vn 0.8051 0.3743 0.4602
vn -0.1241 0.7652 0.6317
vn 0.3000 0.6949 0.6536
vn 0.3901 0.6597 0.6423
vn 0.8226 0.3290 0.4638
vn 0.9912 -0.0368 0.1270
vn 0.9228 -0.3332 -0.1935
vn -0.9646 0.1216 -0.2338
vn -0.8864 0.4534 0.0931
vn -0.6511 0.6474 0.3962
vn -0.3615 0.1976 -0.9112
vn -0.7322 0.3680 -0.5732
vn -0.8693 0.4418 -0.2218
vn -0.9051 0.4113 0.1079
vn -0.8827 0.4564 0.1120
vn -0.7797 0.3876 0.4918
vn -0.8035 0.4052 0.4360
vn -0.4397 0.2023 0.8751
vn -0.4705 0.2448 0.8477
vn 0.2569 -0.1209 0.9588
vn -0.0204 -0.0654 0.9976
vn 0.5329 -0.4985 0.6837
vn 0.1563 -0.1925 0.9688
vn 0.4707 -0.3671 0.8023
vn 0.4769 0.2292 0.8485
vn 0.8466 -0.2626 0.4629
vn 0.8568 0.3008 0.4187
vn 0.9657 -0.2597 0.0054
vn 0.9769 0.2074 -0.0511
vn 0.8516 -0.2649 -0.4524
vn 0.8466 0.2626 -0.4629
vn 0.5071 -0.1867 -0.8414
vn 0.5388 0.3240 -0.7776
vn 0.0612 0.2635 -0.9627
vn 0.3579 0.7102 -0.6063
vn -0.0162 0.7167 -0.6972
vn 0.1796 0.9218 -0.3436
vn -0.0299 0.9238 -0.3817
vn -0.1872 0.9352 -0.3007
vn -0.3386 0.9166 -0.2128
vn -0.3398 0.7648 -0.5474
vn -0.6242 0.6977 -0.3514
vn -0.4564 0.3680 -0.8101
vn -0.7948 0.4619 -0.3936
vn -0.7424 0.3618 -0.5639
vn -0.8646 0.4358 -0.2503
vn -0.9349 0.2363 -0.2648
vn -0.9086 0.3572 -0.2163
vn 0.0328 -0.0563 -0.9979
vn 0.1663 -0.2773 -0.9463
vn 0.4751 -0.5651 -0.6745
vn 0.3738 -0.6662 -0.6453
vn 0.1785 -0.9261 -0.3324
vn 0.6263 -0.7114 -0.3188
vn 0.3328 -0.9311 -0.1495
vn 0.7084 -0.7057 0.0149
vn 0.3653 -0.9305 0.0255
vn 0.6115 -0.7114 0.3462
vn 0.3058 -0.9321 0.1941
vn 0.3012 -0.7845 0.5421
vn 0.1485 -0.9441 0.2942
vn 0.0653 -0.9164 0.3949
vn 0.0936 -0.9956 -0.0000
vn -0.5097 0.2175 0.8324
vn -0.7346 0.3709 0.5681
vn -0.7354 0.4651 0.4929
vn -0.7964 0.3451 0.4967
vn -0.8883 0.4100 0.2068
vn -0.8986 0.4195 0.1283
vn -0.4312 0.2203 -0.8750
vn 0.6243 0.6977 -0.3514
vn 0.3386 0.9166 -0.2128
vn 0.7758 0.6310 0.0000
vn 0.4294 0.9031 0.0000
vn 0.3841 0.7102 0.5900
vn 0.5794 0.7534 0.3111
vn 0.2306 0.9205 0.3154
vn 0.3224 0.9308 0.1726
vn -0.3979 0.3562 0.8455
vn -0.3841 0.7102 0.5900
vn -0.7394 0.4462 0.5041
vn -0.6181 0.7253 0.3030
vn -0.8768 0.4777 0.0546
vn -0.7425 0.6678 -0.0518
vn -0.4295 0.9031 -0.0000
vn -0.3224 0.9307 0.1726
vn -0.2306 0.9205 0.3154
vn -0.8950 0.4392 0.0777
vn -0.1954 0.0995 0.9757
vn -0.0116 0.2622 0.9649
vn -0.0000 0.6578 0.7532
vn -0.0000 0.9148 0.4040
vn -0.1976 0.0992 -0.9752
vn 0.2342 -0.0506 -0.9709
vn 0.8265 -0.2760 0.4907
vn 0.9768 -0.2033 0.0667
vn 0.9830 -0.1838 0.0032
vn 0.9833 -0.1822 0.0011
vn 0.9689 -0.1954 -0.1520
vn 0.9675 -0.2237 -0.1183
vn 0.8171 -0.2230 -0.5316
vn 0.0469 -0.9395 -0.3394
vn -0.1343 -0.6031 0.7863
vn -0.9846 -0.1269 0.1201
vn -0.8566 0.1479 0.4943
vn -0.7965 -0.0253 0.6041
vn -0.4015 0.3908 0.8283
vn -0.2954 0.0939 0.9507
vn -0.8033 -0.2657 -0.5331
vn -0.7280 -0.3368 -0.5972
vn -0.9507 -0.2591 -0.1707
vn -0.9559 -0.2620 -0.1328
vn -0.9597 -0.2378 0.1500
vn -0.9514 -0.2133 0.2221
vn -0.7706 -0.2499 0.5862
vn -0.6912 -0.1837 0.6989
vn -0.1773 -0.1006 0.9790
vn -0.2393 -0.0711 0.9683
vn 0.2699 0.1765 0.9466
vn 0.3362 0.3472 0.8754
vn 0.2480 0.6379 0.7291
vn -0.3068 -0.1259 -0.9434
vn -0.9055 -0.3464 -0.2452
vn -0.6867 -0.4814 -0.5447
vn -0.0662 -0.6895 -0.7213
vn -0.6154 -0.6073 -0.5025
vn -0.3122 -0.5039 -0.8054
vn 0.3294 -0.2843 -0.9004
vn -0.1483 -0.1947 -0.9696
vn 0.3308 0.0014 -0.9437
vn 0.3265 0.1095 -0.9388
vn 0.7221 0.2127 -0.6583
vn 0.6879 0.3081 -0.6572
vn 0.8646 0.3675 -0.3426
vn 0.4807 -0.5230 -0.7039
vn 0.7567 -0.0918 -0.6473
vn 0.8521 -0.1941 -0.4861
vn 0.9677 0.1538 -0.1996
vn 0.9378 0.1967 -0.2860
vn 0.9086 0.3573 -0.2162
vn 0.9051 0.4113 0.1079
vn 0.8864 0.4534 0.0932
vn 0.8986 0.4195 0.1284
vn 0.6510 0.6475 0.3962
vn 0.7354 0.4650 0.4929
vn 0.8883 0.4100 0.2069
vn 0.7346 0.3709 0.5682
vn 0.7964 0.3451 0.4967
vn 0.5097 0.2176 0.8324
vn -0.2570 -0.1208 0.9588
vn -0.5329 -0.4985 0.6837
vn -0.8266 -0.2759 0.4906
vn -0.9769 -0.2032 0.0668
vn -0.9830 -0.1836 0.0027
vn -0.9833 -0.1822 0.0011
vn -0.9689 -0.1954 -0.1521
vn -0.9675 -0.2237 -0.1183
vn -0.8171 -0.2230 -0.5316
vn -0.4751 -0.5651 -0.6745
vn -0.2343 -0.0506 -0.9709
vn -0.0328 -0.0563 -0.9979
vn 0.4312 0.2203 -0.8750
vn 0.4825 0.3470 -0.8042
vn 0.7424 0.3618 -0.5639
vn 0.8693 0.4418 -0.2218
vn 0.7322 0.3680 -0.5731
vn 0.8646 0.4358 -0.2503
vn 0.7948 0.4619 -0.3936
vn 0.6371 0.6625 -0.3939
vn 0.3732 0.9060 -0.1999
vn 0.0000 0.9374 -0.3483
vn -0.2170 0.9118 -0.3486
vn 0.0000 0.7707 -0.6372
vn -0.4000 0.6508 -0.6454
vn -0.0219 0.2996 -0.9538
vn -0.5059 0.2723 -0.8185
vn -0.5071 -0.1867 -0.8414
vn -0.8068 0.2640 -0.5285
vn -0.8516 -0.2649 -0.4524
vn -0.9626 0.2589 -0.0795
vn -0.9657 -0.2597 0.0054
vn -0.8856 0.2617 0.3837
vn -0.8466 -0.2626 0.4629
vn -0.5029 0.2680 0.8218
vn -0.4707 -0.3671 0.8023
vn -0.1563 -0.1925 0.9688
vn 0.0204 -0.0654 0.9977
vn 0.4705 0.2449 0.8477
vn 0.4397 0.2024 0.8750
vn 0.8035 0.4052 0.4360
vn 0.7796 0.3876 0.4919
vn 0.8827 0.4564 0.1120
vn 0.3616 0.1976 -0.9112
vn -0.9228 -0.3331 -0.1935
vn -0.9912 -0.0368 0.1270
vn -0.8241 0.3176 0.4691
vn -0.3089 0.6888 0.6559
vn 0.2480 0.8179 0.5192
vn 0.6389 0.7204 0.2699
vn 0.9028 0.4298 0.0161
vn 0.9603 0.0297 -0.2773
vn 0.7533 -0.3763 -0.5394
vn 0.3068 -0.6620 -0.6839
vn -0.2463 -0.7269 -0.6410
vn -0.7114 -0.5540 -0.4324
vn -0.9526 -0.2730 -0.1342
vn -0.9908 -0.0022 0.1354
vn -0.0469 -0.9395 -0.3394
vn -0.1785 -0.9261 -0.3324
vn -0.0936 -0.9956 -0.0000
vn -0.3328 -0.9311 -0.1495
vn -0.3653 -0.9305 0.0255
vn -0.3058 -0.9321 0.1941
vn -0.1485 -0.9441 0.2943
vn -0.0653 -0.9164 0.3949
vn -0.3012 -0.7845 0.5421
vn -0.6115 -0.7114 0.3462
vn -0.7084 -0.7057 0.0149
vn -0.6263 -0.7114 -0.3188
vn -0.3738 -0.6662 -0.6453
vn -0.1663 -0.2773 -0.9463
vn 0.1976 0.0992 -0.9752
vn 0.7106 0.7005 -0.0661
vn 0.4062 0.9134 0.0271
vn 0.8768 0.4777 0.0546
vn 0.6181 0.7253 0.3030
vn 0.3224 0.9307 0.1726
vn 0.3979 0.3562 0.8455
vn 0.0116 0.2622 0.9649
vn 0.1954 0.0995 0.9757
vn 0.8950 0.4393 0.0777
vn -0.6375 0.6978 -0.3265
vn -0.7220 0.6918 0.0135
vn -0.3673 0.9153 -0.1652
vn -0.4062 0.9134 0.0271
vn 0.7394 0.4462 0.5041
vn -0.6243 0.6977 0.3514
vn -0.3398 0.7648 0.5474
vn -0.3386 0.9166 0.2128
vn -0.1872 0.9352 0.3007
vn 0.1343 -0.6031 0.7863
vn 0.1343 -0.6031 0.7862
vn 0.1344 -0.6031 0.7863
vn 0.9850 -0.0005 -0.1726
vn 0.7948 -0.4155 -0.4423
vn 0.8019 -0.4061 -0.4382
vn 0.4766 -0.6668 -0.5730
vn 0.3147 -0.7379 -0.5971
vn -0.0270 -0.8060 -0.5912
vn -0.2078 -0.8019 -0.5602
vn -0.5236 -0.7229 -0.4508
vn -0.6729 -0.6406 -0.3700
vn -0.8775 -0.4409 -0.1886
vn -0.9452 -0.3153 -0.0850
vn -0.9911 -0.0568 0.1205
vn -0.9748 0.0554 0.2163
vn -0.8554 0.3129 0.4127
vn -0.7548 0.4222 0.5020
vn -0.4689 0.6262 0.6229
vn -0.3062 0.6927 0.6530
vn 0.0365 0.7621 0.6464
vn 0.2417 0.7681 0.5929
vn 0.5507 0.6971 0.4591
vn 0.6863 0.6305 0.3625
vn 0.8723 0.4515 0.1877
vn 0.9396 0.3318 0.0841
vn 0.9861 0.0105 -0.1657
vn -0.4974 0.6964 -0.5173
vn 0.4974 0.6964 0.5173
vn -0.2446 0.0532 0.9682
vn -0.3703 0.0805 0.9254
vn -0.3703 0.0806 0.9254
vn 0.4892 0.1064 0.8657
vn 0.3702 0.0805 0.9254
vn 0.3703 0.0806 0.9254
vn 0.2952 0.0642 0.9533
vn 0.6854 0.1491 0.7127
vn 0.6853 0.1491 0.7129
vn 0.1438 0.0313 0.9891
vn -0.6854 0.1491 0.7127
vn -0.6854 0.1491 0.7128
vn -0.6853 0.1491 0.7129
vn -0.0000 0.0000 -1.0000
vn -0.1438 0.0313 -0.9891
vn 0.2446 0.0532 -0.9682
vn 0.3703 0.0806 -0.9254
vn 0.3702 0.0805 -0.9254
vn 0.6854 0.1491 -0.7128
vn 0.6853 0.1491 -0.7129
vn 0.6854 0.1491 -0.7127
vn -0.4892 0.1064 -0.8657
vn -0.3702 0.0805 -0.9254
vn -0.3703 0.0806 -0.9254
vn -0.2953 0.0642 -0.9533
vn -0.6854 0.1491 -0.7127
vn -0.6853 0.1491 -0.7129
vn -0.6425 0.7663 0.0000
vn 0.6425 0.7663 0.0000
vn 0.0000 0.7154 0.6987
vn -0.4974 0.6964 0.5173
vn -0.0000 0.7154 -0.6987
vn 0.4974 0.6964 -0.5173
vn -0.9842 0.1772 0.0000
vn 0.9842 0.1772 -0.0000
vn 0.0000 -1.0000 0.0000
vn 0.9871 -0.1604 -0.0000
vn -0.9871 -0.1604 0.0000
vn -0.4186 -0.9082 0.0000
vn -0.3550 -0.8656 0.3531
vn -0.7501 -0.6613 0.0000
vn -0.5515 -0.5363 0.6389
vn -0.9936 -0.1128 0.0000
vn -0.6417 0.0079 0.7669
vn -0.8649 0.5020 -0.0000
vn -0.5208 0.5422 0.6594
vn -0.6182 0.7860 -0.0000
vn -0.3571 0.7305 0.5821
vn -0.2251 0.6881 -0.6898
vn -0.2249 0.6878 -0.6902
vn -0.2572 0.5566 -0.7900
vn -0.2828 0.4048 -0.8696
vn -0.3079 0.0843 -0.9477
vn -0.3079 -0.0843 -0.9477
vn -0.2824 -0.4049 -0.8697
vn -0.2566 -0.5564 -0.7903
vn -0.1834 -0.8044 -0.5651
vn -0.1599 -0.8556 -0.4923
vn -0.1477 -0.9890 0.0000
vn -0.2252 0.6875 0.6903
vn -0.2572 0.5564 0.7901
vn -0.3079 0.0843 0.9477
vn -0.2824 -0.4048 0.8697
vn -0.1833 -0.8048 0.5645
vn -0.4728 -0.8450 -0.2500
vn -0.7865 -0.4565 -0.4159
vn -0.8796 0.0999 -0.4651
vn -0.6973 0.6147 -0.3687
vn -0.5876 0.7471 -0.3107
vn 0.4186 -0.9082 -0.0000
vn 0.3550 -0.8656 -0.3531
vn 0.7501 -0.6613 -0.0000
vn 0.5515 -0.5363 -0.6389
vn 0.9936 -0.1128 -0.0000
vn 0.6417 0.0079 -0.7669
vn 0.8649 0.5020 -0.0000
vn 0.5208 0.5422 -0.6594
vn 0.6182 0.7860 -0.0000
vn 0.3571 0.7305 -0.5821
vn 0.2252 0.6875 -0.6903
vn 0.2572 0.5564 -0.7901
vn 0.3079 0.0843 -0.9477
vn 0.2824 -0.4048 -0.8697
vn 0.1833 -0.8048 -0.5645
vn 0.1477 -0.9890 -0.0000
vn 0.3362 -0.8446 0.4166
vn 0.5677 -0.4579 0.6841
vn 0.6386 0.0993 0.7631
vn 0.5007 0.6151 0.6091
vn 0.4213 0.7440 0.5186
vn 0.2249 0.6878 0.6902
vn 0.2828 0.4048 0.8696
vn 0.3079 -0.0843 0.9477
vn 0.2566 -0.5564 0.7903
vn 0.1599 -0.8556 0.4923
vn -0.9552 0.2187 -0.1996
vn -0.9862 0.0977 -0.1336
vn -0.9756 0.0754 -0.2061
vn -0.9951 -0.0931 0.0333
vn -0.9544 0.2933 0.0556
vn -0.9316 0.3594 0.0539
vn -0.7422 0.6702 0.0009
vn 0.9775 0.2060 -0.0455
vn 0.5139 -0.8390 0.1788
vn 0.9158 -0.3997 0.0394
vn 0.8542 -0.3677 0.3677
vn 0.9866 0.0960 0.1322
vn 0.9561 0.2163 0.1976
vn 0.7368 0.6762 0.0003
vn 0.9302 0.3631 -0.0535
vn -0.0000 -1.0000 -0.0013
vn 0.0000 -0.9630 0.2696
vn 0.0000 -0.8413 0.5405
vn 0.0000 -0.7941 0.6078
vn -0.0000 -0.8988 0.4384
vn -0.0000 -0.9960 0.0889
vn 0.0000 -0.9960 -0.0889
vn -0.0000 -0.8988 -0.4383
vn -0.0000 -0.7942 -0.6076
vn -0.0000 -0.8412 -0.5408
vn -0.0000 -0.9627 -0.2707
vn -0.0000 -1.0000 -0.0005
vn -0.0000 0.7071 -0.7071
vn -0.0000 0.5751 -0.8181
vn -0.0000 0.4210 -0.9071
vn 0.0000 0.0889 -0.9960
vn 0.0000 -0.0889 -0.9960
vn -0.0000 -0.4210 -0.9071
vn -0.0000 -0.5751 -0.8181
vn -0.0000 -0.8181 -0.5751
vn -0.0000 -0.9071 -0.4210
vn -0.0000 -0.9071 0.4210
vn 0.0000 -0.8181 0.5751
vn 0.0000 -0.5751 0.8181
vn 0.0000 -0.4210 0.9071
vn 0.0000 -0.0889 0.9960
vn 0.0000 0.0889 0.9960
vn 0.0000 0.7071 0.7071
vn 0.1144 0.9829 0.1442
vn 0.1614 0.9869 -0.0000
vn 0.1156 0.9933 0.0000
vn 0.1144 0.9829 -0.1442
vn 0.0673 0.9769 -0.2026
vn 0.0673 0.9769 0.2026
vn -0.0673 0.9769 -0.2026
vn -0.1144 0.9829 -0.1442
vn -0.1156 0.9933 0.0000
vn -0.1614 0.9869 0.0000
vn -0.1144 0.9829 0.1442
vn -0.0673 0.9769 0.2026
vn 0.8263 0.0986 0.5545
vn 0.7713 0.0496 0.6345
vn 0.7508 0.0330 0.6597
vn 0.7071 0.0000 0.7071
vn 0.9772 0.2122 -0.0000
vn 0.7071 0.0000 -0.7071
vn 0.7508 0.0330 -0.6597
vn 0.7713 0.0496 -0.6345
vn 0.8263 0.0986 -0.5545
vn -0.7071 -0.0000 -0.7071
vn -0.7071 0.0000 0.7071
vn -0.5557 0.0000 0.8314
vn -0.5585 0.0011 0.8295
vn -0.3872 0.0015 0.9220
vn -0.1946 0.0022 0.9809
vn 0.2527 0.0022 0.9675
vn 0.5054 0.0021 0.8629
vn 0.8629 0.0021 0.5055
vn 0.9675 0.0022 0.2527
vn 0.9675 0.0023 -0.2527
vn 0.8629 0.0022 -0.5054
vn 0.5055 0.0021 -0.8629
vn 0.2527 0.0022 -0.9675
vn -0.1926 0.0022 -0.9813
vn -0.3872 0.0015 -0.9220
vn -0.5584 0.0010 -0.8296
vn -0.5611 -0.0000 -0.8277
vn -0.7508 0.0330 0.6597
vn -0.7713 0.0496 0.6345
vn -0.8263 0.0986 0.5545
vn -0.9772 0.2122 0.0000
vn -0.8263 0.0986 -0.5545
vn -0.7713 0.0496 -0.6345
vn -0.7508 0.0330 -0.6597
vn 0.5611 0.0000 0.8277
vn 0.5584 0.0010 0.8296
vn 0.3872 0.0015 0.9220
vn 0.1926 0.0022 0.9813
vn -0.2527 0.0022 0.9675
vn -0.5055 0.0021 0.8629
vn -0.8629 0.0022 0.5054
vn -0.9675 0.0023 0.2527
vn -0.9675 0.0022 -0.2527
vn -0.8629 0.0021 -0.5055
vn -0.5054 0.0021 -0.8629
vn -0.2527 0.0022 -0.9675
vn 0.1946 0.0022 -0.9809
vn 0.3872 0.0015 -0.9220
vn 0.5585 0.0011 -0.8295
vn 0.5557 0.0000 -0.8314
vn -0.3827 -0.0000 -0.9239
vn -0.3423 0.4472 -0.8263
vn -0.1368 -0.0000 -0.9906
vn 0.1113 0.5815 -0.8059
vn 0.6037 -0.0000 -0.7972
vn 0.6485 0.5815 -0.4912
vn 0.9906 0.0000 -0.1368
vn 0.8059 0.5815 0.1112
vn 0.7972 0.0000 0.6037
vn 0.4912 0.5815 0.6485
vn 0.1368 0.0000 0.9906
vn -0.1112 0.5815 0.8059
vn -0.6038 0.0000 0.7972
vn -0.6485 0.5815 0.4912
vn -0.9906 -0.0000 0.1368
vn -0.8059 0.5815 -0.1113
vn -0.9239 -0.0000 -0.3827
vn -0.6533 0.7071 -0.2706
vn -0.9575 -0.0000 -0.2884
vn -0.7525 -0.4197 -0.5075
vn -0.5971 -0.5453 -0.5883
vn -0.2308 -0.7136 -0.6615
vn -0.0202 -0.7541 -0.6565
vn 0.3775 -0.7364 -0.5614
vn 0.5646 -0.6764 -0.4731
vn 0.8430 -0.4784 -0.2460
vn 0.9340 -0.3410 -0.1070
vn 0.9855 -0.0385 0.1655
vn 0.9458 0.1242 0.3000
vn 0.7511 0.4141 0.5142
vn 0.5967 0.5400 0.5936
vn 0.2294 0.7085 0.6674
vn 0.0180 0.7496 0.6616
vn -0.3819 0.7303 0.5664
vn -0.5677 0.6696 0.4790
vn -0.8453 0.4712 0.2517
vn -0.9354 0.3345 0.1149
vn -0.9870 0.0331 -0.1575
vn -0.9474 -0.1290 -0.2930
vn -0.6779 -0.3571 0.6426
vn -0.6778 -0.3572 0.6427
vn -0.7872 -0.2763 0.5514
vn -0.8775 -0.1856 0.4422
vn -0.9818 0.0088 0.1899
vn -0.9926 0.1127 0.0459
vn -0.9246 0.3011 -0.2334
vn -0.8458 0.3856 -0.3687
vn -0.6196 0.5127 -0.5943
vn -0.4723 0.5553 -0.6845
vn -0.1487 0.5869 -0.7959
vn 0.0276 0.5761 -0.8169
vn 0.3621 0.5039 -0.7842
vn 0.5202 0.4426 -0.7304
vn 0.7759 0.2858 -0.5624
vn 0.8734 0.1904 -0.4482
vn 0.9818 -0.0088 -0.1899
vn 0.9926 -0.1127 -0.0459
vn 0.9277 -0.2967 0.2265
vn 0.8551 -0.3778 0.3550
vn 0.7614 -0.4457 0.4707
vn 0.7614 -0.4458 0.4708
vn 0.9911 -0.0610 -0.1184
vn 0.9926 -0.1115 -0.0475
vn 0.9866 -0.1616 0.0242
vn 0.9246 -0.3011 0.2334
vn 0.8458 -0.3857 0.3687
vn 0.6196 -0.5127 0.5943
vn 0.4723 -0.5552 0.6846
vn 0.1487 -0.5869 0.7959
vn -0.0276 -0.5761 0.8169
vn -0.3621 -0.5039 0.7842
vn -0.5202 -0.4425 0.7304
vn -0.7759 -0.2858 0.5624
vn -0.8734 -0.1904 0.4482
vn -0.9654 -0.0414 0.2573
vn -0.9821 0.0100 0.1883
vn -0.9911 0.0610 0.1184
vn 0.2893 -0.9230 -0.2539
vn 0.0958 -0.9415 -0.3230
vn 0.0237 -0.9099 -0.4141
vn -0.1136 -0.8513 -0.5123
vn -0.1185 -0.8096 -0.5749
vn -0.1185 -0.8096 -0.5748
vn -0.1184 -0.8096 -0.5749
vn -0.1097 -0.8778 -0.4664
vn -0.3391 -0.8438 -0.4160
vn -0.4482 -0.8360 -0.3168
vn -0.7393 -0.5704 -0.3578
vn 0.1293 0.8106 0.5712
vn 0.1235 0.8093 0.5742
vn 0.1221 0.8095 0.5743
vn 0.1186 0.8090 0.5758
vn 0.1185 0.8096 0.5749
vn 0.1184 0.8096 0.5749
vn 0.1168 0.8093 0.5757
vn 0.1158 0.8091 0.5762
vn 0.1131 0.8086 0.5774
vn 0.3686 -0.5642 0.7388
vn 0.2901 -0.5759 0.7643
vn 0.3518 -0.5735 0.7398
vn 0.2717 -0.5822 0.7663
vn 0.2716 -0.5822 0.7663
vn 0.4503 -0.5611 0.6945
vn 0.4732 -0.5651 0.6758
vn -0.2567 -0.5184 0.8157
vn -0.2441 -0.5137 0.8225
vn -0.0998 -0.5876 0.8030
vn 0.0846 -0.5801 0.8101
vn 0.3579 -0.5748 0.7359
vn -0.1823 -0.6244 0.7595
vn -0.1332 -0.6968 0.7048
vn 0.0195 -0.7549 -0.6556
vn 0.2307 -0.7136 -0.6615
vn 0.5973 -0.5461 -0.5874
vn 0.7530 -0.4192 -0.5071
vn 0.9475 -0.1300 -0.2923
vn 0.9871 0.0324 -0.1569
vn 0.9360 0.3330 0.1143
vn 0.8450 0.4717 0.2519
vn 0.5683 0.6696 0.4782
vn 0.3799 0.7315 0.5663
vn -0.0181 0.7496 0.6617
vn -0.2305 0.7082 0.6673
vn -0.5960 0.5405 0.5939
vn -0.7511 0.4141 0.5142
vn -0.9456 0.1247 0.3004
vn -0.9856 -0.0386 0.1644
vn -0.9340 -0.3405 -0.1079
vn -0.8426 -0.4790 -0.2462
vn -0.5645 -0.6764 -0.4730
vn -0.3776 -0.7370 -0.5605
vn 0.6778 -0.3572 0.6427
vn 0.6779 -0.3572 0.6426
vn 0.7872 -0.2767 0.5511
vn 0.8775 -0.1855 0.4421
vn 0.9818 0.0088 0.1899
vn 0.9926 0.1127 0.0459
vn 0.9246 0.3011 -0.2335
vn 0.8458 0.3857 -0.3687
vn 0.6196 0.5127 -0.5943
vn 0.4723 0.5553 -0.6845
vn 0.1487 0.5869 -0.7959
vn -0.0277 0.5761 -0.8169
vn -0.3621 0.5039 -0.7842
vn -0.5203 0.4426 -0.7304
vn -0.7759 0.2858 -0.5624
vn -0.8734 0.1905 -0.4482
vn -0.9818 -0.0088 -0.1899
vn -0.9926 -0.1127 -0.0459
vn -0.9277 -0.2967 0.2265
vn -0.8552 -0.3774 0.3552
vn -0.7614 -0.4458 0.4708
vn -0.7614 -0.4457 0.4707
vn -0.9911 -0.0610 -0.1184
vn -0.9926 -0.1115 -0.0475
vn -0.9866 -0.1616 0.0242
vn -0.9246 -0.3011 0.2334
vn -0.8457 -0.3857 0.3687
vn -0.6196 -0.5127 0.5943
vn -0.4723 -0.5553 0.6845
vn -0.1487 -0.5869 0.7959
vn 0.0277 -0.5761 0.8169
vn 0.3621 -0.5039 0.7842
vn 0.5202 -0.4426 0.7304
vn 0.7759 -0.2858 0.5624
vn 0.8734 -0.1904 0.4482
vn 0.9654 -0.0414 0.2573
vn 0.9821 0.0100 0.1883
vn 0.9911 0.0610 0.1184
vn -0.2893 -0.9229 -0.2539
vn -0.0237 -0.9099 -0.4141
vn -0.0958 -0.9415 -0.3230
vn 0.1136 -0.8513 -0.5123
vn 0.1185 -0.8096 -0.5749
vn 0.1185 -0.8096 -0.5748
vn 0.1184 -0.8096 -0.5749
vn 0.1097 -0.8778 -0.4664
vn 0.3391 -0.8438 -0.4160
vn 0.4482 -0.8360 -0.3168
vn 0.7393 -0.5704 -0.3578
vn -0.1241 0.8079 0.5761
vn -0.1213 0.8087 0.5755
vn -0.1203 0.8090 0.5753
vn -0.1185 0.8096 0.5749
vn -0.1185 0.8096 0.5748
vn -0.1185 0.8096 0.5750
vn -0.1184 0.8096 0.5749
vn -0.1185 0.8090 0.5758
vn -0.1148 0.8099 0.5752
vn -0.1133 0.8100 0.5754
vn -0.1073 0.8119 0.5738
vn -0.2901 -0.5759 0.7643
vn -0.3686 -0.5642 0.7388
vn -0.3518 -0.5735 0.7398
vn -0.4503 -0.5611 0.6945
vn -0.4732 -0.5651 0.6758
vn -0.2712 -0.5823 0.7664
vn -0.2716 -0.5822 0.7663
vn 0.2442 -0.5138 0.8224
vn 0.2567 -0.5185 0.8157
vn 0.1332 -0.5811 0.8029
vn 0.1823 -0.6244 0.7595
vn 0.1332 -0.6968 0.7048
vn 0.0038 -0.5718 0.8204
vn -0.1969 -0.5839 0.7876
vn 0.0000 0.1752 -0.9845
vn 0.0000 0.0897 -0.9960
vn -0.0000 0.0032 -1.0000
vn -0.0000 0.0024 -1.0000
vn -0.0000 0.0025 -1.0000
vn -0.5873 -0.4222 0.6905
vn -0.0834 -0.9917 0.0981
vn -0.3260 -0.6701 0.6669
vn -0.0486 -0.9939 0.0985
vn -0.0822 -0.6742 0.7340
vn -0.0104 -0.9951 0.0986
vn 0.1433 -0.6747 0.7240
vn 0.0208 -0.9949 0.0986
vn 0.3936 -0.6731 0.6261
vn 0.0661 -0.9929 0.0984
vn 0.3471 -0.8445 0.4080
vn 0.0834 -0.9917 0.0981
vn -0.6479 0.0000 0.7617
vn -0.5420 0.0000 0.8404
vn -0.2030 0.0000 0.9792
vn 0.1015 0.0000 0.9948
vn 0.4243 0.0000 0.9055
vn 0.6479 0.0000 0.7617
vn 0.5874 0.4222 0.6905
vn 0.0839 0.9916 0.0987
vn 0.3260 0.6700 0.6669
vn 0.0487 0.9939 0.0985
vn 0.0821 0.6742 0.7340
vn 0.0104 0.9951 0.0986
vn -0.1433 0.6747 0.7240
vn -0.0206 0.9949 0.0986
vn -0.3936 0.6732 0.6260
vn -0.0662 0.9929 0.0984
vn -0.3471 0.8444 0.4080
vn -0.0839 0.9916 0.0987
vn 0.5419 0.0000 0.8404
vn 0.2030 0.0000 0.9792
vn -0.1015 0.0000 0.9948
vn -0.4244 0.0000 0.9055
vn -0.0418 -0.4858 0.8731
vn -0.5489 0.0735 0.8326
vn -0.3124 -0.5223 0.7935
vn -0.5975 -0.1615 0.7854
vn 0.6722 0.5954 0.4401
vn 0.4537 0.7188 0.5268
vn 0.5944 0.4403 0.6729
vn 0.2708 0.6133 0.7419
vn 0.2566 0.3843 0.8868
vn -0.0406 0.5972 0.8010
vn -0.0240 0.3671 0.9299
vn -0.2741 0.5969 0.7540
vn -0.2479 0.3827 0.8900
vn -0.5536 0.5073 0.6604
vn -0.6100 0.1917 0.7689
vn -0.0347 0.8628 0.5043
vn -0.2387 0.9303 0.2784
vn -0.2890 0.8204 0.4933
vn -0.5963 0.7608 0.2563
vn -0.5429 0.6836 0.4878
vn -0.1672 0.9498 0.2646
vn 0.4492 0.8762 -0.1744
vn 0.7602 0.6210 -0.1911
vn 0.4915 0.7129 -0.5003
vn 0.7714 0.2978 -0.5624
vn 0.3072 0.4183 -0.8548
vn 0.3848 0.0413 -0.9221
vn 0.0396 0.2982 -0.9537
vn 0.0135 0.0044 -0.9999
vn -0.2132 0.3276 -0.9204
vn -0.2552 -0.0293 -0.9665
vn -0.7351 0.0345 -0.6770
vn -0.7046 -0.0444 -0.7082
vn -0.9516 0.0339 -0.3053
vn -0.8979 0.2502 -0.3623
vn -0.7996 -0.0135 -0.6004
vn -0.6664 -0.2464 -0.7037
vn -0.8185 0.1071 -0.5644
vn -0.5495 -0.4394 -0.7106
vn -0.4228 0.0364 -0.9055
vn -0.4483 -0.3964 -0.8012
vn -0.4171 0.0267 -0.9085
vn 0.0002 0.0147 -0.9999
vn -0.4046 -0.1708 -0.8984
vn 0.0015 0.0050 -1.0000
vn 0.7241 -0.4275 -0.5412
vn 0.4150 -0.8279 -0.3773
vn 0.5847 -0.2709 -0.7647
vn 0.1834 -0.6330 -0.7521
vn -0.0737 -0.1310 -0.9886
vn -0.0000 -0.5643 -0.8256
vn -0.3316 -0.5034 -0.7979
vn -0.7649 -0.4621 -0.4488
vn -0.8386 -0.1105 -0.5335
vn -0.9623 0.0923 -0.2559
vn -0.8986 0.0803 -0.4313
vn -0.9844 0.1761 0.0061
vn -0.9647 0.1189 -0.2348
vn -0.9663 0.1932 0.1700
vn -0.9489 -0.2367 -0.2088
vn -0.7974 -0.0103 -0.6033
vn -0.7587 0.2789 -0.5888
vn -0.7921 0.5467 -0.2716
vn -0.7550 0.5854 -0.2953
vn -0.9323 -0.2689 0.2420
vn -0.7734 0.4496 0.4470
vn -0.7850 0.5770 0.2256
vn -0.9513 0.1203 -0.2838
vn -0.8903 0.4198 -0.1767
vn -0.7501 0.2567 -0.6095
vn -0.5420 0.6684 -0.5094
vn -0.1727 0.7719 -0.6119
vn 0.0126 0.6542 -0.7562
vn 0.0030 0.9604 -0.2786
vn 0.1802 0.7802 -0.5990
vn 0.2365 0.9437 -0.2313
vn 0.9886 -0.1391 -0.0576
vn 0.9746 0.0552 -0.2169
vn 0.9576 0.1985 -0.2087
vn 0.8528 0.3627 -0.3758
vn 0.8417 0.4889 -0.2291
vn 0.8438 0.3895 0.3692
vn 0.6723 0.6199 0.4046
vn 0.4312 0.8357 0.3400
vn 0.2401 0.8714 0.4277
vn -0.8123 0.4633 0.3543
vn -0.9243 0.1763 0.3386
vn -0.8184 -0.0428 0.5730
vn -0.9477 -0.0224 0.3183
vn -0.8876 -0.0472 0.4581
vn -0.8787 0.2309 0.4179
vn -0.8544 0.0816 0.5132
vn -0.5173 0.4600 0.7216
vn -0.7373 0.0428 0.6742
vn -0.4506 0.0203 0.8925
vn -0.7156 -0.0245 0.6981
vn -0.4579 -0.2295 0.8589
vn -0.6173 0.1551 0.7713
vn -0.3618 0.1184 0.9247
vn -0.4666 0.3941 0.7918
vn -0.2602 0.3679 0.8927
vn 0.0037 -0.0008 1.0000
vn 0.0262 -0.3139 0.9491
vn 0.1459 -0.6525 0.7436
vn 0.0931 -0.9067 0.4113
vn 0.1953 -0.9775 0.0792
vn 0.0820 -0.9966 0.0029
vn 0.1637 -0.9865 -0.0057
vn 0.0867 -0.9962 -0.0045
vn 0.1832 -0.9827 -0.0284
vn 0.1054 -0.9944 -0.0092
vn 0.1381 -0.9527 -0.2705
vn 0.0418 -0.9523 -0.3024
vn -0.0135 -0.5670 -0.8236
vn 0.9543 0.1030 0.2806
vn 0.9124 0.0775 0.4020
vn 0.9433 0.2357 0.2339
vn 0.8550 0.1816 0.4858
vn 0.7347 0.5217 0.4335
vn 0.6061 0.3459 0.7163
vn 0.6529 0.3447 0.6745
vn 0.6586 0.0819 0.7480
vn 0.8342 -0.3509 0.4254
vn 0.7237 -0.5236 -0.4495
vn 0.7294 -0.0105 0.6840
vn 0.7367 0.0840 0.6710
vn -0.7295 -0.4649 -0.5017
vn -0.9563 -0.1941 -0.2188
vn -0.5696 -0.8212 -0.0341
vn -0.6724 -0.7401 -0.0135
vn 0.8602 0.0814 -0.5034
vn 0.6251 0.1635 -0.7632
vn 0.9028 0.1471 -0.4042
vn 0.5824 0.0610 -0.8106
vn 0.9580 0.1529 -0.2425
vn 0.6563 0.0648 -0.7517
vn 0.9881 -0.1452 -0.0515
vn 0.5799 -0.0141 -0.8146
vn 0.8985 0.0144 -0.4388
vn 0.7146 0.3534 -0.6037
vn 0.7955 0.4451 -0.4112
vn 0.9174 0.3111 -0.2483
vn 0.9382 0.3456 -0.0170
vn 0.9843 0.1471 -0.0976
vn 0.9566 0.1210 -0.2651
vn 0.9561 0.0280 -0.2918
vn 0.7900 -0.0454 -0.6114
vn 0.9086 0.1171 -0.4010
vn 0.7020 0.1718 -0.6912
vn 0.7113 0.4066 -0.5734
vn 0.4008 0.2561 -0.8796
vn -0.0168 0.0441 -0.9989
vn 0.4257 0.4110 -0.8062
vn 0.2508 0.6053 -0.7554
vn 0.4081 0.4241 -0.8085
vn 0.3511 0.6795 -0.6442
vn -0.6793 -0.1972 -0.7069
vn -0.4306 0.6406 -0.6357
vn 0.9759 0.0431 -0.2138
vn 0.9313 0.2787 -0.2344
vn 0.8054 0.0295 -0.5920
vn 0.3619 -0.1092 -0.9258
vn -0.0324 -0.0745 -0.9967
vn -0.2688 -0.0576 -0.9615
vn -0.6132 0.1929 -0.7660
vn -0.5571 0.8182 -0.1422
vn -0.2543 0.9434 -0.2129
vn -0.8924 0.4214 0.1614
vn -0.9779 0.0528 0.2023
vn -0.9616 0.0650 0.2668
vn -0.9062 0.3632 0.2164
vn -0.7215 0.5803 0.3778
vn -0.7694 0.6003 0.2184
vn 0.9198 0.2045 0.3348
vn 0.8380 0.3456 0.4223
vn 0.8646 0.2213 0.4511
vn 0.5480 0.1493 0.8230
vn 0.1925 0.1687 0.9667
vn 0.0144 0.2333 0.9723
vn -0.2057 0.1747 0.9629
vn -0.3525 -0.1092 0.9294
vn -0.4068 -0.2595 0.8759
vn -0.4342 0.1217 0.8926
vn -0.5065 0.1716 0.8450
vn -0.7270 0.4172 0.5453
vn -0.6105 0.4560 0.6476
vn -0.6294 0.4046 0.6634
vn -0.5797 0.4300 0.6922
vn -0.3574 0.3946 0.8465
vn -0.2519 0.3284 0.9103
vn -0.0351 0.2549 0.9663
vn 0.0292 -0.1984 0.9797
vn 0.2162 -0.2240 0.9503
vn 0.2625 -0.6715 0.6929
vn 0.5729 -0.3411 0.7452
vn 0.3896 -0.8489 0.3571
vn 0.7067 0.0542 0.7055
vn 0.8714 0.2572 0.4177
vn 0.9397 -0.1899 0.2845
vn -0.7399 -0.6246 0.2498
vn -0.6840 -0.6805 0.2629
vn -0.8560 -0.2670 0.4426
vn -0.7798 0.0785 0.6211
vn -0.7460 -0.1714 0.6436
vn 0.3086 0.6761 0.6691
vn 0.4747 0.6030 0.6412
vn 0.5043 0.6640 0.5521
vn 0.0926 0.3433 0.9346
vn -0.0813 -0.1641 0.9831
vn -0.0078 -0.3898 0.9209
vn 0.0284 0.1069 0.9939
vn -0.0001 0.3569 0.9341
vn -0.9801 -0.1967 0.0266
vn -0.8667 0.4931 -0.0751
vn -0.7479 0.6499 -0.1353
vn -0.9300 0.3489 -0.1153
vn -0.9885 0.0622 -0.1381
vn -0.9733 0.0970 -0.2079
vn -0.9324 0.3526 -0.0801
vn -0.6866 0.7262 -0.0349
vn -0.2884 0.9569 -0.0345
vn -0.0723 0.9967 -0.0358
vn 0.1679 0.9853 -0.0327
vn 0.3703 0.9285 -0.0297
vn 0.6749 0.7376 -0.0227
vn 0.2031 0.0528 -0.9777
vn -0.0251 0.0344 -0.9991
vn -0.2522 0.1166 -0.9606
vn 0.8036 0.5479 0.2325
vn 0.9776 0.0651 0.2002
vn 0.9672 -0.1361 0.2143
vn -0.0107 -0.4668 0.8843
vn -0.2434 -0.3041 0.9210
vn -0.3174 -0.7491 0.5814
vn -0.5729 -0.3411 0.7452
vn -0.3896 -0.8489 0.3571
vn -0.6679 0.0836 0.7396
vn -0.5623 0.3316 0.7575
vn -0.4703 0.5780 0.6668
vn -0.0021 0.3927 0.9197
vn 0.0192 0.6880 0.7254
vn 0.5642 0.4237 0.7086
vn 0.4547 0.6200 0.6394
vn 0.7270 0.4172 0.5453
vn 0.4115 0.1592 0.8974
vn 0.4765 0.0396 0.8783
vn 0.3191 -0.2639 0.9102
vn 0.3779 -0.1869 0.9068
vn 0.7087 0.0711 0.7019
vn 0.9797 0.1998 -0.0133
vn 0.7480 0.1127 0.6541
vn 0.9788 0.2009 0.0407
vn 0.7299 0.1199 0.6730
vn 0.9673 0.1778 0.1810
vn 0.7258 0.0877 0.6823
vn 0.7982 0.1110 0.5921
vn 0.5412 0.3681 0.7561
vn 0.5554 0.3749 0.7423
vn 0.5280 0.3927 0.7530
vn 0.5175 0.4917 0.7003
vn 0.5877 0.5747 0.5695
vn 0.4348 0.4637 0.7719
vn 0.5894 0.6510 0.4784
vn 0.3836 0.5033 0.7743
vn 0.2825 0.3673 0.8861
vn 0.5797 0.4300 0.6921
vn 0.6105 0.4560 0.6476
vn 0.5264 0.1249 0.8410
vn -0.0593 0.2622 0.9632
vn 0.3948 0.3593 0.8456
vn 0.6295 0.4046 0.6634
vn 0.0469 0.4832 0.8742
vn 0.4602 -0.1732 0.8708
vn 0.4056 -0.0182 0.9139
vn 0.7155 -0.0244 0.6982
vn 0.6173 0.1551 0.7713
vn 0.4666 0.3941 0.7918
vn 0.3906 0.1975 0.8991
vn 0.2601 0.3685 0.8925
vn -0.7515 -0.5862 0.3027
vn -0.9262 -0.3237 0.1932
vn -0.6265 -0.4472 0.6384
vn -0.5787 -0.4100 0.7050
vn -0.6677 -0.5470 0.5050
vn -0.5551 -0.4965 0.6674
vn -0.5564 -0.4958 0.6668
vn -0.4833 -0.4868 0.7276
vn -0.4604 -0.5417 0.7033
vn -0.4401 -0.5623 0.7001
vn 0.6056 -0.6337 0.4813
vn 0.1774 -0.6498 0.7392
vn -0.6352 -0.5378 -0.5544
vn -0.5320 -0.4727 -0.7025
vn -0.5274 -0.4700 -0.7078
vn -0.4073 -0.4065 -0.8178
vn 0.5622 0.4312 -0.7057
vn 0.4976 0.5072 -0.7037
vn 0.5126 0.4809 -0.7113
vn 0.0000 -0.0087 1.0000
vn 0.0000 -0.0043 1.0000
vn 0.0000 -0.0028 1.0000
vn -0.0707 -0.0154 0.9974
vn 0.0000 -0.3881 0.9216
vn -0.1364 -0.4848 0.8639
vn -0.0000 -0.9258 0.3780
vn -0.1563 -0.9468 0.2814
vn -0.0003 -1.0000 0.0016
vn -0.1374 -0.9874 0.0784
vn -0.0004 -1.0000 -0.0006
vn -0.0528 -0.9986 -0.0004
vn 0.0001 -1.0000 0.0002
vn -0.1150 -0.9925 -0.0414
vn 0.0001 -0.9263 -0.3767
vn -0.0883 -0.8880 -0.4512
vn -0.0000 -0.3881 -0.9216
vn -0.0209 -0.3919 -0.9198
vn -0.0000 0.0050 -1.0000
vn -0.0000 0.0066 -1.0000
vn -0.0000 0.0100 -0.9999
vn 0.1892 0.9379 0.2908
vn 0.1314 0.9510 0.2799
vn -0.0000 0.0033 -1.0000
vn 0.0000 -0.0057 1.0000
vn 0.9254 0.2013 0.3212
vn -0.1944 -0.9140 -0.3562
vn -0.0000 -0.9317 -0.3632
vn -0.1647 -0.9860 0.0238
vn -0.2184 -0.9378 0.2698
vn -0.3484 -0.7512 0.5606
vn -0.1685 -0.9752 -0.1435
vn -0.2017 -0.9242 -0.3243
vn -0.9400 0.1342 0.3137
vn -0.8209 0.1786 0.5424
vn -0.7726 0.0822 0.6296
vn -0.6207 -0.5176 0.5889
vn -0.1810 -0.8839 0.4313
vn 0.0045 -0.9403 0.3403
vn 0.2708 -0.8830 0.3834
vn 0.0014 -0.0330 0.9995
vn -0.7926 -0.4132 -0.4483
vn -0.9728 0.2300 0.0266
vn -0.8186 0.1520 0.5538
vn -0.4614 0.0206 0.8869
vn -0.0796 -0.0270 0.9965
vn -0.0070 0.1189 0.9929
vn 0.5117 0.4837 -0.7101
vn -0.1592 -0.9870 0.0228
vn 0.8824 -0.1851 0.4327
vn 0.8823 -0.1851 0.4327
vn 0.2511 0.9677 0.0223
vn 0.1465 0.9871 0.0642
vn -0.1609 -0.9868 0.0208
vn -0.1683 -0.9856 0.0188
vn -0.0930 -0.9955 0.0189
vn -0.0948 -0.9953 0.0183
vn -0.0953 -0.9953 0.0182
vn -0.0973 -0.9951 0.0175
vn 0.0930 -0.9955 0.0175
vn 0.0952 -0.9953 0.0182
vn 0.0975 -0.9951 0.0189
vn 0.1541 -0.9879 0.0188
vn 0.1655 -0.9841 0.0642
vn 0.1624 -0.9865 0.0208
vn 0.1708 -0.9850 0.0227
vn 0.1592 -0.9870 0.0228
vn -0.8823 -0.1851 0.4327
vn -0.8824 -0.1851 0.4327
vn -0.2511 0.9677 0.0223
vn -0.1443 0.9894 0.0188
vn -0.1517 0.9882 0.0208
vn -0.1516 0.9882 0.0208
vn 0.1655 -0.9841 0.0641
vn -0.0900 0.9958 0.0175
vn -0.0921 0.9956 0.0182
vn -0.0922 0.9956 0.0183
vn -0.0942 0.9954 0.0189
vn 0.0898 0.9958 0.0190
vn 0.0919 0.9956 0.0183
vn 0.0920 0.9956 0.0182
vn 0.0942 0.9954 0.0175
vn 0.1417 0.9896 0.0228
vn 0.1501 0.9884 0.0208
vn 0.1465 0.9871 0.0643
vn 0.1586 0.9872 0.0188
vn -0.3814 0.0000 0.9244
vn 0.3814 0.0000 0.9244
usemtl ChewieBD
s 1
f 1/1/1 2/2/1 3/3/2
f 4/4/3 3/3/2 2/2/1
f 3/3/2 4/4/3 5/5/4
f 6/6/5 5/5/4 4/4/3
f 5/5/4 6/6/5 7/7/6
f 8/8/7 7/7/6 6/6/5
f 7/7/6 8/8/7 9/9/8
f 10/10/9 9/9/8 8/8/7
f 9/9/8 10/10/9 11/11/10
f 12/12/10 11/11/10 10/10/9
f 13/13/11 14/14/11 15/15/11
f 16/16/11 15/15/11 14/14/11
f 17/17/12 18/18/13 19/19/14
f 20/20/15 19/19/14 18/18/13
f 21/21/16 22/22/17 19/19/14
f 23/23/18 19/19/14 22/22/17
f 19/19/14 23/23/18 24/24/19
f 25/25/20 21/21/16 19/19/14
f 24/24/19 26/26/21 19/19/14
f 27/27/22 19/19/14 26/26/21
f 28/28/23 29/29/23 30/30/23
f 31/31/23 30/30/23 29/29/23
f 32/32/23 33/33/23 29/29/23
f 34/34/23 29/29/23 33/33/23
f 29/29/23 34/34/23 35/35/23
f 36/36/23 37/37/23 29/29/23
f 38/38/23 29/29/23 37/37/23
f 29/29/23 38/38/23 32/32/23
f 39/39/24 40/40/25 41/41/26
f 42/42/27 41/41/26 40/40/25
f 41/41/26 42/42/27 43/43/28
f 44/44/29 43/43/28 42/42/27
f 43/43/28 44/44/29 45/45/30
f 46/46/31 45/45/30 44/44/29
f 45/45/30 46/46/31 47/47/32
f 48/48/33 45/45/30 49/49/34
f 47/47/32 49/49/34 45/45/30
f 50/50/23 51/51/35 52/52/36
f 53/53/37 52/52/36 51/51/35
f 52/52/36 53/53/37 54/54/38
f 55/55/39 54/54/38 53/53/37
f 54/54/38 55/55/39 56/56/40
f 57/57/41 56/56/40 55/55/39
f 56/56/40 57/57/41 58/58/23
f 50/50/23 52/52/36 59/59/23
f 60/60/23 59/59/23 52/52/36
f 61/61/42 62/62/42 63/63/42
f 64/64/42 63/63/42 62/62/42
f 63/63/42 64/64/42 65/65/42
f 66/66/42 65/65/42 64/64/42
f 67/67/43 68/68/43 69/69/44
f 70/70/44 69/69/44 68/68/43
f 71/71/42 72/72/42 73/73/42
f 74/74/42 73/73/42 72/72/42
f 75/75/10 76/76/10 77/77/9
f 78/78/8 77/77/9 76/76/10
f 77/77/9 78/78/8 79/79/7
f 80/80/6 79/79/7 78/78/8
f 79/79/7 80/80/6 81/81/5
f 82/82/4 81/81/5 80/80/6
f 81/81/5 82/82/4 83/83/3
f 84/84/45 83/83/3 82/82/4
f 83/83/3 84/84/45 85/85/46
f 86/86/1 85/85/46 84/84/45
f 87/87/11 88/88/11 89/89/11
f 90/90/11 89/89/11 88/88/11
f 91/91/47 92/92/48 93/93/49
f 94/94/50 93/93/49 92/92/48
f 95/95/51 96/96/52 92/92/48
f 97/97/53 92/92/48 96/96/52
f 92/92/48 97/97/53 98/98/54
f 99/99/55 100/100/56 92/92/48
f 101/101/57 92/92/48 100/100/56
f 92/92/48 101/101/57 95/95/51
f 102/102/58 103/103/58 104/104/58
f 105/105/58 104/104/58 103/103/58
f 106/106/58 107/107/58 104/104/58
f 108/108/58 104/104/58 107/107/58
f 104/104/58 108/108/58 109/109/58
f 106/106/58 104/104/58 110/110/58
f 109/109/58 111/111/58 104/104/58
f 112/112/58 104/104/58 111/111/58
f 113/113/59 114/114/60 115/115/61
f 116/116/62 115/115/61 114/114/60
f 115/115/61 116/116/62 117/117/63
f 118/118/64 117/117/63 116/116/62
f 117/117/63 118/118/64 119/119/65
f 120/120/66 119/119/65 118/118/64
f 119/119/65 120/120/66 121/121/67
f 122/122/42 123/123/42 124/124/42
f 125/125/42 124/124/42 123/123/42
f 124/124/42 125/125/42 126/126/42
f 127/127/42 126/126/42 125/125/42
f 128/128/58 129/129/68 130/130/69
f 131/131/70 130/130/69 129/129/68
f 130/130/69 131/131/70 132/132/71
f 133/133/72 132/132/71 131/131/70
f 132/132/71 133/133/72 134/134/73
f 135/135/74 134/134/73 133/133/72
f 134/134/73 135/135/74 136/136/58
f 137/137/42 138/138/42 139/139/42
f 140/140/42 139/139/42 138/138/42
f 141/141/58 142/142/58 143/143/58
f 144/144/58 143/143/58 142/142/58
f 145/145/44 146/146/43 147/147/44
f 148/148/43 147/147/44 146/146/43
f 149/149/75 150/150/76 151/151/76
f 152/152/77 151/151/76 150/150/76
f 153/153/78 154/154/79 155/155/80
f 156/156/81 155/155/80 154/154/79
f 155/155/80 156/156/81 157/157/82
f 158/158/83 153/153/78 159/159/84
f 155/155/80 159/159/84 153/153/78
f 159/159/84 155/155/80 160/160/85
f 161/161/86 160/160/85 155/155/80
f 160/160/85 161/161/86 162/162/87
f 163/163/88 162/162/87 161/161/86
f 162/162/87 163/163/88 164/164/89
f 165/165/90 164/164/89 163/163/88
f 166/166/91 167/167/92 168/168/93
f 169/169/94 168/168/93 167/167/92
f 168/168/93 169/169/94 170/170/95
f 171/171/96 170/170/95 169/169/94
f 170/170/95 171/171/96 172/172/97
f 173/173/98 172/172/97 171/171/96
f 172/172/97 173/173/98 174/174/99
f 175/175/100 174/174/99 173/173/98
f 176/176/101 177/177/102 167/167/92
f 178/178/103 167/167/92 177/177/102
f 167/167/92 178/178/103 169/169/94
f 179/179/104 169/169/94 178/178/103
f 169/169/94 179/179/104 171/171/96
f 180/180/105 171/171/96 179/179/104
f 171/171/96 180/180/105 173/173/98
f 181/181/106 173/173/98 180/180/105
f 173/173/98 181/181/106 175/175/100
f 182/182/107 175/175/100 181/181/106
f 175/175/100 182/182/107 174/174/99
f 183/183/108 174/174/99 182/182/107
f 174/174/99 183/183/108 184/184/109
f 185/185/110 184/184/109 183/183/108
f 174/174/99 184/184/109 172/172/97
f 186/186/111 172/172/97 184/184/109
f 172/172/97 186/186/111 170/170/95
f 187/187/112 188/188/113 189/189/114
f 190/190/115 189/189/114 188/188/113
f 189/189/114 190/190/115 191/191/116
f 192/192/117 191/191/116 190/190/115
f 191/191/116 192/192/117 193/193/118
f 194/194/119 193/193/118 192/192/117
f 193/193/118 194/194/119 195/195/120
f 196/196/121 195/195/120 194/194/119
f 195/195/120 196/196/121 197/197/122
f 198/198/123 197/197/122 196/196/121
f 197/197/122 198/198/123 199/199/124
f 200/200/125 199/199/124 198/198/123
f 199/199/124 200/200/125 201/201/126
f 202/202/127 201/201/126 200/200/125
f 189/189/114 203/203/128 187/187/112
f 204/204/129 187/187/112 203/203/128
f 187/187/112 204/204/129 205/205/130
f 206/206/131 205/205/130 204/204/129
f 200/200/125 207/207/132 202/202/127
f 208/208/133 202/202/127 207/207/132
f 202/202/127 208/208/133 209/209/134
f 206/206/131 209/209/134 208/208/133
f 209/209/134 206/206/131 210/210/135
f 204/204/129 210/210/135 206/206/131
f 210/210/135 204/204/129 211/211/136
f 203/203/128 211/211/136 204/204/129
f 211/211/136 203/203/128 212/212/137
f 189/189/114 212/212/137 203/203/128
f 212/212/137 189/189/114 158/158/83
f 191/191/116 158/158/83 189/189/114
f 158/158/83 191/191/116 153/153/78
f 193/193/118 153/153/78 191/191/116
f 153/153/78 193/193/118 154/154/79
f 195/195/120 154/154/79 193/193/118
f 154/154/79 195/195/120 156/156/81
f 197/197/122 156/156/81 195/195/120
f 156/156/81 197/197/122 213/213/138
f 199/199/124 213/213/138 197/197/122
f 213/213/138 199/199/124 214/214/139
f 201/201/126 214/214/139 199/199/124
f 214/214/139 201/201/126 215/215/140
f 202/202/127 215/215/140 201/201/126
f 215/215/140 202/202/127 185/185/110
f 209/209/134 185/185/110 202/202/127
f 185/185/110 209/209/134 184/184/109
f 210/210/135 184/184/109 209/209/134
f 184/184/109 210/210/135 186/186/111
f 211/211/136 186/186/111 210/210/135
f 186/186/111 211/211/136 170/170/95
f 212/212/137 170/170/95 211/211/136
f 170/170/95 212/212/137 168/168/93
f 158/158/83 168/168/93 212/212/137
f 168/168/93 158/158/83 166/166/91
f 159/159/84 166/166/91 158/158/83
f 166/166/91 159/159/84 167/167/92
f 160/160/85 167/167/92 159/159/84
f 167/167/92 160/160/85 176/176/101
f 162/162/87 176/176/101 160/160/85
f 176/176/101 162/162/87 216/216/141
f 164/164/89 216/216/141 162/162/87
f 216/216/141 164/164/89 217/217/142
f 165/165/90 217/217/142 164/164/89
f 217/217/142 165/165/90 218/218/143
f 219/219/144 218/218/143 165/165/90
f 218/218/143 219/219/144 220/220/145
f 221/221/146 220/220/145 219/219/144
f 220/220/145 221/221/146 222/222/147
f 223/223/148 222/222/147 221/221/146
f 222/222/147 223/223/148 224/224/149
f 225/225/150 224/224/149 223/223/148
f 224/224/149 225/225/150 226/226/151
f 227/227/152 226/226/151 225/225/150
f 226/226/151 227/227/152 228/228/153
f 229/229/154 228/228/153 227/227/152
f 228/228/153 229/229/154 230/230/155
f 231/231/156 230/230/155 229/229/154
f 230/230/155 231/231/156 232/232/157
f 233/233/158 232/232/157 231/231/156
f 232/232/157 233/233/158 234/234/159
f 235/235/160 234/234/159 233/233/158
f 234/234/159 235/235/160 236/236/161
f 237/237/162 236/236/161 235/235/160
f 236/236/161 237/237/162 238/238/163
f 239/239/164 238/238/163 237/237/162
f 238/238/163 239/239/164 240/240/165
f 241/241/166 240/240/165 239/239/164
f 240/240/165 241/241/166 242/242/167
f 243/243/168 242/242/167 241/241/166
f 242/242/167 243/243/168 244/244/43
f 245/245/169 244/244/43 243/243/168
f 244/244/43 245/245/169 246/246/170
f 247/247/171 246/246/170 245/245/169
f 246/246/170 247/247/171 248/248/172
f 249/249/173 248/248/172 247/247/171
f 248/248/172 249/249/173 250/250/174
f 251/251/175 250/250/174 249/249/173
f 250/250/174 251/251/175 252/252/176
f 217/217/142 252/252/176 251/251/175
f 252/252/176 217/217/142 218/218/143
f 156/156/81 213/213/138 157/157/82
f 253/253/177 157/157/82 213/213/138
f 157/157/82 253/253/177 163/163/88
f 254/254/178 163/163/88 253/253/177
f 163/163/88 254/254/178 165/165/90
f 219/219/144 165/165/90 254/254/178
f 157/157/82 163/163/88 155/155/80
f 161/161/86 155/155/80 163/163/88
f 255/255/179 256/256/180 257/257/181
f 258/258/182 257/257/181 256/256/180
f 257/257/181 258/258/182 259/259/183
f 260/260/184 259/259/183 258/258/182
f 259/259/183 260/260/184 261/261/185
f 262/262/186 261/261/185 260/260/184
f 261/261/185 262/262/186 263/263/187
f 264/264/188 263/263/187 262/262/186
f 263/263/187 264/264/188 265/265/189
f 266/266/190 265/265/189 264/264/188
f 265/265/189 266/266/190 267/267/191
f 268/268/192 267/267/191 266/266/190
f 267/267/191 268/268/192 269/269/193
f 181/181/106 270/270/194 182/182/107
f 271/271/195 182/182/107 270/270/194
f 182/182/107 271/271/195 183/183/108
f 272/272/196 183/183/108 271/271/195
f 183/183/108 272/272/196 185/185/110
f 215/215/140 185/185/110 272/272/196
f 270/270/194 273/273/197 271/271/195
f 274/274/198 271/271/195 273/273/197
f 271/271/195 274/274/198 272/272/196
f 275/275/199 272/272/196 274/274/198
f 272/272/196 275/275/199 215/215/140
f 214/214/139 215/215/140 275/275/199
f 251/251/175 249/249/173 276/276/200
f 239/239/164 249/249/173 241/241/166
f 247/247/171 241/241/166 249/249/173
f 241/241/166 247/247/171 243/243/168
f 245/245/169 243/243/168 247/247/171
f 236/236/161 238/238/163 277/277/201
f 240/240/165 277/277/201 238/238/163
f 277/277/201 240/240/165 278/278/202
f 242/242/167 278/278/202 240/240/165
f 234/234/159 236/236/161 279/279/203
f 277/277/201 279/279/203 236/236/161
f 279/279/203 277/277/201 280/280/204
f 278/278/202 280/280/204 277/277/201
f 280/280/204 278/278/202 244/244/43
f 242/242/167 244/244/43 278/278/202
f 230/230/155 232/232/157 281/281/205
f 282/282/206 281/281/205 232/232/157
f 281/281/205 282/282/206 283/283/207
f 284/284/208 283/283/207 282/282/206
f 285/285/209 286/286/210 287/287/211
f 288/288/212 287/287/211 286/286/210
f 287/287/211 288/288/212 289/289/213
f 250/250/174 290/290/214 248/248/172
f 291/291/215 248/248/172 290/290/214
f 248/248/172 291/291/215 246/246/170
f 244/244/43 246/246/170 291/291/215
f 292/292/216 288/288/212 293/293/217
f 286/286/210 293/293/217 288/288/212
f 218/218/143 220/220/145 252/252/176
f 294/294/218 252/252/176 220/220/145
f 252/252/176 294/294/218 289/289/213
f 222/222/147 289/289/213 294/294/218
f 289/289/213 222/222/147 287/287/211
f 224/224/149 287/287/211 222/222/147
f 287/287/211 224/224/149 285/285/209
f 226/226/151 285/285/209 224/224/149
f 285/285/209 226/226/151 295/295/219
f 228/228/153 295/295/219 226/226/151
f 295/295/219 228/228/153 296/296/220
f 230/230/155 296/296/220 228/228/153
f 296/296/220 230/230/155 297/297/221
f 281/281/205 297/297/221 230/230/155
f 297/297/221 281/281/205 298/298/222
f 283/283/207 298/298/222 281/281/205
f 298/298/222 283/283/207 244/244/43
f 284/284/208 244/244/43 283/283/207
f 244/244/43 284/284/208 280/280/204
f 282/282/206 280/280/204 284/284/208
f 280/280/204 282/282/206 279/279/203
f 232/232/157 279/279/203 282/282/206
f 279/279/203 232/232/157 234/234/159
f 294/294/218 220/220/145 222/222/147
f 295/295/219 296/296/220 285/285/209
f 297/297/221 285/285/209 296/296/220
f 285/285/209 297/297/221 286/286/210
f 298/298/222 286/286/210 297/297/221
f 286/286/210 298/298/222 293/293/217
f 244/244/43 293/293/217 298/298/222
f 293/293/217 244/244/43 292/292/216
f 291/291/215 292/292/216 244/244/43
f 292/292/216 291/291/215 288/288/212
f 290/290/214 288/288/212 291/291/215
f 288/288/212 290/290/214 289/289/213
f 250/250/174 289/289/213 290/290/214
f 289/289/213 250/250/174 252/252/176
f 256/256/180 255/255/179 299/299/223
f 300/300/224 276/276/200 255/255/179
f 249/249/173 255/255/179 276/276/200
f 255/255/179 249/249/173 299/299/223
f 239/239/164 299/299/223 249/249/173
f 299/299/223 239/239/164 256/256/180
f 237/237/162 256/256/180 239/239/164
f 256/256/180 237/237/162 258/258/182
f 235/235/160 258/258/182 237/237/162
f 258/258/182 235/235/160 260/260/184
f 233/233/158 260/260/184 235/235/160
f 260/260/184 233/233/158 262/262/186
f 231/231/156 262/262/186 233/233/158
f 262/262/186 231/231/156 264/264/188
f 229/229/154 264/264/188 231/231/156
f 264/264/188 229/229/154 266/266/190
f 227/227/152 266/266/190 229/229/154
f 266/266/190 227/227/152 268/268/192
f 225/225/150 301/301/225 227/227/152
f 302/302/226 227/227/152 301/301/225
f 227/227/152 302/302/226 303/303/227
f 303/303/227 302/302/226 304/304/228
f 305/305/229 304/304/228 302/302/226
f 304/304/228 305/305/229 306/306/230
f 307/307/231 306/306/230 305/305/229
f 306/306/230 307/307/231 257/257/181
f 300/300/224 257/257/181 307/307/231
f 257/257/181 300/300/224 255/255/179
f 213/213/138 214/214/139 253/253/177
f 275/275/199 253/253/177 214/214/139
f 253/253/177 275/275/199 254/254/178
f 274/274/198 254/254/178 275/275/199
f 254/254/178 274/274/198 219/219/144
f 273/273/197 219/219/144 274/274/198
f 219/219/144 273/273/197 221/221/146
f 270/270/194 221/221/146 273/273/197
f 221/221/146 270/270/194 223/223/148
f 181/181/106 223/223/148 270/270/194
f 223/223/148 181/181/106 225/225/150
f 180/180/105 225/225/150 181/181/106
f 225/225/150 180/180/105 301/301/225
f 179/179/104 301/301/225 180/180/105
f 301/301/225 179/179/104 302/302/226
f 178/178/103 302/302/226 179/179/104
f 302/302/226 178/178/103 305/305/229
f 177/177/102 305/305/229 178/178/103
f 305/305/229 177/177/102 307/307/231
f 176/176/101 307/307/231 177/177/102
f 307/307/231 176/176/101 300/300/224
f 216/216/141 300/300/224 176/176/101
f 300/300/224 216/216/141 276/276/200
f 217/217/142 276/276/200 216/216/141
f 276/276/200 217/217/142 251/251/175
f 257/257/181 259/259/183 308/308/232
f 308/308/232 259/259/183 269/269/193
f 261/261/185 269/269/193 259/259/183
f 269/269/193 261/261/185 263/263/187
f 263/263/187 265/265/189 269/269/193
f 267/267/191 269/269/193 265/265/189
f 309/309/233 310/310/233 311/311/233
f 312/312/233 311/311/233 310/310/233
f 311/311/233 312/312/233 313/313/233
f 314/314/233 315/315/233 311/311/233
f 316/316/233 311/311/233 315/315/233
f 311/311/233 316/316/233 309/309/233
f 317/317/233 318/318/233 311/311/233
f 319/319/233 311/311/233 318/318/233
f 311/311/233 319/319/233 314/314/233
f 313/313/233 320/320/233 311/311/233
f 321/321/233 311/311/233 320/320/233
f 311/311/233 321/321/233 317/317/233
f 322/322/234 323/323/235 324/324/236
f 325/325/237 324/324/236 323/323/235
f 324/324/236 325/325/237 326/326/238
f 327/327/239 328/328/240 329/329/241
f 330/330/242 329/329/241 328/328/240
f 329/329/241 330/330/242 331/331/243
f 332/332/244 331/331/243 330/330/242
f 331/331/243 332/332/244 333/333/245
f 334/334/246 333/333/245 332/332/244
f 333/333/245 334/334/246 335/335/247
f 336/336/248 335/335/247 334/334/246
f 335/335/247 336/336/248 337/337/249
f 326/326/238 337/337/249 336/336/248
f 337/337/249 326/326/238 338/338/250
f 325/325/237 338/338/250 326/326/238
f 338/338/250 325/325/237 339/339/251
f 340/340/252 328/328/240 327/327/239
f 341/341/253 328/328/240 342/342/254
f 328/328/240 341/341/253 330/330/242
f 322/322/234 330/330/242 341/341/253
f 330/330/242 322/322/234 332/332/244
f 324/324/236 332/332/244 322/322/234
f 332/332/244 324/324/236 334/334/246
f 326/326/238 334/334/246 324/324/236
f 334/334/246 326/326/238 336/336/248
f 343/343/255 344/344/256 345/345/257
f 343/343/255 345/345/257 346/346/258
f 347/347/259 346/346/258 345/345/257
f 346/346/258 347/347/259 348/348/260
f 349/349/261 348/348/260 347/347/259
f 348/348/260 349/349/261 350/350/262
f 351/351/263 350/350/262 349/349/261
f 350/350/262 351/351/263 352/352/264
f 343/343/255 346/346/258 353/353/265
f 354/354/266 353/353/265 346/346/258
f 353/353/265 354/354/266 355/355/267
f 356/356/268 355/355/267 357/357/269
f 354/354/266 357/357/269 355/355/267
f 357/357/269 354/354/266 350/350/262
f 346/346/258 350/350/262 354/354/266
f 350/350/262 346/346/258 348/348/260
f 357/357/269 350/350/262 358/358/270
f 352/352/264 358/358/270 350/350/262
f 358/358/270 352/352/264 359/359/271
f 360/360/272 361/361/273 362/362/274
f 362/362/274 361/361/273 363/363/275
f 364/364/276 363/363/275 361/361/273
f 363/363/275 364/364/276 365/365/277
f 366/366/278 365/365/277 364/364/276
f 365/365/277 366/366/278 367/367/279
f 363/363/275 339/339/251 362/362/274
f 339/339/251 363/363/275 338/338/250
f 365/365/277 338/338/250 363/363/275
f 338/338/250 365/365/277 337/337/249
f 367/367/279 337/337/249 365/365/277
f 337/337/249 367/367/279 335/335/247
f 368/368/280 369/369/281 370/370/282
f 371/371/283 370/370/282 369/369/281
f 369/369/281 372/372/284 371/371/283
f 373/373/285 371/371/283 372/372/284
f 371/371/283 373/373/285 374/374/286
f 375/375/287 374/374/286 373/373/285
f 374/374/286 375/375/287 376/376/288
f 377/377/289 376/376/288 375/375/287
f 376/376/288 377/377/289 378/378/290
f 379/379/291 378/378/290 377/377/289
f 378/378/290 379/379/291 380/380/292
f 381/381/293 380/380/292 379/379/291
f 380/380/292 381/381/293 382/382/294
f 383/383/295 384/384/296 385/385/297
f 382/382/294 385/385/297 384/384/296
f 385/385/297 382/382/294 386/386/298
f 381/381/293 386/386/298 382/382/294
f 386/386/298 381/381/293 387/387/299
f 388/388/165 387/387/299 381/381/293
f 387/387/299 388/388/165 389/389/300
f 390/390/167 389/389/300 388/388/165
f 389/389/300 390/390/167 391/391/43
f 392/392/301 391/391/43 390/390/167
f 391/391/43 392/392/301 393/393/302
f 394/394/303 393/393/302 392/392/301
f 393/393/302 394/394/303 395/395/304
f 396/396/305 395/395/304 394/394/303
f 395/395/304 396/396/305 397/397/306
f 398/398/307 397/397/306 396/396/305
f 397/397/306 398/398/307 399/399/308
f 400/400/309 399/399/308 398/398/307
f 399/399/308 400/400/309 401/401/310
f 402/402/311 401/401/310 400/400/309
f 401/401/310 402/402/311 403/403/312
f 404/404/313 403/403/312 402/402/311
f 403/403/312 404/404/313 405/405/314
f 406/406/315 405/405/314 404/404/313
f 405/405/314 406/406/315 407/407/316
f 369/369/281 407/407/316 406/406/315
f 407/407/316 369/369/281 408/408/317
f 368/368/280 408/408/317 369/369/281
f 408/408/317 368/368/280 409/409/318
f 410/410/319 409/409/318 368/368/280
f 409/409/318 410/410/319 411/411/320
f 412/412/321 411/411/320 410/410/319
f 411/411/320 412/412/321 413/413/322
f 359/359/271 413/413/322 412/412/321
f 413/413/322 359/359/271 383/383/295
f 352/352/264 383/383/295 359/359/271
f 383/383/295 352/352/264 384/384/296
f 351/351/263 384/384/296 352/352/264
f 384/384/296 351/351/263 414/414/323
f 349/349/261 414/414/323 351/351/263
f 414/414/323 349/349/261 340/340/252
f 347/347/259 340/340/252 349/349/261
f 340/340/252 347/347/259 328/328/240
f 345/345/257 328/328/240 347/347/259
f 328/328/240 345/345/257 342/342/254
f 344/344/256 342/342/254 345/345/257
f 342/342/254 344/344/256 341/341/253
f 415/415/324 341/341/253 344/344/256
f 341/341/253 415/415/324 322/322/234
f 416/416/325 322/322/234 415/415/324
f 322/322/234 416/416/325 323/323/235
f 417/417/326 323/323/235 416/416/325
f 323/323/235 417/417/326 325/325/237
f 418/418/327 325/325/237 417/417/326
f 325/325/237 418/418/327 339/339/251
f 419/419/328 339/339/251 418/418/327
f 339/339/251 419/419/328 362/362/274
f 420/420/329 362/362/274 419/419/328
f 362/362/274 420/420/329 360/360/272
f 421/421/330 360/360/272 420/420/329
f 360/360/272 421/421/330 356/356/268
f 422/422/331 356/356/268 421/421/330
f 356/356/268 422/422/331 355/355/267
f 423/423/332 355/355/267 422/422/331
f 355/355/267 423/423/332 353/353/265
f 424/424/333 353/353/265 423/423/332
f 353/353/265 424/424/333 343/343/255
f 425/425/334 343/343/255 424/424/333
f 343/343/255 425/425/334 344/344/256
f 426/426/335 344/344/256 425/425/334
f 344/344/256 426/426/335 415/415/324
f 427/427/336 415/415/324 426/426/335
f 415/415/324 427/427/336 416/416/325
f 428/428/337 416/416/325 427/427/336
f 416/416/325 428/428/337 417/417/326
f 377/377/289 429/429/338 430/430/339
f 431/431/340 430/430/339 429/429/338
f 430/430/339 431/431/340 432/432/341
f 433/433/342 432/432/341 431/431/340
f 433/433/342 431/431/340 434/434/343
f 435/435/344 434/434/343 431/431/340
f 431/431/340 436/436/345 435/435/344
f 437/437/346 435/435/344 436/436/345
f 435/435/344 437/437/346 434/434/343
f 438/438/347 434/434/343 437/437/346
f 434/434/343 438/438/347 433/433/342
f 439/439/348 433/433/342 438/438/347
f 433/433/342 439/439/348 432/432/341
f 440/440/349 432/432/341 439/439/348
f 432/432/341 440/440/349 430/430/339
f 441/441/350 430/430/339 440/440/349
f 430/430/339 441/441/350 377/377/289
f 442/442/351 377/377/289 441/441/350
f 377/377/289 442/442/351 379/379/291
f 443/443/352 379/379/291 442/442/351
f 379/379/291 443/443/352 381/381/293
f 396/396/305 381/381/293 443/443/352
f 381/381/293 396/396/305 388/388/165
f 394/394/303 388/388/165 396/396/305
f 388/388/165 394/394/303 390/390/167
f 392/392/301 390/390/167 394/394/303
f 386/386/298 387/387/299 444/444/353
f 389/389/300 444/444/353 387/387/299
f 444/444/353 389/389/300 445/445/354
f 391/391/43 445/445/354 389/389/300
f 385/385/297 386/386/298 446/446/355
f 444/444/353 446/446/355 386/386/298
f 446/446/355 444/444/353 447/447/356
f 445/445/354 447/447/356 444/444/353
f 447/447/356 445/445/354 448/448/357
f 391/391/43 448/448/357 445/445/354
f 448/448/357 391/391/43 449/449/207
f 450/450/222 449/449/207 391/391/43
f 449/449/207 450/450/222 451/451/205
f 452/452/221 451/451/205 450/450/222
f 451/451/205 452/452/221 453/453/358
f 454/454/359 453/453/358 452/452/221
f 453/453/358 454/454/359 455/455/360
f 411/411/320 413/413/322 456/456/361
f 436/436/345 369/369/281 437/437/346
f 406/406/315 437/437/346 369/369/281
f 437/437/346 406/406/315 438/438/347
f 404/404/313 438/438/347 406/406/315
f 438/438/347 404/404/313 439/439/348
f 402/402/311 439/439/348 404/404/313
f 439/439/348 402/402/311 440/440/349
f 400/400/309 440/440/349 402/402/311
f 440/440/349 400/400/309 441/441/350
f 398/398/307 441/441/350 400/400/309
f 441/441/350 398/398/307 442/442/351
f 396/396/305 442/442/351 398/398/307
f 442/442/351 396/396/305 443/443/352
f 399/399/308 401/401/310 457/457/362
f 458/458/363 457/457/362 401/401/310
f 457/457/362 458/458/363 459/459/364
f 460/460/365 459/459/364 458/458/363
f 397/397/306 399/399/308 395/395/304
f 457/457/362 395/395/304 399/399/308
f 395/395/304 457/457/362 393/393/302
f 459/459/364 393/393/302 457/457/362
f 393/393/302 459/459/364 391/391/43
f 460/460/365 391/391/43 459/459/364
f 446/446/355 447/447/356 461/461/366
f 451/451/205 461/461/366 447/447/356
f 461/461/366 451/451/205 453/453/358
f 403/403/312 405/405/314 462/462/367
f 463/463/368 462/462/367 405/405/314
f 462/462/367 463/463/368 464/464/369
f 465/465/370 464/464/369 463/463/368
f 401/401/310 403/403/312 458/458/363
f 462/462/367 458/458/363 403/403/312
f 458/458/363 462/462/367 460/460/365
f 464/464/369 460/460/365 462/462/367
f 460/460/365 464/464/369 391/391/43
f 465/465/370 391/391/43 464/464/369
f 391/391/43 465/465/370 450/450/222
f 463/463/368 450/450/222 465/465/370
f 450/450/222 463/463/368 452/452/221
f 405/405/314 452/452/221 463/463/368
f 452/452/221 405/405/314 454/454/359
f 407/407/316 454/454/359 405/405/314
f 454/454/359 407/407/316 455/455/360
f 408/408/317 455/455/360 407/407/316
f 455/455/360 408/408/317 453/453/358
f 409/409/318 453/453/358 408/408/317
f 453/453/358 409/409/318 461/461/366
f 411/411/320 461/461/366 409/409/318
f 461/461/366 411/411/320 446/446/355
f 456/456/361 446/446/355 411/411/320
f 446/446/355 456/456/361 385/385/297
f 413/413/322 385/385/297 456/456/361
f 385/385/297 413/413/322 383/383/295
f 451/451/205 447/447/356 449/449/207
f 448/448/357 449/449/207 447/447/356
f 382/382/294 384/384/296 380/380/292
f 414/414/323 380/380/292 384/384/296
f 380/380/292 414/414/323 378/378/290
f 340/340/252 378/378/290 414/414/323
f 378/378/290 340/340/252 376/376/288
f 327/327/239 376/376/288 340/340/252
f 376/376/288 327/327/239 374/374/286
f 329/329/241 374/374/286 327/327/239
f 374/374/286 329/329/241 371/371/283
f 331/331/243 371/371/283 329/329/241
f 371/371/283 331/331/243 370/370/282
f 333/333/245 370/370/282 331/331/243
f 370/370/282 333/333/245 368/368/280
f 335/335/247 368/368/280 333/333/245
f 368/368/280 335/335/247 410/410/319
f 367/367/279 410/410/319 335/335/247
f 410/410/319 367/367/279 412/412/321
f 366/366/278 412/412/321 367/367/279
f 412/412/321 366/366/278 359/359/271
f 364/364/276 359/359/271 366/366/278
f 359/359/271 364/364/276 358/358/270
f 361/361/273 358/358/270 364/364/276
f 358/358/270 361/361/273 357/357/269
f 360/360/272 357/357/269 361/361/273
f 357/357/269 360/360/272 356/356/268
f 466/466/371 467/467/371 468/468/371
f 469/469/371 468/468/371 467/467/371
f 468/468/371 469/469/371 470/470/371
f 471/471/372 472/472/371 468/468/371
f 473/473/371 468/468/371 472/472/371
f 468/468/371 473/473/371 466/466/371
f 474/474/373 475/475/371 468/468/371
f 476/476/372 468/468/371 475/475/371
f 468/468/371 476/476/372 471/471/372
f 470/470/371 477/477/371 468/468/371
f 478/478/373 468/468/371 477/477/371
f 468/468/371 478/478/373 474/474/373
f 479/479/374 480/480/375 481/481/376
f 482/482/377 481/481/376 480/480/375
f 481/481/376 482/482/377 483/483/378
f 484/484/379 483/483/378 482/482/377
f 483/483/378 484/484/379 485/485/380
f 486/486/381 485/485/380 484/484/379
f 485/485/380 486/486/381 487/487/382
f 488/488/383 487/487/382 486/486/381
f 487/487/382 488/488/383 489/489/384
f 490/490/385 489/489/384 488/488/383
f 489/489/384 490/490/385 491/491/386
f 492/492/387 491/491/386 490/490/385
f 491/491/386 492/492/387 493/493/388
f 494/494/389 493/493/388 492/492/387
f 493/493/388 494/494/389 495/495/390
f 496/496/391 495/495/390 494/494/389
f 495/495/390 496/496/391 497/497/392
f 498/498/393 497/497/392 496/496/391
f 497/497/392 498/498/393 499/499/394
f 500/500/395 499/499/394 498/498/393
f 499/499/394 500/500/395 501/501/396
f 479/479/374 501/501/396 500/500/395
f 501/501/396 479/479/374 502/502/397
f 481/481/376 502/502/397 479/479/374
f 503/503/398 504/504/398 505/505/398
f 506/506/43 507/507/43 508/508/43
f 509/509/43 508/508/43 507/507/43
f 508/508/43 509/509/43 510/510/43
f 511/511/43 510/510/43 509/509/43
f 512/512/399 513/513/399 514/514/399
f 515/515/42 516/516/400 517/517/42
f 518/518/401 517/517/42 516/516/400
f 517/517/42 518/518/401 519/519/42
f 520/520/402 519/519/42 518/518/401
f 519/519/42 520/520/402 521/521/42
f 522/522/402 521/521/42 520/520/402
f 523/523/403 515/515/42 524/524/404
f 517/517/42 524/524/404 515/515/42
f 524/524/404 517/517/42 525/525/405
f 519/519/42 525/525/405 517/517/42
f 525/525/405 519/519/42 526/526/406
f 521/521/42 526/526/406 519/519/42
f 527/527/407 523/523/403 528/528/408
f 524/524/404 528/528/408 523/523/403
f 528/528/408 524/524/404 529/529/407
f 525/525/405 529/529/407 524/524/404
f 529/529/407 525/525/405 530/530/407
f 526/526/406 530/530/407 525/525/405
f 530/530/407 526/526/406 531/531/409
f 521/521/42 531/531/409 526/526/406
f 531/531/409 521/521/42 532/532/42
f 522/522/402 532/532/42 521/521/42
f 532/532/42 522/522/402 533/533/400
f 534/534/410 533/533/400 522/522/402
f 535/535/42 531/531/409 536/536/42
f 532/532/42 536/536/42 531/531/409
f 536/536/42 532/532/42 537/537/42
f 533/533/400 537/537/42 532/532/42
f 516/516/400 538/538/411 518/518/401
f 539/539/412 518/518/401 538/538/411
f 518/518/401 539/539/412 520/520/402
f 540/540/410 520/520/402 539/539/412
f 520/520/402 540/540/410 522/522/402
f 534/534/410 522/522/402 540/540/410
f 541/541/413 542/542/414 543/543/413
f 544/544/413 543/543/413 542/542/414
f 543/543/413 544/544/413 545/545/413
f 546/546/415 545/545/413 544/544/413
f 547/547/416 548/548/413 549/549/416
f 550/550/413 549/549/416 548/548/413
f 549/549/416 550/550/413 551/551/417
f 552/552/413 551/551/417 550/550/413
f 551/551/417 552/552/413 553/553/415
f 554/554/413 553/553/415 552/552/413
f 553/553/415 555/555/418 551/551/417
f 556/556/419 551/551/417 555/555/418
f 551/551/417 556/556/419 549/549/416
f 557/557/420 549/549/416 556/556/419
f 549/549/416 557/557/420 547/547/416
f 558/558/420 547/547/416 557/557/420
f 559/559/421 554/554/413 560/560/422
f 552/552/413 560/560/422 554/554/413
f 560/560/422 552/552/413 561/561/423
f 550/550/413 561/561/423 552/552/413
f 561/561/423 550/550/413 562/562/424
f 548/548/413 562/562/424 550/550/413
f 563/563/425 559/559/421 564/564/426
f 560/560/422 564/564/426 559/559/421
f 564/564/426 560/560/422 565/565/425
f 561/561/423 565/565/425 560/560/422
f 565/565/425 561/561/423 566/566/425
f 562/562/424 566/566/425 561/561/423
f 566/566/425 562/562/424 542/542/414
f 548/548/413 542/542/414 562/562/424
f 542/542/414 548/548/413 544/544/413
f 547/547/416 544/544/413 548/548/413
f 544/544/413 547/547/416 546/546/415
f 558/558/420 546/546/415 547/547/416
f 567/567/427 568/568/427 569/569/427
f 570/570/427 569/569/427 568/568/427
f 571/571/428 572/572/428 573/573/428
f 574/574/428 573/573/428 572/572/428
f 575/575/429 576/576/429 577/577/429
f 578/578/429 577/577/429 576/576/429
f 577/577/429 578/578/429 579/579/429
f 580/580/429 579/579/429 578/578/429
f 581/581/430 582/582/430 583/583/430
f 584/584/431 585/585/431 586/586/431
f 587/587/431 586/586/431 585/585/431
f 586/586/431 587/587/431 588/588/431
f 589/589/431 588/588/431 587/587/431
f 590/590/432 591/591/432 592/592/432
f 593/593/433 594/594/433 595/595/433
f 596/596/433 595/595/433 594/594/433
f 595/595/433 596/596/433 597/597/433
f 598/598/433 597/597/433 596/596/433
f 597/597/433 598/598/433 599/599/433
f 600/600/433 599/599/433 598/598/433
f 599/599/433 600/600/433 601/601/433
f 602/602/433 601/601/433 600/600/433
f 603/603/58 604/604/58 605/605/58
f 606/606/58 605/605/58 604/604/58
f 607/607/434 608/608/434 609/609/434
f 610/610/434 609/609/434 608/608/434
f 609/609/434 610/610/434 611/611/434
f 612/612/434 611/611/434 610/610/434
f 611/611/434 612/612/434 613/613/434
f 614/614/434 613/613/434 612/612/434
f 613/613/434 614/614/434 615/615/434
f 616/616/434 615/615/434 614/614/434
f 617/617/23 618/618/23 619/619/23
f 620/620/23 619/619/23 618/618/23
f 621/621/435 622/622/435 623/623/435
f 624/624/435 623/623/435 622/622/435
f 623/623/435 624/624/435 625/625/435
f 626/626/435 625/625/435 624/624/435
f 627/627/435 628/628/435 629/629/435
f 630/630/435 629/629/435 628/628/435
f 629/629/435 630/630/435 631/631/435
f 632/632/435 631/631/435 630/630/435
f 631/631/435 632/632/435 633/633/435
f 634/634/435 633/633/435 632/632/435
f 633/633/435 634/634/435 635/635/435
f 636/636/435 635/635/435 634/634/435
f 635/635/435 636/636/435 637/637/435
f 638/638/435 637/637/435 636/636/435
f 637/637/435 638/638/435 627/627/435
f 628/628/435 627/627/435 638/638/435
f 639/639/42 640/640/42 641/641/42
f 642/642/42 641/641/42 640/640/42
f 641/641/42 642/642/42 643/643/42
f 644/644/42 643/643/42 642/642/42
f 645/645/436 646/646/436 647/647/436
f 648/648/436 647/647/436 646/646/436
f 649/649/413 650/650/413 651/651/413
f 652/652/413 651/651/413 650/650/413
f 651/651/413 652/652/413 653/653/413
f 654/654/413 653/653/413 652/652/413
f 655/655/437 656/656/437 657/657/437
f 658/658/437 657/657/437 656/656/437
f 659/659/438 660/660/439 661/661/440
f 662/662/441 661/661/440 660/660/439
f 661/661/440 662/662/441 663/663/442
f 664/664/443 663/663/442 662/662/441
f 663/663/442 664/664/443 665/665/444
f 666/666/445 665/665/444 664/664/443
f 665/665/444 666/666/445 667/667/446
f 668/668/447 667/667/446 666/666/445
f 669/669/448 670/670/449 671/671/450
f 672/672/451 671/671/450 670/670/449
f 671/671/450 672/672/451 673/673/452
f 674/674/453 673/673/452 672/672/451
f 673/673/452 674/674/453 675/675/454
f 676/676/455 675/675/454 674/674/453
f 675/675/454 676/676/455 677/677/456
f 678/678/457 677/677/456 676/676/455
f 677/677/456 678/678/457 679/679/458
f 680/680/459 668/668/447 681/681/460
f 666/666/445 681/681/460 668/668/447
f 681/681/460 666/666/445 682/682/461
f 664/664/443 682/682/461 666/666/445
f 682/682/461 664/664/443 683/683/462
f 662/662/441 683/683/462 664/664/443
f 683/683/462 662/662/441 684/684/463
f 660/660/439 684/684/463 662/662/441
f 684/684/463 660/660/439 679/679/458
f 659/659/438 679/679/458 660/660/439
f 679/679/458 659/659/438 685/685/464
f 661/661/440 685/685/464 659/659/438
f 685/685/464 661/661/440 686/686/465
f 663/663/442 686/686/465 661/661/440
f 686/686/465 663/663/442 687/687/466
f 665/665/444 687/687/466 663/663/442
f 687/687/466 665/665/444 688/688/467
f 667/667/446 688/688/467 665/665/444
f 688/688/467 667/667/446 689/689/468
f 690/690/469 691/691/470 692/692/471
f 693/693/472 692/692/471 691/691/470
f 692/692/471 693/693/472 694/694/473
f 695/695/474 694/694/473 693/693/472
f 694/694/473 695/695/474 696/696/475
f 697/697/476 696/696/475 695/695/474
f 696/696/475 697/697/476 698/698/477
f 699/699/478 698/698/477 697/697/476
f 700/700/479 699/699/478 701/701/480
f 697/697/476 701/701/480 699/699/478
f 701/701/480 697/697/476 702/702/481
f 695/695/474 702/702/481 697/697/476
f 702/702/481 695/695/474 703/703/482
f 693/693/472 703/703/482 695/695/474
f 703/703/482 693/693/472 704/704/483
f 691/691/470 704/704/483 693/693/472
f 704/704/483 691/691/470 705/705/484
f 690/690/469 705/705/484 691/691/470
f 705/705/484 690/690/469 706/706/485
f 692/692/471 706/706/485 690/690/469
f 706/706/485 692/692/471 707/707/486
f 694/694/473 707/707/486 692/692/471
f 707/707/486 694/694/473 708/708/487
f 696/696/475 708/708/487 694/694/473
f 708/708/487 696/696/475 709/709/488
f 698/698/477 709/709/488 696/696/475
f 709/709/488 698/698/477 710/710/489
f 710/710/489 711/711/490 709/709/488
f 712/712/491 709/709/488 711/711/490
f 709/709/488 712/712/491 708/708/487
f 713/713/492 708/708/487 712/712/491
f 708/708/487 713/713/492 707/707/486
f 714/714/493 707/707/486 713/713/492
f 707/707/486 714/714/493 706/706/485
f 715/715/494 706/706/485 714/714/493
f 706/706/485 715/715/494 705/705/484
f 716/716/43 717/717/43 718/718/43
f 719/719/43 718/718/43 717/717/43
f 720/720/413 721/721/413 722/722/413
f 723/723/413 722/722/413 721/721/413
f 724/724/42 725/725/42 726/726/42
f 727/727/42 726/726/42 725/725/42
f 728/728/495 729/729/496 730/730/497
f 731/731/498 730/730/497 729/729/496
f 730/730/497 731/731/498 732/732/499
f 733/733/500 732/732/499 731/731/498
f 732/732/499 733/733/500 734/734/501
f 729/729/496 728/728/495 735/735/58
f 736/736/23 730/730/497 732/732/499
f 737/737/502 738/738/503 739/739/504
f 740/740/505 739/739/504 738/738/503
f 739/739/504 740/740/505 741/741/506
f 742/742/507 741/741/506 740/740/505
f 741/741/506 742/742/507 743/743/23
f 744/744/508 737/737/502 745/745/509
f 739/739/504 745/745/509 737/737/502
f 746/746/510 747/747/510 748/748/511
f 749/749/512 748/748/511 747/747/510
f 748/748/511 749/749/512 750/750/513
f 751/751/514 750/750/513 749/749/512
f 750/750/513 751/751/514 752/752/515
f 753/753/516 752/752/515 751/751/514
f 752/752/515 753/753/516 754/754/517
f 755/755/518 754/754/517 753/753/516
f 754/754/517 755/755/518 756/756/519
f 757/757/520 756/756/519 755/755/518
f 756/756/519 757/757/520 758/758/521
f 759/759/521 758/758/521 757/757/520
f 760/760/522 761/761/522 762/762/523
f 763/763/524 762/762/523 761/761/522
f 762/762/523 763/763/524 764/764/525
f 765/765/526 764/764/525 763/763/524
f 764/764/525 765/765/526 766/766/527
f 767/767/528 766/766/527 765/765/526
f 766/766/527 767/767/528 768/768/529
f 769/769/530 768/768/529 767/767/528
f 768/768/529 769/769/530 770/770/516
f 771/771/515 770/770/516 769/769/530
f 770/770/516 771/771/515 772/772/531
f 773/773/532 772/772/531 771/771/515
f 772/772/531 773/773/532 774/774/533
f 775/775/534 774/774/533 773/773/532
f 774/774/533 775/775/534 776/776/535
f 777/777/536 776/776/535 775/775/534
f 776/776/535 777/777/536 778/778/5
f 779/779/4 778/778/5 777/777/536
f 778/778/5 779/779/4 780/780/537
f 781/781/537 780/780/537 779/779/4
f 782/782/538 783/783/539 784/784/540
f 785/785/541 784/784/540 783/783/539
f 784/784/540 785/785/541 786/786/542
f 782/782/538 784/784/540 787/787/543
f 788/788/544 789/789/545 790/790/546
f 791/791/547 790/790/546 789/789/545
f 790/790/546 791/791/547 792/792/548
f 792/792/548 793/793/549 790/790/546
f 794/794/58 795/795/58 796/796/58
f 797/797/58 796/796/58 795/795/58
f 798/798/58 799/799/58 800/800/58
f 801/801/58 800/800/58 799/799/58
f 802/802/58 803/803/58 804/804/58
f 805/805/58 804/804/58 803/803/58
f 806/806/58 807/807/58 808/808/58
f 809/809/58 808/808/58 807/807/58
f 810/810/58 811/811/58 812/812/58
f 813/813/58 812/812/58 811/811/58
f 814/814/58 815/815/58 816/816/58
f 817/817/58 816/816/58 815/815/58
f 818/818/58 819/819/58 820/820/58
f 821/821/58 820/820/58 819/819/58
f 822/822/58 823/823/58 824/824/58
f 825/825/58 824/824/58 823/823/58
f 826/826/58 827/827/58 828/828/58
f 829/829/58 828/828/58 827/827/58
f 830/830/58 831/831/58 832/832/58
f 833/833/58 832/832/58 831/831/58
f 834/834/58 835/835/58 836/836/58
f 837/837/58 836/836/58 835/835/58
f 838/838/58 839/839/58 840/840/58
f 837/837/58 840/840/58 839/839/58
f 841/841/23 842/842/23 843/843/23
f 844/844/23 843/843/23 842/842/23
f 845/845/23 846/846/23 847/847/23
f 848/848/23 847/847/23 846/846/23
f 849/849/23 850/850/23 851/851/23
f 852/852/23 851/851/23 850/850/23
f 853/853/23 854/854/23 855/855/23
f 856/856/23 855/855/23 854/854/23
f 857/857/23 858/858/23 859/859/23
f 860/860/23 859/859/23 858/858/23
f 861/861/23 862/862/23 863/863/23
f 864/864/23 863/863/23 862/862/23
f 865/865/23 866/866/23 867/867/23
f 868/868/23 867/867/23 866/866/23
f 869/869/23 870/870/23 871/871/23
f 872/872/23 871/871/23 870/870/23
f 873/873/23 874/874/23 875/875/23
f 876/876/23 875/875/23 874/874/23
f 877/877/23 878/878/23 879/879/23
f 880/880/23 879/879/23 878/878/23
f 881/881/23 882/882/23 883/883/23
f 884/884/23 883/883/23 882/882/23
f 885/885/23 886/886/23 887/887/23
f 880/880/23 887/887/23 886/886/23
f 888/888/43 889/889/43 890/890/43
f 891/891/43 890/890/43 889/889/43
f 890/890/43 891/891/43 892/892/43
f 893/893/43 892/892/43 891/891/43
f 892/892/43 893/893/43 894/894/43
f 895/895/43 894/894/43 893/893/43
f 894/894/43 895/895/43 896/896/43
f 897/897/43 896/896/43 895/895/43
f 896/896/43 897/897/43 898/898/43
f 899/899/43 898/898/43 897/897/43
f 898/898/43 899/899/43 900/900/43
f 901/901/43 900/900/43 899/899/43
f 900/900/43 901/901/43 902/902/43
f 903/903/43 902/902/43 901/901/43
f 902/902/43 903/903/43 888/888/43
f 889/889/43 888/888/43 903/903/43
f 904/904/550 905/905/551 906/906/552
f 907/907/553 906/906/552 905/905/551
f 906/906/552 907/907/553 908/908/553
f 909/909/554 910/910/554 911/911/554
f 912/912/554 911/911/554 910/910/554
f 913/913/23 914/914/23 915/915/23
f 916/916/23 915/915/23 914/914/23
f 917/917/555 918/918/555 919/919/556
f 920/920/557 919/919/556 918/918/555
f 919/919/556 920/920/557 921/921/558
f 922/922/413 923/923/413 924/924/413
f 925/925/413 924/924/413 923/923/413
f 926/926/559 927/927/559 928/928/559
f 929/929/559 928/928/559 927/927/559
f 930/930/58 931/931/58 932/932/58
f 933/933/58 932/932/58 931/931/58
f 934/934/560 935/935/560 936/936/560
f 937/937/560 936/936/560 935/935/560
f 938/938/42 939/939/42 940/940/42
f 941/941/42 940/940/42 939/939/42
f 942/942/58 943/943/58 944/944/58
f 945/945/58 944/944/58 943/943/58
f 946/946/561 947/947/562 948/948/563
f 949/949/564 948/948/563 947/947/562
f 948/948/563 949/949/564 950/950/565
f 951/951/566 950/950/565 949/949/564
f 950/950/565 951/951/566 952/952/567
f 953/953/568 952/952/567 951/951/566
f 952/952/567 953/953/568 954/954/569
f 955/955/570 954/954/569 953/953/568
f 954/954/569 955/955/570 956/956/571
f 957/957/572 956/956/571 955/955/570
f 956/956/571 957/957/572 958/958/573
f 959/959/574 958/958/573 957/957/572
f 958/958/573 959/959/574 960/960/575
f 961/961/576 960/960/575 959/959/574
f 962/962/43 963/963/43 964/964/43
f 965/965/43 964/964/43 963/963/43
f 964/964/43 965/965/43 966/966/43
f 967/967/43 966/966/43 965/965/43
f 966/966/43 967/967/43 968/968/43
f 969/969/43 968/968/43 967/967/43
f 968/968/43 969/969/43 970/970/43
f 971/971/43 970/970/43 969/969/43
f 970/970/43 971/971/43 972/972/43
f 973/973/43 972/972/43 971/971/43
f 972/972/43 973/973/43 974/974/43
f 975/975/43 974/974/43 973/973/43
f 974/974/43 975/975/43 976/976/43
f 977/977/43 976/976/43 975/975/43
f 976/976/43 977/977/43 962/962/43
f 963/963/43 962/962/43 977/977/43
f 978/978/560 979/979/560 980/980/577
f 981/981/578 980/980/577 979/979/560
f 980/980/577 981/981/578 982/982/579
f 983/983/580 984/984/580 985/985/580
f 986/986/580 985/985/580 984/984/580
f 987/987/58 988/988/58 989/989/58
f 990/990/58 989/989/58 988/988/58
f 991/991/581 992/992/582 993/993/583
f 994/994/559 993/993/583 992/992/582
f 993/993/583 994/994/559 995/995/559
f 996/996/413 997/997/413 998/998/413
f 999/999/413 998/998/413 997/997/413
f 1000/1000/555 1001/1001/555 1002/1002/555
f 1003/1003/555 1002/1002/555 1001/1001/555
f 1004/1004/23 1005/1005/23 1006/1006/23
f 1007/1007/23 1006/1006/23 1005/1005/23
f 1008/1008/553 1009/1009/553 1010/1010/553
f 1011/1011/553 1010/1010/553 1009/1009/553
f 1012/1012/42 1013/1013/42 1014/1014/42
f 1015/1015/42 1014/1014/42 1013/1013/42
f 1016/1016/23 1017/1017/23 1018/1018/23
f 1019/1019/23 1018/1018/23 1017/1017/23
f 1020/1020/584 1021/1021/585 1022/1022/586
f 1023/1023/587 1022/1022/586 1021/1021/585
f 1022/1022/586 1023/1023/587 1024/1024/588
f 1025/1025/589 1024/1024/588 1023/1023/587
f 1024/1024/588 1025/1025/589 1026/1026/590
f 1027/1027/591 1026/1026/590 1025/1025/589
f 1026/1026/590 1027/1027/591 1028/1028/592
f 1029/1029/593 1028/1028/592 1027/1027/591
f 1028/1028/592 1029/1029/593 1030/1030/594
f 1031/1031/595 1030/1030/594 1029/1029/593
f 1030/1030/594 1031/1031/595 1032/1032/596
f 1033/1033/597 1032/1032/596 1031/1031/595
f 1032/1032/596 1033/1033/597 1034/1034/598
f 1035/1035/599 1034/1034/598 1033/1033/597
f 1036/1036/600 1037/1037/601 1038/1038/602
f 1039/1039/603 1038/1038/602 1037/1037/601
f 1038/1038/602 1039/1039/603 1040/1040/604
f 1041/1041/605 1040/1040/604 1039/1039/603
f 1040/1040/604 1041/1041/605 1042/1042/606
f 1043/1043/607 1042/1042/606 1041/1041/605
f 1042/1042/606 1043/1043/607 1044/1044/608
f 1045/1045/609 1044/1044/608 1043/1043/607
f 1044/1044/608 1045/1045/609 1046/1046/610
f 1047/1047/611 1046/1046/610 1045/1045/609
f 1046/1046/610 1047/1047/611 1048/1048/612
f 1049/1049/613 1048/1048/612 1047/1047/611
f 1048/1048/612 1049/1049/613 1050/1050/614
f 1051/1051/615 1050/1050/614 1049/1049/613
f 1050/1050/614 1051/1051/615 1052/1052/616
f 1053/1053/617 1052/1052/616 1051/1051/615
f 1043/1043/607 1041/1041/605 1054/1054/43
f 1039/1039/603 1054/1054/43 1041/1041/605
f 1054/1054/43 1039/1039/603 1037/1037/601
f 1049/1049/613 1047/1047/611 1054/1054/43
f 1045/1045/609 1054/1054/43 1047/1047/611
f 1054/1054/43 1045/1045/609 1043/1043/607
f 1049/1049/613 1054/1054/43 1051/1051/615
f 1053/1053/617 1051/1051/615 1054/1054/43
f 1055/1055/618 1056/1056/618 1057/1057/618
f 1058/1058/619 1059/1059/620 1060/1060/621
f 1061/1061/622 1060/1060/621 1059/1059/620
f 1060/1060/621 1061/1061/622 1062/1062/623
f 1063/1063/624 1062/1062/623 1061/1061/622
f 1062/1062/623 1063/1063/624 1064/1064/625
f 1065/1065/626 1064/1064/625 1063/1063/624
f 1064/1064/625 1065/1065/626 1066/1066/627
f 1067/1067/628 1066/1066/627 1065/1065/626
f 1066/1066/627 1067/1067/628 1068/1068/629
f 1069/1069/630 1068/1068/629 1067/1067/628
f 1068/1068/629 1069/1069/630 1070/1070/631
f 1071/1071/632 1070/1070/631 1069/1069/630
f 1070/1070/631 1071/1071/632 1072/1072/633
f 1073/1073/634 1072/1072/633 1071/1071/632
f 1072/1072/633 1073/1073/634 1074/1074/635
f 1075/1075/636 1074/1074/635 1073/1073/634
f 1074/1074/635 1075/1075/636 1076/1076/637
f 1077/1077/638 1076/1076/637 1075/1075/636
f 1076/1076/637 1077/1077/638 1058/1058/619
f 1059/1059/620 1058/1058/619 1077/1077/638
f 1078/1078/639 1079/1079/640 1080/1080/641
f 1081/1081/642 1080/1080/641 1079/1079/640
f 1080/1080/641 1081/1081/642 1082/1082/643
f 1083/1083/644 1082/1082/643 1081/1081/642
f 1082/1082/643 1083/1083/644 1084/1084/645
f 1085/1085/646 1084/1084/645 1083/1083/644
f 1084/1084/645 1085/1085/646 1086/1086/647
f 1087/1087/648 1086/1086/647 1085/1085/646
f 1086/1086/647 1087/1087/648 1088/1088/649
f 1089/1089/650 1088/1088/649 1087/1087/648
f 1088/1088/649 1089/1089/650 1090/1090/651
f 1091/1091/652 1090/1090/651 1089/1089/650
f 1090/1090/651 1091/1091/652 1092/1092/653
f 1093/1093/654 1092/1092/653 1091/1091/652
f 1092/1092/653 1093/1093/654 1094/1094/655
f 1095/1095/656 1094/1094/655 1093/1093/654
f 1094/1094/655 1095/1095/656 1096/1096/657
f 1097/1097/658 1096/1096/657 1095/1095/656
f 1096/1096/657 1097/1097/658 1098/1098/659
f 1099/1099/660 1098/1098/659 1097/1097/658
f 1100/1100/661 1101/1101/661 1102/1102/662
f 1103/1103/663 1102/1102/662 1101/1101/661
f 1102/1102/662 1103/1103/663 1104/1104/664
f 1105/1105/665 1104/1104/664 1103/1103/663
f 1104/1104/664 1105/1105/665 1106/1106/666
f 1107/1107/667 1106/1106/666 1105/1105/665
f 1106/1106/666 1107/1107/667 1108/1108/668
f 1109/1109/669 1108/1108/668 1107/1107/667
f 1108/1108/668 1109/1109/669 1110/1110/670
f 1111/1111/671 1110/1110/670 1109/1109/669
f 1110/1110/670 1111/1111/671 1112/1112/672
f 1113/1113/673 1112/1112/672 1111/1111/671
f 1112/1112/672 1113/1113/673 1114/1114/674
f 1115/1115/675 1114/1114/674 1113/1113/673
f 1114/1114/674 1115/1115/675 1116/1116/676
f 1117/1117/676 1116/1116/676 1115/1115/675
f 1118/1118/677 1119/1119/678 1120/1120/679
f 1121/1121/680 1120/1120/679 1119/1119/678
f 1120/1120/679 1121/1121/680 1122/1122/681
f 1123/1123/681 1122/1122/681 1121/1121/680
f 1122/1122/681 1123/1123/681 1124/1124/682
f 1125/1125/682 1124/1124/682 1123/1123/681
f 1124/1124/682 1125/1125/682 1126/1126/681
f 1127/1127/681 1126/1126/681 1125/1125/682
f 1126/1126/681 1127/1127/681 1128/1128/681
f 1129/1129/681 1128/1128/681 1127/1127/681
f 1128/1128/681 1129/1129/681 1130/1130/681
f 1131/1131/683 1130/1130/681 1129/1129/681
f 1130/1130/681 1131/1131/683 1132/1132/684
f 1133/1133/685 1132/1132/684 1131/1131/683
f 1132/1132/684 1133/1133/685 1134/1134/686
f 1135/1135/687 1134/1134/686 1133/1133/685
f 1136/1136/688 1137/1137/689 1138/1138/690
f 1139/1139/691 1138/1138/690 1137/1137/689
f 1138/1138/690 1139/1139/691 1140/1140/692
f 1141/1141/692 1140/1140/692 1139/1139/691
f 1140/1140/692 1141/1141/692 1142/1142/693
f 1143/1143/693 1142/1142/693 1141/1141/692
f 1142/1142/693 1143/1143/693 1144/1144/692
f 1145/1145/692 1144/1144/692 1143/1143/693
f 1144/1144/692 1145/1145/692 1146/1146/692
f 1147/1147/692 1146/1146/692 1145/1145/692
f 1146/1146/692 1147/1147/692 1148/1148/693
f 1149/1149/692 1148/1148/693 1147/1147/692
f 1148/1148/693 1149/1149/692 1150/1150/692
f 1151/1151/694 1150/1150/692 1149/1149/692
f 1150/1150/692 1151/1151/694 1152/1152/695
f 1153/1153/696 1152/1152/695 1151/1151/694
f 1154/1154/697 1155/1155/698 1156/1156/699
f 1157/1157/700 1156/1156/699 1155/1155/698
f 1156/1156/699 1157/1157/700 1158/1158/701
f 1154/1154/697 1156/1156/699 1159/1159/702
f 1160/1160/703 1159/1159/702 1156/1156/699
f 1161/1161/704 1162/1162/705 1163/1163/706
f 1164/1164/707 1163/1163/706 1162/1162/705
f 1163/1163/706 1164/1164/707 1165/1165/708
f 1161/1161/704 1163/1163/706 1166/1166/709
f 1167/1167/710 1166/1166/709 1163/1163/706
f 1168/1168/711 1169/1169/712 1170/1170/713
f 1171/1171/714 1170/1170/713 1169/1169/712
f 1170/1170/713 1171/1171/714 1172/1172/715
f 1173/1173/716 1172/1172/715 1171/1171/714
f 1172/1172/715 1173/1173/716 1174/1174/717
f 1175/1175/718 1174/1174/717 1173/1173/716
f 1174/1174/717 1175/1175/718 1176/1176/719
f 1177/1177/720 1176/1176/719 1175/1175/718
f 1176/1176/719 1177/1177/720 1178/1178/721
f 1179/1179/722 1178/1178/721 1177/1177/720
f 1178/1178/721 1179/1179/722 1180/1180/723
f 1181/1181/724 1180/1180/723 1179/1179/722
f 1180/1180/723 1181/1181/724 1182/1182/725
f 1183/1183/726 1182/1182/725 1181/1181/724
f 1182/1182/725 1183/1183/726 1184/1184/727
f 1185/1185/728 1184/1184/727 1183/1183/726
f 1184/1184/727 1185/1185/728 1186/1186/729
f 1187/1187/730 1186/1186/729 1185/1185/728
f 1186/1186/729 1187/1187/730 1168/1168/711
f 1169/1169/712 1168/1168/711 1187/1187/730
f 1188/1188/731 1189/1189/732 1190/1190/733
f 1191/1191/734 1190/1190/733 1189/1189/732
f 1190/1190/733 1191/1191/734 1192/1192/735
f 1193/1193/736 1192/1192/735 1191/1191/734
f 1192/1192/735 1193/1193/736 1194/1194/737
f 1195/1195/738 1194/1194/737 1193/1193/736
f 1194/1194/737 1195/1195/738 1196/1196/739
f 1197/1197/740 1196/1196/739 1195/1195/738
f 1196/1196/739 1197/1197/740 1198/1198/741
f 1199/1199/742 1198/1198/741 1197/1197/740
f 1198/1198/741 1199/1199/742 1200/1200/743
f 1201/1201/744 1200/1200/743 1199/1199/742
f 1200/1200/743 1201/1201/744 1202/1202/745
f 1203/1203/746 1202/1202/745 1201/1201/744
f 1202/1202/745 1203/1203/746 1204/1204/747
f 1205/1205/748 1204/1204/747 1203/1203/746
f 1204/1204/747 1205/1205/748 1206/1206/749
f 1207/1207/750 1206/1206/749 1205/1205/748
f 1206/1206/749 1207/1207/750 1208/1208/751
f 1209/1209/752 1208/1208/751 1207/1207/750
f 1210/1210/753 1211/1211/753 1212/1212/754
f 1213/1213/755 1212/1212/754 1211/1211/753
f 1212/1212/754 1213/1213/755 1214/1214/756
f 1215/1215/757 1214/1214/756 1213/1213/755
f 1214/1214/756 1215/1215/757 1216/1216/758
f 1217/1217/759 1216/1216/758 1215/1215/757
f 1216/1216/758 1217/1217/759 1218/1218/760
f 1219/1219/761 1218/1218/760 1217/1217/759
f 1218/1218/760 1219/1219/761 1220/1220/762
f 1221/1221/763 1220/1220/762 1219/1219/761
f 1220/1220/762 1221/1221/763 1222/1222/764
f 1223/1223/765 1222/1222/764 1221/1221/763
f 1222/1222/764 1223/1223/765 1224/1224/766
f 1225/1225/767 1224/1224/766 1223/1223/765
f 1224/1224/766 1225/1225/767 1226/1226/768
f 1227/1227/768 1226/1226/768 1225/1225/767
f 1228/1228/769 1229/1229/770 1230/1230/771
f 1230/1230/771 1229/1229/770 1231/1231/772
f 1232/1232/773 1231/1231/772 1229/1229/770
f 1231/1231/772 1232/1232/773 1233/1233/773
f 1234/1234/774 1233/1233/773 1232/1232/773
f 1233/1233/773 1234/1234/774 1235/1235/774
f 1236/1236/773 1235/1235/774 1234/1234/774
f 1235/1235/774 1236/1236/773 1237/1237/773
f 1238/1238/773 1237/1237/773 1236/1236/773
f 1237/1237/773 1238/1238/773 1239/1239/773
f 1240/1240/773 1239/1239/773 1238/1238/773
f 1239/1239/773 1240/1240/773 1241/1241/775
f 1242/1242/776 1241/1241/775 1240/1240/773
f 1241/1241/775 1242/1242/776 1243/1243/777
f 1244/1244/778 1243/1243/777 1242/1242/776
f 1243/1243/777 1244/1244/778 1245/1245/779
f 1246/1246/780 1247/1247/781 1248/1248/782
f 1249/1249/783 1248/1248/782 1247/1247/781
f 1248/1248/782 1249/1249/783 1250/1250/783
f 1251/1251/783 1250/1250/783 1249/1249/783
f 1250/1250/783 1251/1251/783 1252/1252/784
f 1253/1253/783 1252/1252/784 1251/1251/783
f 1252/1252/784 1253/1253/783 1254/1254/783
f 1255/1255/785 1254/1254/783 1253/1253/783
f 1254/1254/783 1255/1255/785 1256/1256/783
f 1257/1257/783 1256/1256/783 1255/1255/785
f 1256/1256/783 1257/1257/783 1258/1258/786
f 1259/1259/783 1258/1258/786 1257/1257/783
f 1258/1258/786 1259/1259/783 1260/1260/787
f 1261/1261/788 1260/1260/787 1259/1259/783
f 1260/1260/787 1261/1261/788 1262/1262/789
f 1263/1263/790 1262/1262/789 1261/1261/788
f 1264/1264/791 1265/1265/792 1266/1266/793
f 1267/1267/794 1266/1266/793 1265/1265/792
f 1266/1266/793 1267/1267/794 1268/1268/795
f 1264/1264/791 1266/1266/793 1269/1269/796
f 1270/1270/797 1269/1269/796 1266/1266/793
f 1271/1271/798 1272/1272/799 1273/1273/800
f 1274/1274/801 1273/1273/800 1272/1272/799
f 1273/1273/800 1274/1274/801 1275/1275/802
f 1271/1271/798 1273/1273/800 1276/1276/803
f 1277/1277/804 1276/1276/803 1273/1273/800
f 1278/1278/522 1279/1279/522 1280/1280/523
f 1281/1281/524 1280/1280/523 1279/1279/522
f 1280/1280/523 1281/1281/524 1282/1282/805
f 1283/1283/806 1282/1282/805 1281/1281/524
f 1282/1282/805 1283/1283/806 1284/1284/807
f 1285/1285/807 1284/1284/807 1283/1283/806
f 1284/1284/807 1285/1285/807 1286/1286/808
f 1287/1287/808 1286/1286/808 1285/1285/807
f 1286/1286/808 1287/1287/808 1288/1288/809
f 1289/1289/809 1288/1288/809 1287/1287/808
f 1290/1290/435 1291/1291/435 1292/1292/435
f 1293/1293/435 1292/1292/435 1291/1291/435
f 1292/1292/435 1293/1293/435 1294/1294/435
f 1295/1295/435 1294/1294/435 1293/1293/435
f 1296/1296/522 1297/1297/522 1298/1298/523
f 1299/1299/524 1298/1298/523 1297/1297/522
f 1298/1298/523 1299/1299/524 1300/1300/805
f 1301/1301/806 1300/1300/805 1299/1299/524
f 1300/1300/805 1301/1301/806 1302/1302/807
f 1303/1303/807 1302/1302/807 1301/1301/806
f 1302/1302/807 1303/1303/807 1304/1304/808
f 1305/1305/808 1304/1304/808 1303/1303/807
f 1304/1304/808 1305/1305/808 1306/1306/809
f 1307/1307/809 1306/1306/809 1305/1305/808
f 1308/1308/435 1309/1309/435 1310/1310/435
f 1311/1311/435 1310/1310/435 1309/1309/435
f 1312/1312/435 1313/1313/435 1314/1314/435
f 1315/1315/435 1314/1314/435 1313/1313/435
f 1316/1316/810 1317/1317/811 1318/1318/812
f 1319/1319/813 1318/1318/812 1317/1317/811
f 1318/1318/812 1319/1319/813 1320/1320/814
f 1321/1321/815 1320/1320/814 1319/1319/813
f 1320/1320/814 1321/1321/815 1322/1322/816
f 1323/1323/817 1322/1322/816 1321/1321/815
f 1322/1322/816 1323/1323/817 1324/1324/818
f 1325/1325/819 1324/1324/818 1323/1323/817
f 1324/1324/818 1325/1325/819 1326/1326/820
f 1327/1327/821 1326/1326/820 1325/1325/819
f 1328/1328/822 1316/1316/810 1329/1329/823
f 1318/1318/812 1329/1329/823 1316/1316/810
f 1329/1329/823 1318/1318/812 1330/1330/824
f 1320/1320/814 1330/1330/824 1318/1318/812
f 1330/1330/824 1320/1320/814 1331/1331/825
f 1322/1322/816 1331/1331/825 1320/1320/814
f 1331/1331/825 1322/1322/816 1332/1332/826
f 1324/1324/818 1332/1332/826 1322/1322/816
f 1332/1332/826 1324/1324/818 1333/1333/827
f 1326/1326/820 1333/1333/827 1324/1324/818
f 1334/1334/828 1335/1335/829 1336/1336/830
f 1337/1337/831 1336/1336/830 1335/1335/829
f 1336/1336/830 1337/1337/831 1338/1338/832
f 1339/1339/833 1338/1338/832 1337/1337/831
f 1338/1338/832 1339/1339/833 1340/1340/834
f 1341/1341/835 1340/1340/834 1339/1339/833
f 1340/1340/834 1341/1341/835 1342/1342/836
f 1343/1343/837 1342/1342/836 1341/1341/835
f 1342/1342/836 1343/1343/837 1344/1344/838
f 1345/1345/839 1344/1344/838 1343/1343/837
f 1346/1346/827 1334/1334/828 1347/1347/840
f 1336/1336/830 1347/1347/840 1334/1334/828
f 1347/1347/840 1336/1336/830 1348/1348/841
f 1338/1338/832 1348/1348/841 1336/1336/830
f 1348/1348/841 1338/1338/832 1349/1349/842
f 1340/1340/834 1349/1349/842 1338/1338/832
f 1349/1349/842 1340/1340/834 1350/1350/843
f 1342/1342/836 1350/1350/843 1340/1340/834
f 1350/1350/843 1342/1342/836 1351/1351/822
f 1344/1344/838 1351/1351/822 1342/1342/836
f 1352/1352/844 1353/1353/845 1354/1354/846
f 1355/1355/847 1354/1354/846 1353/1353/845
f 1356/1356/848 1357/1357/849 1358/1358/850
f 1359/1359/851 1358/1358/850 1357/1357/849
f 1358/1358/850 1359/1359/851 1360/1360/852
f 1361/1361/853 1360/1360/852 1359/1359/851
f 1360/1360/852 1361/1361/853 1362/1362/854
f 1363/1363/855 1362/1362/854 1361/1361/853
f 1362/1362/854 1363/1363/855 1364/1364/856
f 1365/1365/857 1364/1364/856 1363/1363/855
f 1364/1364/856 1365/1365/857 1366/1366/858
f 1367/1367/859 1368/1368/860 1369/1369/861
f 1370/1370/862 1369/1369/861 1368/1368/860
f 1369/1369/861 1370/1370/862 1371/1371/863
f 1368/1368/860 1367/1367/859 1372/1372/864
f 1373/1373/865 1374/1374/866 1375/1375/867
f 1376/1376/868 1375/1375/867 1374/1374/866
f 1375/1375/867 1376/1376/868 1377/1377/869
f 1378/1378/870 1377/1377/869 1376/1376/868
f 1377/1377/869 1378/1378/870 1379/1379/871
f 1380/1380/872 1379/1379/871 1378/1378/870
f 1379/1379/871 1380/1380/872 1381/1381/873
f 1382/1382/874 1381/1381/873 1380/1380/872
f 1381/1381/873 1382/1382/874 1383/1383/875
f 1384/1384/876 1383/1383/875 1382/1382/874
f 1383/1383/875 1384/1384/876 1385/1385/877
f 1386/1386/878 1385/1385/877 1384/1384/876
f 1387/1387/879 1388/1388/880 1389/1389/881
f 1390/1390/882 1389/1389/881 1388/1388/880
f 1389/1389/881 1390/1390/882 1391/1391/883
f 1392/1392/884 1391/1391/883 1390/1390/882
f 1391/1391/883 1392/1392/884 1393/1393/885
f 1394/1394/886 1393/1393/885 1392/1392/884
f 1393/1393/885 1394/1394/886 1395/1395/887
f 1396/1396/888 1395/1395/887 1394/1394/886
f 1397/1397/889 1398/1398/890 1399/1399/891
f 1400/1400/892 1399/1399/891 1398/1398/890
f 1399/1399/891 1400/1400/892 1401/1401/893
f 1402/1402/894 1401/1401/893 1400/1400/892
f 1401/1401/893 1402/1402/894 1396/1396/888
f 1403/1403/895 1396/1396/888 1402/1402/894
f 1396/1396/888 1403/1403/895 1395/1395/887
f 1404/1404/896 1395/1395/887 1403/1403/895
f 1395/1395/887 1404/1404/896 1405/1405/897
f 1406/1406/898 1405/1405/897 1404/1404/896
f 1405/1405/897 1406/1406/898 1407/1407/899
f 1408/1408/900 1407/1407/899 1406/1406/898
f 1407/1407/899 1408/1408/900 1409/1409/901
f 1410/1410/902 1409/1409/901 1408/1408/900
f 1409/1409/901 1410/1410/902 1389/1389/881
f 1411/1411/903 1389/1389/881 1410/1410/902
f 1389/1389/881 1411/1411/903 1387/1387/879
f 1412/1412/904 1387/1387/879 1411/1411/903
f 1387/1387/879 1412/1412/904 1413/1413/905
f 1414/1414/906 1413/1413/905 1412/1412/904
f 1413/1413/905 1414/1414/906 1415/1415/907
f 1416/1416/908 1417/1417/909 1418/1418/910
f 1419/1419/911 1420/1420/912 1421/1421/913
f 1422/1422/914 1421/1421/913 1420/1420/912
f 1421/1421/913 1422/1422/914 1381/1381/873
f 1423/1423/915 1381/1381/873 1422/1422/914
f 1381/1381/873 1423/1423/915 1424/1424/916
f 1425/1425/917 1424/1424/916 1423/1423/915
f 1424/1424/916 1425/1425/917 1426/1426/918
f 1427/1427/919 1426/1426/918 1425/1425/917
f 1426/1426/918 1427/1427/919 1375/1375/867
f 1373/1373/865 1375/1375/867 1427/1427/919
f 1428/1428/920 1429/1429/921 1430/1430/922
f 1431/1431/923 1430/1430/922 1429/1429/921
f 1430/1430/922 1431/1431/923 1432/1432/924
f 1433/1433/925 1434/1434/926 1356/1356/848
f 1435/1435/927 1356/1356/848 1434/1434/926
f 1356/1356/848 1435/1435/927 1357/1357/849
f 1436/1436/928 1357/1357/849 1435/1435/927
f 1357/1357/849 1436/1436/928 1359/1359/851
f 1367/1367/859 1359/1359/851 1436/1436/928
f 1359/1359/851 1367/1367/859 1361/1361/853
f 1369/1369/861 1361/1361/853 1367/1367/859
f 1361/1361/853 1369/1369/861 1363/1363/855
f 1371/1371/863 1363/1363/855 1369/1369/861
f 1363/1363/855 1371/1371/863 1365/1365/857
f 1437/1437/929 1365/1365/857 1371/1371/863
f 1365/1365/857 1437/1437/929 1366/1366/858
f 1438/1438/930 1366/1366/858 1437/1437/929
f 1366/1366/858 1438/1438/930 1439/1439/931
f 1440/1440/932 1439/1439/931 1438/1438/930
f 1439/1439/931 1440/1440/932 1441/1441/933
f 1442/1442/934 1441/1441/933 1440/1440/932
f 1441/1441/933 1442/1442/934 1443/1443/935
f 1444/1444/936 1443/1443/935 1442/1442/934
f 1443/1443/935 1444/1444/936 1445/1445/937
f 1446/1446/938 1445/1445/937 1444/1444/936
f 1445/1445/937 1446/1446/938 1447/1447/939
f 1448/1448/940 1447/1447/939 1446/1446/938
f 1447/1447/939 1448/1448/940 1449/1449/941
f 1450/1450/942 1449/1449/941 1448/1448/940
f 1449/1449/941 1450/1450/942 1451/1451/943
f 1452/1452/944 1451/1451/943 1450/1450/942
f 1453/1453/945 1454/1454/946 1455/1455/947
f 1456/1456/948 1455/1455/947 1454/1454/946
f 1455/1455/947 1456/1456/948 1457/1457/949
f 1458/1458/950 1457/1457/949 1456/1456/948
f 1457/1457/949 1458/1458/950 1459/1459/951
f 1460/1460/952 1459/1459/951 1458/1458/950
f 1459/1459/951 1460/1460/952 1461/1461/953
f 1462/1462/954 1461/1461/953 1460/1460/952
f 1461/1461/953 1462/1462/954 1463/1463/955
f 1464/1464/956 1463/1463/955 1462/1462/954
f 1463/1463/955 1464/1464/956 1465/1465/957
f 1466/1466/958 1467/1467/959 1468/1468/960
f 1469/1469/961 1468/1468/960 1467/1467/959
f 1468/1468/960 1469/1469/961 1470/1470/962
f 1471/1471/963 1470/1470/962 1469/1469/961
f 1470/1470/962 1471/1471/963 1472/1472/964
f 1473/1473/965 1472/1472/964 1471/1471/963
f 1472/1472/964 1473/1473/965 1474/1474/966
f 1475/1475/967 1474/1474/966 1473/1473/965
f 1467/1467/959 1476/1476/968 1469/1469/961
f 1477/1477/969 1469/1469/961 1476/1476/968
f 1469/1469/961 1477/1477/969 1471/1471/963
f 1412/1412/904 1478/1478/970 1479/1479/971
f 1480/1480/972 1479/1479/971 1478/1478/970
f 1479/1479/971 1480/1480/972 1481/1481/973
f 1397/1397/889 1399/1399/891 1482/1482/974
f 1483/1483/975 1482/1482/974 1399/1399/891
f 1482/1482/974 1483/1483/975 1484/1484/976
f 1485/1485/977 1484/1484/976 1483/1483/975
f 1484/1484/976 1485/1485/977 1486/1486/978
f 1487/1487/979 1486/1486/978 1485/1485/977
f 1486/1486/978 1487/1487/979 1488/1488/980
f 1489/1489/981 1488/1488/980 1487/1487/979
f 1488/1488/980 1489/1489/981 1490/1490/982
f 1491/1491/983 1490/1490/982 1489/1489/981
f 1490/1490/982 1491/1491/983 1431/1431/923
f 1492/1492/984 1431/1431/923 1491/1491/983
f 1431/1431/923 1492/1492/984 1432/1432/924
f 1493/1493/985 1432/1432/924 1492/1492/984
f 1494/1494/986 1495/1495/987 1496/1496/988
f 1497/1497/989 1496/1496/988 1495/1495/987
f 1496/1496/988 1497/1497/989 1498/1498/990
f 1499/1499/991 1498/1498/990 1497/1497/989
f 1498/1498/990 1499/1499/991 1500/1500/992
f 1492/1492/984 1500/1500/992 1499/1499/991
f 1500/1500/992 1492/1492/984 1501/1501/993
f 1491/1491/983 1501/1501/993 1492/1492/984
f 1501/1501/993 1491/1491/983 1502/1502/994
f 1489/1489/981 1502/1502/994 1491/1491/983
f 1502/1502/994 1489/1489/981 1503/1503/995
f 1504/1504/996 1503/1503/995 1489/1489/981
f 1503/1503/995 1504/1504/996 1505/1505/997
f 1506/1506/998 1505/1505/997 1504/1504/996
f 1505/1505/997 1506/1506/998 1507/1507/999
f 1508/1508/1000 1507/1507/999 1506/1506/998
f 1507/1507/999 1508/1508/1000 1509/1509/1001
f 1413/1413/905 1509/1509/1001 1508/1508/1000
f 1509/1509/1001 1413/1413/905 1415/1415/907
f 1493/1493/985 1499/1499/991 1510/1510/1002
f 1497/1497/989 1510/1510/1002 1499/1499/991
f 1510/1510/1002 1497/1497/989 1495/1495/987
f 1429/1429/921 1490/1490/982 1431/1431/923
f 1374/1374/866 1511/1511/1003 1376/1376/868
f 1512/1512/1004 1376/1376/868 1511/1511/1003
f 1376/1376/868 1512/1512/1004 1378/1378/870
f 1513/1513/1005 1378/1378/870 1512/1512/1004
f 1378/1378/870 1513/1513/1005 1380/1380/872
f 1514/1514/1006 1380/1380/872 1513/1513/1005
f 1380/1380/872 1514/1514/1006 1382/1382/874
f 1515/1515/1007 1382/1382/874 1514/1514/1006
f 1382/1382/874 1515/1515/1007 1384/1384/876
f 1516/1516/1008 1384/1384/876 1515/1515/1007
f 1384/1384/876 1516/1516/1008 1386/1386/878
f 1379/1379/871 1381/1381/873 1424/1424/916
f 1420/1420/912 1517/1517/1009 1422/1422/914
f 1518/1518/1010 1422/1422/914 1517/1517/1009
f 1422/1422/914 1518/1518/1010 1423/1423/915
f 1425/1425/917 1423/1423/915 1518/1518/1010
f 1371/1371/863 1370/1370/862 1437/1437/929
f 1519/1519/1011 1437/1437/929 1370/1370/862
f 1437/1437/929 1519/1519/1011 1438/1438/930
f 1520/1520/1012 1438/1438/930 1519/1519/1011
f 1438/1438/930 1520/1520/1012 1440/1440/932
f 1521/1521/1013 1440/1440/932 1520/1520/1012
f 1440/1440/932 1521/1521/1013 1442/1442/934
f 1522/1522/1014 1442/1442/934 1521/1521/1013
f 1442/1442/934 1522/1522/1014 1523/1523/1015
f 1524/1524/1016 1523/1523/1015 1522/1522/1014
f 1523/1523/1015 1524/1524/1016 1418/1418/910
f 1525/1525/1017 1526/1526/1018 1527/1527/1019
f 1358/1358/850 1527/1527/1019 1526/1526/1018
f 1527/1527/1019 1358/1358/850 1528/1528/1020
f 1360/1360/852 1528/1528/1020 1358/1358/850
f 1528/1528/1020 1360/1360/852 1529/1529/1021
f 1362/1362/854 1529/1529/1021 1360/1360/852
f 1529/1529/1021 1362/1362/854 1530/1530/1022
f 1364/1364/856 1530/1530/1022 1362/1362/854
f 1530/1530/1022 1364/1364/856 1531/1531/1023
f 1366/1366/858 1531/1531/1023 1364/1364/856
f 1531/1531/1023 1366/1366/858 1532/1532/1024
f 1533/1533/1025 1532/1532/1024 1366/1366/858
f 1532/1532/1024 1533/1533/1025 1534/1534/1026
f 1535/1535/1027 1534/1534/1026 1533/1533/1025
f 1534/1534/1026 1535/1535/1027 1536/1536/1028
f 1537/1537/1029 1536/1536/1028 1535/1535/1027
f 1536/1536/1028 1537/1537/1029 1538/1538/1030
f 1539/1539/1031 1538/1538/1030 1537/1537/1029
f 1538/1538/1030 1539/1539/1031 1540/1540/1032
f 1541/1541/1033 1540/1540/1032 1539/1539/1031
f 1540/1540/1032 1541/1541/1033 1542/1542/1034
f 1543/1543/1035 1542/1542/1034 1541/1541/1033
f 1542/1542/1034 1543/1543/1035 1544/1544/1036
f 1545/1545/1037 1544/1544/1036 1543/1543/1035
f 1544/1544/1036 1545/1545/1037 1546/1546/1038
f 1547/1547/1039 1546/1546/1038 1545/1545/1037
f 1546/1546/1038 1547/1547/1039 1548/1548/1040
f 1525/1525/1017 1433/1433/925 1526/1526/1018
f 1356/1356/848 1526/1526/1018 1433/1433/925
f 1526/1526/1018 1356/1356/848 1358/1358/850
f 1470/1470/962 1472/1472/964 1549/1549/1041
f 1474/1474/966 1549/1549/1041 1472/1472/964
f 1549/1549/1041 1474/1474/966 1550/1550/1042
f 1551/1551/1043 1552/1552/1044 1416/1416/908
f 1553/1553/1045 1416/1416/908 1552/1552/1044
f 1416/1416/908 1553/1553/1045 1417/1417/909
f 1554/1554/1046 1417/1417/909 1553/1553/1045
f 1417/1417/909 1554/1554/1046 1444/1444/936
f 1555/1555/1047 1444/1444/936 1554/1554/1046
f 1444/1444/936 1555/1555/1047 1556/1556/1048
f 1557/1557/1049 1556/1556/1048 1555/1555/1047
f 1556/1556/1048 1557/1557/1049 1558/1558/1050
f 1559/1559/1051 1558/1558/1050 1557/1557/1049
f 1558/1558/1050 1559/1559/1051 1446/1446/938
f 1560/1560/1052 1446/1446/938 1559/1559/1051
f 1446/1446/938 1560/1560/1052 1448/1448/940
f 1561/1561/1053 1448/1448/940 1560/1560/1052
f 1448/1448/940 1561/1561/1053 1450/1450/942
f 1562/1562/1054 1450/1450/942 1561/1561/1053
f 1450/1450/942 1562/1562/1054 1452/1452/944
f 1563/1563/1055 1452/1452/944 1562/1562/1054
f 1481/1481/973 1564/1564/1056 1479/1479/971
f 1565/1565/1057 1479/1479/971 1564/1564/1056
f 1479/1479/971 1565/1565/1057 1414/1414/906
f 1566/1566/1058 1414/1414/906 1565/1565/1057
f 1414/1414/906 1566/1566/1058 1415/1415/907
f 1567/1567/1059 1415/1415/907 1566/1566/1058
f 1415/1415/907 1567/1567/1059 1386/1386/878
f 1568/1568/1060 1386/1386/878 1567/1567/1059
f 1386/1386/878 1568/1568/1060 1385/1385/877
f 1569/1569/1061 1385/1385/877 1568/1568/1060
f 1385/1385/877 1569/1569/1061 1419/1419/911
f 1570/1570/1062 1419/1419/911 1569/1569/1061
f 1419/1419/911 1570/1570/1062 1420/1420/912
f 1571/1571/1063 1420/1420/912 1570/1570/1062
f 1420/1420/912 1571/1571/1063 1517/1517/1009
f 1572/1572/1064 1517/1517/1009 1571/1571/1063
f 1517/1517/1009 1572/1572/1064 1518/1518/1010
f 1573/1573/1065 1518/1518/1010 1572/1572/1064
f 1518/1518/1010 1573/1573/1065 1425/1425/917
f 1574/1574/1066 1425/1425/917 1573/1573/1065
f 1425/1425/917 1574/1574/1066 1427/1427/919
f 1575/1575/1067 1427/1427/919 1574/1574/1066
f 1427/1427/919 1575/1575/1067 1373/1373/865
f 1576/1576/1068 1373/1373/865 1575/1575/1067
f 1373/1373/865 1576/1576/1068 1374/1374/866
f 1494/1494/986 1374/1374/866 1576/1576/1068
f 1374/1374/866 1494/1494/986 1511/1511/1003
f 1496/1496/988 1511/1511/1003 1494/1494/986
f 1511/1511/1003 1496/1496/988 1512/1512/1004
f 1498/1498/990 1512/1512/1004 1496/1496/988
f 1512/1512/1004 1498/1498/990 1513/1513/1005
f 1500/1500/992 1513/1513/1005 1498/1498/990
f 1513/1513/1005 1500/1500/992 1577/1577/1069
f 1502/1502/994 1577/1577/1069 1500/1500/992
f 1577/1577/1069 1502/1502/994 1578/1578/1070
f 1503/1503/995 1578/1578/1070 1502/1502/994
f 1578/1578/1070 1503/1503/995 1579/1579/1071
f 1505/1505/997 1579/1579/1071 1503/1503/995
f 1579/1579/1071 1505/1505/997 1516/1516/1008
f 1509/1509/1001 1516/1516/1008 1505/1505/997
f 1516/1516/1008 1509/1509/1001 1386/1386/878
f 1415/1415/907 1386/1386/878 1509/1509/1001
f 1468/1468/960 1470/1470/962 1580/1580/1072
f 1549/1549/1041 1580/1580/1072 1470/1470/962
f 1580/1580/1072 1549/1549/1041 1581/1581/1073
f 1550/1550/1042 1581/1581/1073 1549/1549/1041
f 1581/1581/1073 1550/1550/1042 1582/1582/1074
f 1493/1493/985 1492/1492/984 1499/1499/991
f 1583/1583/1075 1584/1584/1076 1585/1585/1077
f 1586/1586/1078 1585/1585/1077 1584/1584/1076
f 1585/1585/1077 1586/1586/1078 1587/1587/1079
f 1445/1445/937 1587/1587/1079 1586/1586/1078
f 1583/1583/1075 1543/1543/1035 1584/1584/1076
f 1541/1541/1033 1584/1584/1076 1543/1543/1035
f 1584/1584/1076 1541/1541/1033 1586/1586/1078
f 1539/1539/1031 1586/1586/1078 1541/1541/1033
f 1586/1586/1078 1539/1539/1031 1445/1445/937
f 1537/1537/1029 1445/1445/937 1539/1539/1031
f 1445/1445/937 1537/1537/1029 1588/1588/1080
f 1535/1535/1027 1588/1588/1080 1537/1537/1029
f 1588/1588/1080 1535/1535/1027 1533/1533/1025
f 1536/1536/1028 1589/1589/1081 1590/1590/1082
f 1591/1591/1083 1590/1590/1082 1589/1589/1081
f 1590/1590/1082 1591/1591/1083 1592/1592/1084
f 1593/1593/1085 1592/1592/1084 1591/1591/1083
f 1592/1592/1084 1593/1593/1085 1594/1594/1086
f 1595/1595/1087 1594/1594/1086 1593/1593/1085
f 1594/1594/1086 1595/1595/1087 1596/1596/1088
f 1597/1597/1089 1596/1596/1088 1595/1595/1087
f 1596/1596/1088 1597/1597/1089 1598/1598/1090
f 1599/1599/1091 1598/1598/1090 1597/1597/1089
f 1598/1598/1090 1599/1599/1091 1528/1528/1020
f 1600/1600/1092 1528/1528/1020 1599/1599/1091
f 1528/1528/1020 1600/1600/1092 1527/1527/1019
f 1475/1475/967 1473/1473/965 1601/1601/1093
f 1602/1602/1094 1601/1601/1093 1473/1473/965
f 1601/1601/1093 1602/1602/1094 1603/1603/1095
f 1604/1604/1096 1603/1603/1095 1602/1602/1094
f 1603/1603/1095 1604/1604/1096 1605/1605/1097
f 1606/1606/1098 1605/1605/1097 1604/1604/1096
f 1605/1605/1097 1606/1606/1098 1607/1607/1099
f 1608/1608/1100 1607/1607/1099 1606/1606/1098
f 1607/1607/1099 1608/1608/1100 1609/1609/1101
f 1610/1610/1102 1609/1609/1101 1608/1608/1100
f 1609/1609/1101 1610/1610/1102 1611/1611/1103
f 1612/1612/1104 1611/1611/1103 1610/1610/1102
f 1611/1611/1103 1612/1612/1104 1613/1613/1105
f 1614/1614/1106 1613/1613/1105 1612/1612/1104
f 1613/1613/1105 1614/1614/1106 1615/1615/1107
f 1500/1500/992 1501/1501/993 1502/1502/994
f 1418/1418/910 1417/1417/909 1523/1523/1015
f 1444/1444/936 1523/1523/1015 1417/1417/909
f 1523/1523/1015 1444/1444/936 1442/1442/934
f 1542/1542/1034 1544/1544/1036 1616/1616/1108
f 1546/1546/1038 1616/1616/1108 1544/1544/1036
f 1616/1616/1108 1546/1546/1038 1617/1617/1109
f 1548/1548/1040 1617/1617/1109 1546/1546/1038
f 1617/1617/1109 1548/1548/1040 1618/1618/1110
f 1619/1619/1111 1618/1618/1110 1548/1548/1040
f 1583/1583/1075 1545/1545/1037 1543/1543/1035
f 1538/1538/1030 1540/1540/1032 1589/1589/1081
f 1620/1620/1112 1589/1589/1081 1540/1540/1032
f 1589/1589/1081 1620/1620/1112 1591/1591/1083
f 1621/1621/1113 1591/1591/1083 1620/1620/1112
f 1591/1591/1083 1621/1621/1113 1593/1593/1085
f 1622/1622/1114 1593/1593/1085 1621/1621/1113
f 1593/1593/1085 1622/1622/1114 1595/1595/1087
f 1618/1618/1110 1595/1595/1087 1622/1622/1114
f 1595/1595/1087 1618/1618/1110 1597/1597/1089
f 1619/1619/1111 1597/1597/1089 1618/1618/1110
f 1597/1597/1089 1619/1619/1111 1599/1599/1091
f 1600/1600/1092 1599/1599/1091 1619/1619/1111
f 1618/1618/1110 1622/1622/1114 1617/1617/1109
f 1621/1621/1113 1617/1617/1109 1622/1622/1114
f 1617/1617/1109 1621/1621/1113 1616/1616/1108
f 1620/1620/1112 1616/1616/1108 1621/1621/1113
f 1616/1616/1108 1620/1620/1112 1542/1542/1034
f 1540/1540/1032 1542/1542/1034 1620/1620/1112
f 1538/1538/1030 1589/1589/1081 1536/1536/1028
f 1536/1536/1028 1590/1590/1082 1534/1534/1026
f 1592/1592/1084 1534/1534/1026 1590/1590/1082
f 1534/1534/1026 1592/1592/1084 1623/1623/1115
f 1594/1594/1086 1623/1623/1115 1592/1592/1084
f 1623/1623/1115 1594/1594/1086 1596/1596/1088
f 1447/1447/939 1449/1449/941 1445/1445/937
f 1451/1451/943 1445/1445/937 1449/1449/941
f 1562/1562/1054 1561/1561/1053 1624/1624/1116
f 1625/1625/1117 1624/1624/1116 1561/1561/1053
f 1624/1624/1116 1625/1625/1117 1626/1626/1118
f 1548/1548/1040 1626/1626/1118 1625/1625/1117
f 1626/1626/1118 1548/1548/1040 1627/1627/1119
f 1628/1628/1120 1627/1627/1119 1548/1548/1040
f 1627/1627/1119 1628/1628/1120 1629/1629/1121
f 1630/1630/1122 1629/1629/1121 1628/1628/1120
f 1629/1629/1121 1630/1630/1122 1562/1562/1054
f 1563/1563/1055 1562/1562/1054 1630/1630/1122
f 1626/1626/1118 1627/1627/1119 1624/1624/1116
f 1629/1629/1121 1624/1624/1116 1627/1627/1119
f 1624/1624/1116 1629/1629/1121 1562/1562/1054
f 1479/1479/971 1414/1414/906 1412/1412/904
f 1553/1553/1045 1631/1631/1123 1554/1554/1046
f 1632/1632/1124 1554/1554/1046 1631/1631/1123
f 1554/1554/1046 1632/1632/1124 1555/1555/1047
f 1633/1633/1125 1555/1555/1047 1632/1632/1124
f 1555/1555/1047 1633/1633/1125 1634/1634/1126
f 1635/1635/1127 1634/1634/1126 1633/1633/1125
f 1634/1634/1126 1635/1635/1127 1636/1636/1128
f 1637/1637/1129 1636/1636/1128 1635/1635/1127
f 1636/1636/1128 1637/1637/1129 1638/1638/1130
f 1639/1639/1131 1638/1638/1130 1637/1637/1129
f 1638/1638/1130 1639/1639/1131 1640/1640/1132
f 1631/1631/1123 1553/1553/1045 1552/1552/1044
f 1385/1385/877 1419/1419/911 1383/1383/875
f 1421/1421/913 1383/1383/875 1419/1419/911
f 1383/1383/875 1421/1421/913 1381/1381/873
f 1641/1641/1133 1607/1607/1099 1642/1642/1134
f 1609/1609/1101 1642/1642/1134 1607/1607/1099
f 1532/1532/1024 1534/1534/1026 1531/1531/1023
f 1623/1623/1115 1531/1531/1023 1534/1534/1026
f 1531/1531/1023 1623/1623/1115 1530/1530/1022
f 1596/1596/1088 1530/1530/1022 1623/1623/1115
f 1530/1530/1022 1596/1596/1088 1529/1529/1021
f 1598/1598/1090 1529/1529/1021 1596/1596/1088
f 1529/1529/1021 1598/1598/1090 1528/1528/1020
f 1395/1395/887 1405/1405/897 1393/1393/885
f 1407/1407/899 1393/1393/885 1405/1405/897
f 1393/1393/885 1407/1407/899 1391/1391/883
f 1409/1409/901 1391/1391/883 1407/1407/899
f 1391/1391/883 1409/1409/901 1389/1389/881
f 1387/1387/879 1413/1413/905 1388/1388/880
f 1508/1508/1000 1388/1388/880 1413/1413/905
f 1388/1388/880 1508/1508/1000 1390/1390/882
f 1643/1643/1135 1390/1390/882 1508/1508/1000
f 1390/1390/882 1643/1643/1135 1392/1392/884
f 1644/1644/1136 1392/1392/884 1643/1643/1135
f 1392/1392/884 1644/1644/1136 1645/1645/1137
f 1646/1646/1138 1645/1645/1137 1644/1644/1136
f 1645/1645/1137 1646/1646/1138 1401/1401/893
f 1647/1647/1139 1401/1401/893 1646/1646/1138
f 1401/1401/893 1647/1647/1139 1483/1483/975
f 1648/1648/1140 1483/1483/975 1647/1647/1139
f 1483/1483/975 1648/1648/1140 1485/1485/977
f 1649/1649/1141 1485/1485/977 1648/1648/1140
f 1485/1485/977 1649/1649/1141 1487/1487/979
f 1504/1504/996 1487/1487/979 1649/1649/1141
f 1487/1487/979 1504/1504/996 1489/1489/981
f 1445/1445/937 1588/1588/1080 1443/1443/935
f 1650/1650/1142 1651/1651/1142 1652/1652/1143
f 1653/1653/1144 1652/1652/1143 1651/1651/1142
f 1652/1652/1143 1653/1653/1144 1654/1654/42
f 1655/1655/42 1654/1654/42 1653/1653/1144
f 1654/1654/42 1655/1655/42 1656/1656/42
f 1657/1657/42 1656/1656/42 1655/1655/42
f 1656/1656/42 1657/1657/42 1658/1658/42
f 1659/1659/42 1658/1658/42 1657/1657/42
f 1658/1658/42 1659/1659/42 1660/1660/42
f 1661/1661/1145 1660/1660/42 1659/1659/42
f 1660/1660/42 1661/1661/1145 1662/1662/1146
f 1663/1663/1147 1662/1662/1146 1661/1661/1145
f 1662/1662/1146 1663/1663/1147 1664/1664/1148
f 1665/1665/1149 1664/1664/1148 1663/1663/1147
f 1664/1664/1148 1665/1665/1149 1666/1666/1150
f 1667/1667/1151 1666/1666/1150 1665/1665/1149
f 1666/1666/1150 1667/1667/1151 1668/1668/1152
f 1669/1669/1153 1668/1668/1152 1667/1667/1151
f 1668/1668/1152 1669/1669/1153 1670/1670/1154
f 1671/1671/1155 1670/1670/1154 1669/1669/1153
f 1670/1670/1154 1671/1671/1155 1672/1672/1156
f 1673/1673/1157 1672/1672/1156 1671/1671/1155
f 1672/1672/1156 1673/1673/1157 1674/1674/1158
f 1675/1675/1159 1674/1674/1158 1673/1673/1157
f 1674/1674/1158 1675/1675/1159 1676/1676/413
f 1677/1677/413 1676/1676/413 1675/1675/1159
f 1676/1676/413 1677/1677/413 1678/1678/413
f 1679/1679/413 1678/1678/413 1677/1677/413
f 1678/1678/413 1679/1679/413 1680/1680/413
f 1681/1681/413 1680/1680/413 1679/1679/413
f 1680/1680/413 1681/1681/413 1682/1682/413
f 1683/1683/413 1682/1682/413 1681/1681/413
f 1682/1682/413 1683/1683/413 1684/1684/1160
f 1685/1685/1161 1684/1684/1160 1683/1683/413
f 1684/1684/1160 1685/1685/1161 1686/1686/1162
f 1687/1687/1162 1686/1686/1162 1685/1685/1161
f 1366/1366/858 1439/1439/931 1533/1533/1025
f 1533/1533/1025 1439/1439/931 1588/1588/1080
f 1441/1441/933 1588/1588/1080 1439/1439/931
f 1588/1588/1080 1441/1441/933 1443/1443/935
f 1435/1435/927 1688/1688/1163 1436/1436/928
f 1689/1689/1164 1436/1436/928 1688/1688/1163
f 1436/1436/928 1689/1689/1164 1367/1367/859
f 1686/1686/1162 1690/1690/1162 1684/1684/1160
f 1691/1691/1165 1684/1684/1160 1690/1690/1162
f 1684/1684/1160 1691/1691/1165 1682/1682/413
f 1692/1692/413 1682/1682/413 1691/1691/1165
f 1682/1682/413 1692/1692/413 1680/1680/413
f 1693/1693/413 1680/1680/413 1692/1692/413
f 1680/1680/413 1693/1693/413 1678/1678/413
f 1694/1694/413 1678/1678/413 1693/1693/413
f 1678/1678/413 1694/1694/413 1676/1676/413
f 1695/1695/413 1676/1676/413 1694/1694/413
f 1676/1676/413 1695/1695/413 1674/1674/1158
f 1465/1465/957 1674/1674/1158 1695/1695/413
f 1674/1674/1158 1465/1465/957 1672/1672/1156
f 1464/1464/956 1672/1672/1156 1465/1465/957
f 1672/1672/1156 1464/1464/956 1670/1670/1154
f 1462/1462/954 1670/1670/1154 1464/1464/956
f 1670/1670/1154 1462/1462/954 1668/1668/1152
f 1460/1460/952 1668/1668/1152 1462/1462/954
f 1668/1668/1152 1460/1460/952 1666/1666/1150
f 1458/1458/950 1666/1666/1150 1460/1460/952
f 1666/1666/1150 1458/1458/950 1664/1664/1148
f 1456/1456/948 1664/1664/1148 1458/1458/950
f 1664/1664/1148 1456/1456/948 1662/1662/1146
f 1454/1454/946 1662/1662/1146 1456/1456/948
f 1662/1662/1146 1454/1454/946 1660/1660/42
f 1453/1453/945 1660/1660/42 1454/1454/946
f 1660/1660/42 1453/1453/945 1658/1658/42
f 1696/1696/42 1658/1658/42 1453/1453/945
f 1658/1658/42 1696/1696/42 1656/1656/42
f 1697/1697/42 1656/1656/42 1696/1696/42
f 1656/1656/42 1697/1697/42 1654/1654/42
f 1698/1698/42 1654/1654/42 1697/1697/42
f 1654/1654/42 1698/1698/42 1652/1652/1143
f 1699/1699/1166 1652/1652/1143 1698/1698/42
f 1652/1652/1143 1699/1699/1166 1650/1650/1142
f 1700/1700/1142 1650/1650/1142 1699/1699/1166
f 1605/1605/1097 1607/1607/1099 1701/1701/1167
f 1404/1404/896 1403/1403/895 1702/1702/1168
f 1402/1402/894 1702/1702/1168 1403/1403/895
f 1702/1702/1168 1402/1402/894 1703/1703/1169
f 1400/1400/892 1703/1703/1169 1402/1402/894
f 1703/1703/1169 1400/1400/892 1398/1398/890
f 1401/1401/893 1396/1396/888 1645/1645/1137
f 1394/1394/886 1645/1645/1137 1396/1396/888
f 1645/1645/1137 1394/1394/886 1392/1392/884
f 1513/1513/1005 1577/1577/1069 1514/1514/1006
f 1578/1578/1070 1514/1514/1006 1577/1577/1069
f 1514/1514/1006 1578/1578/1070 1515/1515/1007
f 1579/1579/1071 1515/1515/1007 1578/1578/1070
f 1515/1515/1007 1579/1579/1071 1516/1516/1008
f 1379/1379/871 1424/1424/916 1377/1377/869
f 1426/1426/918 1377/1377/869 1424/1424/916
f 1377/1377/869 1426/1426/918 1375/1375/867
f 1671/1671/1155 1669/1669/1153 1704/1704/1170
f 1667/1667/1151 1704/1704/1170 1669/1669/1153
f 1704/1704/1170 1667/1667/1151 1705/1705/1171
f 1706/1706/1172 1705/1705/1171 1667/1667/1151
f 1704/1704/1170 1707/1707/1173 1671/1671/1155
f 1708/1708/1174 1671/1671/1155 1707/1707/1173
f 1671/1671/1155 1708/1708/1174 1673/1673/1157
f 1675/1675/1159 1673/1673/1157 1708/1708/1174
f 1667/1667/1151 1665/1665/1149 1706/1706/1172
f 1663/1663/1147 1706/1706/1172 1665/1665/1149
f 1706/1706/1172 1663/1663/1147 1661/1661/1145
f 1709/1709/1175 1710/1710/1176 1353/1353/845
f 1711/1711/1177 1353/1353/845 1710/1710/1176
f 1353/1353/845 1711/1711/1177 1355/1355/847
f 1712/1712/1178 1355/1355/847 1711/1711/1177
f 1355/1355/847 1712/1712/1178 1354/1354/846
f 1713/1713/1179 1354/1354/846 1712/1712/1178
f 1354/1354/846 1713/1713/1179 1352/1352/844
f 1714/1714/1180 1352/1352/844 1713/1713/1179
f 1352/1352/844 1714/1714/1180 1642/1642/1134
f 1715/1715/1181 1642/1642/1134 1714/1714/1180
f 1642/1642/1134 1715/1715/1181 1641/1641/1133
f 1473/1473/965 1716/1716/1182 1602/1602/1094
f 1610/1610/1102 1602/1602/1094 1716/1716/1182
f 1602/1602/1094 1610/1610/1102 1604/1604/1096
f 1608/1608/1100 1604/1604/1096 1610/1610/1102
f 1604/1604/1096 1608/1608/1100 1606/1606/1098
f 1631/1631/1123 1717/1717/1183 1632/1632/1124
f 1718/1718/1184 1632/1632/1124 1717/1717/1183
f 1632/1632/1124 1718/1718/1184 1719/1719/1185
f 1709/1709/1175 1719/1719/1185 1718/1718/1184
f 1719/1719/1185 1709/1709/1175 1720/1720/1186
f 1353/1353/845 1720/1720/1186 1709/1709/1175
f 1720/1720/1186 1353/1353/845 1721/1721/1187
f 1352/1352/844 1721/1721/1187 1353/1353/845
f 1721/1721/1187 1352/1352/844 1639/1639/1131
f 1642/1642/1134 1639/1639/1131 1352/1352/844
f 1639/1639/1131 1642/1642/1134 1640/1640/1132
f 1609/1609/1101 1640/1640/1132 1642/1642/1134
f 1640/1640/1132 1609/1609/1101 1638/1638/1130
f 1611/1611/1103 1638/1638/1130 1609/1609/1101
f 1638/1638/1130 1611/1611/1103 1636/1636/1128
f 1613/1613/1105 1636/1636/1128 1611/1611/1103
f 1636/1636/1128 1613/1613/1105 1634/1634/1126
f 1615/1615/1107 1634/1634/1126 1613/1613/1105
f 1634/1634/1126 1615/1615/1107 1557/1557/1049
f 1614/1614/1106 1557/1557/1049 1615/1615/1107
f 1557/1557/1049 1614/1614/1106 1559/1559/1051
f 1716/1716/1182 1559/1559/1051 1614/1614/1106
f 1559/1559/1051 1716/1716/1182 1722/1722/1188
f 1473/1473/965 1722/1722/1188 1716/1716/1182
f 1722/1722/1188 1473/1473/965 1625/1625/1117
f 1471/1471/963 1625/1625/1117 1473/1473/965
f 1625/1625/1117 1471/1471/963 1548/1548/1040
f 1477/1477/969 1548/1548/1040 1471/1471/963
f 1548/1548/1040 1477/1477/969 1619/1619/1111
f 1476/1476/968 1619/1619/1111 1477/1477/969
f 1619/1619/1111 1476/1476/968 1600/1600/1092
f 1467/1467/959 1600/1600/1092 1476/1476/968
f 1600/1600/1092 1467/1467/959 1527/1527/1019
f 1466/1466/958 1527/1527/1019 1467/1467/959
f 1527/1527/1019 1466/1466/958 1525/1525/1017
f 1446/1446/938 1444/1444/936 1558/1558/1050
f 1556/1556/1048 1558/1558/1050 1444/1444/936
f 1559/1559/1051 1722/1722/1188 1560/1560/1052
f 1625/1625/1117 1560/1560/1052 1722/1722/1188
f 1560/1560/1052 1625/1625/1117 1561/1561/1053
f 1614/1614/1106 1612/1612/1104 1716/1716/1182
f 1610/1610/1102 1716/1716/1182 1612/1612/1104
f 1639/1639/1131 1637/1637/1129 1721/1721/1187
f 1720/1720/1186 1721/1721/1187 1637/1637/1129
f 1637/1637/1129 1635/1635/1127 1720/1720/1186
f 1633/1633/1125 1720/1720/1186 1635/1635/1127
f 1720/1720/1186 1633/1633/1125 1719/1719/1185
f 1632/1632/1124 1719/1719/1185 1633/1633/1125
f 1634/1634/1126 1557/1557/1049 1555/1555/1047
f 1401/1401/893 1483/1483/975 1399/1399/891
f 1648/1648/1140 1647/1647/1139 1649/1649/1141
f 1723/1723/1189 1649/1649/1141 1647/1647/1139
f 1649/1649/1141 1723/1723/1189 1504/1504/996
f 1506/1506/998 1504/1504/996 1723/1723/1189
f 1505/1505/997 1507/1507/999 1509/1509/1001
f 1647/1647/1139 1646/1646/1138 1723/1723/1189
f 1644/1644/1136 1723/1723/1189 1646/1646/1138
f 1723/1723/1189 1644/1644/1136 1506/1506/998
f 1643/1643/1135 1506/1506/998 1644/1644/1136
f 1506/1506/998 1643/1643/1135 1508/1508/1000
f 1412/1412/904 1411/1411/903 1478/1478/970
f 1724/1724/1190 1725/1725/1191 1726/1726/1192
f 1727/1727/1193 1726/1726/1192 1725/1725/1191
f 1728/1728/1194 1729/1729/1195 1730/1730/1195
f 1731/1731/1196 1730/1730/1195 1729/1729/1195
f 1732/1732/1197 1733/1733/1198 1734/1734/1199
f 1735/1735/1200 1734/1734/1199 1733/1733/1198
f 1736/1736/1201 1737/1737/1202 1738/1738/1202
f 1739/1739/1203 1738/1738/1202 1737/1737/1202
f 1740/1740/1204 1741/1741/1205 1742/1742/1206
f 1743/1743/1207 1742/1742/1206 1741/1741/1205
f 1744/1744/1208 1745/1745/1209 1746/1746/1210
f 1747/1747/1211 1746/1746/1210 1745/1745/1209
f 1748/1748/1212 1749/1749/1213 1750/1750/1214
f 1741/1741/1215 1750/1750/1214 1749/1749/1213
f 1751/1751/1216 1752/1752/1217 1753/1753/1218
f 1754/1754/1219 1753/1753/1218 1752/1752/1217
f 1755/1755/1220 1756/1756/1221 1757/1757/1222
f 1758/1758/1223 1757/1757/1222 1756/1756/1221
f 1759/1759/1224 1760/1760/1225 1728/1728/1226
f 1761/1761/1227 1728/1728/1226 1760/1760/1225
usemtl ChewieEyes
f 1762/1762/1228 1763/1763/1228 1764/1764/1228
f 1765/1765/1228 1764/1764/1228 1763/1763/1228
f 1766/1766/1229 1767/1767/1229 1768/1768/1229
f 1769/1769/1229 1768/1768/1229 1767/1767/1229
