# Blender v2.79 (sub 0) OBJ File: ''
# www.blender.org
mtllib DarthVader.mtl
o Darth_Vader
v -0.007919 0.081374 -0.006624
v -0.020772 0.081372 -0.002449
v -0.007919 0.091844 -0.017052
v -0.030182 0.091839 -0.009819
v -0.007919 0.106147 -0.020869
v -0.033626 0.106136 -0.012517
v -0.007919 0.120450 -0.017052
v -0.030182 0.120434 -0.009819
v -0.007919 0.130920 -0.006624
v -0.020772 0.130901 -0.002449
v -0.007919 0.133874 0.007620
v -0.020772 0.130901 0.017689
v -0.026096 0.130901 0.007620
v -0.030182 0.120434 0.025059
v -0.039403 0.120434 0.007620
v -0.033626 0.106136 0.027757
v -0.044274 0.106136 0.007620
v -0.030182 0.091839 0.025059
v -0.039403 0.091839 0.007620
v -0.020772 0.081372 0.017689
v -0.026096 0.081372 0.007620
v -0.007919 0.077541 0.007620
v -0.007919 0.130920 0.021864
v -0.007919 0.120450 0.032292
v -0.007919 0.106147 0.036109
v -0.007919 0.091844 0.032292
v -0.007919 0.081374 0.021864
v 0.007919 0.081374 0.021864
v 0.020772 0.081372 0.017689
v 0.007919 0.091844 0.032292
v 0.030182 0.091839 0.025059
v 0.007919 0.106147 0.036109
v 0.033626 0.106136 0.027757
v 0.007919 0.120450 0.032292
v 0.030182 0.120434 0.025059
v 0.007919 0.130920 0.021864
v 0.020772 0.130901 0.017689
v 0.007919 0.133874 0.007620
v 0.020772 0.130901 -0.002449
v 0.026096 0.130901 0.007620
v 0.030182 0.120434 -0.009819
v 0.039403 0.120434 0.007620
v 0.033626 0.106136 -0.012517
v 0.044274 0.106136 0.007620
v 0.030182 0.091839 -0.009819
v 0.039403 0.091839 0.007620
v 0.020772 0.081372 -0.002449
v 0.026096 0.081372 0.007620
v 0.007919 0.077541 0.007620
v 0.007919 0.081374 -0.006624
v 0.007919 0.091844 -0.017052
v 0.007919 0.106147 -0.020869
v 0.007919 0.120450 -0.017052
v 0.007919 0.130920 -0.006624
v 0.072000 0.152400 -0.030508
v -0.072000 0.152400 -0.030508
v 0.072000 0.152400 0.045707
v -0.072000 0.152400 0.045707
v -0.072000 0.136000 -0.030508
v 0.072000 0.136000 -0.030508
v 0.072000 0.136000 0.045707
v -0.072000 0.136000 0.045707
v -0.072000 0.136009 0.027744
v -0.070002 0.138187 0.025811
v -0.070002 0.138187 -0.010571
v -0.072000 0.135977 -0.012531
v -0.070002 0.143062 0.007620
v 0.070002 0.138187 0.025811
v 0.070002 0.143062 0.007620
v 0.070002 0.138187 -0.010571
v 0.072000 0.135977 -0.012531
v 0.072000 0.136009 0.027744
v -0.007919 0.138163 -0.010564
v 0.007919 0.138163 -0.010564
v -0.007919 0.124851 -0.023876
v 0.007919 0.124851 -0.023876
v -0.007919 0.106667 -0.028748
v 0.007919 0.106667 -0.028748
v -0.007919 0.088483 -0.023876
v 0.007919 0.088483 -0.023876
v -0.007919 0.075171 -0.010564
v 0.007919 0.075171 -0.010564
v -0.007919 0.070298 0.007620
v 0.007919 0.070298 0.007620
v -0.007919 0.075171 0.025804
v 0.007919 0.075171 0.025804
v -0.007919 0.088483 0.039116
v 0.007919 0.088483 0.039116
v -0.007919 0.106667 0.043988
v 0.007919 0.106667 0.043988
v -0.007919 0.124851 0.039116
v 0.007919 0.124851 0.039116
v -0.007919 0.138163 0.025804
v 0.007919 0.138163 0.025804
v -0.007919 0.142642 0.007620
v 0.007919 0.142642 0.007620
v 0.026160 0.196597 -0.024000
v 0.033929 0.196597 -0.014677
v 0.053840 0.196597 -0.024000
v 0.046071 0.196597 -0.014677
v 0.057920 0.196597 -0.017920
v 0.051200 0.196597 -0.011200
v 0.057920 0.196597 0.017920
v 0.051200 0.196597 0.011200
v 0.053840 0.196597 0.024000
v 0.046071 0.196597 0.014677
v 0.026160 0.196597 0.024000
v 0.033929 0.196597 0.014677
v 0.016000 0.196597 0.013840
v 0.025323 0.196597 0.006071
v 0.016000 0.196597 -0.013840
v 0.025323 0.196597 -0.006071
v 0.064000 0.168597 0.013840
v 0.053840 0.152597 0.024000
v 0.064000 0.152597 0.013840
v 0.064000 0.168597 -0.013840
v 0.064000 0.152597 -0.013840
v 0.053840 0.152597 -0.024000
v 0.026160 0.152597 -0.024000
v 0.016000 0.152597 -0.013840
v 0.016000 0.152597 0.013840
v 0.026160 0.152597 0.024000
v 0.051200 0.176951 0.011200
v 0.051200 0.176951 -0.011200
v 0.046062 0.176951 -0.014634
v 0.033938 0.176951 -0.014634
v 0.025366 0.176951 -0.006062
v 0.025366 0.176951 0.006062
v 0.033938 0.176951 0.014634
v 0.046062 0.176951 0.014634
v -0.053840 0.196597 -0.024000
v -0.046071 0.196597 -0.014677
v -0.026160 0.196597 -0.024000
v -0.033929 0.196597 -0.014677
v -0.016000 0.196597 -0.013840
v -0.025323 0.196597 -0.006071
v -0.016000 0.196597 0.013840
v -0.025323 0.196597 0.006071
v -0.026160 0.196597 0.024000
v -0.033929 0.196597 0.014677
v -0.053840 0.196597 0.024000
v -0.046071 0.196597 0.014677
v -0.057920 0.196597 0.017920
v -0.051200 0.196597 0.011200
v -0.057920 0.196597 -0.017920
v -0.051200 0.196597 -0.011200
v -0.064000 0.152597 0.013840
v -0.053840 0.152597 0.024000
v -0.064000 0.168597 0.013840
v -0.064000 0.168597 -0.013840
v -0.064000 0.152597 -0.013840
v -0.053840 0.152597 -0.024000
v -0.026160 0.152597 -0.024000
v -0.016000 0.152597 -0.013840
v -0.016000 0.152597 0.013840
v -0.026160 0.152597 0.024000
v -0.051200 0.176951 -0.011200
v -0.051200 0.176951 0.011200
v -0.046062 0.176951 -0.014634
v -0.033938 0.176951 -0.014634
v -0.025366 0.176951 -0.006062
v -0.025366 0.176951 0.006062
v -0.033938 0.176951 0.014634
v -0.046062 0.176951 0.014634
v -0.014319 0.274340 -0.007729
v -0.014319 0.291028 -0.007729
v 0.000000 0.274340 -0.013660
v 0.000000 0.291028 -0.013660
v 0.014319 0.274340 -0.007729
v 0.014319 0.291028 -0.007729
v 0.020251 0.274340 0.006590
v 0.020251 0.291028 0.006590
v 0.014319 0.274340 0.020910
v 0.014319 0.291028 0.020910
v 0.000000 0.274340 0.026841
v 0.000000 0.291028 0.026841
v -0.014319 0.274340 0.020910
v -0.014319 0.291028 0.020910
v -0.020251 0.274340 0.006590
v -0.020251 0.291028 0.006590
v 0.000000 0.297598 0.006590
v -0.013731 0.370340 -0.000307
v -0.015855 0.370340 0.007620
v 0.000000 0.370340 0.007620
v -0.013731 0.370340 0.015547
v -0.007927 0.370340 0.021351
v 0.045033 0.354340 0.033620
v 0.045033 0.302340 0.033620
v 0.052000 0.354340 0.007620
v 0.052000 0.302340 0.007620
v 0.045033 0.354340 -0.018380
v 0.045033 0.302340 -0.018380
v 0.026000 0.354340 -0.037413
v 0.026000 0.302340 -0.037413
v 0.000000 0.354340 -0.044380
v 0.000000 0.302340 -0.044380
v -0.026000 0.354340 -0.037413
v -0.026000 0.302340 -0.037413
v -0.045033 0.354340 -0.018380
v -0.045033 0.302340 -0.018380
v -0.052000 0.354340 0.007620
v -0.052000 0.302340 0.007620
v -0.045033 0.354340 0.033620
v -0.045033 0.302340 0.033620
v -0.016000 0.286340 0.035333
v -0.016000 0.274340 0.035333
v 0.000000 0.286340 0.039620
v 0.000000 0.274340 0.039620
v 0.016000 0.286340 0.035333
v 0.016000 0.274340 0.035333
v 0.027713 0.286340 0.023620
v 0.027713 0.274340 0.023620
v 0.032000 0.286340 0.007620
v 0.032000 0.274340 0.007620
v 0.027713 0.286340 -0.008380
v 0.027713 0.274340 -0.008380
v 0.016000 0.286340 -0.020093
v 0.016000 0.274340 -0.020093
v 0.000000 0.286340 -0.024380
v 0.000000 0.274340 -0.024380
v -0.016000 0.286340 -0.020093
v -0.016000 0.274340 -0.020093
v -0.027713 0.286340 -0.008380
v -0.027713 0.274340 -0.008380
v -0.032000 0.286340 0.007620
v -0.032000 0.274340 0.007620
v -0.027713 0.286340 0.023620
v -0.027713 0.274340 0.023620
v -0.020677 0.354340 0.019558
v -0.020677 0.274340 0.019558
v -0.023875 0.354340 0.007620
v -0.023875 0.274340 0.007620
v -0.020677 0.354340 -0.004318
v -0.020677 0.274340 -0.004318
v -0.011938 0.354340 -0.013057
v -0.011938 0.274340 -0.013057
v 0.000000 0.354340 -0.016255
v 0.000000 0.274340 -0.016255
v 0.011938 0.354340 -0.013057
v 0.011938 0.274340 -0.013057
v 0.020677 0.354340 -0.004318
v 0.020677 0.274340 -0.004318
v 0.023875 0.354340 0.007620
v 0.023875 0.274340 0.007620
v 0.020677 0.354340 0.019558
v 0.020677 0.274340 0.019558
v 0.011938 0.354340 0.028297
v 0.011938 0.274340 0.028297
v 0.000000 0.354340 0.031495
v 0.000000 0.274340 0.031495
v -0.011938 0.354340 0.028297
v -0.011938 0.274340 0.028297
v -0.039962 0.291028 0.030692
v -0.046144 0.291028 0.007620
v -0.039962 0.291028 -0.015452
v -0.023072 0.291028 -0.032342
v 0.000000 0.291028 -0.038524
v 0.023072 0.291028 -0.032342
v 0.039962 0.291028 -0.015452
v 0.046144 0.291028 0.007620
v 0.039962 0.291028 0.030692
v 0.023072 0.291028 0.047582
v 0.000000 0.291028 0.053764
v -0.023072 0.291028 0.047582
v -0.026000 0.354340 0.052653
v -0.026000 0.302340 0.052653
v 0.000000 0.354340 0.059620
v 0.000000 0.302340 0.059620
v 0.026000 0.354340 0.052653
v 0.026000 0.302340 0.052653
v 0.013731 0.370340 0.015547
v 0.015855 0.370340 0.007620
v 0.013731 0.370340 -0.000307
v 0.007927 0.370340 -0.006111
v 0.020767 0.370340 0.019610
v 0.027733 0.370362 0.023631
v 0.023979 0.370340 0.007620
v 0.032023 0.370362 0.007620
v 0.020767 0.370340 -0.004370
v 0.027733 0.370362 -0.008391
v 0.011990 0.370340 -0.013147
v 0.016011 0.370362 -0.020113
v 0.000000 0.370340 -0.016359
v 0.000000 0.370362 -0.024403
v -0.011990 0.370340 -0.013147
v -0.016011 0.370362 -0.020113
v -0.020767 0.370340 -0.004370
v -0.027733 0.370362 -0.008391
v -0.023979 0.370340 0.007620
v -0.032023 0.370362 0.007620
v -0.020767 0.370340 0.019610
v -0.027733 0.370362 0.023631
v -0.011990 0.370340 0.028387
v -0.016011 0.370362 0.035353
v 0.000000 0.370340 0.031599
v 0.000000 0.370362 0.039643
v 0.011990 0.370340 0.028387
v 0.016011 0.370362 0.035353
v -0.039962 0.365652 0.030692
v -0.046144 0.365652 0.007620
v -0.039962 0.365652 -0.015452
v -0.023072 0.365652 -0.032342
v 0.000000 0.365652 -0.038524
v 0.023072 0.365652 -0.032342
v 0.039962 0.365652 -0.015452
v 0.046144 0.365652 0.007620
v 0.039962 0.365652 0.030692
v 0.023072 0.365652 0.047582
v 0.000000 0.365652 0.053764
v -0.023072 0.365652 0.047582
v 0.000000 0.370340 0.023475
v 0.007927 0.370340 0.021351
v -0.007927 0.386340 0.021351
v -0.011990 0.386340 0.028387
v 0.000000 0.386340 0.023475
v 0.000000 0.386340 0.031599
v 0.007927 0.386340 0.021351
v 0.011990 0.386340 0.028387
v 0.013731 0.386340 0.015547
v 0.020767 0.386340 0.019610
v 0.015855 0.386340 0.007620
v 0.023979 0.386340 0.007620
v 0.013731 0.386340 -0.000307
v 0.020767 0.386340 -0.004370
v 0.007927 0.386340 -0.006111
v 0.011990 0.386340 -0.013147
v 0.000000 0.386340 -0.008235
v 0.000000 0.386340 -0.016359
v -0.007927 0.386340 -0.006111
v -0.011990 0.386340 -0.013147
v -0.013731 0.386340 -0.000307
v -0.020767 0.386340 -0.004370
v -0.015855 0.386340 0.007620
v -0.023979 0.386340 0.007620
v -0.013731 0.386340 0.015547
v -0.020767 0.386340 0.019610
v -0.007927 0.370340 -0.006111
v 0.000000 0.370340 -0.008235
v -0.006000 0.000000 -0.028459
v -0.076076 0.000000 -0.028459
v -0.006405 0.031964 -0.028379
v -0.075474 0.031964 -0.028379
v -0.006810 0.068118 -0.028298
v -0.074871 0.068118 -0.028298
v -0.007620 0.106680 -0.028137
v -0.073666 0.106680 -0.028137
v -0.007620 0.124558 -0.023346
v -0.072540 0.124558 -0.023346
v -0.007620 0.137646 -0.010258
v -0.072258 0.137646 -0.010258
v -0.007620 0.142437 0.007620
v -0.072065 0.142437 0.007620
v -0.007620 0.137646 0.025498
v -0.072258 0.137646 0.025498
v -0.007620 0.124558 0.038586
v -0.072540 0.124558 0.038586
v -0.007620 0.106680 0.043377
v -0.073666 0.106680 0.043377
v -0.007620 0.088802 0.038586
v -0.074229 0.088802 0.038586
v -0.007620 0.077212 0.026201
v -0.074511 0.077212 0.026201
v -0.073666 0.106680 0.007620
v -0.074907 0.058922 0.026201
v -0.075303 0.032001 0.026201
v -0.076076 -0.000000 0.026328
v -0.075307 0.031999 0.045720
v -0.076076 -0.000000 0.045720
v -0.006000 -0.000000 0.026328
v -0.006000 0.031999 0.026201
v -0.006810 0.058922 0.026201
v -0.007620 0.106680 0.007620
v -0.006000 -0.000000 0.045720
v -0.006000 0.031999 0.045720
v 0.007620 0.142437 0.007620
v 0.072065 0.142437 0.007620
v 0.007620 0.137646 -0.010258
v 0.072258 0.137646 -0.010258
v 0.007620 0.124558 -0.023346
v 0.072540 0.124558 -0.023346
v 0.007620 0.106680 -0.028137
v 0.073666 0.106680 -0.028137
v 0.006810 0.068118 -0.028298
v 0.074871 0.068118 -0.028298
v 0.006405 0.031964 -0.028379
v 0.075474 0.031964 -0.028379
v 0.006000 0.000000 -0.028459
v 0.076076 0.000000 -0.028459
v 0.007620 0.077212 0.026201
v 0.074511 0.077212 0.026201
v 0.007620 0.088802 0.038586
v 0.074229 0.088802 0.038586
v 0.007620 0.106680 0.043377
v 0.073666 0.106680 0.043377
v 0.007620 0.124558 0.038586
v 0.072540 0.124558 0.038586
v 0.007620 0.137646 0.025498
v 0.072258 0.137646 0.025498
v 0.076076 -0.000000 0.026328
v 0.075303 0.032001 0.026201
v 0.074907 0.058922 0.026201
v 0.073666 0.106680 0.007620
v 0.007620 0.106680 0.007620
v 0.006810 0.058922 0.026201
v 0.006000 0.031999 0.026201
v 0.006000 -0.000000 0.026328
v -0.056956 0.270384 -0.026697
v -0.051443 0.275006 -0.025776
v -0.052993 0.270384 -0.030508
v 0.006000 0.031999 0.045720
v 0.006000 -0.000000 0.045720
v 0.075307 0.031999 0.045720
v 0.076076 -0.000000 0.045720
v -0.087253 0.183179 -0.010593
v -0.097085 0.185057 -0.010709
v -0.095674 0.190376 -0.014384
v -0.105363 0.188324 -0.004942
v -0.103957 0.193372 -0.008309
v -0.109664 0.192849 0.004512
v -0.108428 0.197082 0.001704
v -0.078468 0.183188 -0.004625
v -0.085994 0.188354 -0.014362
v -0.084093 0.194798 -0.015568
v -0.093241 0.197240 -0.015308
v -0.090268 0.205025 -0.015637
v -0.101394 0.199950 -0.008999
v -0.098782 0.207303 -0.008649
v -0.103156 0.210185 0.001225
v -0.077422 0.187743 -0.008183
v -0.076087 0.192869 -0.009451
v -0.072186 0.189441 0.001992
v -0.071345 0.193688 0.000712
v -0.071223 0.192821 0.012561
v -0.070481 0.196536 0.011205
v -0.074999 0.198239 0.024927
v -0.073838 0.202168 0.024409
v -0.083889 0.201449 0.031017
v -0.082281 0.206277 0.030468
v -0.081424 0.202081 -0.016226
v -0.073890 0.197778 -0.009789
v -0.069956 0.197946 0.000564
v -0.069569 0.200403 0.011436
v -0.072520 0.205821 0.023757
v -0.079841 0.212147 0.030622
v -0.091462 0.208682 0.029975
v -0.093619 0.203470 0.030807
v -0.084329 0.199197 0.031468
v -0.094194 0.201162 0.031304
v -0.075506 0.195656 0.025639
v -0.076013 0.194039 0.027028
v -0.072165 0.187651 0.017924
v -0.071694 0.189753 0.014905
v -0.073110 0.182366 0.008442
v -0.072999 0.185446 0.005228
v -0.078868 0.178588 -0.000264
v -0.088020 0.178356 -0.006234
v -0.098234 0.180306 -0.006355
v -0.106771 0.183916 -0.000593
v -0.110899 0.189582 0.007996
v -0.109814 0.194974 0.017750
v -0.108819 0.197413 0.014900
v -0.103852 0.198997 0.025785
v -0.103100 0.200790 0.023710
v -0.094768 0.199821 0.032477
v -0.084770 0.197911 0.032595
v -0.084156 0.220582 -0.014699
v -0.092530 0.222100 -0.007124
v -0.096768 0.224022 0.001451
v -0.102561 0.213068 0.011099
v -0.096037 0.225943 0.010025
v -0.091667 0.227462 0.020730
v -0.085847 0.239579 0.020280
v -0.083101 0.227292 0.029774
v -0.077516 0.239493 0.029177
v -0.075625 0.223354 0.031263
v -0.071409 0.234561 0.031350
v -0.064169 0.229578 0.025377
v -0.062455 0.239843 0.031782
v -0.049814 0.239843 0.028579
v -0.049814 0.251695 0.028579
v -0.041719 0.239843 0.019830
v -0.041719 0.251695 0.019830
v -0.038756 0.239843 0.007878
v -0.038756 0.251695 0.007878
v -0.041719 0.239843 -0.004074
v -0.041719 0.251695 -0.004074
v -0.049814 0.239843 -0.012824
v -0.049814 0.251695 -0.012824
v -0.060873 0.251695 -0.016026
v -0.052778 0.261959 -0.007277
v -0.060873 0.261959 -0.009621
v -0.107825 0.200818 0.012725
v -0.102348 0.203549 0.022310
v -0.105268 0.206463 0.011460
v -0.099982 0.208895 0.021257
v -0.097487 0.215346 0.021180
v -0.088685 0.215091 0.029817
v -0.105826 0.203157 0.000859
v -0.069786 0.213740 0.023668
v -0.068170 0.207893 0.010250
v -0.068328 0.206821 0.000238
v -0.071111 0.207716 -0.009733
v -0.076680 0.216643 -0.015997
v -0.078044 0.236138 -0.013762
v -0.086278 0.236898 -0.005599
v -0.089184 0.237858 0.001676
v -0.064169 0.229578 -0.009621
v -0.071937 0.231206 -0.015769
v -0.062455 0.239843 -0.016026
v -0.067193 0.245769 -0.015540
v -0.071931 0.251695 -0.012824
v -0.068968 0.261959 -0.007277
v -0.046851 0.261959 -0.000872
v -0.044682 0.261959 0.007878
v -0.052655 0.267065 0.007878
v -0.053756 0.267065 0.003437
v -0.060873 0.268666 0.007878
v -0.052778 0.261959 0.023032
v -0.046851 0.261959 0.016627
v -0.056764 0.267065 0.015570
v -0.053756 0.267065 0.012319
v -0.071931 0.251695 0.028579
v -0.068968 0.261959 0.023032
v -0.080026 0.251695 0.019830
v -0.074894 0.261959 0.016627
v -0.083580 0.251695 0.007878
v -0.067990 0.267065 0.003437
v -0.069091 0.267065 0.007878
v -0.067990 0.267065 0.012319
v -0.064982 0.267065 0.015570
v -0.089513 0.238819 0.008952
v -0.067193 0.245769 0.031437
v -0.060873 0.251695 0.031782
v -0.060873 0.261959 0.025377
v -0.060873 0.267065 0.016760
v -0.065071 0.224572 -0.000415
v -0.065372 0.222872 0.007878
v -0.065071 0.224572 0.016170
v -0.077063 0.261959 0.007878
v -0.044682 0.229578 0.007878
v -0.046851 0.229578 0.016627
v -0.053201 0.224572 0.007878
v -0.054229 0.224572 0.012024
v -0.057037 0.224572 0.015059
v -0.052778 0.229578 0.023032
v -0.057037 0.224572 0.000696
v -0.054229 0.224572 0.003732
v -0.046851 0.229578 -0.000872
v -0.051443 0.275006 0.040975
v 0.000000 0.275006 -0.025776
v 0.000000 0.275006 0.040975
v 0.051443 0.275006 -0.025776
v 0.051443 0.275006 0.040975
v 0.056956 0.270384 0.041896
v 0.052993 0.270384 0.045707
v 0.061717 0.243942 0.042849
v 0.058744 0.243942 0.045707
v 0.000000 0.243942 0.045707
v 0.000000 0.270384 0.045707
v -0.058744 0.243942 0.045707
v -0.052993 0.270384 0.045707
v -0.061717 0.243942 0.042849
v -0.056956 0.270384 0.041896
v 0.056956 0.270384 -0.026697
v 0.061717 0.243942 -0.027650
v 0.052993 0.270384 -0.030508
v 0.058744 0.243942 -0.030508
v 0.000000 0.270384 -0.030508
v 0.000000 0.243942 -0.030508
v -0.058744 0.243942 -0.030508
v -0.061717 0.243942 -0.027650
v -0.076000 0.164616 0.045707
v -0.076000 0.152616 0.045707
v 0.000000 0.164616 0.045707
v 0.000000 0.152616 0.045707
v 0.076000 0.164616 0.045707
v 0.076000 0.152616 0.045707
v 0.070248 0.191058 0.045707
v 0.064496 0.217500 0.045707
v 0.000000 0.191058 0.045707
v 0.000000 0.217500 0.045707
v -0.070248 0.191058 0.045707
v -0.064496 0.217500 0.045707
v -0.071239 0.191058 0.044754
v -0.066478 0.217500 0.043801
v 0.066478 0.217500 0.043801
v 0.071239 0.191058 0.044754
v -0.115954 0.165426 0.032932
v -0.114643 0.172705 0.040242
v -0.108402 0.178033 0.046628
v -0.098902 0.179984 0.050379
v -0.088689 0.178033 0.050491
v -0.080499 0.172705 0.046932
v -0.076527 0.165426 0.040658
v -0.077837 0.158148 0.033348
v -0.084078 0.152819 0.026962
v -0.093579 0.150869 0.023211
v -0.103792 0.152819 0.023099
v -0.111982 0.158148 0.026658
v -0.096240 0.165426 0.036795
v 0.067193 0.245769 -0.015540
v 0.062455 0.239843 -0.016026
v 0.060873 0.251695 -0.016026
v 0.049814 0.239843 -0.012824
v 0.049814 0.251695 -0.012824
v 0.041719 0.239843 -0.004074
v 0.041719 0.251695 -0.004074
v 0.071931 0.251695 -0.012824
v 0.060873 0.261959 -0.009621
v 0.068968 0.261959 -0.007277
v 0.052778 0.261959 -0.007277
v -0.076000 0.152616 -0.030508
v -0.076000 0.164616 -0.030508
v 0.000000 0.152616 -0.030508
v 0.000000 0.164616 -0.030508
v 0.076000 0.152616 -0.030508
v 0.076000 0.164616 -0.030508
v 0.066478 0.217500 -0.028602
v 0.064496 0.217500 -0.030508
v 0.000000 0.217500 -0.030508
v -0.064496 0.217500 -0.030508
v 0.071239 0.191058 -0.029555
v 0.070248 0.191058 -0.030508
v 0.000000 0.191058 -0.030508
v -0.070248 0.191058 -0.030508
v -0.071239 0.191058 -0.029555
v -0.066478 0.217500 -0.028602
v -0.055615 0.217450 0.036188
v -0.055615 0.217450 -0.020988
v 0.000000 0.217450 0.036188
v 0.000000 0.217450 -0.020988
v 0.055615 0.217450 0.036188
v 0.055615 0.217450 -0.020988
v 0.000000 0.152616 -0.020988
v -0.066149 0.152616 -0.020988
v -0.066149 0.152616 0.036188
v 0.000000 0.152616 0.036188
v 0.066149 0.152616 0.036188
v 0.066149 0.152616 -0.020988
v 0.105363 0.188324 -0.004942
v 0.109664 0.192849 0.004512
v 0.106771 0.183916 -0.000593
v 0.110899 0.189582 0.007996
v 0.115954 0.165426 0.032932
v 0.109814 0.194974 0.017750
v 0.114643 0.172705 0.040242
v 0.097085 0.185057 -0.010709
v 0.098234 0.180306 -0.006355
v 0.087253 0.183179 -0.010593
v 0.088020 0.178356 -0.006234
v 0.078468 0.183188 -0.004625
v 0.078868 0.178588 -0.000264
v 0.072999 0.185446 0.005228
v 0.073110 0.182366 0.008442
v 0.071694 0.189753 0.014905
v 0.072165 0.187651 0.017924
v 0.069569 0.200403 0.011436
v 0.069956 0.197946 0.000564
v 0.071345 0.193688 0.000712
v 0.076087 0.192869 -0.009451
v 0.072186 0.189441 0.001992
v 0.093241 0.197240 -0.015308
v 0.095674 0.190376 -0.014384
v 0.084093 0.194798 -0.015568
v 0.085994 0.188354 -0.014362
v 0.077422 0.187743 -0.008183
v 0.103957 0.193372 -0.008309
v 0.101394 0.199950 -0.008999
v 0.108428 0.197082 0.001704
v 0.105826 0.203157 0.000859
v 0.107825 0.200818 0.012725
v 0.105268 0.206463 0.011460
v 0.102348 0.203549 0.022310
v 0.099982 0.208895 0.021257
v 0.093619 0.203470 0.030807
v 0.091462 0.208682 0.029975
v 0.083889 0.201449 0.031017
v 0.082281 0.206277 0.030468
v 0.108819 0.197413 0.014900
v 0.108402 0.178033 0.046628
v 0.103852 0.198997 0.025785
v 0.103100 0.200790 0.023710
v 0.090268 0.205025 -0.015637
v 0.081424 0.202081 -0.016226
v 0.073890 0.197778 -0.009789
v 0.068328 0.206821 0.000238
v 0.068170 0.207893 0.010250
v 0.069786 0.213740 0.023668
v 0.064169 0.229578 0.025377
v 0.075625 0.223354 0.031263
v 0.071409 0.234561 0.031350
v 0.077516 0.239493 0.029177
v 0.071931 0.251695 0.028579
v 0.085847 0.239579 0.020280
v 0.080026 0.251695 0.019830
v 0.089513 0.238819 0.008952
v 0.083580 0.251695 0.007878
v 0.089184 0.237858 0.001676
v 0.080026 0.251695 -0.004074
v 0.086278 0.236898 -0.005599
v 0.078044 0.236138 -0.013762
v 0.071937 0.231206 -0.015769
v 0.076680 0.216643 -0.015997
v 0.094768 0.199821 0.032477
v 0.094194 0.201162 0.031304
v 0.098902 0.179984 0.050379
v 0.088689 0.178033 0.050491
v 0.084770 0.197911 0.032595
v 0.084329 0.199197 0.031468
v 0.080499 0.172705 0.046932
v 0.076013 0.194039 0.027028
v 0.075506 0.195656 0.025639
v 0.074999 0.198239 0.024927
v 0.073838 0.202168 0.024409
v 0.079841 0.212147 0.030622
v 0.088685 0.215091 0.029817
v 0.097487 0.215346 0.021180
v 0.102561 0.213068 0.011099
v 0.103156 0.210185 0.001225
v 0.098782 0.207303 -0.008649
v 0.084156 0.220582 -0.014699
v 0.071111 0.207716 -0.009733
v 0.064169 0.229578 -0.009621
v 0.052778 0.229578 -0.007277
v 0.046851 0.229578 -0.000872
v 0.044682 0.229578 0.007878
v 0.038756 0.239843 0.007878
v 0.046851 0.229578 0.016627
v 0.041719 0.239843 0.019830
v 0.052777 0.229578 0.023032
v 0.049814 0.239843 0.028579
v 0.062455 0.239843 0.031782
v 0.067193 0.245769 0.031437
v 0.060873 0.251695 0.031782
v 0.068968 0.261959 0.023032
v 0.060873 0.261959 0.025377
v 0.064982 0.267065 0.015570
v 0.060873 0.267065 0.016760
v 0.060873 0.268666 0.007878
v 0.056764 0.267065 0.015570
v 0.053756 0.267065 0.012319
v 0.052778 0.261959 0.023032
v 0.046851 0.261959 0.016627
v 0.049814 0.251695 0.028579
v 0.041719 0.251695 0.019830
v 0.076527 0.165426 0.040658
v 0.071223 0.192821 0.012561
v 0.070481 0.196536 0.011205
v 0.072520 0.205821 0.023757
v 0.083101 0.227292 0.029774
v 0.091667 0.227462 0.020730
v 0.096037 0.225943 0.010025
v 0.077837 0.158148 0.033348
v 0.084078 0.152819 0.026962
v 0.093579 0.150869 0.023211
v 0.103792 0.152819 0.023099
v 0.111982 0.158148 0.026658
v 0.065071 0.224572 -0.000415
v 0.065372 0.222872 0.007878
v 0.065071 0.224572 0.016170
v 0.092530 0.222100 -0.007124
v 0.096768 0.224022 0.001451
v 0.057037 0.224572 0.000696
v 0.054229 0.224572 0.003732
v 0.053201 0.224572 0.007878
v 0.054229 0.224572 0.012024
v 0.057037 0.224572 0.015059
v 0.038756 0.251695 0.007878
v 0.046851 0.261959 -0.000872
v 0.044682 0.261959 0.007878
v 0.074894 0.261959 -0.000872
v 0.077063 0.261959 0.007878
v 0.074894 0.261959 0.016627
v 0.052655 0.267065 0.007878
v 0.053756 0.267065 0.003437
v 0.056764 0.267065 0.000185
v 0.060873 0.267065 -0.001005
v 0.064982 0.267065 0.000185
v 0.067990 0.267065 0.003437
v 0.069091 0.267065 0.007878
v 0.067990 0.267065 0.012319
v -0.052778 0.229578 -0.007277
v -0.074894 0.261959 -0.000872
v -0.080026 0.251695 -0.004074
v -0.064982 0.267065 0.000185
v -0.060873 0.267065 -0.001005
v -0.056764 0.267065 0.000185
v 0.096240 0.165426 0.036795
v -0.105198 0.152736 0.036106
v -0.100685 0.175239 0.015539
v -0.097249 0.152117 0.032069
v -0.093127 0.172154 0.013667
v -0.089205 0.152342 0.034120
v -0.085003 0.172440 0.015683
v -0.083191 0.158679 0.042223
v -0.078958 0.178714 0.023962
v -0.086468 0.168433 0.048716
v -0.082606 0.186717 0.032152
v -0.093814 0.172279 0.049867
v -0.090164 0.189802 0.034024
v -0.102375 0.169285 0.050292
v -0.098289 0.189516 0.032008
v -0.109033 0.159497 0.045275
v -0.104333 0.183242 0.023729
v -0.110790 0.128264 0.066441
v -0.107290 0.153367 0.088967
v -0.116394 0.128791 0.060322
v -0.112450 0.157072 0.085700
v -0.120532 0.134919 0.049976
v -0.109658 0.175935 0.064244
v -0.113887 0.145609 0.037030
v -0.116302 0.165245 0.077190
v -0.098041 0.150060 0.029607
v -0.093812 0.180387 0.056820
v -0.081356 0.144310 0.033422
v -0.077127 0.174637 0.060636
v -0.072903 0.133017 0.044693
v -0.068674 0.163344 0.071907
v -0.075146 0.127144 0.055747
v -0.071202 0.155425 0.081125
v -0.079299 0.127007 0.062949
v -0.075798 0.152110 0.085475
v -0.108234 0.164923 0.076295
v -0.112463 0.134596 0.049081
v -0.103840 0.171991 0.067735
v -0.108070 0.141664 0.040522
v -0.093363 0.174935 0.062827
v -0.097593 0.144608 0.035613
v -0.082331 0.171133 0.065350
v -0.086561 0.140806 0.038136
v -0.076743 0.163666 0.072802
v -0.080972 0.133339 0.045588
v 0.097249 0.152117 0.032069
v 0.093127 0.172154 0.013667
v 0.105198 0.152736 0.036106
v 0.100685 0.175239 0.015539
v 0.109033 0.159497 0.045275
v 0.104333 0.183242 0.023729
v 0.102375 0.169285 0.050292
v 0.098289 0.189516 0.032008
v 0.093814 0.172279 0.049867
v 0.090164 0.189802 0.034024
v 0.086468 0.168433 0.048716
v 0.082606 0.186717 0.032152
v 0.083191 0.158679 0.042223
v 0.078958 0.178714 0.023962
v 0.089205 0.152342 0.034120
v 0.085003 0.172440 0.015683
v 0.107290 0.153367 0.088967
v 0.110790 0.128264 0.066441
v 0.112450 0.157072 0.085700
v 0.116394 0.128791 0.060322
v 0.116302 0.165245 0.077190
v 0.120532 0.134919 0.049976
v 0.109658 0.175935 0.064244
v 0.113887 0.145609 0.037030
v 0.093812 0.180387 0.056820
v 0.098041 0.150060 0.029607
v 0.077127 0.174637 0.060636
v 0.081356 0.144310 0.033422
v 0.068674 0.163344 0.071907
v 0.072903 0.133017 0.044693
v 0.071202 0.155425 0.081125
v 0.075146 0.127144 0.055747
v 0.075798 0.152110 0.085475
v 0.079299 0.127007 0.062949
v 0.112463 0.134596 0.049081
v 0.108234 0.164923 0.076295
v 0.108070 0.141664 0.040522
v 0.103840 0.171991 0.067735
v 0.097593 0.144608 0.035613
v 0.093363 0.174935 0.062827
v 0.086561 0.140806 0.038136
v 0.082331 0.171133 0.065350
v 0.080972 0.133339 0.045588
v 0.076743 0.163666 0.072802
v -0.005726 0.398554 0.039462
v -0.015139 0.394767 0.052894
v -0.005715 0.395184 0.055458
v -0.017891 0.386747 0.061963
v -0.005715 0.387158 0.065198
v -0.019436 0.375605 0.067222
v -0.005715 0.375848 0.070794
v -0.044820 0.385458 0.002030
v -0.049401 0.374794 0.001037
v -0.046493 0.385205 0.017957
v -0.051266 0.374592 0.018196
v -0.043242 0.385202 0.035510
v -0.047871 0.374589 0.037218
v -0.034814 0.385803 0.049858
v -0.038455 0.374971 0.053490
v -0.018597 0.346812 -0.047749
v -0.037245 0.375614 -0.032688
v -0.022063 0.376225 -0.044308
v -0.033874 0.386597 -0.028681
v -0.019984 0.387494 -0.039206
v -0.027476 0.394641 -0.022168
v -0.012583 0.395736 -0.031939
v -0.018236 0.398493 -0.000502
v -0.005726 0.399709 -0.017035
v -0.035402 0.346811 -0.036940
v -0.047537 0.374997 -0.016122
v -0.043147 0.385712 -0.013897
v -0.035244 0.393720 -0.010420
v -0.052596 0.346873 -0.001592
v -0.053014 0.348181 0.013427
v -0.046833 0.354240 0.043013
v -0.038230 0.358532 0.055418
v -0.030483 0.362389 0.062376
v -0.047247 0.346524 -0.020844
v -0.036656 0.393469 0.003513
v -0.038068 0.393217 0.017445
v -0.018802 0.398493 0.015914
v -0.035271 0.393222 0.032555
v -0.013933 0.397871 0.032840
v -0.028446 0.393828 0.043645
v -0.022737 0.363918 0.066774
v -0.013978 0.361567 0.070598
v -0.005715 0.357275 0.073144
v -0.005715 0.395200 -0.035659
v -0.005715 0.387180 -0.044752
v -0.005715 0.376226 -0.049942
v -0.005722 0.346792 -0.051585
v -0.005715 0.397670 -0.030090
v -0.050266 0.346691 0.047422
v -0.005719 0.399709 0.015914
v -0.005726 0.399709 -0.000502
v -0.003963 0.401121 -0.029384
v -0.003957 0.398594 -0.035935
v -0.003945 0.389730 -0.046711
v -0.003933 0.377240 -0.052897
v -0.003933 0.341738 -0.055097
v -0.003930 0.354100 0.088844
v -0.003930 0.359322 0.075478
v -0.005030 0.351181 0.088253
v -0.004021 0.402136 0.039462
v -0.004014 0.402936 0.015914
v -0.003952 0.397760 0.057260
v -0.003951 0.388895 0.067796
v -0.003951 0.376528 0.073835
v -0.004021 0.402936 -0.000502
v -0.004021 0.402580 -0.017035
v -0.026411 0.358209 0.080543
v -0.019163 0.357579 0.083475
v -0.071132 0.283687 -0.050273
v -0.059908 0.283687 -0.065777
v -0.050080 0.283687 -0.074589
v -0.037078 0.283687 -0.082970
v -0.074687 0.283687 0.033916
v -0.080460 0.283687 -0.004037
v -0.078259 0.283687 -0.032539
v -0.024811 0.297661 0.091398
v -0.020843 0.293406 0.091398
v -0.005952 0.317423 0.091398
v -0.005373 0.310971 0.091398
v -0.033130 0.355409 0.077521
v -0.033652 0.353442 0.077275
v -0.026928 0.356609 0.080320
v -0.019541 0.356362 0.083330
v -0.005425 0.350292 0.088132
v -0.031163 0.300411 0.082643
v -0.008481 0.317907 0.088782
v -0.035466 0.316991 0.074703
v -0.014822 0.319722 0.082257
v -0.004973 0.322147 0.091398
v -0.002901 0.319763 0.091398
v -0.003305 0.323742 0.091398
v -0.005828 0.332053 0.080735
v -0.009532 0.329782 0.078284
v -0.020263 0.328220 0.074608
v -0.031295 0.328896 0.069098
v -0.035096 0.332074 0.066840
v -0.002313 0.319596 0.088731
v -0.004064 0.312119 0.088053
v -0.004739 0.310957 0.083214
v -0.020843 0.293406 0.090662
v -0.031478 0.283687 -0.075179
v -0.013764 0.283687 -0.081067
v -0.019132 0.283687 -0.089581
v 0.000000 0.283687 -0.082251
v 0.000000 0.283687 -0.091847
v 0.013764 0.283687 -0.081067
v 0.019132 0.283687 -0.089581
v 0.031478 0.283687 -0.075179
v 0.037078 0.283687 -0.082970
v 0.039591 0.283687 -0.070594
v 0.050080 0.283687 -0.074589
v 0.053756 0.283687 -0.058472
v 0.059908 0.283687 -0.065777
v 0.064259 0.283687 -0.043053
v 0.071132 0.283687 -0.050273
v 0.070290 0.283687 -0.025412
v 0.078259 0.283687 -0.032539
v 0.071529 0.283687 -0.006825
v 0.080460 0.283687 -0.004037
v 0.066376 0.283687 0.030252
v 0.074687 0.283687 0.033916
v 0.065031 0.283687 0.050443
v 0.070440 0.283687 0.052663
v 0.064041 0.284914 0.053394
v 0.069431 0.284734 0.055468
v 0.064202 0.300963 0.059222
v 0.000000 0.333527 0.082350
v -0.006471 0.346606 0.079914
v -0.007519 0.335164 0.078928
v -0.009432 0.339177 0.078823
v -0.016019 0.344434 0.077116
v -0.012912 0.349609 0.078634
v -0.023813 0.345221 0.073400
v -0.032941 0.332507 0.063278
v -0.029782 0.340420 0.067125
v -0.030834 0.341835 0.069637
v -0.023113 0.343983 0.071145
v -0.014843 0.342999 0.074214
v -0.035179 0.334868 0.066961
v -0.029802 0.329869 0.066211
v -0.021474 0.335764 0.074082
v -0.019804 0.329558 0.072861
v -0.008252 0.331557 0.075183
v -0.008653 0.337179 0.075577
v -0.024093 0.317024 -0.053274
v 0.000000 0.317024 -0.059102
v -0.071529 0.283687 -0.006825
v -0.070290 0.283687 -0.025412
v -0.048911 0.317024 -0.028292
v -0.064259 0.283687 -0.043053
v -0.053756 0.283687 -0.058472
v -0.039591 0.283687 -0.070594
v -0.055252 0.317024 0.026626
v -0.066376 0.283687 0.030252
v -0.056115 0.317024 -0.000819
v -0.044204 0.345684 0.071913
v -0.056133 0.326477 0.064975
v -0.064192 0.304807 0.059685
v -0.070440 0.283687 0.052663
v -0.064202 0.300963 0.059222
v -0.069431 0.284734 0.055468
v -0.026463 0.352208 0.074809
v -0.032567 0.349287 0.072406
v -0.044643 0.343150 0.071674
v -0.038204 0.343922 0.068507
v -0.062495 0.286096 0.039162
v -0.065031 0.283687 0.050443
v -0.062460 0.286096 0.046518
v -0.064041 0.284914 0.053394
v -0.061899 0.287994 0.049107
v -0.063324 0.287677 0.054955
v -0.049525 0.325795 0.061356
v -0.023653 0.288738 0.091421
v -0.045843 0.331575 0.049124
v -0.040016 0.340443 0.064908
v -0.056322 0.323206 0.064420
v -0.054858 0.317024 0.039206
v -0.036502 0.286096 0.039162
v -0.036502 0.317024 0.039162
v -0.024093 0.286610 0.051609
v -0.024093 0.317024 0.051608
v 0.000000 0.287124 0.057436
v 0.000000 0.317024 0.057436
v 0.024093 0.286610 0.051609
v 0.024093 0.317024 0.051608
v -0.039768 0.328323 0.064413
v -0.008044 0.331280 0.078562
v -0.039946 0.287916 0.049132
v 0.003963 0.401121 -0.029384
v 0.003957 0.398594 -0.035935
v 0.003945 0.389730 -0.046711
v 0.003933 0.377240 -0.052897
v 0.003933 0.341738 -0.055097
v 0.005726 0.398554 0.039462
v 0.005715 0.395184 0.055458
v 0.015139 0.394767 0.052894
v 0.005715 0.387158 0.065198
v 0.017891 0.386747 0.061963
v 0.005715 0.375848 0.070794
v 0.019436 0.375605 0.067222
v 0.049401 0.374794 0.001037
v 0.044820 0.385458 0.002030
v 0.051266 0.374592 0.018196
v 0.046493 0.385205 0.017957
v 0.047871 0.374589 0.037218
v 0.043242 0.385202 0.035510
v 0.038455 0.374971 0.053490
v 0.034814 0.385803 0.049858
v 0.035402 0.346811 -0.036940
v 0.018597 0.346812 -0.047749
v 0.037245 0.375614 -0.032688
v 0.022063 0.376225 -0.044308
v 0.033874 0.386597 -0.028681
v 0.019984 0.387494 -0.039206
v 0.027476 0.394641 -0.022168
v 0.012583 0.395736 -0.031939
v 0.018236 0.398493 -0.000502
v 0.005726 0.399709 -0.017035
v 0.005722 0.346792 -0.051585
v 0.005715 0.376226 -0.049942
v 0.005715 0.387180 -0.044752
v 0.005715 0.395200 -0.035659
v 0.047537 0.374997 -0.016122
v 0.043147 0.385712 -0.013897
v 0.035244 0.393720 -0.010420
v 0.005715 0.397670 -0.030090
v 0.036656 0.393469 0.003513
v 0.038068 0.393217 0.017445
v 0.035271 0.393222 0.032555
v 0.028446 0.393828 0.043645
v 0.050266 0.346691 0.047422
v 0.053014 0.348181 0.013427
v 0.046833 0.354240 0.043013
v 0.030483 0.362389 0.062376
v 0.038230 0.358532 0.055418
v 0.052596 0.346873 -0.001592
v 0.047247 0.346524 -0.020844
v 0.003951 0.376529 0.073834
v 0.003951 0.388893 0.067797
v 0.003951 0.397759 0.057262
v 0.004021 0.402136 0.039462
v 0.004014 0.402936 0.015914
v 0.004021 0.402936 -0.000502
v 0.004021 0.402580 -0.017035
v 0.005726 0.399709 -0.000502
v 0.005719 0.399709 0.015914
v 0.018802 0.398493 0.015914
v 0.013933 0.397871 0.032840
v 0.005715 0.357275 0.073144
v 0.003930 0.359322 0.075478
v 0.005030 0.351181 0.088253
v 0.003930 0.354100 0.088844
v 0.022737 0.363918 0.066774
v 0.013978 0.361567 0.070598
v 0.026411 0.358209 0.080543
v 0.019163 0.357579 0.083475
v 0.004064 0.312119 0.088053
v 0.002313 0.319596 0.088731
v -0.001286 0.320984 0.088834
v 0.001261 0.320984 0.088761
v 0.005373 0.310971 0.091398
v 0.020843 0.293406 0.091398
v 0.005952 0.317423 0.091398
v 0.024811 0.297661 0.091398
v 0.033652 0.353442 0.077275
v 0.033130 0.355409 0.077521
v 0.026928 0.356609 0.080320
v 0.019541 0.356362 0.083330
v 0.005425 0.350292 0.088132
v 0.000000 0.349410 0.088957
v 0.000000 0.345550 0.081287
v 0.006468 0.346602 0.079914
v 0.031163 0.300411 0.082643
v 0.008481 0.317907 0.088782
v 0.035466 0.316991 0.074703
v 0.014822 0.319722 0.082257
v 0.023653 0.288738 0.091421
v 0.000000 0.288738 0.091421
v 0.002901 0.319763 0.091398
v 0.004973 0.322147 0.091398
v 0.001599 0.321509 0.091398
v 0.003305 0.323742 0.091398
v -0.000018 0.321882 0.091398
v 0.001142 0.324581 0.091398
v 0.009532 0.329782 0.078284
v 0.005828 0.332053 0.080735
v 0.004739 0.310957 0.083214
v 0.020843 0.293406 0.090662
v -0.000012 0.321293 0.088800
v 0.024093 0.317024 -0.053274
v 0.048911 0.317024 -0.028292
v 0.056116 0.317024 -0.000819
v 0.055252 0.317024 0.026626
v 0.036502 0.317024 0.039117
v 0.023113 0.343983 0.071145
v 0.029782 0.340420 0.067125
v 0.030834 0.341835 0.069637
v 0.032941 0.332507 0.063278
v 0.035179 0.334868 0.066961
v 0.035096 0.332074 0.066840
v 0.023813 0.345221 0.073400
v 0.014843 0.342999 0.074214
v 0.008252 0.331557 0.075183
v 0.019804 0.329558 0.072861
v 0.020263 0.328220 0.074608
v 0.029802 0.329869 0.066211
v 0.031295 0.328896 0.069098
v 0.021474 0.335764 0.074082
v 0.039768 0.328323 0.064413
v 0.040016 0.340443 0.064908
v 0.038204 0.343922 0.068507
v 0.032567 0.349287 0.072406
v 0.026463 0.352208 0.074809
v 0.012912 0.349609 0.078634
v 0.016019 0.344434 0.077116
v 0.009432 0.339177 0.078823
v 0.008653 0.337179 0.075577
v 0.007519 0.335164 0.078928
v 0.008044 0.331280 0.078562
v 0.044643 0.343150 0.071674
v 0.049525 0.325795 0.061356
v 0.045843 0.331575 0.049124
v 0.044204 0.345684 0.071913
v 0.056322 0.323206 0.064420
v 0.056133 0.326477 0.064975
v 0.064192 0.304807 0.059685
v 0.062460 0.286192 0.046518
v 0.062495 0.286096 0.039162
v 0.063324 0.287677 0.054955
v 0.039946 0.287916 0.049103
v -0.001583 0.321500 0.091398
v -0.001142 0.324581 0.091398
v -0.039109 0.286223 0.046528
v 0.036502 0.286096 0.039162
v 0.054858 0.317024 0.039206
v 0.039109 0.286223 0.046528
v 0.061899 0.287994 0.049136
v 0.044695 0.291676 0.049303
v 0.032031 0.288324 0.094279
v 0.044059 0.297436 0.049227
v 0.033782 0.292550 0.094279
v 0.046523 0.305853 0.049115
v 0.032031 0.296777 0.094279
v 0.042180 0.308960 0.048079
v 0.027805 0.298528 0.094279
v 0.036812 0.307422 0.048079
v 0.023578 0.296777 0.094279
v 0.027805 0.286573 0.094279
v 0.023578 0.288324 0.094279
v 0.021827 0.292550 0.094279
v 0.030930 0.291449 0.048079
v 0.027805 0.296535 0.096160
v 0.024987 0.295368 0.096160
v 0.030622 0.295368 0.096160
v 0.023820 0.292550 0.096160
v 0.031789 0.292550 0.096160
v 0.024987 0.289733 0.096160
v 0.030622 0.289733 0.096160
v 0.027805 0.288566 0.096160
v -0.023578 0.296777 0.094279
v -0.036812 0.307422 0.048079
v -0.027805 0.298528 0.094279
v -0.042180 0.308960 0.048079
v -0.032031 0.296777 0.094279
v -0.046523 0.305853 0.049115
v -0.033782 0.292550 0.094279
v -0.044059 0.297436 0.049227
v -0.032031 0.288324 0.094279
v -0.044695 0.291676 0.049303
v -0.027805 0.286573 0.094279
v -0.023578 0.288324 0.094279
v -0.021827 0.292550 0.094279
v -0.030930 0.291449 0.048079
v -0.027805 0.296535 0.096160
v -0.030622 0.295368 0.096160
v -0.024987 0.295368 0.096160
v -0.031789 0.292550 0.096160
v -0.023820 0.292550 0.096160
v -0.030622 0.289733 0.096160
v -0.024987 0.289733 0.096160
v -0.027805 0.288566 0.096160
v 0.038778 0.281975 0.040267
v 0.073543 0.281975 0.012892
v 0.032958 0.281975 0.008012
v 0.051936 0.281975 -0.017485
v 0.000000 0.281975 0.047197
v 0.000000 0.281975 0.014612
v 0.015463 0.281975 -0.024324
v 0.021014 0.282539 -0.039784
v 0.024764 0.284316 -0.062886
v -0.021014 0.282539 -0.039784
v -0.024712 0.284316 -0.062847
v -0.051936 0.281975 -0.017485
v -0.065274 0.279048 -0.051515
v -0.105829 0.267352 -0.040152
v -0.078508 0.268719 -0.098960
v -0.129628 0.243654 -0.101796
v -0.132575 0.240225 -0.169915
v -0.015463 0.281975 -0.024324
v -0.032958 0.281975 0.008012
v -0.038778 0.281975 0.040267
v -0.073543 0.281975 0.012892
v -0.080979 0.267096 -0.166016
v -0.085860 0.266781 -0.234216
v -0.139521 0.239595 -0.238520
v -0.032232 0.284086 -0.230789
v -0.029417 0.284086 -0.162994
v -0.027406 0.283902 -0.095727
v 0.105829 0.267352 -0.040152
v 0.065293 0.279048 -0.051504
v 0.078534 0.268718 -0.098608
v 0.027406 0.283902 -0.095727
v 0.029417 0.284086 -0.162994
v 0.081040 0.267096 -0.165303
v 0.129643 0.243654 -0.101886
v 0.132627 0.240225 -0.169666
v -0.150053 0.239132 -0.287451
v -0.092721 0.266550 -0.303718
v -0.035350 0.284086 -0.309136
v 0.032232 0.284086 -0.230789
v 0.035350 0.284086 -0.309136
v 0.085921 0.266781 -0.233503
v 0.092710 0.266550 -0.303004
v 0.139574 0.239594 -0.238271
v 0.150105 0.239132 -0.287202
vt 0.705783 0.542345
vt 0.710195 0.542344
vt 0.705783 0.544388
vt 0.713426 0.544387
vt 0.705783 0.547179
vt 0.714608 0.547177
vt 0.705783 0.549970
vt 0.713426 0.549967
vt 0.705783 0.552013
vt 0.710195 0.552009
vt 0.705783 0.552590
vt 0.710195 0.552009
vt 0.712023 0.552009
vt 0.713426 0.549967
vt 0.716591 0.549967
vt 0.714608 0.547177
vt 0.718263 0.547177
vt 0.713426 0.544387
vt 0.716591 0.544387
vt 0.710195 0.542344
vt 0.712023 0.542344
vt 0.705783 0.541597
vt 0.705783 0.552013
vt 0.705783 0.549970
vt 0.705783 0.547179
vt 0.705783 0.544388
vt 0.705783 0.542345
vt 0.700347 0.542345
vt 0.695935 0.542344
vt 0.700347 0.544388
vt 0.692705 0.544387
vt 0.700347 0.547179
vt 0.691522 0.547177
vt 0.700347 0.549970
vt 0.692705 0.549967
vt 0.700347 0.552013
vt 0.695935 0.552009
vt 0.700347 0.552590
vt 0.695935 0.552009
vt 0.694107 0.552009
vt 0.692705 0.549967
vt 0.689539 0.549967
vt 0.691522 0.547177
vt 0.687867 0.547177
vt 0.692705 0.544387
vt 0.689539 0.544387
vt 0.695935 0.542344
vt 0.694107 0.542344
vt 0.700347 0.541597
vt 0.700347 0.542345
vt 0.700347 0.544388
vt 0.700347 0.547179
vt 0.700347 0.549970
vt 0.700347 0.552013
vt 0.678349 0.556205
vt 0.727781 0.556205
vt 0.678349 0.556205
vt 0.727781 0.556205
vt 0.727781 0.553005
vt 0.678349 0.553005
vt 0.678349 0.553005
vt 0.727781 0.553005
vt 0.727781 0.553006
vt 0.727095 0.553431
vt 0.727095 0.553431
vt 0.727781 0.553000
vt 0.727095 0.554383
vt 0.679035 0.553431
vt 0.679035 0.554383
vt 0.679035 0.553431
vt 0.678349 0.553000
vt 0.678349 0.553006
vt 0.705783 0.553427
vt 0.700347 0.553427
vt 0.705783 0.550829
vt 0.700347 0.550829
vt 0.705783 0.547280
vt 0.700347 0.547280
vt 0.705783 0.543732
vt 0.700347 0.543732
vt 0.705783 0.541134
vt 0.700347 0.541134
vt 0.705783 0.540183
vt 0.700347 0.540183
vt 0.705783 0.541134
vt 0.700347 0.541134
vt 0.705783 0.543732
vt 0.700347 0.543732
vt 0.705783 0.547280
vt 0.700347 0.547280
vt 0.705783 0.550829
vt 0.700347 0.550829
vt 0.705783 0.553427
vt 0.700347 0.553427
vt 0.705783 0.554301
vt 0.700347 0.554301
vt 0.694085 0.564830
vt 0.691418 0.564830
vt 0.684583 0.564830
vt 0.687250 0.564830
vt 0.683183 0.564830
vt 0.685490 0.564830
vt 0.683183 0.564830
vt 0.685490 0.564830
vt 0.684583 0.564830
vt 0.687250 0.564830
vt 0.694085 0.564830
vt 0.691418 0.564830
vt 0.697573 0.564830
vt 0.694372 0.564830
vt 0.697573 0.564830
vt 0.694372 0.564830
vt 0.681096 0.559366
vt 0.684583 0.556244
vt 0.681096 0.556244
vt 0.681096 0.559366
vt 0.681096 0.556244
vt 0.684583 0.556244
vt 0.694085 0.556244
vt 0.697573 0.556244
vt 0.697573 0.556244
vt 0.694085 0.556244
vt 0.685490 0.560996
vt 0.685490 0.560996
vt 0.687253 0.560996
vt 0.691415 0.560996
vt 0.694358 0.560996
vt 0.694358 0.560996
vt 0.691415 0.560996
vt 0.687253 0.560996
vt 0.721547 0.564830
vt 0.718880 0.564830
vt 0.712045 0.564830
vt 0.714712 0.564830
vt 0.708557 0.564830
vt 0.711758 0.564830
vt 0.708557 0.564830
vt 0.711758 0.564830
vt 0.712045 0.564830
vt 0.714712 0.564830
vt 0.721547 0.564830
vt 0.718880 0.564830
vt 0.722947 0.564830
vt 0.720641 0.564830
vt 0.722947 0.564830
vt 0.720641 0.564830
vt 0.725034 0.556244
vt 0.721547 0.556244
vt 0.725034 0.559366
vt 0.725034 0.559366
vt 0.725034 0.556244
vt 0.721547 0.556244
vt 0.712045 0.556244
vt 0.708557 0.556244
vt 0.708557 0.556244
vt 0.712045 0.556244
vt 0.720641 0.560996
vt 0.720641 0.560996
vt 0.718877 0.560996
vt 0.714715 0.560996
vt 0.711772 0.560996
vt 0.711772 0.560996
vt 0.714715 0.560996
vt 0.718877 0.560996
vt 0.714604 0.533816
vt 0.714604 0.568051
vt 0.697735 0.533816
vt 0.697735 0.568051
vt 0.680867 0.533816
vt 0.680867 0.568051
vt 0.673880 0.533816
vt 0.673880 0.568051
vt 0.680867 0.533816
vt 0.680867 0.568051
vt 0.697735 0.533816
vt 0.697735 0.568051
vt 0.714604 0.533816
vt 0.714604 0.568051
vt 0.721591 0.533816
vt 0.721591 0.568051
vt 0.697735 0.581528
vt 0.670503 0.605927
vt 0.670658 0.605927
vt 0.669505 0.605927
vt 0.670503 0.605927
vt 0.670082 0.605927
vt 0.666232 0.605389
vt 0.666232 0.603637
vt 0.665726 0.605389
vt 0.665726 0.603637
vt 0.666232 0.605389
vt 0.666232 0.603637
vt 0.667616 0.605389
vt 0.667616 0.603637
vt 0.669505 0.605389
vt 0.669505 0.603637
vt 0.671395 0.605389
vt 0.671395 0.603637
vt 0.672778 0.605389
vt 0.672778 0.603637
vt 0.673285 0.605389
vt 0.673285 0.603637
vt 0.672778 0.605389
vt 0.672778 0.603637
vt 0.670668 0.603098
vt 0.670668 0.602694
vt 0.669505 0.603098
vt 0.669505 0.602694
vt 0.668343 0.603098
vt 0.668343 0.602694
vt 0.667491 0.603098
vt 0.667491 0.602694
vt 0.667180 0.603098
vt 0.667180 0.602694
vt 0.667491 0.603098
vt 0.667491 0.602694
vt 0.668343 0.603098
vt 0.668343 0.602694
vt 0.669505 0.603098
vt 0.669505 0.602694
vt 0.670668 0.603098
vt 0.670668 0.602694
vt 0.671520 0.603098
vt 0.671520 0.602694
vt 0.671831 0.603098
vt 0.671831 0.602694
vt 0.671520 0.603098
vt 0.671520 0.602694
vt 0.671008 0.605389
vt 0.671008 0.602694
vt 0.671241 0.605389
vt 0.671241 0.602694
vt 0.671008 0.605389
vt 0.671008 0.602694
vt 0.670373 0.605389
vt 0.670373 0.602694
vt 0.669505 0.605389
vt 0.669505 0.602694
vt 0.668638 0.605389
vt 0.668638 0.602694
vt 0.668003 0.605389
vt 0.668003 0.602694
vt 0.667770 0.605389
vt 0.667770 0.602694
vt 0.668003 0.605389
vt 0.668003 0.602694
vt 0.668638 0.605389
vt 0.668638 0.602694
vt 0.669505 0.605389
vt 0.669505 0.602694
vt 0.670373 0.605389
vt 0.670373 0.602694
vt 0.672410 0.603256
vt 0.672859 0.603256
vt 0.672410 0.603256
vt 0.671182 0.603256
vt 0.669505 0.603256
vt 0.667829 0.603256
vt 0.666601 0.603256
vt 0.666152 0.603256
vt 0.666601 0.603256
vt 0.667829 0.603256
vt 0.669505 0.603256
vt 0.671182 0.603256
vt 0.734989 0.593132
vt 0.734989 0.543351
vt 0.718785 0.593132
vt 0.718785 0.543351
vt 0.696651 0.593132
vt 0.696651 0.543351
vt 0.674516 0.593132
vt 0.674516 0.543351
vt 0.658312 0.593132
vt 0.658312 0.543351
vt 0.730672 0.532522
vt 0.716293 0.532522
vt 0.696651 0.532522
vt 0.677008 0.532522
vt 0.662629 0.532522
vt 0.668508 0.605927
vt 0.668353 0.605927
vt 0.668508 0.605927
vt 0.668929 0.605927
vt 0.667996 0.605927
vt 0.667490 0.605928
vt 0.667763 0.605927
vt 0.667178 0.605928
vt 0.667996 0.605927
vt 0.667490 0.605928
vt 0.668634 0.605927
vt 0.668342 0.605928
vt 0.669505 0.605927
vt 0.669505 0.605928
vt 0.670377 0.605927
vt 0.670669 0.605928
vt 0.671015 0.605927
vt 0.671521 0.605928
vt 0.671248 0.605927
vt 0.671833 0.605928
vt 0.671015 0.605927
vt 0.671521 0.605928
vt 0.670377 0.605927
vt 0.670669 0.605928
vt 0.669505 0.605927
vt 0.669505 0.605928
vt 0.668634 0.605927
vt 0.668342 0.605928
vt 0.672410 0.605770
vt 0.672859 0.605770
vt 0.672410 0.605770
vt 0.671182 0.605770
vt 0.669505 0.605770
vt 0.667829 0.605770
vt 0.666601 0.605770
vt 0.666152 0.605770
vt 0.666601 0.605770
vt 0.667829 0.605770
vt 0.669505 0.605770
vt 0.671182 0.605770
vt 0.730672 0.603961
vt 0.716293 0.603961
vt 0.696651 0.603961
vt 0.677008 0.603961
vt 0.662629 0.603961
vt 0.669505 0.605927
vt 0.668929 0.605927
vt 0.670082 0.606466
vt 0.670377 0.606466
vt 0.669505 0.606466
vt 0.669505 0.606466
vt 0.668929 0.606466
vt 0.668634 0.606466
vt 0.668508 0.606466
vt 0.667996 0.606466
vt 0.668353 0.606466
vt 0.667763 0.606466
vt 0.668508 0.606466
vt 0.667996 0.606466
vt 0.668929 0.606466
vt 0.668634 0.606466
vt 0.669505 0.606466
vt 0.669505 0.606466
vt 0.670082 0.606466
vt 0.670377 0.606466
vt 0.670503 0.606466
vt 0.671015 0.606466
vt 0.670658 0.606466
vt 0.671248 0.606466
vt 0.670503 0.606466
vt 0.671015 0.606466
vt 0.670082 0.605927
vt 0.669505 0.605927
vt 0.508031 0.748505
vt 0.631015 0.748505
vt 0.508759 0.805108
vt 0.629931 0.805108
vt 0.509487 0.865759
vt 0.628848 0.865759
vt 0.510943 0.932136
vt 0.626681 0.932136
vt 0.510943 0.962532
vt 0.624656 0.962532
vt 0.510943 0.984783
vt 0.624149 0.984783
vt 0.510943 0.992928
vt 0.623803 0.992928
vt 0.688547 0.585153
vt 0.721361 0.585153
vt 0.688547 0.581921
vt 0.721459 0.581921
vt 0.688547 0.576649
vt 0.721603 0.576649
vt 0.688547 0.569449
vt 0.722176 0.569449
vt 0.688547 0.567423
vt 0.722463 0.567423
vt 0.688547 0.562755
vt 0.722606 0.562755
vt 0.725573 0.580118
vt 0.725731 0.576199
vt 0.726365 0.570845
vt 0.726365 0.570845
vt 0.726840 0.562020
vt 0.727042 0.559297
vt 0.727062 0.556543
vt 0.727381 0.548470
vt 0.727285 0.548481
vt 0.727720 0.538898
vt 0.727720 0.538898
vt 0.725731 0.576199
vt 0.725573 0.580118
vt 0.725465 0.581552
vt 0.726681 0.565491
vt 0.726365 0.570845
vt 0.727287 0.548481
vt 0.727720 0.538898
vt 0.688319 0.538898
vt 0.688319 0.538898
vt 0.688319 0.548481
vt 0.688547 0.548470
vt 0.688775 0.556543
vt 0.688775 0.559297
vt 0.689230 0.562020
vt 0.689230 0.570845
vt 0.689230 0.570845
vt 0.689230 0.576199
vt 0.689230 0.580118
vt 0.688319 0.538898
vt 0.688319 0.548481
vt 0.689230 0.576199
vt 0.689230 0.570845
vt 0.689230 0.565491
vt 0.689230 0.581552
vt 0.689230 0.580118
vt 0.688135 0.551644
vt 0.722808 0.551644
vt 0.687723 0.533852
vt 0.723010 0.533853
vt 0.628407 0.638166
vt 0.508370 0.638166
vt 0.628407 0.719068
vt 0.508370 0.719068
vt 0.628407 0.747704
vt 0.508370 0.747704
vt 0.510943 0.992928
vt 0.623803 0.992928
vt 0.510943 0.984783
vt 0.624149 0.984783
vt 0.510943 0.962532
vt 0.624656 0.962532
vt 0.510943 0.932136
vt 0.626681 0.932136
vt 0.509487 0.865759
vt 0.628848 0.865759
vt 0.508759 0.805108
vt 0.629931 0.805108
vt 0.508031 0.748505
vt 0.631015 0.748505
vt 0.681412 0.562755
vt 0.647353 0.562755
vt 0.681412 0.567423
vt 0.647496 0.567423
vt 0.681412 0.569449
vt 0.647783 0.569449
vt 0.681412 0.576649
vt 0.648356 0.576649
vt 0.681412 0.581921
vt 0.648500 0.581921
vt 0.681412 0.585153
vt 0.648598 0.585153
vt 0.642173 0.538898
vt 0.642173 0.538898
vt 0.642608 0.548481
vt 0.642512 0.548470
vt 0.642830 0.556543
vt 0.642850 0.559297
vt 0.643053 0.562020
vt 0.643528 0.570845
vt 0.643528 0.570845
vt 0.644161 0.576199
vt 0.644320 0.580118
vt 0.644161 0.576199
vt 0.643528 0.570845
vt 0.643211 0.565491
vt 0.644428 0.581552
vt 0.644320 0.580118
vt 0.680661 0.580118
vt 0.680661 0.576199
vt 0.680661 0.570845
vt 0.680661 0.570845
vt 0.680661 0.562020
vt 0.681117 0.559297
vt 0.681117 0.556543
vt 0.681344 0.548470
vt 0.681572 0.548481
vt 0.681572 0.538898
vt 0.681572 0.538898
vt 0.680661 0.576199
vt 0.680661 0.580118
vt 0.680661 0.581552
vt 0.680661 0.565491
vt 0.680661 0.570845
vt 0.647151 0.551644
vt 0.681824 0.551644
vt 0.646949 0.533853
vt 0.682236 0.533852
vt 0.508370 0.719068
vt 0.628407 0.719068
vt 0.508370 0.638166
vt 0.628407 0.638166
vt 0.661655 0.589754
vt 0.664118 0.592154
vt 0.663425 0.589754
vt 0.681572 0.548481
vt 0.681572 0.538898
vt 0.642605 0.548481
vt 0.642173 0.538898
vt 0.508370 0.747704
vt 0.628407 0.747704
vt 0.721863 0.547261
vt 0.725879 0.548014
vt 0.725303 0.550146
vt 0.729259 0.549323
vt 0.728685 0.551347
vt 0.731015 0.551137
vt 0.730511 0.552834
vt 0.718276 0.547265
vt 0.721349 0.549335
vt 0.720573 0.551918
vt 0.724309 0.552897
vt 0.723095 0.556018
vt 0.727638 0.553983
vt 0.726572 0.556931
vt 0.728357 0.558086
vt 0.717849 0.549090
vt 0.717304 0.551145
vt 0.715711 0.549771
vt 0.715368 0.551473
vt 0.715318 0.551126
vt 0.715015 0.552615
vt 0.716860 0.553298
vt 0.716386 0.554872
vt 0.720490 0.554584
vt 0.719833 0.556520
vt 0.719483 0.554837
vt 0.716407 0.553113
vt 0.714800 0.553180
vt 0.714642 0.554165
vt 0.715847 0.556336
vt 0.718837 0.558872
vt 0.723582 0.557484
vt 0.724463 0.555394
vt 0.720670 0.553681
vt 0.724698 0.554469
vt 0.717067 0.552262
vt 0.717274 0.551614
vt 0.715703 0.549053
vt 0.715510 0.549896
vt 0.716088 0.546935
vt 0.716043 0.548170
vt 0.718439 0.545421
vt 0.722177 0.545327
vt 0.726348 0.546109
vt 0.729834 0.547557
vt 0.731520 0.549828
vt 0.731076 0.551989
vt 0.730670 0.552966
vt 0.728642 0.553601
vt 0.728335 0.554320
vt 0.724933 0.553931
vt 0.720850 0.553166
vt 0.720599 0.562253
vt 0.724019 0.562862
vt 0.725749 0.563632
vt 0.728115 0.559241
vt 0.725451 0.564402
vt 0.723666 0.565011
vt 0.721289 0.569868
vt 0.720168 0.564943
vt 0.717887 0.569834
vt 0.717115 0.563364
vt 0.715394 0.567857
vt 0.712437 0.565859
vt 0.711737 0.569974
vt 0.706575 0.569974
vt 0.706575 0.574724
vt 0.703270 0.569974
vt 0.703270 0.574724
vt 0.702060 0.569974
vt 0.702060 0.574724
vt 0.703270 0.569974
vt 0.703270 0.574724
vt 0.706575 0.569974
vt 0.706575 0.574724
vt 0.711091 0.574724
vt 0.707785 0.578839
vt 0.711091 0.578839
vt 0.730264 0.554331
vt 0.728028 0.555426
vt 0.729220 0.556594
vt 0.727062 0.557569
vt 0.726043 0.560155
vt 0.722449 0.560052
vt 0.729448 0.555269
vt 0.714731 0.559511
vt 0.714071 0.557167
vt 0.714135 0.556738
vt 0.715272 0.557096
vt 0.717546 0.560675
vt 0.718103 0.568489
vt 0.721466 0.568793
vt 0.722652 0.569178
vt 0.712437 0.565859
vt 0.715609 0.566512
vt 0.711737 0.569974
vt 0.713672 0.572349
vt 0.715607 0.574724
vt 0.714397 0.578839
vt 0.705365 0.578839
vt 0.704480 0.578839
vt 0.707735 0.580885
vt 0.708185 0.580885
vt 0.711091 0.581527
vt 0.707785 0.578839
vt 0.705365 0.578839
vt 0.709413 0.580885
vt 0.708185 0.580885
vt 0.715607 0.574724
vt 0.714397 0.578839
vt 0.718913 0.574724
vt 0.716817 0.578839
vt 0.720364 0.574724
vt 0.713997 0.580885
vt 0.714447 0.580885
vt 0.713997 0.580885
vt 0.712769 0.580885
vt 0.722787 0.569563
vt 0.713672 0.572349
vt 0.711091 0.574724
vt 0.711091 0.578839
vt 0.711091 0.580885
vt 0.712806 0.563853
vt 0.712928 0.563171
vt 0.712806 0.563853
vt 0.717703 0.578839
vt 0.704480 0.565859
vt 0.705365 0.565859
vt 0.707958 0.563853
vt 0.708378 0.563853
vt 0.709525 0.563853
vt 0.707785 0.565859
vt 0.709525 0.563853
vt 0.708378 0.563853
vt 0.705365 0.565859
vt 0.712565 0.579318
vt 0.712565 0.579318
vt 0.686990 0.579318
vt 0.686990 0.579318
vt 0.661415 0.579318
vt 0.661415 0.579318
vt 0.076122 0.945686
vt 0.092930 0.962059
vt 0.088206 0.945686
vt 0.061607 0.852013
vt 0.070670 0.852013
vt 0.249767 0.852013
vt 0.249767 0.945686
vt 0.428865 0.852013
vt 0.411329 0.945686
vt 0.437927 0.852013
vt 0.423412 0.945686
vt 0.712547 0.589754
vt 0.714674 0.576018
vt 0.710776 0.589754
vt 0.713346 0.576018
vt 0.687101 0.589754
vt 0.687101 0.576018
vt 0.660856 0.576018
vt 0.659528 0.576018
vt 0.715305 0.577895
vt 0.715305 0.577895
vt 0.658674 0.577895
vt 0.658674 0.577895
vt 0.406604 0.962059
vt 0.249767 0.962059
vt 0.687101 0.592154
vt 0.710084 0.592154
vt 0.717672 0.569755
vt 0.717672 0.569755
vt 0.656307 0.569755
vt 0.656307 0.569755
vt 0.481472 0.570992
vt 0.481472 0.528480
vt 0.249767 0.570992
vt 0.249767 0.528480
vt 0.018062 0.570992
vt 0.018062 0.528480
vt 0.035598 0.664666
vt 0.053134 0.758340
vt 0.249767 0.664666
vt 0.249767 0.758340
vt 0.463937 0.664666
vt 0.446401 0.758340
vt 0.466957 0.664666
vt 0.452442 0.758340
vt 0.047092 0.758340
vt 0.032577 0.664666
vt 0.733584 0.540145
vt 0.733048 0.543062
vt 0.730500 0.545198
vt 0.726620 0.545980
vt 0.722450 0.545198
vt 0.719106 0.543062
vt 0.717484 0.540145
vt 0.718019 0.537227
vt 0.720567 0.535091
vt 0.724447 0.534310
vt 0.728617 0.535091
vt 0.731962 0.537227
vt 0.725534 0.540145
vt 0.658795 0.572349
vt 0.660730 0.569974
vt 0.661376 0.574724
vt 0.665892 0.569974
vt 0.665892 0.574724
vt 0.669197 0.569974
vt 0.669197 0.574724
vt 0.656860 0.574724
vt 0.661376 0.578839
vt 0.658070 0.578839
vt 0.664682 0.578839
vt 0.653146 0.528580
vt 0.653146 0.534813
vt 0.687101 0.528580
vt 0.687101 0.534813
vt 0.721055 0.528580
vt 0.721055 0.534813
vt 0.716801 0.562283
vt 0.715915 0.562283
vt 0.687101 0.562283
vt 0.658286 0.562283
vt 0.718928 0.548548
vt 0.718485 0.548548
vt 0.687101 0.548548
vt 0.655716 0.548548
vt 0.655273 0.548548
vt 0.657400 0.562283
vt 0.724773 0.541640
vt 0.724773 0.541640
vt 0.724773 0.545335
vt 0.724773 0.545335
vt 0.722406 0.553475
vt 0.722406 0.553475
vt 0.720039 0.561615
vt 0.720039 0.561615
vt 0.649207 0.541640
vt 0.649207 0.541640
vt 0.649207 0.545335
vt 0.649207 0.545335
vt 0.651574 0.553475
vt 0.651574 0.553475
vt 0.653940 0.561615
vt 0.653940 0.561615
vt 0.714639 0.561600
vt 0.714639 0.561600
vt 0.686990 0.561600
vt 0.686990 0.561600
vt 0.659341 0.561600
vt 0.659341 0.561600
vt 0.686990 0.541640
vt 0.686990 0.541640
vt 0.719876 0.541640
vt 0.719876 0.541640
vt 0.686990 0.541640
vt 0.686990 0.541640
vt 0.654104 0.541640
vt 0.654104 0.541640
vt 0.643208 0.549323
vt 0.641452 0.551137
vt 0.642633 0.547557
vt 0.640947 0.549828
vt 0.638883 0.540145
vt 0.641391 0.551989
vt 0.639418 0.543062
vt 0.646588 0.548014
vt 0.646119 0.546109
vt 0.650603 0.547261
vt 0.650290 0.545327
vt 0.654191 0.547265
vt 0.654028 0.545421
vt 0.656424 0.548170
vt 0.656379 0.546935
vt 0.656957 0.549896
vt 0.656764 0.549053
vt 0.657825 0.554165
vt 0.657667 0.553180
vt 0.657099 0.551473
vt 0.655163 0.551145
vt 0.656756 0.549771
vt 0.648158 0.552897
vt 0.647164 0.550146
vt 0.651894 0.551918
vt 0.651117 0.549335
vt 0.654618 0.549090
vt 0.643782 0.551347
vt 0.644829 0.553983
vt 0.641956 0.552834
vt 0.643019 0.555269
vt 0.642203 0.554331
vt 0.643247 0.556594
vt 0.644439 0.555426
vt 0.645405 0.557569
vt 0.648004 0.555394
vt 0.648885 0.557484
vt 0.651977 0.554584
vt 0.652634 0.556520
vt 0.641797 0.552966
vt 0.641967 0.545198
vt 0.643825 0.553601
vt 0.644132 0.554320
vt 0.649372 0.556018
vt 0.652984 0.554837
vt 0.656060 0.553113
vt 0.658332 0.556738
vt 0.658396 0.557167
vt 0.657736 0.559511
vt 0.660030 0.565859
vt 0.655352 0.563364
vt 0.657073 0.567857
vt 0.654579 0.569834
vt 0.656860 0.574724
vt 0.651178 0.569868
vt 0.653554 0.574724
vt 0.649680 0.569563
vt 0.652103 0.574724
vt 0.649815 0.569178
vt 0.653554 0.574724
vt 0.651001 0.568793
vt 0.654364 0.568489
vt 0.656858 0.566512
vt 0.654921 0.560675
vt 0.647534 0.553931
vt 0.647769 0.554469
vt 0.645846 0.545980
vt 0.650017 0.545198
vt 0.651617 0.553166
vt 0.651797 0.553681
vt 0.653361 0.543062
vt 0.655193 0.551614
vt 0.655400 0.552262
vt 0.655607 0.553298
vt 0.656081 0.554872
vt 0.653630 0.558872
vt 0.650018 0.560052
vt 0.646424 0.560155
vt 0.644352 0.559241
vt 0.644109 0.558086
vt 0.645895 0.556931
vt 0.651868 0.562253
vt 0.657195 0.557096
vt 0.660030 0.565859
vt 0.664682 0.565859
vt 0.667102 0.565859
vt 0.667987 0.565859
vt 0.670407 0.569974
vt 0.667102 0.565859
vt 0.669197 0.569974
vt 0.664682 0.565859
vt 0.665892 0.569974
vt 0.660730 0.569974
vt 0.658795 0.572349
vt 0.661376 0.574724
vt 0.658070 0.578839
vt 0.661376 0.578839
vt 0.659698 0.580885
vt 0.661376 0.580885
vt 0.661376 0.581527
vt 0.663054 0.580885
vt 0.664282 0.580885
vt 0.664682 0.578839
vt 0.667102 0.578839
vt 0.665892 0.574724
vt 0.669197 0.574724
vt 0.654983 0.540145
vt 0.657149 0.551126
vt 0.657452 0.552615
vt 0.656620 0.556336
vt 0.652299 0.564943
vt 0.648801 0.565011
vt 0.647016 0.564402
vt 0.654448 0.537227
vt 0.651900 0.535091
vt 0.648020 0.534310
vt 0.643850 0.535091
vt 0.640505 0.537227
vt 0.659662 0.563853
vt 0.659539 0.563171
vt 0.659662 0.563853
vt 0.648448 0.562862
vt 0.646718 0.563632
vt 0.662942 0.563853
vt 0.664089 0.563853
vt 0.664509 0.563853
vt 0.664089 0.563853
vt 0.662942 0.563853
vt 0.670407 0.574724
vt 0.667102 0.578839
vt 0.667987 0.578839
vt 0.655650 0.578839
vt 0.654764 0.578839
vt 0.655650 0.578839
vt 0.664732 0.580885
vt 0.664282 0.580885
vt 0.663054 0.580885
vt 0.661376 0.580885
vt 0.659698 0.580885
vt 0.658470 0.580885
vt 0.658020 0.580885
vt 0.658470 0.580885
vt 0.707785 0.565859
vt 0.716817 0.578839
vt 0.718913 0.574724
vt 0.712769 0.580885
vt 0.711091 0.580885
vt 0.709413 0.580885
vt 0.646933 0.540145
vt 0.609114 0.562844
vt 0.607160 0.567359
vt 0.605672 0.562719
vt 0.603888 0.566740
vt 0.602190 0.562764
vt 0.600370 0.566797
vt 0.599586 0.564036
vt 0.597753 0.568056
vt 0.601005 0.565993
vt 0.599333 0.569662
vt 0.604185 0.566765
vt 0.602605 0.570281
vt 0.607892 0.566164
vt 0.606122 0.570224
vt 0.610775 0.564200
vt 0.608740 0.568965
vt 0.611535 0.557933
vt 0.610020 0.562970
vt 0.613962 0.558038
vt 0.612254 0.563713
vt 0.615753 0.559268
vt 0.611045 0.567499
vt 0.612876 0.561413
vt 0.613922 0.565354
vt 0.606015 0.562306
vt 0.604184 0.568392
vt 0.598791 0.561152
vt 0.596960 0.567238
vt 0.595131 0.558886
vt 0.593300 0.564972
vt 0.596103 0.557708
vt 0.594395 0.563383
vt 0.597901 0.557680
vt 0.596385 0.562718
vt 0.610428 0.565289
vt 0.612260 0.559203
vt 0.608526 0.566707
vt 0.610358 0.560622
vt 0.603990 0.567298
vt 0.605821 0.561212
vt 0.599214 0.566535
vt 0.601045 0.560449
vt 0.596794 0.565037
vt 0.598625 0.558951
vt 0.521461 0.562719
vt 0.523246 0.566740
vt 0.518020 0.562844
vt 0.519973 0.567359
vt 0.516359 0.564200
vt 0.518394 0.568965
vt 0.519242 0.566164
vt 0.521011 0.570224
vt 0.522948 0.566765
vt 0.524529 0.570281
vt 0.526129 0.565993
vt 0.527801 0.569662
vt 0.527548 0.564036
vt 0.529380 0.568056
vt 0.524944 0.562764
vt 0.526763 0.566797
vt 0.517114 0.562970
vt 0.515598 0.557933
vt 0.514879 0.563713
vt 0.513172 0.558038
vt 0.513212 0.565354
vt 0.511380 0.559268
vt 0.516089 0.567499
vt 0.514257 0.561413
vt 0.522949 0.568392
vt 0.521118 0.562306
vt 0.530173 0.567238
vt 0.528342 0.561152
vt 0.533833 0.564972
vt 0.532002 0.558886
vt 0.532738 0.563383
vt 0.531031 0.557708
vt 0.530749 0.562718
vt 0.529233 0.557680
vt 0.514874 0.559203
vt 0.516705 0.565289
vt 0.516776 0.560622
vt 0.518607 0.566707
vt 0.521312 0.561212
vt 0.523143 0.567298
vt 0.526089 0.560449
vt 0.527920 0.566535
vt 0.528509 0.558951
vt 0.530340 0.565037
vt 0.670330 0.546544
vt 0.668440 0.554042
vt 0.670330 0.554042
vt 0.668440 0.552234
vt 0.670330 0.552234
vt 0.668440 0.550276
vt 0.670330 0.550276
vt 0.661823 0.552234
vt 0.661823 0.550276
vt 0.662768 0.552234
vt 0.662768 0.550276
vt 0.664659 0.552234
vt 0.664659 0.550276
vt 0.666549 0.552234
vt 0.666549 0.550276
vt 0.657097 0.545453
vt 0.658987 0.550276
vt 0.657097 0.550276
vt 0.658987 0.552234
vt 0.657097 0.552234
vt 0.658987 0.554042
vt 0.657097 0.554042
vt 0.660878 0.556423
vt 0.673428 0.547436
vt 0.658987 0.545453
vt 0.660878 0.550276
vt 0.660878 0.552234
vt 0.660878 0.554042
vt 0.661823 0.545453
vt 0.662768 0.545453
vt 0.664659 0.546766
vt 0.666549 0.547864
vt 0.667494 0.547864
vt 0.660878 0.545453
vt 0.661823 0.554042
vt 0.662768 0.554042
vt 0.662768 0.556423
vt 0.664659 0.554042
vt 0.666549 0.556423
vt 0.666549 0.554042
vt 0.668440 0.547864
vt 0.669385 0.546658
vt 0.670330 0.545453
vt 0.655206 0.554042
vt 0.655206 0.552234
vt 0.655206 0.550276
vt 0.655206 0.545453
vt 0.670330 0.546544
vt 0.655206 0.556423
vt 0.664659 0.545453
vt 0.667232 0.547436
vt 0.669782 0.550938
vt 0.669436 0.556423
vt 0.675417 0.556423
vt 0.665312 0.550938
vt 0.656801 0.556423
vt 0.656003 0.550938
vt 0.662966 0.556260
vt 0.662180 0.550856
vt 0.685455 0.556423
vt 0.685455 0.556423
vt 0.685455 0.554042
vt 0.685455 0.554042
vt 0.685455 0.552234
vt 0.685455 0.552234
vt 0.685455 0.550276
vt 0.685455 0.550276
vt 0.685455 0.545453
vt 0.685455 0.547864
vt 0.670330 0.546658
vt 0.670330 0.547864
vt 0.670330 0.545453
vt 0.667232 0.547436
vt 0.669782 0.550938
vt 0.670330 0.546544
vt 0.670330 0.554042
vt 0.670330 0.552234
vt 0.670330 0.550276
vt 0.662180 0.550856
vt 0.656003 0.550938
vt 0.665312 0.550938
vt 0.673428 0.547436
vt 0.670929 0.545453
vt 0.670929 0.545453
vt 0.670330 0.546544
vt 0.678370 0.550938
vt 0.671358 0.549522
vt 0.664347 0.548106
vt 0.685455 0.578365
vt 0.685455 0.572880
vt 0.685455 0.570137
vt 0.670330 0.559771
vt 0.685455 0.566023
vt 0.662768 0.553216
vt 0.685455 0.561909
vt 0.685455 0.545453
vt 0.700579 0.550938
vt 0.700579 0.545453
vt 0.708141 0.550938
vt 0.708141 0.545453
vt 0.715703 0.550938
vt 0.715703 0.545453
vt 0.685455 0.550938
vt 0.678540 0.545922
vt 0.676644 0.545905
vt 0.670330 0.549567
vt 0.670330 0.548195
vt 0.681912 0.550938
vt 0.681602 0.550556
vt 0.678340 0.550603
vt 0.681898 0.548028
vt 0.685455 0.545453
vt 0.679250 0.546437
vt 0.670330 0.549723
vt 0.681378 0.547981
vt 0.672999 0.549302
vt 0.655206 0.547687
vt 0.655206 0.545453
vt 0.685455 0.547639
vt 0.685455 0.545453
vt 0.685455 0.547440
vt 0.670330 0.546581
vt 0.685455 0.546665
vt 0.670330 0.550252
vt 0.678160 0.549531
vt 0.678630 0.549574
vt 0.679673 0.549498
vt 0.655206 0.546064
vt 0.655206 0.546064
vt 0.670330 0.548195
vt 0.655206 0.546376
vt 0.655584 0.545453
vt 0.685215 0.546037
vt 0.685455 0.545453
vt 0.676700 0.580676
vt 0.677892 0.578365
vt 0.676104 0.580460
vt 0.674111 0.578365
vt 0.675508 0.580243
vt 0.670330 0.578365
vt 0.676104 0.580460
vt 0.674111 0.578365
vt 0.676700 0.580676
vt 0.677892 0.578365
vt 0.677079 0.580813
vt 0.679783 0.578365
vt 0.677457 0.580950
vt 0.681674 0.578365
vt 0.677892 0.581108
vt 0.685455 0.578365
vt 0.681025 0.582244
vt 0.685455 0.581108
vt 0.685455 0.583851
vt 0.685455 0.583851
vt 0.685088 0.588651
vt 0.685455 0.589336
vt 0.685035 0.545453
vt 0.685258 0.545453
vt 0.685034 0.545508
vt 0.685260 0.545575
vt 0.685277 0.546790
vt 0.670330 0.548007
vt 0.662768 0.545453
vt 0.673517 0.548226
vt 0.673528 0.550258
vt 0.670330 0.550595
vt 0.677052 0.550307
vt 0.673932 0.550600
vt 0.679100 0.550192
vt 0.679924 0.549583
vt 0.680763 0.550070
vt 0.680827 0.550107
vt 0.679148 0.550166
vt 0.677533 0.550262
vt 0.680462 0.549526
vt 0.678325 0.549752
vt 0.678325 0.549752
vt 0.677525 0.549836
vt 0.676726 0.549920
vt 0.677130 0.550091
vt 0.676700 0.580676
vt 0.675508 0.580243
vt 0.685455 0.583851
vt 0.681025 0.582244
vt 0.677892 0.581108
vt 0.677892 0.581108
vt 0.677457 0.580950
vt 0.677079 0.580813
vt 0.685088 0.588651
vt 0.685088 0.588651
vt 0.685455 0.583851
vt 0.685455 0.550938
vt 0.685455 0.548195
vt 0.685455 0.589336
vt 0.685356 0.546824
vt 0.685258 0.545453
vt 0.685277 0.546790
vt 0.685260 0.545575
vt 0.678744 0.550384
vt 0.681183 0.550313
vt 0.676979 0.554317
vt 0.660861 0.546433
vt 0.683576 0.550372
vt 0.685455 0.545453
vt 0.655206 0.545453
vt 0.685035 0.545453
vt 0.685027 0.545691
vt 0.685034 0.545508
vt 0.685023 0.545806
vt 0.685081 0.545757
vt 0.684950 0.547981
vt 0.683975 0.548876
vt 0.655206 0.545453
vt 0.685455 0.545453
vt 0.684905 0.549305
vt 0.683121 0.549245
vt 0.685080 0.550825
vt 0.685297 0.548128
vt 0.656329 0.547771
vt 0.685455 0.547344
vt 0.656353 0.545453
vt 0.655206 0.555562
vt 0.668619 0.545453
vt 0.662846 0.555993
vt 0.676800 0.556423
vt 0.681623 0.578688
vt 0.679249 0.583251
vt 0.683196 0.585951
vt 0.676352 0.577851
vt 0.681405 0.583251
vt 0.670558 0.567052
vt 0.677823 0.577851
vt 0.664764 0.556252
vt 0.681455 0.583251
vt 0.672105 0.556423
vt 0.655206 0.545453
vt 0.682402 0.548724
vt 0.670330 0.545453
vt 0.673528 0.548251
vt 0.670330 0.550938
vt 0.674335 0.550770
vt 0.682002 0.545453
vt 0.685455 0.545453
vt 0.659479 0.550358
vt 0.656362 0.545514
vt 0.678801 0.546709
vt 0.685455 0.583851
vt 0.685455 0.581108
vt 0.681674 0.578365
vt 0.679783 0.578365
vt 0.666549 0.545453
vt 0.675858 0.545453
vt 0.655206 0.545453
vt 0.668440 0.545453
vt 0.685455 0.545453
vt 0.668354 0.545453
vt 0.683543 0.551801
vt 0.655206 0.551202
vt 0.684509 0.556423
vt 0.685455 0.556423
vt 0.684509 0.554042
vt 0.685455 0.554042
vt 0.684509 0.552234
vt 0.685455 0.552234
vt 0.684509 0.550276
vt 0.685455 0.550276
vt 0.684509 0.547864
vt 0.685455 0.547864
vt 0.670330 0.546544
vt 0.670330 0.554042
vt 0.668440 0.554042
vt 0.670330 0.552234
vt 0.668440 0.552234
vt 0.670330 0.550276
vt 0.668440 0.550276
vt 0.661823 0.550276
vt 0.661823 0.552234
vt 0.662768 0.550276
vt 0.662768 0.552234
vt 0.664659 0.550276
vt 0.664659 0.552234
vt 0.666549 0.550276
vt 0.666549 0.552234
vt 0.658987 0.545453
vt 0.657097 0.545453
vt 0.658987 0.550276
vt 0.657097 0.550276
vt 0.658987 0.552234
vt 0.657097 0.552234
vt 0.658987 0.554042
vt 0.657097 0.554042
vt 0.660878 0.556423
vt 0.673428 0.547436
vt 0.655206 0.545453
vt 0.655206 0.550276
vt 0.655206 0.552234
vt 0.655206 0.554042
vt 0.660878 0.550276
vt 0.660878 0.552234
vt 0.660878 0.554042
vt 0.655206 0.556423
vt 0.670330 0.546544
vt 0.661823 0.554042
vt 0.662768 0.554042
vt 0.664659 0.554042
vt 0.666549 0.554042
vt 0.664659 0.545453
vt 0.662768 0.545453
vt 0.664659 0.546766
vt 0.667494 0.547864
vt 0.666549 0.547864
vt 0.661823 0.545453
vt 0.660878 0.545453
vt 0.671276 0.550276
vt 0.670330 0.550276
vt 0.671276 0.552234
vt 0.670330 0.552234
vt 0.671276 0.554042
vt 0.670330 0.554042
vt 0.677892 0.545998
vt 0.670330 0.546544
vt 0.669955 0.548195
vt 0.671325 0.546444
vt 0.669782 0.550938
vt 0.667232 0.547436
vt 0.661787 0.548154
vt 0.655605 0.548195
vt 0.662180 0.550856
vt 0.656003 0.550938
vt 0.660259 0.548195
vt 0.665312 0.550938
vt 0.669336 0.546444
vt 0.673428 0.547436
vt 0.670929 0.545453
vt 0.663067 0.545453
vt 0.670330 0.546544
vt 0.662768 0.545998
vt 0.665312 0.550938
vt 0.675417 0.556423
vt 0.662180 0.550856
vt 0.656003 0.550938
vt 0.662966 0.556260
vt 0.656801 0.556423
vt 0.669436 0.556423
vt 0.669782 0.550938
vt 0.666549 0.556423
vt 0.667232 0.547436
vt 0.685455 0.556423
vt 0.685455 0.554042
vt 0.685455 0.552234
vt 0.685455 0.550276
vt 0.685455 0.545453
vt 0.670330 0.545453
vt 0.670330 0.547864
vt 0.670330 0.545453
vt 0.670330 0.546658
vt 0.670929 0.545453
vt 0.668440 0.547864
vt 0.669385 0.546658
vt 0.678370 0.550938
vt 0.671358 0.549522
vt 0.664347 0.548106
vt 0.685455 0.550938
vt 0.685455 0.545453
vt 0.700579 0.550938
vt 0.700579 0.545453
vt 0.708141 0.550938
vt 0.708141 0.545453
vt 0.715703 0.550938
vt 0.715703 0.545453
vt 0.655206 0.548302
vt 0.670330 0.548195
vt 0.655206 0.547658
vt 0.655206 0.546064
vt 0.655206 0.547268
vt 0.655206 0.546471
vt 0.670330 0.548195
vt 0.676644 0.545905
vt 0.670330 0.549567
vt 0.678540 0.545922
vt 0.681602 0.550556
vt 0.681912 0.550938
vt 0.678340 0.550603
vt 0.681898 0.548028
vt 0.685455 0.545453
vt 0.655206 0.545453
vt 0.655206 0.548215
vt 0.662768 0.548215
vt 0.655206 0.550978
vt 0.662768 0.545453
vt 0.679250 0.546437
vt 0.670330 0.549723
vt 0.681378 0.547981
vt 0.672999 0.549302
vt 0.677892 0.545453
vt 0.677892 0.545453
vt 0.677892 0.545453
vt 0.685455 0.545453
vt 0.655206 0.545453
vt 0.685455 0.547639
vt 0.655206 0.547687
vt 0.685455 0.549092
vt 0.655206 0.549116
vt 0.685455 0.550545
vt 0.655206 0.549867
vt 0.682002 0.545453
vt 0.670330 0.545453
vt 0.685455 0.546665
vt 0.670330 0.546581
vt 0.685455 0.547440
vt 0.685455 0.547848
vt 0.670330 0.548195
vt 0.655206 0.548302
vt 0.676625 0.545912
vt 0.676644 0.545905
vt 0.655206 0.546064
vt 0.655206 0.546471
vt 0.655206 0.546877
vt 0.655206 0.546877
vt 0.685455 0.545453
vt 0.655584 0.545453
vt 0.685215 0.546037
vt 0.655206 0.546376
vt 0.676700 0.580676
vt 0.677892 0.581108
vt 0.685455 0.583851
vt 0.685088 0.588651
vt 0.684987 0.588651
vt 0.683272 0.585951
vt 0.679148 0.550166
vt 0.680763 0.550070
vt 0.680827 0.550107
vt 0.679924 0.549583
vt 0.680462 0.549526
vt 0.679673 0.549498
vt 0.679100 0.550192
vt 0.677533 0.550262
vt 0.676726 0.549920
vt 0.670330 0.550252
vt 0.677525 0.549836
vt 0.678160 0.549531
vt 0.678325 0.549752
vt 0.678630 0.549574
vt 0.678325 0.549752
vt 0.682402 0.548724
vt 0.683121 0.549245
vt 0.683576 0.550372
vt 0.681183 0.550313
vt 0.678744 0.550384
vt 0.673932 0.550600
vt 0.677052 0.550307
vt 0.673528 0.550258
vt 0.677130 0.550091
vt 0.673517 0.548226
vt 0.673528 0.548251
vt 0.674335 0.550770
vt 0.670330 0.550938
vt 0.670330 0.550595
vt 0.660861 0.546433
vt 0.676979 0.554317
vt 0.684950 0.547981
vt 0.684905 0.549305
vt 0.655206 0.545453
vt 0.675858 0.545453
vt 0.666549 0.545453
vt 0.685455 0.545453
vt 0.655206 0.545453
vt 0.683975 0.548876
vt 0.656353 0.545453
vt 0.685455 0.547344
vt 0.656329 0.547771
vt 0.655206 0.555562
vt 0.662846 0.555993
vt 0.668619 0.545453
vt 0.670485 0.556423
vt 0.672342 0.545453
vt 0.655206 0.545453
vt 0.672105 0.556423
vt 0.685080 0.550825
vt 0.685297 0.548128
vt 0.685455 0.550938
vt 0.685455 0.548195
vt 0.685356 0.546824
vt 0.662768 0.556423
vt 0.685455 0.561909
vt 0.662768 0.553216
vt 0.685455 0.566023
vt 0.670330 0.559771
vt 0.685455 0.570137
vt 0.685455 0.572880
vt 0.685027 0.545691
vt 0.655206 0.545453
vt 0.685455 0.545453
vt 0.685081 0.545757
vt 0.678801 0.546709
vt 0.656362 0.545514
vt 0.668440 0.545453
vt 0.663735 0.545453
vt 0.655206 0.545453
vt 0.660092 0.556423
vt 0.685455 0.545453
vt 0.656490 0.545453
vt 0.684338 0.551868
vt 0.655206 0.550668
vt 0.685455 0.545453
vt 0.655206 0.545453
vt 0.670321 0.546784
vt 0.685455 0.545453
vt 0.655591 0.545453
vt 0.683523 0.554060
vt 0.655206 0.552300
vt 0.683829 0.545453
vt 0.662494 0.545453
vt 0.677497 0.556423
vt 0.655206 0.555126
vt 0.655206 0.545453
vt 0.664488 0.550455
vt 0.677957 0.545453
vt 0.674774 0.555998
vt 0.685455 0.549067
vt 0.685455 0.545453
vt 0.655870 0.545453
vt 0.682377 0.550172
vt 0.655521 0.547280
vt 0.655206 0.548929
vt 0.685455 0.545453
vt 0.655206 0.545453
vt 0.685455 0.551461
vt 0.655206 0.551461
vt 0.685437 0.545453
vt 0.655206 0.545453
vt 0.685455 0.550438
vt 0.655224 0.550465
vt 0.655532 0.546508
vt 0.675738 0.553575
vt 0.670330 0.545453
vt 0.665795 0.545453
vt 0.655206 0.545453
vt 0.685129 0.546508
vt 0.680984 0.545453
vt 0.661507 0.545453
vt 0.672817 0.556423
vt 0.655206 0.554874
vt 0.673512 0.545453
vt 0.655206 0.545453
vt 0.680147 0.554792
vt 0.662689 0.556423
vt 0.670330 0.547865
vt 0.677233 0.545915
vt 0.685455 0.552766
vt 0.679423 0.554625
vt 0.655404 0.546778
vt 0.655206 0.547214
vt 0.676279 0.545453
vt 0.682288 0.545453
vt 0.673279 0.545453
vt 0.656075 0.545453
vt 0.672426 0.556423
vt 0.655206 0.556241
vt 0.668449 0.556178
vt 0.660962 0.552079
vt 0.655206 0.556423
vt 0.673477 0.545453
vt 0.685455 0.545453
vt 0.667727 0.550856
vt 0.685455 0.545453
vt 0.682421 0.548562
vt 0.655246 0.548558
vt 0.664413 0.545453
vt 0.660166 0.545453
vt 0.659038 0.556423
vt 0.655206 0.555773
vt 0.671170 0.545453
vt 0.655206 0.545453
vt 0.670811 0.556247
vt 0.659361 0.556423
vt 0.668185 0.545453
vt 0.655206 0.545453
vt 0.685455 0.551562
vt 0.673657 0.553450
vt 0.666228 0.556423
vt 0.670423 0.545453
vt 0.655206 0.545453
vt 0.685455 0.545453
vt 0.655713 0.545453
vt 0.681165 0.548313
vt 0.655206 0.546830
vt 0.685455 0.545453
vt 0.670330 0.547199
vt 0.668440 0.547199
vt 0.670330 0.548945
vt 0.666549 0.547199
vt 0.666549 0.548945
vt 0.662768 0.547199
vt 0.662768 0.548945
vt 0.658987 0.547199
vt 0.658987 0.548945
vt 0.655206 0.547199
vt 0.655206 0.548945
vt 0.674111 0.548945
vt 0.674111 0.547199
vt 0.677892 0.548945
vt 0.677892 0.547199
vt 0.681674 0.548945
vt 0.681674 0.547199
vt 0.685455 0.548945
vt 0.685455 0.547199
vt 0.658987 0.548945
vt 0.655206 0.548945
vt 0.662768 0.548945
vt 0.681674 0.548945
vt 0.666549 0.548945
vt 0.677892 0.548945
vt 0.670330 0.548945
vt 0.674111 0.548945
vt 0.655206 0.548945
vt 0.655206 0.547199
vt 0.658987 0.548945
vt 0.658987 0.547199
vt 0.662768 0.548945
vt 0.662768 0.547199
vt 0.666549 0.548945
vt 0.666549 0.547199
vt 0.670330 0.548945
vt 0.668440 0.547199
vt 0.670330 0.547199
vt 0.674111 0.548945
vt 0.674111 0.547199
vt 0.677892 0.548945
vt 0.677892 0.547199
vt 0.681674 0.548945
vt 0.681674 0.547199
vt 0.685455 0.548945
vt 0.685455 0.547199
vt 0.658987 0.548945
vt 0.662768 0.548945
vt 0.655206 0.548945
vt 0.666549 0.548945
vt 0.681674 0.548945
vt 0.670330 0.548945
vt 0.677892 0.548945
vt 0.674111 0.548945
vt 0.799376 0.746479
vt 0.825739 0.746479
vt 0.754579 0.630619
vt 0.870534 0.630619
vt 0.689125 0.017631
vt 0.633133 0.054770
vt 0.698498 0.061390
vt 0.667932 0.095981
vt 0.751578 0.008230
vt 0.751578 0.052436
vt 0.726674 0.105259
vt 0.717735 0.126233
vt 0.711695 0.157575
vt 0.785422 0.126233
vt 0.791379 0.157523
vt 0.835225 0.095981
vt 0.856707 0.142149
vt 0.922023 0.126733
vt 0.878021 0.206516
vt 0.960353 0.210364
vt 0.965099 0.302778
vt 0.776482 0.105259
vt 0.804659 0.061390
vt 0.814032 0.017631
vt 0.870024 0.054770
vt 0.882000 0.297489
vt 0.889862 0.390013
vt 0.976286 0.395852
vt 0.803491 0.385364
vt 0.798956 0.293389
vt 0.795717 0.202130
vt 0.581134 0.126733
vt 0.646420 0.142133
vt 0.625094 0.206038
vt 0.707439 0.202130
vt 0.704201 0.293389
vt 0.621058 0.296521
vt 0.542780 0.210485
vt 0.537974 0.302440
vt 0.993248 0.462235
vt 0.900912 0.484304
vt 0.808512 0.491654
vt 0.699666 0.385364
vt 0.694645 0.491654
vt 0.613196 0.389045
vt 0.602263 0.483336
vt 0.526786 0.395514
vt 0.509824 0.461897
vn -0.1599 -0.8556 -0.4923
vn -0.2796 -0.8562 -0.4345
vn -0.2566 -0.5564 -0.7903
vn -0.5207 -0.5422 -0.6595
vn -0.3079 -0.0843 -0.9477
vn -0.6418 -0.0079 -0.7669
vn -0.2828 0.4048 -0.8696
vn -0.5517 0.5363 -0.6387
vn -0.1794 0.8162 -0.5492
vn -0.3443 0.8759 -0.3381
vn -0.1156 0.9933 0.0000
vn -0.2755 0.8988 0.3410
vn -0.4429 0.8941 0.0660
vn -0.5007 0.6151 0.6091
vn -0.8105 0.5852 0.0258
vn -0.6386 0.0993 0.7631
vn -1.0000 -0.0000 0.0000
vn -0.5677 -0.4579 0.6841
vn -0.8105 -0.5852 -0.0258
vn -0.3362 -0.8446 0.4166
vn -0.4597 -0.8857 -0.0657
vn -0.1477 -0.9890 0.0000
vn -0.1794 0.8162 0.5492
vn -0.2828 0.4048 0.8696
vn -0.3079 -0.0843 0.9477
vn -0.2566 -0.5564 0.7903
vn -0.1599 -0.8556 0.4923
vn 0.1599 -0.8556 0.4923
vn 0.2796 -0.8562 0.4345
vn 0.2566 -0.5564 0.7903
vn 0.5207 -0.5422 0.6595
vn 0.3079 -0.0843 0.9477
vn 0.6418 -0.0079 0.7669
vn 0.2828 0.4048 0.8696
vn 0.5517 0.5363 0.6387
vn 0.1794 0.8162 0.5492
vn 0.3443 0.8759 0.3381
vn 0.1156 0.9933 0.0000
vn 0.2755 0.8988 -0.3410
vn 0.4429 0.8941 -0.0660
vn 0.5007 0.6151 -0.6091
vn 0.8105 0.5852 -0.0258
vn 0.6386 0.0993 -0.7631
vn 1.0000 -0.0000 -0.0000
vn 0.5677 -0.4579 -0.6841
vn 0.8105 -0.5852 0.0258
vn 0.3362 -0.8446 -0.4166
vn 0.4597 -0.8857 0.0657
vn 0.1477 -0.9890 0.0000
vn 0.1599 -0.8556 -0.4923
vn 0.2566 -0.5564 -0.7903
vn 0.3079 -0.0843 -0.9477
vn 0.2828 0.4048 -0.8696
vn 0.1794 0.8162 -0.5492
vn 0.0000 1.0000 0.0000
vn 0.0000 0.0000 -1.0000
vn 0.0000 -0.0000 1.0000
vn -0.9552 0.2187 -0.1996
vn -0.9862 0.0977 -0.1336
vn -0.9756 0.0754 -0.2061
vn -0.9951 -0.0931 0.0333
vn -0.9544 0.2933 0.0556
vn -0.9316 0.3594 0.0539
vn -0.7422 0.6702 0.0009
vn 0.9775 0.2060 -0.0455
vn 0.5139 -0.8390 0.1788
vn 0.9158 -0.3997 0.0394
vn 0.8542 -0.3677 0.3677
vn 0.9866 0.0960 0.1322
vn 0.9561 0.2163 0.1976
vn 0.7368 0.6762 0.0003
vn 0.9302 0.3631 -0.0535
vn 0.0000 -1.0000 -0.0013
vn 0.0000 -0.9630 0.2696
vn 0.0000 -0.8413 0.5405
vn -0.0000 -0.7941 0.6078
vn -0.0000 -0.8988 0.4384
vn -0.0000 -0.9960 0.0889
vn 0.0000 -0.9960 -0.0889
vn -0.0000 -0.8988 -0.4383
vn 0.0000 -0.7942 -0.6076
vn -0.0000 -0.8412 -0.5408
vn 0.0000 -0.9627 -0.2707
vn 0.0000 -1.0000 -0.0005
vn 0.0000 0.7071 -0.7071
vn 0.0000 0.5751 -0.8181
vn 0.0000 0.4210 -0.9071
vn 0.0000 0.0889 -0.9960
vn 0.0000 -0.0889 -0.9960
vn 0.0000 -0.4210 -0.9071
vn 0.0000 -0.5751 -0.8181
vn 0.0000 -0.8181 -0.5751
vn 0.0000 -0.9071 -0.4210
vn 0.0000 -0.9071 0.4210
vn 0.0000 -0.8181 0.5751
vn 0.0000 -0.5751 0.8181
vn 0.0000 -0.4210 0.9071
vn 0.0000 -0.0889 0.9960
vn 0.0000 0.0889 0.9960
vn 0.0000 0.4210 0.9071
vn 0.0000 0.5751 0.8181
vn 0.0000 0.7071 0.7071
vn 0.8263 0.0986 0.5545
vn 0.7713 0.0496 0.6345
vn 0.7508 0.0330 0.6597
vn 0.7071 0.0000 0.7071
vn 0.9772 0.2122 0.0000
vn 0.7071 0.0000 -0.7071
vn 0.7508 0.0330 -0.6597
vn 0.7713 0.0496 -0.6345
vn 0.8263 0.0986 -0.5545
vn -0.7071 0.0000 -0.7071
vn -0.7071 -0.0000 0.7071
vn -0.5557 -0.0000 0.8314
vn -0.5585 0.0010 0.8295
vn -0.3872 0.0015 0.9220
vn -0.1946 0.0023 0.9809
vn 0.2527 0.0022 0.9675
vn 0.5054 0.0021 0.8629
vn 0.8629 0.0021 0.5055
vn 0.9675 0.0022 0.2527
vn 0.9675 0.0022 -0.2527
vn 0.8629 0.0021 -0.5054
vn 0.5055 0.0021 -0.8629
vn 0.2527 0.0022 -0.9675
vn -0.1926 0.0022 -0.9813
vn -0.3872 0.0015 -0.9220
vn -0.5584 0.0010 -0.8296
vn -0.5611 0.0000 -0.8277
vn -0.7508 0.0330 0.6597
vn -0.7713 0.0496 0.6345
vn -0.8263 0.0986 0.5545
vn -0.9772 0.2122 0.0000
vn -0.8263 0.0986 -0.5545
vn -0.7713 0.0496 -0.6345
vn -0.7508 0.0330 -0.6597
vn 0.5611 -0.0000 0.8277
vn 0.5584 0.0010 0.8296
vn 0.3872 0.0015 0.9220
vn 0.1926 0.0022 0.9813
vn -0.2527 0.0022 0.9675
vn -0.5055 0.0021 0.8629
vn -0.8629 0.0021 0.5054
vn -0.9675 0.0022 0.2527
vn -0.9675 0.0022 -0.2527
vn -0.8629 0.0021 -0.5055
vn -0.5054 0.0021 -0.8629
vn -0.2527 0.0022 -0.9675
vn 0.1946 0.0023 -0.9809
vn 0.3872 0.0015 -0.9220
vn 0.5585 0.0010 -0.8295
vn 0.5557 0.0000 -0.8314
vn -0.7972 0.0000 -0.6038
vn -0.5451 0.4847 -0.6841
vn -0.1368 0.0000 -0.9906
vn 0.0983 0.4847 -0.8691
vn 0.6038 0.0000 -0.7972
vn 0.6841 0.4847 -0.5451
vn 0.9906 0.0000 -0.1368
vn 0.8691 0.4847 0.0983
vn 0.7972 0.0000 0.6037
vn 0.5451 0.4847 0.6841
vn 0.1368 -0.0000 0.9906
vn -0.0983 0.4847 0.8691
vn -0.6038 -0.0000 0.7972
vn -0.6841 0.4847 0.5451
vn -0.9906 0.0000 0.1368
vn -0.8691 0.4847 -0.0983
vn 0.9198 0.3054 0.2464
vn 0.9546 -0.1527 0.2558
vn 0.9714 0.2374 0.0048
vn 0.9714 -0.2374 -0.0048
vn 0.8437 0.2374 -0.4815
vn 0.8388 -0.2374 -0.4899
vn 0.4899 0.2374 -0.8388
vn 0.4815 -0.2374 -0.8437
vn 0.0048 0.2374 -0.9714
vn -0.0048 -0.2374 -0.9714
vn -0.4815 0.2374 -0.8437
vn -0.4899 -0.2374 -0.8388
vn -0.8388 0.2374 -0.4899
vn -0.8437 -0.2374 -0.4815
vn -0.9714 0.2374 -0.0048
vn -0.9714 -0.2374 0.0048
vn -0.9546 0.1527 0.2558
vn -0.9198 -0.3054 0.2465
vn -0.5751 -0.0000 0.8181
vn -0.4210 -0.0000 0.9071
vn -0.0890 -0.0000 0.9960
vn 0.0890 -0.0000 0.9960
vn 0.4210 -0.0000 0.9071
vn 0.5751 -0.0000 0.8181
vn 0.8181 -0.0000 0.5751
vn 0.9071 0.0000 0.4210
vn 0.9960 0.0000 0.0890
vn 0.9960 0.0000 -0.0890
vn 0.9071 0.0000 -0.4210
vn 0.8181 0.0000 -0.5751
vn 0.5751 0.0000 -0.8181
vn 0.4210 0.0000 -0.9071
vn 0.0890 0.0000 -0.9960
vn -0.0890 0.0000 -0.9960
vn -0.4210 0.0000 -0.9071
vn -0.5751 0.0000 -0.8181
vn -0.8181 0.0000 -0.5751
vn -0.9071 0.0000 -0.4210
vn -0.9960 0.0000 -0.0890
vn -0.9960 0.0000 0.0890
vn -0.9071 0.0000 0.4210
vn -0.8181 -0.0000 0.5751
vn 0.9071 0.0001 0.4210
vn 0.4210 -0.0001 0.9071
vn -0.4210 0.0002 0.9071
vn -0.8181 0.0001 0.5751
vn -0.9071 -0.0001 0.4210
vn -0.9071 0.0001 -0.4210
vn -0.8181 -0.0001 -0.5751
vn 0.5751 -0.0001 -0.8181
vn 0.0000 -1.0000 -0.0000
vn -0.2583 -0.9488 0.1816
vn -0.4574 -0.8734 0.1672
vn -0.3145 -0.9488 0.0281
vn -0.6453 -0.7635 0.0269
vn -0.2864 -0.9488 -0.1329
vn -0.5723 -0.7635 -0.2993
vn -0.1816 -0.9488 -0.2583
vn -0.3460 -0.7635 -0.5453
vn -0.0281 -0.9488 -0.3145
vn -0.0269 -0.7635 -0.6453
vn 0.1329 -0.9488 -0.2864
vn 0.2993 -0.7635 -0.5723
vn 0.2583 -0.9488 -0.1816
vn 0.5453 -0.7635 -0.3460
vn 0.3145 -0.9488 -0.0281
vn 0.6453 -0.7635 -0.0269
vn 0.2864 -0.9488 0.1329
vn 0.5431 -0.8107 0.2185
vn 0.1816 -0.9488 0.2583
vn 0.1329 -0.9488 0.2864
vn 0.0281 -0.9488 0.3145
vn -0.0281 -0.9488 0.3145
vn -0.1329 -0.9488 0.2864
vn -0.1816 -0.9488 0.2583
vn -0.6733 0.3054 0.6733
vn -0.6988 -0.1527 0.6988
vn -0.4899 0.2374 0.8388
vn -0.4815 -0.2374 0.8437
vn -0.0048 0.2374 0.9714
vn 0.0048 -0.2374 0.9714
vn 0.4815 0.2374 0.8437
vn 0.4899 -0.2374 0.8388
vn 0.6988 0.1527 0.6988
vn 0.6733 -0.3054 0.6733
vn -0.6325 -0.4472 0.6325
vn -0.3742 -0.4583 0.8062
vn 0.0791 -0.4583 0.8853
vn 0.5111 -0.4583 0.7271
vn 0.6325 -0.4472 0.6325
vn -0.0024 1.0000 -0.0014
vn 0.1301 0.9872 0.0918
vn -0.0027 1.0000 0.0000
vn 0.1586 0.9872 0.0144
vn -0.0024 1.0000 0.0014
vn 0.1446 0.9872 -0.0668
vn -0.0014 1.0000 0.0024
vn 0.0918 0.9872 -0.1301
vn -0.0000 1.0000 0.0027
vn 0.0144 0.9872 -0.1586
vn 0.0014 1.0000 0.0024
vn -0.0668 0.9872 -0.1446
vn 0.0024 1.0000 0.0014
vn -0.1301 0.9872 -0.0918
vn 0.0027 1.0000 -0.0000
vn -0.1586 0.9872 -0.0144
vn 0.0024 1.0000 -0.0014
vn -0.1446 0.9872 0.0668
vn 0.0014 1.0000 -0.0024
vn -0.0918 0.9872 0.1301
vn 0.0000 1.0000 -0.0027
vn -0.0144 0.9872 0.1586
vn -0.0014 1.0000 -0.0024
vn 0.0668 0.9872 0.1446
vn -0.5439 0.8100 0.2191
vn -0.6460 0.7629 -0.0268
vn -0.5461 0.7628 -0.3463
vn -0.2998 0.7628 -0.5729
vn 0.0268 0.7629 -0.6460
vn 0.3463 0.7628 -0.5461
vn 0.5729 0.7628 -0.2998
vn 0.6460 0.7629 0.0268
vn 0.4586 0.8726 0.1678
vn 0.1826 0.9482 0.2598
vn 0.0283 0.9482 0.3163
vn -0.1337 0.9482 0.2880
vn -0.6325 0.4472 0.6325
vn -0.5111 0.4583 0.7271
vn -0.0791 0.4583 0.8853
vn 0.3742 0.4583 0.8062
vn 0.6325 0.4472 0.6325
vn 0.4209 0.0000 -0.9071
vn 0.8181 -0.0001 0.5751
vn -0.4210 0.0001 0.9071
vn 0.0000 0.0025 -1.0000
vn 0.0000 0.0024 -1.0000
vn 0.0000 0.0032 -1.0000
vn 0.0000 0.0897 -0.9960
vn 0.0000 0.1752 -0.9845
vn 0.0000 0.8181 -0.5750
vn 0.0010 0.9071 -0.4210
vn 0.0000 0.9659 -0.2588
vn 0.0000 0.9659 0.2588
vn 0.0000 0.9071 0.4210
vn -0.0000 0.8181 0.5751
vn 0.0000 0.0890 0.9960
vn -0.0000 -0.0890 0.9960
vn 0.0000 -0.4306 0.9025
vn 0.0000 -0.5933 0.8050
vn 0.0000 -0.7302 0.6833
vn -0.9991 0.0407 -0.0082
vn -0.9987 0.0498 -0.0076
vn -0.9991 0.0417 -0.0003
vn -0.9992 0.0410 0.0005
vn -0.9996 0.0270 0.0005
vn -0.9997 0.0237 0.0019
vn -0.9998 0.0182 0.0029
vn -0.9999 0.0170 0.0028
vn -0.9998 0.0211 0.0012
vn -0.9998 0.0214 0.0016
vn -0.9997 0.0241 0.0000
vn -0.9987 0.0498 0.0076
vn -0.9991 0.0407 0.0082
vn -0.9990 0.0447 0.0000
vn -0.9996 0.0293 -0.0013
vn -0.9989 0.0472 0.0000
vn -0.9997 0.0240 -0.0002
vn -0.9997 0.0241 -0.0001
vn 1.0000 0.0063 -0.0037
vn 1.0000 0.0086 -0.0030
vn 0.9998 0.0180 -0.0043
vn 0.9996 0.0285 0.0006
vn 0.9997 0.0254 0.0069
vn 0.9999 0.0163 0.0047
vn 1.0000 0.0070 0.0038
vn 0.0000 1.0000 0.0001
vn 0.0000 0.9071 -0.4210
vn 0.0000 0.8181 -0.5751
vn 0.0000 0.8181 0.5750
vn -0.0010 0.9071 0.4210
vn 0.9997 0.0241 -0.0000
vn 0.9998 0.0214 0.0016
vn 0.9998 0.0180 0.0023
vn 0.9999 0.0170 0.0028
vn 0.9998 0.0182 0.0029
vn 0.9997 0.0237 0.0019
vn 0.9996 0.0271 0.0005
vn 0.9992 0.0410 0.0005
vn 0.9991 0.0418 -0.0003
vn 0.9987 0.0498 -0.0076
vn 0.9991 0.0407 -0.0082
vn 0.9987 0.0498 0.0076
vn 0.9989 0.0472 0.0000
vn 0.9996 0.0293 -0.0013
vn 0.9990 0.0447 0.0000
vn 0.9991 0.0407 0.0082
vn -1.0000 0.0070 0.0038
vn -0.9999 0.0163 0.0047
vn -0.9997 0.0254 0.0069
vn -0.9996 0.0285 0.0006
vn -0.9998 0.0180 -0.0043
vn -0.9999 0.0143 -0.0050
vn -1.0000 0.0063 -0.0037
vn -0.4974 0.6964 -0.5173
vn 0.9997 0.0240 0.0000
vn 0.9997 0.0241 -0.0001
vn 0.0762 -0.6345 -0.7692
vn -0.4344 -0.5030 -0.7472
vn -0.3643 -0.2422 -0.8992
vn -0.7997 -0.2129 -0.5613
vn -0.8061 0.0178 -0.5915
vn -0.9632 0.1348 -0.2327
vn -0.9329 0.2516 -0.2578
vn 0.6235 -0.5647 -0.5407
vn 0.3185 -0.4575 -0.8302
vn 0.1507 -0.1665 -0.9745
vn -0.3267 0.0367 -0.9444
vn -0.3272 0.1194 -0.9374
vn -0.7181 0.2402 -0.6532
vn -0.6870 0.3143 -0.6552
vn -0.8639 0.3722 -0.3393
vn 0.6908 -0.4498 -0.5662
vn 0.7277 -0.3262 -0.6034
vn 0.9080 -0.3297 -0.2583
vn 0.9560 -0.2600 -0.1360
vn 0.9841 -0.1305 0.1201
vn 0.9540 -0.2087 0.2154
vn 0.7944 -0.0504 0.6053
vn 0.7069 -0.1665 0.6875
vn 0.2956 0.0656 0.9531
vn 0.2553 -0.0526 0.9654
vn 0.3034 -0.1260 -0.9445
vn 0.8004 -0.2715 -0.5344
vn 0.9489 -0.2654 -0.1710
vn 0.9599 -0.2382 0.1480
vn 0.7822 -0.2347 0.5771
vn 0.1956 -0.0710 0.9781
vn -0.2634 0.1810 0.9475
vn -0.3428 0.2975 0.8910
vn 0.3860 0.3016 0.8718
vn -0.2695 0.5367 0.7996
vn 0.8493 0.1025 0.5179
vn 0.8157 0.2530 0.5202
vn 0.9890 -0.0101 0.1473
vn 0.9899 -0.0434 0.1350
vn 0.9565 -0.2509 -0.1489
vn 0.9274 -0.3089 -0.2111
vn 0.7208 -0.5076 -0.4719
vn 0.2578 -0.6695 -0.6966
vn -0.2956 -0.6056 -0.7388
vn -0.7455 -0.3327 -0.5775
vn -0.9573 0.0503 -0.2848
vn -0.9078 0.4168 0.0464
vn -0.8934 0.4315 0.1254
vn -0.6591 0.6700 0.3416
vn -0.6702 0.5855 0.4561
vn -0.2838 0.7215 0.6315
vn 0.2884 0.5710 0.7686
vn -0.3628 0.1967 -0.9109
vn -0.7326 0.3679 -0.5727
vn -0.8694 0.4419 -0.2212
vn -0.9037 0.4140 0.1095
vn -0.8824 0.4570 0.1118
vn -0.7781 0.3916 0.4911
vn -0.8035 0.4052 0.4360
vn -0.4366 0.2094 0.8750
vn -0.4705 0.2449 0.8477
vn 0.2624 -0.1147 0.9581
vn -0.0204 -0.0654 0.9977
vn 0.5299 -0.5002 0.6848
vn 0.1563 -0.1925 0.9688
vn 0.4707 -0.3671 0.8023
vn 0.4773 0.2288 0.8484
vn 0.8466 -0.2626 0.4629
vn 0.8568 0.3008 0.4187
vn 0.9769 -0.2074 0.0511
vn 0.9769 0.2074 -0.0511
vn 0.9202 -0.2059 -0.3329
vn 0.8209 0.3008 -0.4854
vn 0.5179 -0.0087 -0.8554
vn 0.5059 0.2723 -0.8185
vn 0.0612 0.2635 -0.9627
vn 0.4490 0.5217 -0.7254
vn -0.0816 0.5276 -0.8455
vn -0.9025 0.4044 0.1480
vn -0.7427 0.4265 0.5163
vn -0.8890 0.4035 0.2164
vn -0.7342 0.3620 0.5743
vn -0.7935 0.3537 0.4952
vn -0.5034 0.2356 0.8313
vn -0.9083 0.3637 -0.2068
vn 0.8295 -0.2719 0.4879
vn 0.9768 -0.2034 0.0667
vn 0.9686 -0.1967 -0.1521
vn 0.8158 -0.2250 -0.5328
vn 0.2332 -0.0519 -0.9710
vn -0.4312 0.2203 -0.8750
vn -0.7232 0.3503 -0.5952
vn -0.8708 0.4388 -0.2216
vn 0.6028 -0.4701 -0.6447
vn 0.0328 -0.0563 -0.9979
vn 0.1483 -0.1359 -0.9796
vn -0.1976 0.0992 -0.9752
vn -0.3392 0.3114 -0.8877
vn -0.2386 0.5141 -0.8239
vn 0.6652 0.6934 -0.2771
vn 0.7758 0.6310 0.0000
vn 0.4294 0.9031 0.0000
vn 0.3696 0.9247 -0.0916
vn 0.0000 0.9970 0.0778
vn 0.3841 0.7102 0.5900
vn 0.5794 0.7534 0.3111
vn 0.2306 0.9205 0.3154
vn 0.3224 0.9307 0.1726
vn -0.3979 0.3562 0.8455
vn -0.3841 0.7102 0.5900
vn -0.7394 0.4462 0.5041
vn -0.6181 0.7253 0.3030
vn -0.8702 0.4603 0.1756
vn -0.1910 0.9804 -0.0474
vn -0.3703 0.9264 0.0676
vn -0.3224 0.9307 0.1726
vn -0.2306 0.9205 0.3154
vn -0.8950 0.4392 0.0777
vn -0.1954 0.0995 0.9757
vn -0.0116 0.2622 0.9649
vn -0.0000 0.6578 0.7532
vn -0.0000 0.9148 0.4039
vn 0.9675 -0.2237 -0.1183
vn 0.9832 -0.1823 0.0015
vn 0.9830 -0.1836 0.0027
vn -0.6969 0.6961 0.1728
vn 0.7677 -0.6408 0.0000
vn 0.6115 -0.7114 0.3462
vn 0.3900 -0.9208 0.0000
vn 0.3058 -0.9321 0.1941
vn 0.0936 -0.9956 -0.0000
vn 0.1485 -0.9441 0.2942
vn 0.0653 -0.9164 0.3949
vn 0.3012 -0.7845 0.5421
vn 0.0469 -0.9395 -0.3394
vn 0.0693 -0.9625 -0.2621
vn 0.2559 -0.9626 -0.0892
vn 0.6360 -0.7554 -0.1577
vn 0.4974 0.6964 0.5173
vn 0.6853 0.1491 0.7129
vn 0.6854 0.1491 0.7128
vn 0.4892 0.1064 0.8657
vn 0.2446 0.0532 0.9682
vn -0.2446 0.0532 0.9682
vn -0.4892 0.1064 0.8657
vn -0.6853 0.1491 0.7128
vn -0.6854 0.1491 0.7127
vn 0.6854 0.1491 -0.7127
vn 0.6853 0.1491 -0.7128
vn 0.4892 0.1064 -0.8657
vn 0.2446 0.0532 -0.9682
vn -0.2446 0.0532 -0.9682
vn -0.4892 0.1064 -0.8657
vn -0.6854 0.1491 -0.7128
vn -0.6853 0.1491 -0.7129
vn -0.6425 0.7663 0.0000
vn 0.6425 0.7663 0.0000
vn 0.0000 0.7154 0.6987
vn -0.4974 0.6964 0.5173
vn 0.0000 0.7154 -0.6987
vn 0.4974 0.6964 -0.5173
vn -0.9842 0.1772 0.0000
vn 0.9842 0.1772 0.0000
vn 0.1438 0.0313 0.9891
vn 0.3703 0.0806 0.9254
vn -0.3703 0.0806 0.9254
vn -0.6853 0.1491 0.7129
vn 0.6854 0.1491 0.7127
vn -0.9839 0.0227 -0.1774
vn -0.9826 0.0121 -0.1856
vn -0.9444 0.3107 0.1074
vn -0.8799 0.4184 0.2254
vn -0.7005 0.5746 0.4232
vn -0.5666 0.6294 0.5318
vn -0.2607 0.6865 0.6788
vn -0.0540 0.6755 0.7354
vn 0.2911 0.6081 0.7385
vn 0.4549 0.5473 0.7025
vn 0.7448 0.3619 0.5606
vn 0.8466 0.2672 0.4604
vn 0.9710 0.0365 0.2361
vn 0.9897 -0.0629 0.1285
vn 0.9497 -0.2946 -0.1059
vn 0.8847 -0.4090 -0.2236
vn 0.6865 -0.5871 -0.4291
vn 0.5382 -0.6624 -0.5211
vn 0.2248 -0.7318 -0.6434
vn 0.0423 -0.7343 -0.6775
vn -0.3016 -0.6680 -0.6803
vn -0.4643 -0.6009 -0.6507
vn -0.7934 -0.3583 -0.4922
vn -0.7849 -0.3683 -0.4984
vn -0.1393 -0.6891 0.7111
vn -0.1394 -0.6891 0.7111
vn -0.1393 -0.6891 0.7112
vn -0.1394 -0.6891 0.7112
vn 0.1815 0.1134 -0.9768
vn -0.0800 -0.0107 -0.9967
vn -0.0291 0.2160 -0.9760
vn -0.4343 -0.0113 -0.9007
vn -0.4769 0.2205 -0.8508
vn -0.7340 0.0000 -0.6791
vn 0.2526 0.4186 -0.8723
vn 0.0000 0.5294 -0.8484
vn 0.2386 0.5141 -0.8239
vn -0.1438 0.0313 -0.9891
vn 0.6853 0.1491 -0.7129
vn 0.3703 0.0806 -0.9254
vn -0.3703 0.0806 -0.9254
vn -0.6854 0.1491 -0.7127
vn -0.9982 0.0593 -0.0000
vn -0.9930 0.1185 -0.0000
vn 0.9982 0.0593 0.0000
vn 0.9930 0.1185 0.0000
vn 0.9871 -0.1604 0.0000
vn -0.9871 -0.1604 0.0000
vn 0.7787 -0.2385 -0.5803
vn 0.9688 0.1428 -0.2024
vn 0.8194 -0.2931 -0.4926
vn 0.9761 0.0697 -0.2056
vn 0.9826 0.0121 -0.1856
vn 0.9091 0.4035 0.1037
vn 0.8800 0.4175 0.2262
vn 0.3816 -0.5155 -0.7672
vn 0.3500 -0.6140 -0.7075
vn -0.0762 -0.6345 -0.7692
vn -0.2415 -0.7014 -0.6706
vn -0.5837 -0.5793 -0.5689
vn -0.7044 -0.5480 -0.4510
vn -0.9146 -0.3316 -0.2313
vn -0.9444 -0.2900 -0.1549
vn -0.9899 -0.0434 0.1350
vn -0.9855 -0.0167 0.1688
vn -0.9647 -0.2303 0.1274
vn -0.9373 -0.2810 -0.2060
vn -0.9560 -0.2600 -0.1360
vn -0.7277 -0.3262 -0.6034
vn -0.9230 -0.3018 -0.2389
vn 0.3267 0.0367 -0.9444
vn 0.3643 -0.2422 -0.8992
vn -0.1507 -0.1665 -0.9745
vn -0.3185 -0.4575 -0.8302
vn -0.7213 -0.4524 -0.5244
vn 0.7724 0.0240 -0.6346
vn 0.7180 0.2402 -0.6533
vn 0.9245 0.2041 -0.3220
vn 0.9083 0.3637 -0.2068
vn 0.9151 0.3845 0.1217
vn 0.8890 0.4035 0.2164
vn 0.7427 0.4265 0.5163
vn 0.7342 0.3620 0.5743
vn 0.4148 0.3144 0.8539
vn 0.2634 0.1810 0.9475
vn -0.2568 0.0869 0.9626
vn -0.2553 -0.0526 0.9654
vn 0.8964 0.4232 0.1317
vn 0.5665 0.6299 0.5313
vn 0.6649 0.6255 0.4083
vn 0.6845 0.5902 0.4280
vn 0.3272 0.1194 -0.9374
vn -0.3034 -0.1260 -0.9445
vn -0.8004 -0.2715 -0.5344
vn -0.9688 -0.1967 -0.1509
vn -0.9769 -0.2036 0.0655
vn -0.8295 -0.2719 0.4879
vn -0.5299 -0.5002 0.6848
vn -0.2624 -0.1147 0.9581
vn 0.0204 -0.0654 0.9977
vn 0.4684 0.2440 0.8492
vn 0.4649 0.3328 0.8204
vn 0.7907 0.4014 0.4623
vn 0.7722 0.4601 0.4382
vn 0.8918 0.4378 0.1144
vn 0.8745 0.4845 0.0204
vn 0.8645 0.4358 -0.2503
vn 0.7747 0.4695 -0.4235
vn 0.7424 0.3618 -0.5639
vn 0.5311 0.2978 -0.7932
vn 0.4312 0.2203 -0.8750
vn -0.1236 -0.0784 -0.9892
vn -0.1508 -0.0223 -0.9883
vn 0.2175 0.7010 0.6792
vn 0.2873 0.4579 0.8413
vn 0.0540 0.6751 0.7357
vn -0.4549 0.5473 0.7025
vn -0.3780 0.5527 0.7428
vn -0.3592 0.3578 0.8620
vn -0.8466 0.2672 0.4604
vn -0.8128 0.2826 0.5095
vn -0.8178 0.1550 0.5543
vn -0.7944 -0.0504 0.6053
vn -0.7069 -0.1665 0.6875
vn -0.1956 -0.0710 0.9781
vn 0.5034 0.2356 0.8313
vn 0.7935 0.3537 0.4952
vn 0.9037 0.4140 0.1095
vn 0.8762 0.3691 -0.3100
vn 0.7076 0.3258 -0.6270
vn 0.3628 0.1967 -0.9109
vn -0.7876 -0.2199 -0.5757
vn -0.4448 -0.6248 -0.6417
vn -0.2058 -0.4072 -0.8899
vn -0.3268 -0.7290 -0.6015
vn -0.5076 -0.5184 -0.6882
vn -0.6115 -0.7114 -0.3462
vn -0.8975 -0.3108 -0.3129
vn -0.7084 -0.7057 -0.0149
vn -0.9626 -0.2589 0.0795
vn -0.6263 -0.7114 0.3188
vn -0.8122 -0.3168 0.4899
vn -0.3506 -0.7273 0.5900
vn -0.4919 -0.2794 0.8246
vn -0.1563 -0.1925 0.9688
vn 0.1954 0.0995 0.9757
vn 0.0083 0.3433 0.9392
vn 0.4022 0.6843 0.6082
vn -0.0000 0.7707 0.6372
vn 0.1795 0.9218 0.3436
vn -0.0000 0.9374 0.3483
vn -0.1796 0.9218 0.3436
vn -0.3732 0.9060 0.1999
vn -0.3579 0.7102 0.6063
vn -0.6787 0.6374 0.3649
vn -0.4963 0.2653 0.8266
vn -0.8666 0.1754 0.4672
vn -0.9817 0.0020 0.1903
vn -0.9841 -0.1305 0.1201
vn -0.9540 -0.2087 0.2154
vn -0.7822 -0.2347 0.5771
vn 0.3767 0.1755 0.9095
vn 0.7660 0.3856 0.5144
vn 0.8824 0.4570 0.1118
vn -0.9196 -0.3555 -0.1671
vn -0.5382 -0.6624 -0.5211
vn -0.0423 -0.7343 -0.6775
vn 0.4642 -0.6007 -0.6509
vn 0.7849 -0.3683 -0.4984
vn -0.9729 -0.2140 -0.0879
vn -0.9830 -0.1837 -0.0002
vn -0.9830 -0.1836 0.0027
vn 0.7198 0.3659 -0.5899
vn 0.8612 0.4344 -0.2640
vn 0.2137 0.0849 -0.9732
vn -0.1382 -0.9343 -0.3285
vn -0.3058 -0.9321 -0.1941
vn -0.3653 -0.9305 -0.0255
vn -0.3328 -0.9311 0.1495
vn -0.1947 -0.9320 0.3057
vn -0.0653 -0.9164 0.3949
vn -0.0469 -0.9395 -0.3394
vn -0.0936 -0.9956 0.0000
vn -0.8626 0.3866 -0.3263
vn -0.9657 0.2597 -0.0054
vn -0.4055 0.7838 -0.4704
vn -0.6352 0.5010 -0.5877
vn -0.6243 0.6977 -0.3514
vn -0.7220 0.6918 -0.0135
vn 0.4090 0.7410 -0.5327
vn 0.5858 0.7325 -0.3467
vn 0.7106 0.7005 -0.0661
vn 0.6526 0.6999 0.2901
vn -0.4062 0.9134 -0.0271
vn -0.3386 0.9166 -0.2128
vn -0.1796 0.9218 -0.3436
vn -0.0492 0.8593 -0.5092
vn 0.0299 0.9238 -0.3817
vn 0.2306 0.9205 -0.3154
vn 0.3672 0.9153 -0.1652
vn 0.4062 0.9134 0.0271
vn 0.3386 0.9166 0.2128
vn 0.2110 -0.5112 -0.8332
vn 0.4365 -0.5220 -0.7328
vn 0.5076 -0.5184 -0.6882
vn 0.6353 -0.5010 -0.5878
vn 0.6352 -0.5009 -0.5878
vn -0.4100 0.7095 -0.5731
vn -0.6353 0.5010 -0.5877
vn -0.1461 0.8511 -0.5043
vn 0.0492 0.8593 -0.5092
vn 0.1460 0.8511 -0.5044
vn 0.1461 0.8511 -0.5043
vn 0.1394 -0.6891 0.7111
vn 0.1393 -0.6891 0.7111
vn 0.1393 -0.6891 0.7112
vn 0.1394 -0.6891 0.7112
vn 0.2504 0.9312 -0.2647
vn -0.0000 0.9841 -0.1774
vn -0.0000 0.9880 -0.1542
vn -0.1990 0.9531 -0.2282
vn -0.3733 0.8925 -0.2531
vn -0.3951 0.8428 -0.3656
vn -0.5956 0.7735 -0.2166
vn 0.2723 0.9286 -0.2520
vn 0.3951 0.8428 -0.3656
vn 0.3951 0.8427 -0.3656
vn -0.8458 0.4267 -0.3202
vn -0.8358 0.4895 -0.2485
vn -0.8210 0.4503 -0.3511
vn -0.7510 0.6293 -0.2000
vn -0.5346 0.8347 -0.1325
vn -0.7689 0.3780 -0.5156
vn -0.6861 0.3553 -0.6348
vn 0.1390 -0.7242 -0.6754
vn 0.2225 -0.7876 -0.5746
vn 0.2840 -0.8730 -0.3964
vn 0.3711 -0.8627 -0.3434
vn 0.3712 -0.8628 -0.3433
vn 0.1694 -0.5419 -0.8232
vn -0.8269 -0.2800 -0.4877
vn -0.6340 -0.4473 -0.6309
vn -0.2152 -0.6360 -0.7411
vn -0.0044 -0.6751 -0.7377
vn 0.4497 -0.6533 -0.6091
vn 0.6850 -0.5655 -0.4594
vn 0.9549 -0.2831 -0.0894
vn 0.9873 -0.0891 0.1318
vn 0.8254 0.2737 0.4938
vn 0.6336 0.4416 0.6352
vn 0.2138 0.6303 0.7463
vn 0.0021 0.6701 0.7422
vn -0.4532 0.6466 0.6136
vn -0.6875 0.5578 0.4649
vn -0.9564 0.2763 0.0949
vn -0.9885 0.0839 -0.1256
vn -0.6831 -0.4327 0.5883
vn -0.7920 -0.3429 0.5052
vn -0.8816 -0.2411 0.4057
vn -0.9907 0.0168 0.1352
vn -0.6555 0.5530 -0.5143
vn -0.8161 0.4449 -0.3689
vn -0.9833 0.1766 -0.0439
vn -0.2064 0.6693 -0.7138
vn 0.0973 0.6572 -0.7475
vn 0.5686 0.5041 -0.6501
vn 0.7482 0.3823 -0.5423
vn 0.9606 0.0990 -0.2596
vn 0.9944 -0.0625 -0.0849
vn 0.9273 -0.3133 0.2050
vn 0.8537 -0.4090 0.3223
vn 0.7590 -0.4903 0.4284
vn 0.9931 -0.0396 -0.1101
vn 0.9931 -0.0396 -0.1102
vn 0.9908 -0.1354 -0.0031
vn 0.9673 -0.2303 0.1064
vn 0.8161 -0.4450 0.3687
vn 0.6555 -0.5529 0.5144
vn 0.2064 -0.6693 0.7138
vn -0.0973 -0.6573 0.7473
vn -0.5685 -0.5040 0.6502
vn -0.7481 -0.3823 0.5424
vn -0.9356 -0.1544 0.3174
vn -0.9750 -0.0569 0.2150
vn -0.9931 0.0396 0.1102
vn -0.9931 0.0397 0.1102
vn 0.3013 -0.8861 -0.3522
vn 0.1089 -0.8982 -0.4258
vn 0.0377 -0.8571 -0.5138
vn -0.0988 -0.7887 -0.6067
vn -0.1033 -0.7403 -0.6643
vn -0.1032 -0.7403 -0.6643
vn -0.0953 -0.8202 -0.5640
vn -0.3256 -0.7939 -0.5135
vn -0.4361 -0.7982 -0.4156
vn -0.7291 -0.5319 -0.4306
vn 0.1143 0.7419 0.6607
vn 0.1087 0.7403 0.6634
vn 0.1068 0.7403 0.6637
vn 0.1033 0.7396 0.6650
vn 0.1032 0.7403 0.6643
vn 0.1032 0.7404 0.6642
vn 0.1033 0.7403 0.6643
vn 0.1017 0.7399 0.6650
vn 0.1005 0.7396 0.6655
vn 0.0979 0.7390 0.6666
vn 0.4362 -0.6274 0.6451
vn 0.3708 -0.6401 0.6729
vn 0.3364 -0.6486 0.6827
vn 0.2851 -0.6563 0.6985
vn 0.2666 -0.6630 0.6996
vn -0.1523 -0.7205 0.6765
vn -0.2118 -0.6606 0.7202
vn -0.2114 -0.6494 0.7304
vn -0.2401 -0.6110 0.7543
vn -0.2105 -0.6266 0.7504
vn 0.0036 -0.6760 -0.7369
vn 0.2151 -0.6360 -0.7411
vn 0.6343 -0.4486 -0.6296
vn 0.8273 -0.2795 -0.4873
vn 0.9887 0.0819 -0.1255
vn 0.9564 0.2761 0.0951
vn 0.6880 0.5577 0.4643
vn 0.4516 0.6481 0.6132
vn -0.0022 0.6701 0.7423
vn -0.2149 0.6300 0.7463
vn -0.6329 0.4421 0.6356
vn -0.8256 0.2750 0.4926
vn -0.9873 -0.0890 0.1319
vn -0.9547 -0.2837 -0.0899
vn -0.6852 -0.5640 -0.4609
vn -0.4493 -0.6544 -0.6081
vn 0.6831 -0.4327 0.5883
vn 0.7920 -0.3433 0.5049
vn 0.8817 -0.2410 0.4056
vn 0.9907 0.0168 0.1353
vn 0.9833 0.1766 -0.0440
vn 0.8161 0.4448 -0.3688
vn 0.6555 0.5530 -0.5143
vn 0.2064 0.6693 -0.7138
vn -0.0973 0.6572 -0.7475
vn -0.5685 0.5041 -0.6501
vn -0.7481 0.3824 -0.5423
vn -0.9606 0.0990 -0.2596
vn -0.9944 -0.0625 -0.0849
vn -0.9273 -0.3133 0.2050
vn -0.8538 -0.4086 0.3227
vn -0.7590 -0.4903 0.4284
vn -0.9931 -0.0396 -0.1102
vn -0.9931 -0.0396 -0.1101
vn -0.9908 -0.1354 -0.0031
vn -0.9673 -0.2303 0.1064
vn -0.8161 -0.4448 0.3689
vn -0.6555 -0.5530 0.5143
vn -0.2064 -0.6693 0.7138
vn 0.0973 -0.6572 0.7474
vn 0.5686 -0.5041 0.6501
vn 0.7481 -0.3823 0.5424
vn 0.9356 -0.1544 0.3174
vn 0.9750 -0.0569 0.2150
vn 0.9931 0.0396 0.1102
vn -0.3013 -0.8861 -0.3522
vn -0.0377 -0.8571 -0.5138
vn -0.1089 -0.8982 -0.4258
vn 0.0988 -0.7887 -0.6067
vn 0.1033 -0.7403 -0.6643
vn 0.1032 -0.7403 -0.6643
vn 0.0953 -0.8202 -0.5640
vn 0.3256 -0.7939 -0.5135
vn 0.4361 -0.7982 -0.4156
vn 0.7291 -0.5319 -0.4306
vn -0.1090 0.7385 0.6654
vn -0.1060 0.7394 0.6648
vn -0.1051 0.7397 0.6647
vn -0.1032 0.7403 0.6643
vn -0.1032 0.7404 0.6642
vn -0.1033 0.7403 0.6643
vn -0.1033 0.7396 0.6650
vn -0.0996 0.7406 0.6645
vn -0.0978 0.7407 0.6647
vn -0.0921 0.7427 0.6633
vn -0.2666 -0.6630 0.6996
vn -0.2851 -0.6563 0.6985
vn -0.3364 -0.6486 0.6827
vn -0.3708 -0.6401 0.6729
vn -0.4362 -0.6274 0.6451
vn 0.2105 -0.6266 0.7504
vn 0.2401 -0.6110 0.7543
vn 0.2114 -0.6494 0.7304
vn 0.2118 -0.6606 0.7202
vn 0.1523 -0.7205 0.6765
vn -0.0989 0.9737 0.2052
vn -0.2583 0.8916 0.3719
vn -0.1680 0.8533 0.4937
vn -0.3676 0.6098 0.7021
vn -0.2276 0.5535 0.8011
vn -0.3827 0.3012 0.8734
vn -0.2711 0.1968 0.9422
vn -0.7795 0.6224 -0.0706
vn -0.9548 0.2707 -0.1231
vn -0.8154 0.5781 0.0297
vn -0.9674 0.2489 0.0458
vn -0.7660 0.5851 0.2665
vn -0.9125 0.2389 0.3322
vn -0.6139 0.5971 0.5163
vn -0.6895 0.2415 0.6829
vn -0.4832 0.0637 -0.8732
vn -0.6925 0.2024 -0.6924
vn -0.4543 0.2493 -0.8552
vn -0.6367 0.5440 -0.5465
vn -0.3663 0.6308 -0.6841
vn -0.4096 0.8546 -0.3192
vn -0.2456 0.9140 -0.3229
vn -0.2400 0.9690 -0.0580
vn -0.1829 0.9809 -0.0663
vn -0.7446 0.0687 -0.6640
vn -0.8901 0.2333 -0.3916
vn -0.7751 0.5857 -0.2371
vn -0.5142 0.8504 -0.1118
vn -0.9845 0.1104 -0.1365
vn -0.9926 0.0380 0.1155
vn -0.9036 0.0539 0.4250
vn -0.7626 0.0650 0.6436
vn -0.6062 0.1653 0.7779
vn -0.9407 0.0792 -0.3298
vn -0.4950 0.8682 -0.0345
vn -0.4916 0.8708 0.0063
vn -0.2463 0.9681 0.0453
vn -0.4582 0.8778 0.1395
vn -0.1670 0.9814 0.0946
vn -0.4170 0.8609 0.2914
vn -0.4311 0.1548 0.8889
vn -0.2925 0.1563 0.9434
vn -0.2338 0.1220 0.9646
vn -0.2166 0.8056 -0.5515
vn -0.2844 0.5787 -0.7644
vn -0.3192 0.3039 -0.8977
vn -0.3051 0.0655 -0.9501
vn -0.2303 0.9614 -0.1504
vn -0.1902 0.9415 -0.2782
vn -0.8141 0.5473 0.1944
vn -0.8852 0.4560 0.0915
vn -0.1576 0.9830 0.0938
vn -0.1071 0.9927 0.0559
vn -0.0924 0.9937 0.0631
vn -0.0945 0.9955 -0.0010
vn -0.0967 0.9953 0.0000
vn -0.0925 0.9957 -0.0032
vn -0.0943 0.9955 -0.0018
vn -0.8534 0.4765 -0.2113
vn -0.8673 0.4594 -0.1914
vn -0.8614 0.4432 -0.2479
vn -0.8689 0.4083 -0.2799
vn -0.8606 0.3365 -0.3824
vn -0.8690 0.2741 -0.4120
vn -0.8631 0.1589 -0.4793
vn -0.8704 0.0935 -0.4834
vn -0.8664 0.0294 -0.4985
vn -0.8724 0.0302 -0.4879
vn -0.9364 0.3270 0.1278
vn -0.8968 0.4040 0.1802
vn -0.8483 0.4767 0.2307
vn -0.9028 0.4297 0.0143
vn -0.8936 0.4485 0.0185
vn -0.8839 0.4670 0.0226
vn -0.8976 0.4272 0.1085
vn -0.8767 0.4687 0.1083
vn -0.8800 0.4401 0.1786
vn -0.8681 0.4284 0.2506
vn -0.8714 0.3298 0.3631
vn -0.8691 0.2789 0.4085
vn -0.8703 0.1628 0.4649
vn -0.8551 0.1141 0.5057
vn -0.8458 0.0589 0.5302
vn -0.8213 0.0716 0.5660
vn -0.8842 0.4672 0.0004
vn -0.8842 0.4672 0.0000
vn -0.8722 0.4890 -0.0055
vn -0.8723 0.4890 -0.0055
vn -0.8598 0.5106 -0.0110
vn -0.8852 0.4614 -0.0587
vn -0.8716 0.4853 -0.0694
vn -0.8570 0.5090 -0.0802
vn -0.2586 0.9070 0.3323
vn 0.0200 0.9394 0.3422
vn 0.1230 0.9230 0.3645
vn 0.1960 0.9169 0.3477
vn 0.3056 0.8765 0.3720
vn 0.2868 0.8929 0.3471
vn -0.6999 0.5034 -0.5067
vn -0.6998 0.5034 -0.5069
vn -0.6601 0.5088 -0.5527
vn -0.5821 0.5207 -0.6245
vn -0.4976 0.5268 -0.6891
vn -0.4586 0.5315 -0.7122
vn -0.4589 0.5316 -0.7119
vn -0.9299 0.3492 0.1156
vn -0.9276 0.3691 0.0571
vn -0.9207 0.3902 0.0032
vn -0.8955 0.4268 -0.1258
vn -0.8671 0.4487 -0.2165
vn -0.8365 0.4664 -0.2876
vn -0.8207 0.4665 -0.3298
vn -0.9144 0.3812 0.1361
vn 0.0026 0.0024 1.0000
vn 0.0001 0.0001 1.0000
vn -0.4081 -0.0059 0.9129
vn -0.4117 0.0006 0.9113
vn -0.3997 -0.0022 0.9166
vn -0.3895 0.0023 0.9210
vn -0.3593 -0.0040 0.9332
vn -0.3400 0.0027 0.9404
vn -0.3212 0.0004 0.9470
vn -0.3174 0.0120 0.9482
vn -0.5811 0.5545 0.5957
vn -0.5752 0.5331 0.6205
vn -0.5413 0.4577 0.7053
vn -0.4556 0.5577 0.6939
vn -0.3927 0.5784 0.7150
vn -0.2936 0.8084 0.5102
vn -0.5590 0.5846 0.5879
vn -0.6823 0.2202 0.6971
vn -0.6956 0.4100 0.5899
vn -0.5254 0.5370 0.6600
vn -0.4382 0.5200 0.7332
vn -0.4113 0.5102 0.7553
vn -0.3546 0.4940 0.7938
vn -0.3823 0.4629 0.7997
vn -0.2513 0.4830 0.8388
vn -0.4342 0.1918 0.8801
vn 0.9444 -0.2414 0.2233
vn 0.9356 -0.2510 0.2482
vn 0.8970 -0.3977 0.1927
vn 0.8630 -0.4740 0.1749
vn 0.7488 -0.6595 0.0667
vn 0.7472 -0.6623 0.0548
vn 0.7462 -0.6652 0.0278
vn 0.7446 -0.6675 0.0007
vn -0.0472 -0.9922 0.1151
vn -0.0967 -0.9716 0.2162
vn -0.0182 -0.7340 0.6789
vn -0.2763 -0.7011 0.6573
vn 0.0108 -0.3251 0.9456
vn 0.0758 0.2044 0.9759
vn -0.2353 0.0643 0.9698
vn -0.8700 -0.2154 0.4435
vn -0.6179 -0.1650 0.7687
vn -0.3159 -0.0434 0.9478
vn -0.3205 -0.0564 0.9456
vn -0.3349 -0.1471 0.9307
vn -0.3188 -0.2468 0.9151
vn 0.7503 -0.0743 0.6570
vn 0.4013 -0.7160 0.5712
vn 0.3635 -0.7227 0.5878
vn 0.0045 -0.8723 0.4890
vn -0.1266 -0.8953 0.4271
vn -0.4748 -0.8316 0.2880
vn 0.7189 -0.2982 0.6279
vn 0.6116 0.6162 0.4962
vn 0.1002 0.8987 0.4270
vn 0.1582 0.9080 0.3879
vn -0.2373 0.8604 0.4510
vn -0.6281 0.0404 0.7771
vn -0.6776 -0.0483 0.7338
vn -0.4154 -0.0222 0.9094
vn -0.6187 -0.1544 0.7703
vn -0.3520 -0.2709 0.8959
vn -0.1306 -0.1542 0.9794
vn -0.1169 0.0101 0.9931
vn -0.2185 0.1828 0.9586
vn -0.4461 0.2209 0.8673
vn 0.4842 -0.5879 0.6480
vn 0.2853 -0.5808 0.7624
vn -0.0000 -0.5908 0.8068
vn 0.1618 -0.5887 0.7920
vn 0.0000 -0.5704 0.8214
vn 0.8841 -0.4642 0.0531
vn 0.8362 -0.5216 0.1692
vn 0.8024 -0.5176 0.2971
vn 0.6951 -0.5665 0.4426
vn 0.5895 -0.6075 0.5324
vn 0.4716 -0.5692 0.6735
vn 0.9472 -0.3193 -0.0298
vn 0.9300 -0.3591 -0.0782
vn 0.9199 -0.3914 0.0241
vn -0.8617 0.4514 0.2318
vn -0.9160 0.3736 0.1461
vn -0.9459 0.2925 0.1406
vn -0.7984 0.0918 0.5951
vn -0.8826 0.1284 0.4523
vn -0.5680 -0.0319 0.8224
vn -0.9378 0.2453 0.2458
vn -0.1013 -0.7681 0.6322
vn 0.0897 -0.7610 0.6425
vn 0.2567 -0.7392 0.6227
vn 0.3099 -0.6880 0.6562
vn 0.3339 -0.7283 0.5984
vn 0.3929 -0.6635 0.6367
vn -0.2856 0.8247 0.4881
vn -0.2669 0.8409 0.4708
vn -0.8462 0.4712 0.2487
vn 0.7812 -0.5982 -0.1786
vn 0.6371 -0.7705 -0.0213
vn 0.6661 -0.7459 0.0013
vn 0.7744 -0.6300 0.0583
vn 0.8549 -0.5027 0.1284
vn 0.9125 -0.3750 0.1634
vn 0.9114 -0.3581 0.2026
vn 0.9216 -0.3536 0.1602
vn 0.0032 0.0030 1.0000
vn 0.8392 -0.5438 -0.0043
vn 0.8299 -0.5543 0.0641
vn 0.8164 -0.5621 0.1323
vn 0.4653 -0.5454 0.6972
vn 0.4761 -0.4715 0.7423
vn 0.4060 -0.3898 0.8266
vn 0.0402 -0.3313 0.9427
vn -0.0108 -0.3251 0.9456
vn 0.0182 -0.7340 0.6789
vn -0.2421 0.5258 -0.8154
vn -0.2182 0.5194 -0.8262
vn -0.2183 0.5194 -0.8262
vn -0.1942 0.5125 -0.8364
vn -0.2901 0.5438 -0.7875
vn 0.0000 0.0014 -1.0000
vn -0.0014 0.0006 -1.0000
vn 0.2524 0.0005 -0.9676
vn 0.5057 -0.0000 -0.8627
vn 0.5694 0.0000 -0.8220
vn 0.4063 0.0000 -0.9137
vn 0.0803 0.0000 -0.9968
vn -0.0803 -0.0000 -0.9968
vn -0.2351 -0.0000 -0.9720
vn -0.4593 0.0108 0.8882
vn -0.4542 0.0021 0.8909
vn -0.4495 -0.0060 0.8933
vn -0.5469 0.0158 0.8371
vn -0.4376 -0.0631 0.8970
vn -0.3631 -0.0937 0.9270
vn -0.2811 -0.1354 0.9501
vn -0.2735 -0.2887 0.9175
vn -0.2543 -0.3524 0.9006
vn -0.2471 -0.3382 0.9081
vn -0.3880 -0.3294 0.8608
vn -0.4553 -0.2141 0.8642
vn -0.5251 -0.1479 0.8381
vn -0.5563 0.1660 0.8142
vn -0.7151 0.6917 0.1007
vn -0.8977 0.4312 0.0905
vn -0.9818 -0.1341 0.1344
vn -0.8879 -0.4151 0.1982
vn -0.7593 -0.6352 0.1415
vn -0.4592 -0.8560 0.2374
vn -0.4510 -0.7915 0.4124
vn -0.4636 -0.7794 0.4215
vn -0.4159 -0.7679 0.4873
vn -0.3537 -0.7591 0.5465
vn -0.0932 -0.7818 0.6165
vn -0.7182 0.3154 0.6203
vn -0.7155 0.4863 0.5016
vn -0.7569 0.2551 0.6016
vn -0.6979 0.1446 0.7014
vn -0.0011 0.0000 1.0000
vn 0.2763 -0.7011 0.6573
vn 0.0967 -0.9716 0.2162
vn 0.0472 -0.9922 0.1151
vn 0.9317 -0.3433 0.1182
vn -0.2586 0.9070 0.3324
vn -0.4860 0.8229 0.2943
vn -0.5401 0.7967 0.2714
vn -0.6723 0.6951 0.2546
vn -0.7506 0.6122 0.2486
vn -0.8300 0.5097 0.2264
vn -0.4612 0.8564 0.2320
vn -0.9521 -0.1056 0.2869
vn -0.9816 -0.0638 0.1802
vn -0.9600 -0.0901 0.2650
vn -0.9673 -0.0741 0.2425
vn -0.9067 -0.1224 0.4035
vn -0.9510 -0.1081 0.2896
vn 0.0000 0.9330 -0.3599
vn -0.0000 0.8895 -0.4569
vn -0.0000 0.8354 -0.5497
vn -0.0001 0.6762 -0.7367
vn -0.0001 0.5645 -0.8255
vn -0.0001 0.3221 -0.9467
vn 0.0000 0.1926 -0.9813
vn 0.0000 0.0618 -0.9981
vn 0.0989 0.9737 0.2052
vn 0.1555 0.8910 0.4265
vn 0.2499 0.8765 0.4115
vn 0.2169 0.6625 0.7169
vn 0.3729 0.5532 0.7449
vn 0.2671 0.2473 0.9314
vn 0.4160 0.2659 0.8696
vn 0.9604 0.2471 -0.1286
vn 0.8181 0.5699 -0.0771
vn 0.9693 0.2460 0.0022
vn 0.8138 0.5797 0.0418
vn 0.9292 0.2371 0.2834
vn 0.7607 0.5853 0.2806
vn 0.7046 0.2628 0.6592
vn 0.5795 0.6478 0.4945
vn 0.7446 0.0687 -0.6640
vn 0.4832 0.0637 -0.8732
vn 0.6925 0.2024 -0.6924
vn 0.4543 0.2493 -0.8552
vn 0.6365 0.5441 -0.5466
vn 0.3663 0.6308 -0.6841
vn 0.4096 0.8546 -0.3192
vn 0.2456 0.9140 -0.3229
vn 0.2400 0.9690 -0.0580
vn 0.1829 0.9809 -0.0663
vn 0.3051 0.0655 -0.9501
vn 0.3192 0.3039 -0.8977
vn 0.2844 0.5787 -0.7644
vn 0.2166 0.8056 -0.5515
vn 0.8901 0.2333 -0.3916
vn 0.7751 0.5857 -0.2371
vn 0.5142 0.8504 -0.1118
vn 0.1902 0.9415 -0.2782
vn 0.2303 0.9614 -0.1504
vn 0.5375 0.8423 -0.0401
vn 0.4891 0.8714 0.0386
vn 0.4446 0.8788 0.1734
vn 0.3632 0.8888 0.2793
vn 0.8852 0.4560 0.0915
vn 0.8141 0.5473 0.1944
vn 0.6062 0.1653 0.7779
vn 0.7626 0.0650 0.6436
vn 0.9036 0.0539 0.4250
vn 0.9926 0.0380 0.1155
vn 0.9845 0.1104 -0.1365
vn 0.9407 0.0792 -0.3299
vn 0.0001 0.4388 0.8986
vn 0.0000 0.4388 0.8986
vn 0.0001 0.5583 0.8296
vn 0.0000 0.6692 0.7431
vn 0.0000 0.8536 0.5209
vn 0.0003 0.9239 0.3827
vn 0.0000 0.9711 0.2388
vn 0.0000 0.9994 0.0340
vn 0.0000 0.9998 -0.0215
vn 0.0000 0.9931 -0.1173
vn 0.0967 0.9953 0.0000
vn 0.0945 0.9955 -0.0010
vn 0.0943 0.9955 -0.0018
vn 0.0925 0.9957 -0.0032
vn 0.0924 0.9937 0.0631
vn 0.1071 0.9927 0.0559
vn 0.1670 0.9814 0.0946
vn 0.1576 0.9830 0.0938
vn 0.8534 0.4765 -0.2113
vn 0.8614 0.4432 -0.2479
vn 0.8673 0.4594 -0.1914
vn 0.8689 0.4083 -0.2799
vn 0.8606 0.3365 -0.3824
vn 0.8690 0.2741 -0.4120
vn 0.8631 0.1589 -0.4793
vn 0.8704 0.0935 -0.4834
vn 0.8664 0.0294 -0.4985
vn 0.8724 0.0302 -0.4879
vn 0.8483 0.4767 0.2307
vn 0.8968 0.4040 0.1802
vn 0.9364 0.3270 0.1278
vn 0.8839 0.4670 0.0226
vn 0.8936 0.4485 0.0185
vn 0.9028 0.4297 0.0143
vn 0.8976 0.4272 0.1086
vn 0.8799 0.4402 0.1787
vn 0.8766 0.4688 0.1084
vn 0.8681 0.4285 0.2507
vn 0.8715 0.3298 0.3630
vn 0.8692 0.2789 0.4084
vn 0.8703 0.1627 0.4649
vn 0.8551 0.1141 0.5057
vn 0.8459 0.0589 0.5301
vn 0.8216 0.0716 0.5656
vn 0.8842 0.4672 0.0004
vn 0.8598 0.5106 -0.0110
vn 0.8722 0.4890 -0.0055
vn 0.8723 0.4890 -0.0055
vn 0.8842 0.4672 0.0000
vn 0.8570 0.5090 -0.0802
vn 0.8716 0.4853 -0.0694
vn 0.8852 0.4614 -0.0587
vn 0.2586 0.9070 0.3323
vn -0.1230 0.9230 0.3645
vn -0.0200 0.9394 0.3422
vn -0.1960 0.9169 0.3477
vn -0.3056 0.8765 0.3720
vn -0.2868 0.8929 0.3471
vn 0.9144 0.3812 0.1361
vn 0.9299 0.3492 0.1156
vn 0.9276 0.3691 0.0571
vn 0.9207 0.3902 0.0032
vn 0.8955 0.4268 -0.1258
vn 0.8671 0.4486 -0.2165
vn 0.8365 0.4664 -0.2876
vn 0.8207 0.4665 -0.3298
vn 0.0000 -0.0903 0.9959
vn 0.0000 -0.0847 0.9964
vn 0.0096 -0.0549 0.9984
vn 0.0143 -0.0371 0.9992
vn 0.0286 0.0001 0.9996
vn -0.0000 0.0025 1.0000
vn 0.4104 -0.0054 0.9119
vn 0.4114 0.0004 0.9115
vn 0.4002 -0.0021 0.9164
vn 0.3882 0.0018 0.9216
vn 0.3595 -0.0039 0.9331
vn 0.3389 0.0023 0.9408
vn 0.3210 0.0003 0.9471
vn 0.3157 0.0111 0.9488
vn 0.2206 -0.8749 0.4312
vn 0.0000 -0.8933 0.4495
vn -0.0001 -0.8970 0.4421
vn -0.2208 -0.8749 0.4311
vn -0.2326 -0.8760 0.4225
vn 0.2322 -0.8760 0.4228
vn 0.5811 0.5545 0.5957
vn 0.5413 0.4577 0.7053
vn 0.5752 0.5331 0.6205
vn 0.4556 0.5577 0.6939
vn 0.3927 0.5784 0.7150
vn 0.2936 0.8084 0.5102
vn -0.0033 0.0049 1.0000
vn -0.0010 0.0020 1.0000
vn -0.0000 0.0054 1.0000
vn 0.0000 0.0049 1.0000
vn 0.7569 0.2552 0.6016
vn 0.7155 0.4863 0.5016
vn 0.6956 0.4100 0.5899
vn 0.6146 0.3521 0.7059
vn 0.4250 0.6624 0.6169
vn 0.3156 0.7063 0.6337
vn 0.0000 -0.9724 0.2335
vn -0.7488 -0.6595 0.0662
vn -0.8630 -0.4740 0.1749
vn -0.8970 -0.3977 0.1927
vn -0.8987 -0.3678 0.2389
vn -0.8487 -0.4808 0.2203
vn -0.6247 -0.7474 0.2263
vn -0.4276 -0.8748 0.2279
vn -0.2218 -0.9508 0.2162
vn -0.2241 -0.9505 0.2150
vn -0.7445 -0.6676 0.0000
vn -0.7462 -0.6652 0.0275
vn -0.7472 -0.6623 0.0548
vn 0.2353 0.0643 0.9698
vn 0.0000 0.0881 0.9961
vn -0.0045 -0.8723 0.4890
vn -0.4013 -0.7160 0.5712
vn -0.3635 -0.7227 0.5878
vn -0.7503 -0.0743 0.6570
vn -0.7189 -0.2982 0.6279
vn -0.6116 0.6162 0.4962
vn 0.1266 -0.8953 0.4271
vn 0.4748 -0.8316 0.2880
vn 0.8462 0.4712 0.2487
vn 0.2669 0.8409 0.4708
vn 0.2856 0.8247 0.4881
vn 0.2373 0.8604 0.4510
vn -0.1002 0.8987 0.4270
vn -0.1582 0.9080 0.3879
vn 0.6776 -0.0483 0.7338
vn 0.6281 0.0404 0.7771
vn 0.4154 -0.0222 0.9094
vn 0.4461 0.2209 0.8673
vn 0.2185 0.1828 0.9586
vn 0.4342 0.1918 0.8801
vn 0.2513 0.4830 0.8388
vn 0.3823 0.4629 0.7997
vn 0.3547 0.4944 0.7936
vn 0.4113 0.5102 0.7553
vn 0.4382 0.5200 0.7332
vn 0.5254 0.5370 0.6600
vn 0.5563 0.1660 0.8143
vn 0.5251 -0.1480 0.8381
vn 0.4553 -0.2141 0.8642
vn 0.3880 -0.3294 0.8608
vn 0.2471 -0.3381 0.9081
vn 0.2543 -0.3523 0.9007
vn 0.3188 -0.2468 0.9151
vn 0.2735 -0.2887 0.9175
vn 0.3349 -0.1471 0.9307
vn 0.4592 -0.8560 0.2374
vn 0.7593 -0.6352 0.1415
vn 0.8879 -0.4151 0.1982
vn 0.9818 -0.1341 0.1344
vn 0.8977 0.4312 0.0905
vn 0.7151 0.6917 0.1007
vn 0.1306 -0.1542 0.9794
vn 0.3521 -0.2710 0.8959
vn 0.6187 -0.1544 0.7703
vn 0.1169 0.0101 0.9931
vn -0.5895 -0.6075 0.5324
vn -0.6951 -0.5665 0.4426
vn -0.4842 -0.5879 0.6480
vn -0.8024 -0.5176 0.2970
vn -0.2567 -0.7392 0.6227
vn -0.0897 -0.7608 0.6427
vn 0.1013 -0.7681 0.6322
vn 0.0932 -0.7818 0.6165
vn 0.3537 -0.7591 0.5465
vn 0.4159 -0.7678 0.4873
vn 0.4637 -0.7792 0.4216
vn 0.4512 -0.7913 0.4126
vn -0.3929 -0.6635 0.6367
vn -0.3339 -0.7283 0.5984
vn -0.3099 -0.6880 0.6562
vn -0.8164 -0.5621 0.1323
vn -0.8299 -0.5543 0.0641
vn -0.8392 -0.5438 -0.0043
vn 0.8300 0.5097 0.2264
vn 0.7506 0.6122 0.2486
vn 0.6723 0.6951 0.2546
vn 0.5401 0.7967 0.2714
vn 0.4860 0.8229 0.2943
vn 0.2586 0.9070 0.3324
vn -0.0037 0.0034 1.0000
vn 0.1942 0.5125 -0.8364
vn 0.2182 0.5194 -0.8262
vn 0.2183 0.5194 -0.8262
vn 0.2421 0.5258 -0.8154
vn 0.2901 0.5438 -0.7875
vn 0.1960 0.5382 -0.8197
vn 0.1310 0.5395 -0.8317
vn 0.0501 0.5318 -0.8454
vn 0.0000 0.5349 -0.8449
vn 0.4495 -0.0060 0.8933
vn 0.4542 0.0021 0.8909
vn 0.4593 0.0108 0.8882
vn 0.5469 0.0158 0.8371
vn 0.3631 -0.0937 0.9270
vn 0.4376 -0.0631 0.8970
vn 0.2811 -0.1354 0.9501
vn 0.5680 -0.0319 0.8224
vn 0.7984 0.0918 0.5951
vn 0.8826 0.1284 0.4523
vn 0.9459 0.2925 0.1406
vn 0.3204 -0.0564 0.9456
vn 0.3159 -0.0433 0.9478
vn 0.6179 -0.1649 0.7688
vn 0.8700 -0.2154 0.4435
vn 0.7182 0.3154 0.6203
vn 0.2338 0.1220 0.9646
vn 0.2925 0.1563 0.9434
vn 0.4311 0.1548 0.8889
vn 0.2463 0.9681 0.0453
vn 0.4589 0.5316 -0.7119
vn 0.4583 0.5315 -0.7124
vn 0.4976 0.5268 -0.6891
vn 0.5821 0.5207 -0.6245
vn 0.6601 0.5088 -0.5527
vn 0.7000 0.5033 -0.5066
vn 0.6999 0.5034 -0.5067
vn -0.7281 -0.6843 0.0402
vn -0.7156 -0.6981 0.0231
vn -0.6763 -0.7366 0.0023
vn -0.6485 -0.7610 -0.0167
vn -0.5906 -0.8060 -0.0393
vn 0.9160 0.3736 0.1461
vn 0.8617 0.4514 0.2318
vn -0.8362 -0.5216 0.1692
vn -0.8841 -0.4642 0.0531
vn -0.9199 -0.3914 0.0241
vn -0.9300 -0.3591 -0.0782
vn -0.9472 -0.3193 -0.0298
vn -0.1618 -0.5887 0.7920
vn -0.2853 -0.5808 0.7624
vn -0.4716 -0.5692 0.6735
vn 0.9378 0.2453 0.2458
vn -0.0402 -0.3313 0.9427
vn -0.4060 -0.3898 0.8266
vn -0.4761 -0.4715 0.7423
vn -0.4653 -0.5454 0.6972
vn 0.9067 -0.1227 0.4036
vn 0.9673 -0.0742 0.2424
vn 0.9624 -0.0846 0.2580
vn 0.9739 -0.0833 0.2110
vn 0.9540 -0.1126 0.2779
vn 0.9560 -0.1200 0.2675
vn 0.4612 0.8564 0.2320
vn -0.0999 0.5274 -0.8437
vn 0.2314 -0.9482 0.2176
vn 0.2337 -0.9479 0.2166
vn 0.2335 -0.9479 0.2166
vn 0.2356 -0.9477 0.2154
vn 0.0287 -0.0060 0.9996
vn 0.7791 -0.5911 0.2088
vn 0.7788 -0.5914 0.2090
vn 0.7789 -0.5913 0.2090
vn 0.7786 -0.5916 0.2092
vn -0.3498 0.6970 0.6260
vn -0.3111 0.6997 0.6431
vn -0.2097 0.7115 0.6707
vn -0.1373 0.7130 0.6876
vn 0.0000 0.7111 0.7031
vn 0.0000 0.9314 0.3639
vn 0.0000 0.0951 0.9955
vn 0.0001 0.0951 0.9955
vn 0.1710 -0.0959 0.9806
vn 0.0916 -0.0526 0.9944
vn 0.0000 -0.0728 0.9973
vn -0.0916 -0.0526 0.9944
vn -0.1818 -0.1289 0.9749
vn -0.1601 -0.0630 0.9851
vn 0.1601 -0.0630 0.9851
vn 0.0084 -0.9985 0.0533
vn 0.0042 -0.9987 0.0504
vn 0.0042 -0.9987 0.0503
vn 0.0000 -0.9989 0.0474
vn -0.0098 -0.9988 0.0474
vn -0.0048 -0.9987 0.0504
vn -0.0049 -0.9987 0.0504
vn 0.0000 -0.9986 0.0534
vn 0.0000 -0.9999 0.0172
vn 0.0034 -0.9809 0.1947
vn 0.0027 -1.0000 0.0086
vn 0.0054 -1.0000 -0.0000
vn -0.0035 -0.8061 0.5917
vn 0.0004 -0.8223 0.5691
vn 0.0004 -0.8222 0.5692
vn 0.9704 -0.2396 -0.0304
vn 0.9428 -0.2885 -0.1671
vn -0.7082 -0.0010 -0.7060
vn -0.7086 -0.0007 -0.7056
vn -0.7090 -0.0004 -0.7052
vn -0.7094 -0.0000 -0.7048
vn 0.0048 0.0026 -1.0000
vn 0.0022 0.0003 -1.0000
vn 0.0027 0.0008 -1.0000
vn 0.0000 -0.0015 -1.0000
vn -0.0007 -0.9999 0.0151
vn -0.0013 -0.9999 0.0130
vn -0.0009 -0.8238 0.5669
vn -0.2391 -0.6804 0.6927
vn 0.0004 -0.8286 0.5598
vn -0.0111 -0.5655 0.8247
vn -0.9704 -0.2396 -0.0304
vn -0.9428 -0.2885 -0.1671
vn -0.8946 -0.3311 -0.3001
vn -0.8372 -0.5175 0.1768
vn -0.8897 -0.4254 0.1659
vn -0.8897 -0.4253 0.1659
vn -0.9320 -0.3284 0.1533
vn -0.0015 -0.0003 1.0000
vn -0.9318 -0.3432 0.1183
vn -0.9215 -0.3536 0.1607
vn -0.9093 -0.3633 0.2029
vn 0.6979 0.1446 0.7014
vn 0.3677 -0.9262 0.0830
vn 0.9064 -0.3550 0.2288
vn 0.7323 -0.5104 0.4508
vn 0.9590 -0.1850 0.2148
vn 0.8591 -0.0035 0.5118
vn 0.8817 0.3398 0.3274
vn 0.5244 0.6495 0.5506
vn 0.2100 0.9391 0.2720
vn -0.1035 0.8683 0.4851
vn -0.3274 0.9376 0.1167
vn -0.5422 0.5838 0.6044
vn 0.0546 -0.9117 0.4073
vn -0.1245 -0.9922 -0.0003
vn -0.4932 -0.7667 0.4111
vn -0.0011 -0.9992 0.0401
vn -0.9660 0.2441 -0.0853
vn -0.9232 0.1031 0.3702
vn -0.8412 0.5111 -0.1766
vn -0.9149 0.3578 -0.1868
vn -0.9220 0.3395 -0.1859
vn -0.4165 0.5499 0.7240
vn 0.0944 0.6833 0.7240
vn 0.5499 0.4165 0.7240
vn 0.6834 -0.0944 0.7239
vn 0.4165 -0.5499 0.7240
vn -0.0943 -0.6834 0.7240
vn -0.5499 -0.4165 0.7240
vn -0.6833 0.0943 0.7240
vn 0.4293 0.6794 0.5951
vn 0.3274 0.9376 0.1167
vn 0.0031 0.8730 0.4877
vn -0.2097 0.9390 0.2726
vn -0.5958 0.5827 0.5527
vn -0.8817 0.3398 0.3274
vn -0.8545 -0.1029 0.5091
vn -0.9590 -0.1850 0.2148
vn -0.6762 -0.5792 0.4553
vn -0.9064 -0.3550 0.2288
vn -0.3677 -0.9262 0.0830
vn 0.0488 -0.9119 0.4074
vn 0.1245 -0.9922 -0.0003
vn 0.5784 -0.7009 0.4174
vn 0.0011 -0.9992 0.0401
vn 0.9660 0.2441 -0.0853
vn 0.9067 0.2140 0.3635
vn 0.8412 0.5111 -0.1766
vn 0.9149 0.3578 -0.1869
vn 0.9220 0.3395 -0.1859
vn 0.0943 0.6834 0.7240
vn 0.6834 -0.0944 0.7240
vn -0.0944 -0.6833 0.7240
vn 0.0000 0.3906 0.9205
vn 0.0858 0.9944 -0.0610
vn 0.1116 0.9935 -0.0245
vn -0.0011 0.9998 0.0178
vn -0.0099 0.9985 0.0546
vn 0.0919 0.9958 0.0062
vn 0.0089 0.9989 0.0470
vn -0.0543 0.9984 0.0154
vn -0.0848 0.9963 -0.0103
vn -0.2248 0.9730 -0.0524
vn -0.3032 0.9471 -0.1051
vn -0.3672 0.9268 -0.0790
vn -0.4334 0.8954 -0.1019
vn -0.4547 0.8906 0.0091
vn 0.0101 0.9998 0.0146
vn 0.0047 1.0000 0.0051
vn -0.1020 0.9921 -0.0725
vn -0.3687 0.9295 0.0084
vn -0.3898 0.9197 0.0475
vn -0.4552 0.8878 0.0672
vn -0.1878 0.9822 0.0061
vn -0.1576 0.9875 0.0073
vn -0.1279 0.9916 -0.0179
vn 0.2689 0.9561 -0.1161
vn 0.2717 0.9576 -0.0954
vn 0.3239 0.9453 -0.0392
vn 0.1153 0.9933 -0.0001
vn 0.1556 0.9873 0.0323
vn 0.4077 0.9130 0.0108
vn 0.4180 0.9047 -0.0829
vn 0.4626 0.8865 0.0102
vn -0.4392 0.8961 0.0642
vn -0.3414 0.9396 0.0259
vn -0.0981 0.9952 0.0039
vn 0.1852 0.9815 0.0485
vn 0.2011 0.9795 0.0126
vn 0.3878 0.9204 0.0502
vn 0.3865 0.9210 0.0490
vn 0.4450 0.8942 0.0493
vn 0.4116 0.9078 0.0800
usemtl DarthVader
s 1
f 1/1/1 2/2/2 3/3/3
f 4/4/4 3/3/3 2/2/2
f 3/3/3 4/4/4 5/5/5
f 6/6/6 5/5/5 4/4/4
f 5/5/5 6/6/6 7/7/7
f 8/8/8 7/7/7 6/6/6
f 7/7/7 8/8/8 9/9/9
f 10/10/10 9/9/9 8/8/8
f 9/9/9 10/10/10 11/11/11
f 12/12/12 13/13/13 14/14/14
f 15/15/15 14/14/14 13/13/13
f 14/14/14 15/15/15 16/16/16
f 17/17/17 16/16/16 15/15/15
f 16/16/16 17/17/17 18/18/18
f 19/19/19 18/18/18 17/17/17
f 18/18/18 19/19/19 20/20/20
f 21/21/21 20/20/20 19/19/19
f 20/20/20 21/21/21 22/22/22
f 1/1/1 22/22/22 2/2/2
f 21/21/21 2/2/2 22/22/22
f 2/2/2 21/21/21 4/4/4
f 19/19/19 4/4/4 21/21/21
f 4/4/4 19/19/19 6/6/6
f 17/17/17 6/6/6 19/19/19
f 6/6/6 17/17/17 8/8/8
f 15/15/15 8/8/8 17/17/17
f 8/8/8 15/15/15 10/10/10
f 13/13/13 10/10/10 15/15/15
f 10/10/10 13/13/13 11/11/11
f 12/12/12 11/11/11 13/13/13
f 11/11/11 12/12/12 23/23/23
f 14/14/14 23/23/23 12/12/12
f 23/23/23 14/14/14 24/24/24
f 16/16/16 24/24/24 14/14/14
f 24/24/24 16/16/16 25/25/25
f 18/18/18 25/25/25 16/16/16
f 25/25/25 18/18/18 26/26/26
f 20/20/20 26/26/26 18/18/18
f 26/26/26 20/20/20 27/27/27
f 22/22/22 27/27/27 20/20/20
f 28/28/28 29/29/29 30/30/30
f 31/31/31 30/30/30 29/29/29
f 30/30/30 31/31/31 32/32/32
f 33/33/33 32/32/32 31/31/31
f 32/32/32 33/33/33 34/34/34
f 35/35/35 34/34/34 33/33/33
f 34/34/34 35/35/35 36/36/36
f 37/37/37 36/36/36 35/35/35
f 36/36/36 37/37/37 38/38/38
f 39/39/39 40/40/40 41/41/41
f 42/42/42 41/41/41 40/40/40
f 41/41/41 42/42/42 43/43/43
f 44/44/44 43/43/43 42/42/42
f 43/43/43 44/44/44 45/45/45
f 46/46/46 45/45/45 44/44/44
f 45/45/45 46/46/46 47/47/47
f 48/48/48 47/47/47 46/46/46
f 47/47/47 48/48/48 49/49/49
f 49/49/49 50/50/50 47/47/47
f 51/51/51 47/47/47 50/50/50
f 47/47/47 51/51/51 45/45/45
f 52/52/52 45/45/45 51/51/51
f 45/45/45 52/52/52 43/43/43
f 53/53/53 43/43/43 52/52/52
f 43/43/43 53/53/53 41/41/41
f 54/54/54 41/41/41 53/53/53
f 41/41/41 54/54/54 39/39/39
f 38/38/38 39/39/39 54/54/54
f 39/39/39 38/38/38 40/40/40
f 37/37/37 40/40/40 38/38/38
f 40/40/40 37/37/37 42/42/42
f 35/35/35 42/42/42 37/37/37
f 42/42/42 35/35/35 44/44/44
f 33/33/33 44/44/44 35/35/35
f 44/44/44 33/33/33 46/46/46
f 31/31/31 46/46/46 33/33/33
f 46/46/46 31/31/31 48/48/48
f 29/29/29 48/48/48 31/31/31
f 48/48/48 29/29/29 49/49/49
f 28/28/28 49/49/49 29/29/29
f 55/55/55 56/56/55 57/57/55
f 58/58/55 57/57/55 56/56/55
f 56/56/56 55/55/56 59/59/56
f 60/60/56 59/59/56 55/55/56
f 57/57/57 58/58/57 61/61/57
f 62/62/57 61/61/57 58/58/57
f 63/63/58 58/58/59 64/64/60
f 56/56/61 64/64/60 58/58/59
f 64/64/60 56/56/61 65/65/62
f 59/59/63 65/65/62 56/56/61
f 65/65/62 59/59/63 66/66/64
f 58/58/59 63/63/58 62/62/17
f 67/67/44 64/64/60 65/65/62
f 68/68/65 69/69/66 57/57/67
f 70/70/68 57/57/67 69/69/66
f 57/57/67 70/70/68 55/55/69
f 71/71/70 55/55/69 70/70/68
f 55/55/69 71/71/70 60/60/44
f 72/72/71 68/68/65 61/61/72
f 57/57/67 61/61/72 68/68/65
f 59/59/73 60/60/73 66/66/74
f 71/71/75 66/66/74 60/60/73
f 66/66/74 71/71/75 65/65/76
f 70/70/77 65/65/76 71/71/75
f 65/65/76 70/70/77 67/67/78
f 69/69/79 67/67/78 70/70/77
f 67/67/78 69/69/79 64/64/80
f 68/68/81 64/64/80 69/69/79
f 64/64/80 68/68/81 63/63/82
f 72/72/83 63/63/82 68/68/81
f 63/63/82 72/72/83 62/62/84
f 61/61/84 62/62/84 72/72/83
f 73/73/85 74/74/85 75/75/86
f 76/76/87 75/75/86 74/74/85
f 75/75/86 76/76/87 77/77/88
f 78/78/89 77/77/88 76/76/87
f 77/77/88 78/78/89 79/79/90
f 80/80/91 79/79/90 78/78/89
f 79/79/90 80/80/91 81/81/92
f 82/82/93 81/81/92 80/80/91
f 81/81/92 82/82/93 83/83/79
f 84/84/78 83/83/79 82/82/93
f 83/83/79 84/84/78 85/85/94
f 86/86/95 85/85/94 84/84/78
f 85/85/94 86/86/95 87/87/96
f 88/88/97 87/87/96 86/86/95
f 87/87/96 88/88/97 89/89/98
f 90/90/99 89/89/98 88/88/97
f 89/89/98 90/90/99 91/91/100
f 92/92/101 91/91/100 90/90/99
f 91/91/100 92/92/101 93/93/102
f 94/94/102 93/93/102 92/92/101
f 93/93/17 23/23/17 91/91/17
f 24/24/17 91/91/17 23/23/17
f 91/91/17 24/24/17 89/89/17
f 25/25/17 89/89/17 24/24/17
f 89/89/17 25/25/17 87/87/17
f 26/26/17 87/87/17 25/25/17
f 87/87/17 26/26/17 85/85/17
f 27/27/17 85/85/17 26/26/17
f 85/85/17 27/27/17 83/83/17
f 22/22/17 83/83/17 27/27/17
f 83/83/17 22/22/17 81/81/17
f 1/1/17 81/81/17 22/22/17
f 81/81/17 1/1/17 79/79/17
f 3/3/17 79/79/17 1/1/17
f 79/79/17 3/3/17 77/77/17
f 5/5/17 77/77/17 3/3/17
f 77/77/17 5/5/17 75/75/17
f 7/7/17 75/75/17 5/5/17
f 75/75/17 7/7/17 73/73/17
f 9/9/17 73/73/17 7/7/17
f 73/73/17 9/9/17 95/95/17
f 11/11/17 95/95/17 9/9/17
f 95/95/17 11/11/17 93/93/17
f 23/23/17 93/93/17 11/11/17
f 34/34/44 92/92/44 32/32/44
f 90/90/44 32/32/44 92/92/44
f 32/32/44 90/90/44 30/30/44
f 88/88/44 30/30/44 90/90/44
f 30/30/44 88/88/44 28/28/44
f 86/86/44 28/28/44 88/88/44
f 28/28/44 86/86/44 49/49/44
f 84/84/44 49/49/44 86/86/44
f 49/49/44 84/84/44 50/50/44
f 82/82/44 50/50/44 84/84/44
f 50/50/44 82/82/44 51/51/44
f 80/80/44 51/51/44 82/82/44
f 51/51/44 80/80/44 52/52/44
f 78/78/44 52/52/44 80/80/44
f 52/52/44 78/78/44 53/53/44
f 76/76/44 53/53/44 78/78/44
f 53/53/44 76/76/44 54/54/44
f 74/74/44 54/54/44 76/76/44
f 54/54/44 74/74/44 38/38/44
f 96/96/44 38/38/44 74/74/44
f 38/38/44 96/96/44 36/36/44
f 94/94/44 36/36/44 96/96/44
f 36/36/44 94/94/44 34/34/44
f 92/92/44 34/34/44 94/94/44
f 97/97/55 98/98/55 99/99/55
f 100/100/55 99/99/55 98/98/55
f 99/99/55 100/100/55 101/101/55
f 102/102/55 101/101/55 100/100/55
f 101/101/55 102/102/55 103/103/55
f 104/104/55 103/103/55 102/102/55
f 103/103/55 104/104/55 105/105/55
f 106/106/55 105/105/55 104/104/55
f 105/105/55 106/106/55 107/107/55
f 108/108/55 107/107/55 106/106/55
f 107/107/55 108/108/55 109/109/55
f 110/110/55 109/109/55 108/108/55
f 109/109/55 110/110/55 111/111/55
f 112/112/55 111/111/55 110/110/55
f 111/111/55 112/112/55 97/97/55
f 98/98/55 97/97/55 112/112/55
f 103/103/103 105/105/104 113/113/105
f 114/114/106 113/113/105 105/105/104
f 113/113/105 114/114/106 115/115/106
f 103/103/107 113/113/107 101/101/107
f 116/116/107 101/101/107 113/113/107
f 113/113/44 115/115/44 116/116/44
f 117/117/44 116/116/44 115/115/44
f 117/117/108 118/118/108 116/116/109
f 99/99/110 116/116/109 118/118/108
f 116/116/109 99/99/110 101/101/111
f 99/99/56 118/118/56 97/97/56
f 119/119/56 97/97/56 118/118/56
f 97/97/112 119/119/112 111/111/112
f 120/120/112 111/111/112 119/119/112
f 111/111/17 120/120/17 109/109/17
f 121/121/17 109/109/17 120/120/17
f 109/109/113 121/121/113 107/107/113
f 122/122/113 107/107/113 121/121/113
f 107/107/57 122/122/57 105/105/57
f 114/114/57 105/105/57 122/122/57
f 104/104/17 102/102/17 123/123/17
f 124/124/17 123/123/17 102/102/17
f 124/124/114 102/102/115 125/125/116
f 100/100/117 125/125/116 102/102/115
f 125/125/116 100/100/117 126/126/118
f 98/98/119 126/126/118 100/100/117
f 126/126/118 98/98/119 127/127/120
f 112/112/121 127/127/120 98/98/119
f 127/127/120 112/112/121 128/128/122
f 110/110/123 128/128/122 112/112/121
f 128/128/122 110/110/123 129/129/124
f 108/108/125 129/129/124 110/110/123
f 129/129/124 108/108/125 130/130/126
f 106/106/127 130/130/126 108/108/125
f 130/130/126 106/106/127 123/123/128
f 104/104/129 123/123/128 106/106/127
f 131/131/55 132/132/55 133/133/55
f 134/134/55 133/133/55 132/132/55
f 133/133/55 134/134/55 135/135/55
f 136/136/55 135/135/55 134/134/55
f 135/135/55 136/136/55 137/137/55
f 138/138/55 137/137/55 136/136/55
f 137/137/55 138/138/55 139/139/55
f 140/140/55 139/139/55 138/138/55
f 139/139/55 140/140/55 141/141/55
f 142/142/55 141/141/55 140/140/55
f 141/141/55 142/142/55 143/143/55
f 144/144/55 143/143/55 142/142/55
f 143/143/55 144/144/55 145/145/55
f 146/146/55 145/145/55 144/144/55
f 145/145/55 146/146/55 131/131/55
f 132/132/55 131/131/55 146/146/55
f 147/147/113 148/148/113 149/149/130
f 141/141/131 149/149/130 148/148/113
f 149/149/130 141/141/131 143/143/132
f 150/150/133 149/149/133 145/145/133
f 143/143/133 145/145/133 149/149/133
f 151/151/17 147/147/17 150/150/17
f 149/149/17 150/150/17 147/147/17
f 145/145/134 131/131/135 150/150/136
f 152/152/112 150/150/136 131/131/135
f 150/150/136 152/152/112 151/151/112
f 153/153/56 152/152/56 133/133/56
f 131/131/56 133/133/56 152/152/56
f 154/154/108 153/153/108 135/135/108
f 133/133/108 135/135/108 153/153/108
f 155/155/44 154/154/44 137/137/44
f 135/135/44 137/137/44 154/154/44
f 156/156/106 155/155/106 139/139/106
f 137/137/106 139/139/106 155/155/106
f 148/148/57 156/156/57 141/141/57
f 139/139/57 141/141/57 156/156/57
f 157/157/44 146/146/44 158/158/44
f 144/144/44 158/158/44 146/146/44
f 146/146/137 157/157/138 132/132/139
f 159/159/140 132/132/139 157/157/138
f 132/132/139 159/159/140 134/134/141
f 160/160/142 134/134/141 159/159/140
f 134/134/141 160/160/142 136/136/143
f 161/161/144 136/136/143 160/160/142
f 136/136/143 161/161/144 138/138/145
f 162/162/146 138/138/145 161/161/144
f 138/138/145 162/162/146 140/140/147
f 163/163/148 140/140/147 162/162/146
f 140/140/147 163/163/148 142/142/149
f 164/164/150 142/142/149 163/163/148
f 142/142/149 164/164/150 144/144/151
f 158/158/152 144/144/151 164/164/150
f 165/165/153 166/166/154 167/167/155
f 168/168/156 167/167/155 166/166/154
f 167/167/155 168/168/156 169/169/157
f 170/170/158 169/169/157 168/168/156
f 169/169/157 170/170/158 171/171/159
f 172/172/160 171/171/159 170/170/158
f 171/171/159 172/172/160 173/173/161
f 174/174/162 173/173/161 172/172/160
f 173/173/161 174/174/162 175/175/163
f 176/176/164 175/175/163 174/174/162
f 175/175/163 176/176/164 177/177/165
f 178/178/166 177/177/165 176/176/164
f 177/177/165 178/178/166 179/179/167
f 180/180/168 179/179/167 178/178/166
f 179/179/167 180/180/168 165/165/153
f 166/166/154 165/165/153 180/180/168
f 168/168/156 166/166/154 181/181/55
f 180/180/168 181/181/55 166/166/154
f 181/181/55 180/180/168 178/178/166
f 174/174/162 172/172/160 181/181/55
f 170/170/158 181/181/55 172/172/160
f 181/181/55 170/170/158 168/168/156
f 174/174/162 181/181/55 176/176/164
f 178/178/166 176/176/164 181/181/55
f 182/182/55 183/183/55 184/184/55
f 185/185/55 184/184/55 183/183/55
f 184/184/55 185/185/55 186/186/55
f 187/187/169 188/188/170 189/189/171
f 190/190/172 189/189/171 188/188/170
f 189/189/171 190/190/172 191/191/173
f 192/192/174 191/191/173 190/190/172
f 191/191/173 192/192/174 193/193/175
f 194/194/176 193/193/175 192/192/174
f 193/193/175 194/194/176 195/195/177
f 196/196/178 195/195/177 194/194/176
f 195/195/177 196/196/178 197/197/179
f 198/198/180 197/197/179 196/196/178
f 197/197/179 198/198/180 199/199/181
f 200/200/182 199/199/181 198/198/180
f 199/199/181 200/200/182 201/201/183
f 202/202/184 201/201/183 200/200/182
f 201/201/183 202/202/184 203/203/185
f 204/204/186 203/203/185 202/202/184
f 205/205/187 206/206/188 207/207/189
f 208/208/190 207/207/189 206/206/188
f 207/207/189 208/208/190 209/209/191
f 210/210/192 209/209/191 208/208/190
f 209/209/191 210/210/192 211/211/193
f 212/212/194 211/211/193 210/210/192
f 211/211/193 212/212/194 213/213/195
f 214/214/196 213/213/195 212/212/194
f 213/213/195 214/214/196 215/215/197
f 216/216/198 215/215/197 214/214/196
f 215/215/197 216/216/198 217/217/199
f 218/218/200 217/217/199 216/216/198
f 217/217/199 218/218/200 219/219/201
f 220/220/202 219/219/201 218/218/200
f 219/219/201 220/220/202 221/221/203
f 222/222/204 221/221/203 220/220/202
f 221/221/203 222/222/204 223/223/205
f 224/224/206 223/223/205 222/222/204
f 223/223/205 224/224/206 225/225/207
f 226/226/208 225/225/207 224/224/206
f 225/225/207 226/226/208 227/227/209
f 228/228/210 227/227/209 226/226/208
f 227/227/209 228/228/210 205/205/187
f 206/206/188 205/205/187 228/228/210
f 229/229/198 230/230/197 231/231/196
f 232/232/195 231/231/196 230/230/197
f 231/231/196 232/232/195 233/233/211
f 234/234/193 233/233/211 232/232/195
f 233/233/211 234/234/193 235/235/192
f 236/236/212 235/235/192 234/234/193
f 235/235/192 236/236/212 237/237/190
f 238/238/189 237/237/190 236/236/212
f 237/237/190 238/238/189 239/239/213
f 240/240/187 239/239/213 238/238/189
f 239/239/213 240/240/187 241/241/214
f 242/242/215 241/241/214 240/240/187
f 241/241/214 242/242/215 243/243/208
f 244/244/207 243/243/208 242/242/215
f 243/243/208 244/244/207 245/245/216
f 246/246/217 245/245/216 244/244/207
f 245/245/216 246/246/217 247/247/204
f 248/248/203 247/247/204 246/246/217
f 247/247/204 248/248/203 249/249/202
f 250/250/201 249/249/202 248/248/203
f 249/249/202 250/250/201 251/251/200
f 252/252/218 251/251/200 250/250/201
f 251/251/200 252/252/218 229/229/198
f 230/230/197 229/229/198 252/252/218
f 230/230/219 228/228/219 232/232/219
f 226/226/219 232/232/219 228/228/219
f 232/232/219 226/226/219 234/234/219
f 224/224/219 234/234/219 226/226/219
f 234/234/219 224/224/219 236/236/219
f 222/222/219 236/236/219 224/224/219
f 236/236/219 222/222/219 238/238/219
f 220/220/219 238/238/219 222/222/219
f 238/238/219 220/220/219 240/240/219
f 218/218/219 240/240/219 220/220/219
f 240/240/219 218/218/219 242/242/219
f 216/216/219 242/242/219 218/218/219
f 242/242/219 216/216/219 244/244/219
f 214/214/219 244/244/219 216/216/219
f 244/244/219 214/214/219 246/246/219
f 212/212/219 246/246/219 214/214/219
f 246/246/219 212/212/219 248/248/219
f 210/210/219 248/248/219 212/212/219
f 248/248/219 210/210/219 250/250/219
f 208/208/219 250/250/219 210/210/219
f 250/250/219 208/208/219 252/252/219
f 206/206/219 252/252/219 208/208/219
f 252/252/219 206/206/219 230/230/219
f 228/228/219 230/230/219 206/206/219
f 227/227/220 253/253/221 225/225/222
f 254/254/223 225/225/222 253/253/221
f 225/225/222 254/254/223 223/223/224
f 255/255/225 223/223/224 254/254/223
f 223/223/224 255/255/225 221/221/226
f 256/256/227 221/221/226 255/255/225
f 221/221/226 256/256/227 219/219/228
f 257/257/229 219/219/228 256/256/227
f 219/219/228 257/257/229 217/217/230
f 258/258/231 217/217/230 257/257/229
f 217/217/230 258/258/231 215/215/232
f 259/259/233 215/215/232 258/258/231
f 215/215/232 259/259/233 213/213/234
f 260/260/235 213/213/234 259/259/233
f 213/213/234 260/260/235 211/211/236
f 261/261/237 211/211/236 260/260/235
f 211/211/236 261/261/237 209/209/238
f 262/262/239 209/209/238 261/261/237
f 209/209/238 262/262/239 207/207/240
f 263/263/241 207/207/240 262/262/239
f 207/207/240 263/263/241 205/205/242
f 264/264/243 205/205/242 263/263/241
f 205/205/242 264/264/243 227/227/220
f 253/253/221 227/227/220 264/264/243
f 253/253/221 204/204/186 254/254/223
f 202/202/184 254/254/223 204/204/186
f 254/254/223 202/202/184 255/255/225
f 200/200/182 255/255/225 202/202/184
f 255/255/225 200/200/182 256/256/227
f 198/198/180 256/256/227 200/200/182
f 256/256/227 198/198/180 257/257/229
f 196/196/178 257/257/229 198/198/180
f 257/257/229 196/196/178 258/258/231
f 194/194/176 258/258/231 196/196/178
f 258/258/231 194/194/176 259/259/233
f 192/192/174 259/259/233 194/194/176
f 259/259/233 192/192/174 260/260/235
f 190/190/172 260/260/235 192/192/174
f 260/260/235 190/190/172 261/261/237
f 188/188/170 261/261/237 190/190/172
f 203/265/244 204/266/245 265/267/246
f 266/268/247 265/267/246 204/266/245
f 265/267/246 266/268/247 267/269/248
f 268/270/249 267/269/248 266/268/247
f 267/269/248 268/270/249 269/271/250
f 270/272/251 269/271/250 268/270/249
f 269/271/250 270/272/251 187/273/252
f 188/274/253 187/273/252 270/272/251
f 204/266/245 253/275/254 266/268/247
f 264/276/255 266/268/247 253/275/254
f 266/268/247 264/276/255 268/270/249
f 263/277/256 268/270/249 264/276/255
f 268/270/249 263/277/256 270/272/251
f 262/278/257 270/272/251 263/277/256
f 270/272/251 262/278/257 188/274/253
f 261/279/258 188/274/253 262/278/257
f 271/280/55 272/281/55 184/184/55
f 273/282/55 184/184/55 272/281/55
f 184/184/55 273/282/55 274/283/55
f 275/284/259 276/285/260 277/286/261
f 278/287/262 277/286/261 276/285/260
f 277/286/261 278/287/262 279/288/263
f 280/289/264 279/288/263 278/287/262
f 279/288/263 280/289/264 281/290/265
f 282/291/266 281/290/265 280/289/264
f 281/290/265 282/291/266 283/292/267
f 284/293/268 283/292/267 282/291/266
f 283/292/267 284/293/268 285/294/269
f 286/295/270 285/294/269 284/293/268
f 285/294/269 286/295/270 287/296/271
f 288/297/272 287/296/271 286/295/270
f 287/296/271 288/297/272 289/298/273
f 290/299/274 289/298/273 288/297/272
f 289/298/273 290/299/274 291/300/275
f 292/301/276 291/300/275 290/299/274
f 291/300/275 292/301/276 293/302/277
f 294/303/278 293/302/277 292/301/276
f 293/302/277 294/303/278 295/304/279
f 296/305/280 295/304/279 294/303/278
f 295/304/279 296/305/280 297/306/281
f 298/307/282 297/306/281 296/305/280
f 297/306/281 298/307/282 275/284/259
f 276/285/260 275/284/259 298/307/282
f 203/203/185 299/308/283 201/201/183
f 300/309/284 201/201/183 299/308/283
f 201/201/183 300/309/284 199/199/181
f 301/310/285 199/199/181 300/309/284
f 199/199/181 301/310/285 197/197/179
f 302/311/286 197/197/179 301/310/285
f 197/197/179 302/311/286 195/195/177
f 303/312/287 195/195/177 302/311/286
f 195/195/177 303/312/287 193/193/175
f 304/313/288 193/193/175 303/312/287
f 193/193/175 304/313/288 191/191/173
f 305/314/289 191/191/173 304/313/288
f 191/191/173 305/314/289 189/189/171
f 306/315/290 189/189/171 305/314/289
f 189/189/171 306/315/290 187/187/169
f 307/316/291 187/187/169 306/315/290
f 299/308/283 292/301/276 300/309/284
f 290/299/274 300/309/284 292/301/276
f 300/309/284 290/299/274 301/310/285
f 288/297/272 301/310/285 290/299/274
f 301/310/285 288/297/272 302/311/286
f 286/295/270 302/311/286 288/297/272
f 302/311/286 286/295/270 303/312/287
f 284/293/268 303/312/287 286/295/270
f 303/312/287 284/293/268 304/313/288
f 282/291/266 304/313/288 284/293/268
f 304/313/288 282/291/266 305/314/289
f 280/289/264 305/314/289 282/291/266
f 305/314/289 280/289/264 306/315/290
f 278/287/262 306/315/290 280/289/264
f 306/315/290 278/287/262 307/316/291
f 276/285/260 307/316/291 278/287/262
f 307/316/291 276/285/260 308/317/292
f 298/307/282 308/317/292 276/285/260
f 308/317/292 298/307/282 309/318/293
f 296/305/280 309/318/293 298/307/282
f 309/318/293 296/305/280 310/319/294
f 294/303/278 310/319/294 296/305/280
f 310/319/294 294/303/278 299/308/283
f 292/301/276 299/308/283 294/303/278
f 299/320/295 203/265/244 310/321/296
f 265/267/246 310/321/296 203/265/244
f 310/321/296 265/267/246 309/322/297
f 267/269/248 309/322/297 265/267/246
f 309/322/297 267/269/248 308/323/298
f 269/271/250 308/323/298 267/269/248
f 308/323/298 269/271/250 307/324/299
f 187/273/252 307/324/299 269/271/250
f 186/186/55 311/325/55 184/184/55
f 312/326/55 184/184/55 311/325/55
f 184/184/55 312/326/55 271/280/55
f 313/327/55 314/328/55 315/329/55
f 316/330/55 315/329/55 314/328/55
f 315/329/55 316/330/55 317/331/55
f 318/332/55 317/331/55 316/330/55
f 317/331/55 318/332/55 319/333/55
f 320/334/55 319/333/55 318/332/55
f 319/333/55 320/334/55 321/335/55
f 322/336/55 321/335/55 320/334/55
f 321/335/55 322/336/55 323/337/55
f 324/338/55 323/337/55 322/336/55
f 323/337/55 324/338/55 325/339/55
f 326/340/55 325/339/55 324/338/55
f 325/339/55 326/340/55 327/341/55
f 328/342/55 327/341/55 326/340/55
f 327/341/55 328/342/55 329/343/55
f 330/344/55 329/343/55 328/342/55
f 329/343/55 330/344/55 331/345/55
f 332/346/55 331/345/55 330/344/55
f 331/345/55 332/346/55 333/347/55
f 334/348/55 333/347/55 332/346/55
f 333/347/55 334/348/55 335/349/55
f 336/350/55 335/349/55 334/348/55
f 335/349/55 336/350/55 313/327/55
f 314/328/55 313/327/55 336/350/55
f 291/300/210 336/350/209 289/298/208
f 334/348/207 289/298/208 336/350/209
f 289/298/208 334/348/207 287/296/206
f 332/346/205 287/296/206 334/348/207
f 287/296/206 332/346/205 285/294/204
f 330/344/203 285/294/204 332/346/205
f 285/294/204 330/344/203 283/292/202
f 328/342/201 283/292/202 330/344/203
f 283/292/202 328/342/201 281/290/300
f 326/340/199 281/290/300 328/342/201
f 281/290/300 326/340/199 279/288/198
f 324/338/197 279/288/198 326/340/199
f 279/288/198 324/338/197 277/286/196
f 322/336/195 277/286/196 324/338/197
f 277/286/196 322/336/195 275/284/194
f 320/334/193 275/284/194 322/336/195
f 275/284/194 320/334/193 297/306/192
f 318/332/191 297/306/192 320/334/193
f 297/306/192 318/332/191 295/304/190
f 316/330/189 295/304/190 318/332/191
f 295/304/190 316/330/189 293/302/188
f 314/328/187 293/302/188 316/330/189
f 293/302/188 314/328/187 291/300/210
f 336/350/209 291/300/210 314/328/187
f 335/349/198 185/185/197 333/347/196
f 183/183/195 333/347/196 185/185/197
f 333/347/196 183/183/195 331/345/194
f 182/182/301 331/345/194 183/183/195
f 331/345/194 182/182/301 329/343/192
f 337/351/191 329/343/192 182/182/301
f 329/343/192 337/351/191 327/341/190
f 338/352/189 327/341/190 337/351/191
f 327/341/190 338/352/189 325/339/302
f 274/283/187 325/339/302 338/352/189
f 325/339/302 274/283/187 323/337/210
f 273/282/215 323/337/210 274/283/187
f 323/337/210 273/282/215 321/335/208
f 272/281/207 321/335/208 273/282/215
f 321/335/208 272/281/207 319/333/206
f 271/280/205 319/333/206 272/281/207
f 319/333/206 271/280/205 317/331/204
f 312/326/203 317/331/204 271/280/205
f 317/331/204 312/326/203 315/329/202
f 311/325/201 315/329/202 312/326/203
f 315/329/202 311/325/201 313/327/200
f 186/186/199 313/327/200 311/325/201
f 313/327/200 186/186/199 335/349/198
f 185/185/197 335/349/198 186/186/199
f 274/283/55 338/352/55 184/184/55
f 337/351/55 184/184/55 338/352/55
f 184/184/55 337/351/55 182/182/55
f 339/353/303 340/354/303 341/355/304
f 342/356/304 341/355/304 340/354/303
f 341/355/304 342/356/304 343/357/305
f 344/358/305 343/357/305 342/356/304
f 343/357/305 344/358/305 345/359/306
f 346/360/307 345/359/306 344/358/305
f 345/359/306 346/360/307 347/361/87
f 348/362/86 347/361/87 346/360/307
f 347/361/87 348/362/86 349/363/308
f 350/364/309 349/363/308 348/362/86
f 349/363/308 350/364/309 351/365/310
f 352/366/310 351/365/310 350/364/309
f 351/367/311 352/368/311 353/369/312
f 354/370/313 353/369/312 352/368/311
f 353/369/312 354/370/313 355/371/101
f 356/372/100 355/371/101 354/370/313
f 355/371/101 356/372/100 357/373/314
f 358/374/315 357/373/314 356/372/100
f 357/373/314 358/374/315 359/375/316
f 360/376/317 359/375/316 358/374/315
f 359/375/316 360/376/317 361/377/318
f 362/378/318 361/377/318 360/376/317
f 350/379/319 348/380/320 363/381/321
f 346/382/322 363/381/321 348/380/320
f 363/381/321 346/382/322 362/383/323
f 344/384/324 362/383/323 346/382/322
f 362/383/323 344/384/324 364/385/325
f 342/386/326 364/385/325 344/384/324
f 364/385/325 342/386/326 365/387/327
f 340/388/328 365/387/327 342/386/326
f 365/387/327 340/388/328 366/389/329
f 356/390/330 354/391/331 363/381/321
f 352/392/332 363/381/321 354/391/331
f 363/381/321 352/392/332 350/379/319
f 362/383/323 360/393/333 363/381/321
f 358/394/334 363/381/321 360/393/333
f 363/381/321 358/394/334 356/390/330
f 367/395/335 365/387/327 368/396/336
f 366/389/329 368/396/336 365/387/327
f 369/397/44 339/398/337 370/399/338
f 341/400/339 370/399/338 339/398/337
f 370/399/338 341/400/339 371/401/340
f 343/402/341 371/401/340 341/400/339
f 371/401/340 343/402/341 361/403/342
f 345/404/343 361/403/342 343/402/341
f 361/403/342 345/404/343 372/405/44
f 347/406/44 372/405/44 345/404/343
f 372/405/44 347/406/44 349/407/44
f 369/397/44 370/399/338 373/408/44
f 374/409/44 373/408/44 370/399/338
f 355/410/44 357/411/44 372/405/44
f 359/412/44 372/405/44 357/411/44
f 372/405/44 359/412/44 361/403/342
f 349/407/44 351/413/44 372/405/44
f 353/414/44 372/405/44 351/413/44
f 372/405/44 353/414/44 355/410/44
f 361/377/57 362/378/57 371/415/57
f 364/416/57 371/415/57 362/378/57
f 371/415/57 364/416/57 370/417/57
f 365/418/57 370/417/57 364/416/57
f 374/409/55 370/399/55 367/395/344
f 365/387/344 367/395/344 370/399/55
f 373/408/57 374/409/57 368/396/57
f 367/395/57 368/396/57 374/409/57
f 340/419/219 339/420/219 366/421/219
f 369/422/219 366/421/219 339/420/219
f 366/421/219 369/422/219 368/423/219
f 373/424/219 368/423/219 369/422/219
f 375/425/310 376/426/310 377/427/345
f 378/428/346 377/427/345 376/426/310
f 377/427/345 378/428/346 379/429/86
f 380/430/87 379/429/86 378/428/346
f 379/429/86 380/430/87 381/431/307
f 382/432/306 381/431/307 380/430/87
f 381/431/307 382/432/306 383/433/305
f 384/434/305 383/433/305 382/432/306
f 383/433/305 384/434/305 385/435/304
f 386/436/304 385/435/304 384/434/305
f 385/435/304 386/436/304 387/437/303
f 388/438/303 387/437/303 386/436/304
f 389/439/318 390/440/318 391/441/317
f 392/442/316 391/441/317 390/440/318
f 391/441/317 392/442/316 393/443/315
f 394/444/314 393/443/315 392/442/316
f 393/443/315 394/444/314 395/445/100
f 396/446/101 395/445/100 394/444/314
f 395/445/100 396/446/101 397/447/347
f 398/448/348 397/447/347 396/446/101
f 397/447/347 398/448/348 375/449/311
f 376/450/311 375/449/311 398/448/348
f 399/451/349 388/452/350 400/453/351
f 386/454/352 400/453/351 388/452/350
f 400/453/351 386/454/352 401/455/353
f 384/456/354 401/455/353 386/454/352
f 401/455/353 384/456/354 390/457/355
f 382/458/356 390/457/355 384/456/354
f 390/457/355 382/458/356 402/459/357
f 380/460/358 402/459/357 382/458/356
f 402/459/357 380/460/358 378/461/359
f 396/462/360 394/463/361 402/459/357
f 392/464/362 402/459/357 394/463/361
f 402/459/357 392/464/362 390/457/355
f 378/461/359 376/465/363 402/459/357
f 398/466/364 402/459/357 376/465/363
f 402/459/357 398/466/364 396/462/360
f 377/467/17 379/468/17 403/469/17
f 381/470/365 403/469/17 379/468/17
f 403/469/17 381/470/365 389/471/366
f 383/472/367 389/471/366 381/470/365
f 389/471/366 383/472/367 404/473/368
f 385/474/369 404/473/368 383/472/367
f 404/473/368 385/474/369 405/475/370
f 387/476/371 405/475/370 385/474/369
f 405/475/370 387/476/371 406/477/17
f 395/478/17 397/479/17 403/469/17
f 375/480/17 403/469/17 397/479/17
f 403/469/17 375/480/17 377/467/17
f 389/471/366 391/481/17 403/469/17
f 393/482/17 403/469/17 391/481/17
f 403/469/17 393/482/17 395/478/17
f 390/440/57 389/439/57 401/483/57
f 404/484/57 401/483/57 389/439/57
f 401/483/57 404/484/57 400/485/57
f 405/486/57 400/485/57 404/484/57
f 399/487/219 406/488/219 388/489/219
f 387/490/219 388/489/219 406/488/219
f 407/491/372 408/492/372 409/493/372
f 410/494/17 405/475/17 411/495/17
f 406/477/17 411/495/17 405/475/17
f 400/453/344 405/475/55 412/496/344
f 410/494/55 412/496/344 405/475/55
f 412/496/57 410/494/57 413/497/57
f 411/495/57 413/497/57 410/494/57
f 399/487/219 413/498/219 406/488/219
f 411/499/219 406/488/219 413/498/219
f 413/497/373 399/451/349 412/496/374
f 400/453/351 412/496/374 399/451/349
f 414/500/375 415/501/376 416/502/377
f 417/503/378 416/502/377 415/501/376
f 416/502/377 417/503/378 418/504/379
f 419/505/380 418/504/379 417/503/378
f 418/504/379 419/505/380 420/506/381
f 421/507/382 414/500/375 422/508/383
f 416/502/377 422/508/383 414/500/375
f 422/508/383 416/502/377 423/509/384
f 424/510/385 423/509/384 416/502/377
f 423/509/384 424/510/385 425/511/386
f 426/512/387 425/511/386 424/510/385
f 425/511/386 426/512/387 427/513/388
f 428/514/389 427/513/388 426/512/387
f 429/515/390 430/516/391 431/517/392
f 432/518/393 431/517/392 430/516/391
f 431/517/392 432/518/393 433/519/394
f 434/520/395 433/519/394 432/518/393
f 433/519/394 434/520/395 435/521/396
f 436/522/397 435/521/396 434/520/395
f 435/521/396 436/522/397 437/523/398
f 438/524/399 437/523/398 436/522/397
f 439/525/400 440/526/401 430/516/391
f 441/527/402 430/516/391 440/526/401
f 430/516/391 441/527/402 432/518/393
f 442/528/403 432/518/393 441/527/402
f 432/518/393 442/528/403 434/520/395
f 443/529/404 434/520/395 442/528/403
f 434/520/395 443/529/404 436/522/397
f 444/530/405 436/522/397 443/529/404
f 436/522/397 444/530/405 438/524/399
f 445/531/406 438/524/399 444/530/405
f 438/524/399 445/531/406 437/523/398
f 446/532/407 437/523/398 445/531/406
f 437/523/398 446/532/407 447/533/408
f 448/534/409 447/533/408 446/532/407
f 437/523/398 447/533/408 435/521/396
f 449/535/410 435/521/396 447/533/408
f 435/521/396 449/535/410 433/519/394
f 450/536/411 451/537/412 452/538/413
f 453/539/414 452/538/413 451/537/412
f 452/538/413 453/539/414 454/540/415
f 455/541/416 454/540/415 453/539/414
f 454/540/415 455/541/416 421/507/382
f 456/542/417 421/507/382 455/541/416
f 421/507/382 456/542/417 414/500/375
f 457/543/418 414/500/375 456/542/417
f 414/500/375 457/543/418 415/501/376
f 458/544/419 415/501/376 457/543/418
f 415/501/376 458/544/419 417/503/378
f 459/545/420 417/503/378 458/544/419
f 417/503/378 459/545/420 419/505/380
f 460/546/421 419/505/380 459/545/420
f 419/505/380 460/546/421 461/547/422
f 462/548/423 461/547/422 460/546/421
f 461/547/422 462/548/423 463/549/424
f 464/550/425 463/549/424 462/548/423
f 463/549/424 464/550/425 448/534/409
f 465/551/426 448/534/409 464/550/425
f 448/534/409 465/551/426 447/533/408
f 450/536/411 447/533/408 465/551/426
f 447/533/408 450/536/411 449/535/410
f 452/538/413 449/535/410 450/536/411
f 449/535/410 452/538/413 433/519/394
f 454/540/415 433/519/394 452/538/413
f 433/519/394 454/540/415 431/517/392
f 421/507/382 431/517/392 454/540/415
f 431/517/392 421/507/382 429/515/390
f 422/508/383 429/515/390 421/507/382
f 429/515/390 422/508/383 430/516/391
f 423/509/384 430/516/391 422/508/383
f 430/516/391 423/509/384 439/525/400
f 425/511/386 439/525/400 423/509/384
f 439/525/400 425/511/386 466/552/427
f 427/513/388 466/552/427 425/511/386
f 466/552/427 427/513/388 467/553/428
f 428/514/389 467/553/428 427/513/388
f 467/553/428 428/514/389 468/554/429
f 469/555/430 468/554/429 428/514/389
f 468/554/429 469/555/430 470/556/431
f 471/557/432 470/556/431 469/555/430
f 470/556/431 471/557/432 472/558/433
f 473/559/434 472/558/433 471/557/432
f 472/558/433 473/559/434 474/560/435
f 475/561/436 474/560/435 473/559/434
f 474/560/435 475/561/436 476/562/437
f 477/563/438 476/562/437 475/561/436
f 476/562/437 477/563/438 478/564/439
f 479/565/440 478/564/439 477/563/438
f 478/564/439 479/565/440 480/566/441
f 481/567/442 480/566/441 479/565/440
f 480/566/441 481/567/442 482/568/443
f 483/569/444 482/568/443 481/567/442
f 482/568/443 483/569/444 484/570/445
f 485/571/446 484/570/445 483/569/444
f 484/570/445 485/571/446 486/572/447
f 487/573/448 486/572/447 485/571/446
f 486/572/447 487/573/448 488/574/449
f 489/575/450 488/574/449 487/573/448
f 488/574/449 489/575/450 490/576/451
f 491/577/452 490/576/451 489/575/450
f 461/547/422 463/549/424 492/578/453
f 493/579/454 492/578/453 463/549/424
f 492/578/453 493/579/454 494/580/455
f 495/581/456 494/580/455 493/579/454
f 494/580/455 495/581/456 496/582/457
f 497/583/458 496/582/457 495/581/456
f 469/555/430 428/514/389 498/584/459
f 426/512/387 498/584/459 428/514/389
f 498/584/459 426/512/387 420/506/381
f 418/504/379 420/506/381 426/512/387
f 424/510/385 416/502/377 426/512/387
f 418/504/379 426/512/387 416/502/377
f 419/505/380 461/547/422 420/506/381
f 492/578/453 420/506/381 461/547/422
f 420/506/381 492/578/453 498/584/459
f 494/580/455 498/584/459 492/578/453
f 498/584/459 494/580/455 469/555/430
f 496/582/457 469/555/430 494/580/455
f 469/555/430 496/582/457 471/557/432
f 497/583/458 471/557/432 496/582/457
f 471/557/432 497/583/458 473/559/434
f 444/530/405 473/559/434 497/583/458
f 473/559/434 444/530/405 475/561/436
f 443/529/404 475/561/436 444/530/405
f 475/561/436 443/529/404 499/585/460
f 442/528/403 499/585/460 443/529/404
f 499/585/460 442/528/403 500/586/461
f 441/527/402 500/586/461 442/528/403
f 500/586/461 441/527/402 501/587/462
f 440/526/401 501/587/462 441/527/402
f 501/587/462 440/526/401 502/588/463
f 439/525/400 502/588/463 440/526/401
f 502/588/463 439/525/400 503/589/464
f 466/552/427 503/589/464 439/525/400
f 503/589/464 466/552/427 504/590/465
f 467/553/428 504/590/465 466/552/427
f 504/590/465 467/553/428 505/591/466
f 506/592/467 505/591/466 467/553/428
f 507/593/468 508/594/469 509/595/470
f 510/596/471 509/595/470 508/594/469
f 509/595/470 510/596/471 489/575/450
f 511/597/472 489/575/450 510/596/471
f 489/575/450 511/597/472 491/577/452
f 512/598/473 491/577/452 511/597/472
f 513/599/474 486/572/447 490/576/451
f 488/574/449 490/576/451 486/572/447
f 484/570/445 486/572/447 514/600/475
f 513/599/474 514/600/475 486/572/447
f 514/600/475 513/599/474 515/601/476
f 516/602/477 515/601/476 513/599/474
f 515/601/476 516/602/477 517/603/478
f 480/566/441 482/568/443 518/604/479
f 519/605/480 518/604/479 482/568/443
f 518/604/479 519/605/480 520/606/481
f 521/607/482 520/606/481 519/605/480
f 522/608/483 523/609/484 524/610/485
f 525/611/486 524/610/485 523/609/484
f 524/610/485 525/611/486 526/612/487
f 527/613/488 528/614/489 517/603/478
f 529/615/490 525/611/486 530/616/491
f 523/609/484 530/616/491 525/611/486
f 468/554/429 470/556/431 506/592/467
f 531/617/492 506/592/467 470/556/431
f 506/592/467 531/617/492 526/612/487
f 472/558/433 526/612/487 531/617/492
f 526/612/487 472/558/433 524/610/485
f 474/560/435 524/610/485 472/558/433
f 524/610/485 474/560/435 522/608/483
f 476/562/437 522/608/483 474/560/435
f 522/608/483 476/562/437 532/618/493
f 478/564/439 532/618/493 476/562/437
f 532/618/493 478/564/439 533/619/494
f 480/566/441 533/619/494 478/564/439
f 533/619/494 480/566/441 534/620/495
f 518/604/479 534/620/495 480/566/441
f 534/620/495 518/604/479 535/621/496
f 520/606/481 535/621/496 518/604/479
f 535/621/496 520/606/481 517/603/478
f 521/607/482 517/603/478 520/606/481
f 517/603/478 521/607/482 515/601/476
f 519/605/480 515/601/476 521/607/482
f 515/601/476 519/605/480 514/600/475
f 482/568/443 514/600/475 519/605/480
f 514/600/475 482/568/443 484/570/445
f 505/591/466 511/597/472 504/590/465
f 508/594/469 504/590/465 511/597/472
f 504/590/465 508/594/469 503/589/464
f 507/593/468 503/589/464 508/594/469
f 503/589/464 507/593/468 502/588/463
f 536/622/497 502/588/463 507/593/468
f 502/588/463 536/622/497 501/587/462
f 537/623/498 501/587/462 536/622/497
f 501/587/462 537/623/498 500/586/461
f 538/624/499 500/586/461 537/623/498
f 500/586/461 538/624/499 477/563/438
f 510/596/471 508/594/469 511/597/472
f 468/554/429 506/592/467 467/553/428
f 531/617/492 470/556/431 472/558/433
f 444/530/405 497/583/458 445/531/406
f 495/581/456 445/531/406 497/583/458
f 445/531/406 495/581/456 446/532/407
f 493/579/454 446/532/407 495/581/456
f 446/532/407 493/579/454 448/534/409
f 463/549/424 448/534/409 493/579/454
f 475/561/436 499/585/460 477/563/438
f 500/586/461 477/563/438 499/585/460
f 532/618/493 533/619/494 522/608/483
f 534/620/495 522/608/483 533/619/494
f 522/608/483 534/620/495 523/609/484
f 535/621/496 523/609/484 534/620/495
f 523/609/484 535/621/496 530/616/491
f 517/603/478 530/616/491 535/621/496
f 530/616/491 517/603/478 529/615/490
f 528/614/489 529/615/490 517/603/478
f 529/615/490 528/614/489 525/611/486
f 539/625/500 525/611/486 528/614/489
f 525/611/486 539/625/500 526/612/487
f 489/575/450 487/573/448 509/595/470
f 483/569/444 481/567/442 540/626/501
f 541/627/502 540/626/501 481/567/442
f 540/626/501 541/627/502 542/628/503
f 543/629/504 542/628/503 541/627/502
f 542/628/503 543/629/504 537/623/505
f 544/630/506 537/623/505 543/629/504
f 537/623/505 544/630/506 538/624/507
f 545/631/508 538/624/507 544/630/506
f 538/624/507 545/631/508 477/563/438
f 479/565/440 477/563/438 545/631/508
f 481/567/442 479/565/440 541/627/502
f 545/631/508 541/627/502 479/565/440
f 541/627/502 545/631/508 543/629/504
f 544/630/506 543/629/504 545/631/508
f 536/622/509 546/632/510 537/623/505
f 547/633/511 537/623/505 546/632/510
f 537/623/505 547/633/511 542/628/503
f 548/634/512 542/628/503 547/633/511
f 542/628/503 548/634/512 540/626/501
f 485/571/446 540/626/501 548/634/512
f 540/626/501 485/571/446 483/569/444
f 507/593/468 546/632/510 536/622/509
f 408/635/55 549/636/55 550/637/55
f 551/638/55 550/637/55 549/636/55
f 550/637/55 551/638/55 552/639/55
f 553/640/55 552/639/55 551/638/55
f 554/641/513 553/642/513 555/643/513
f 556/644/514 554/641/515 557/645/516
f 555/643/517 557/645/516 554/641/515
f 557/645/516 555/643/517 558/646/57
f 559/647/57 558/646/57 555/643/517
f 558/646/57 559/647/57 560/648/518
f 561/649/519 560/648/518 559/647/57
f 560/648/518 561/649/519 562/650/520
f 563/651/521 562/650/520 561/649/519
f 564/652/522 565/653/523 566/654/524
f 567/655/525 566/654/524 565/653/523
f 566/654/524 567/655/525 568/656/56
f 569/657/56 568/656/56 567/655/525
f 568/656/56 569/657/56 409/493/526
f 570/658/527 409/493/526 569/657/56
f 409/493/526 570/658/527 407/491/528
f 571/659/529 407/491/528 570/658/527
f 407/660/530 563/661/530 408/635/530
f 549/636/530 408/635/530 563/661/530
f 554/662/531 564/663/531 553/640/531
f 552/639/531 553/640/531 564/663/531
f 549/664/532 561/649/532 551/665/532
f 559/647/532 551/665/532 561/649/532
f 551/665/532 559/647/532 553/642/532
f 555/643/532 553/642/532 559/647/532
f 561/649/533 549/664/533 563/651/533
f 409/493/534 408/492/534 568/656/534
f 550/666/534 568/656/534 408/492/534
f 568/656/534 550/666/534 566/654/534
f 552/667/534 566/654/534 550/666/534
f 566/654/535 552/667/535 564/652/535
f 571/668/536 562/669/536 407/660/536
f 563/661/536 407/660/536 562/669/536
f 565/670/537 564/663/537 556/671/537
f 554/662/537 556/671/537 564/663/537
f 572/672/518 573/673/57 574/674/57
f 575/675/57 574/674/57 573/673/57
f 574/674/57 575/675/57 576/676/538
f 577/677/57 576/676/538 575/675/57
f 578/678/539 579/679/539 580/680/57
f 581/681/57 580/680/57 579/679/539
f 580/680/57 581/681/57 582/682/518
f 583/683/540 582/682/518 581/681/57
f 582/682/518 583/683/540 584/684/521
f 585/685/521 584/684/521 583/683/540
f 579/679/539 557/645/539 581/681/57
f 558/646/57 581/681/57 557/645/539
f 581/681/57 558/646/57 583/683/540
f 560/648/519 583/683/540 558/646/57
f 583/683/540 560/648/519 585/685/521
f 562/650/541 585/685/521 560/648/519
f 556/644/514 557/645/539 586/686/542
f 579/679/539 586/686/542 557/645/539
f 586/686/542 579/679/539 587/687/542
f 578/678/539 587/687/542 579/679/539
f 587/687/542 578/678/539 576/676/538
f 580/680/57 576/676/538 578/678/539
f 576/676/538 580/680/57 574/674/57
f 582/682/518 574/674/57 580/680/57
f 574/674/57 582/682/518 572/672/518
f 584/684/521 572/672/518 582/682/518
f 459/545/543 588/688/544 460/546/545
f 589/689/546 460/546/545 588/688/544
f 460/546/545 589/689/546 462/548/547
f 590/690/548 462/548/547 589/689/546
f 462/548/547 590/690/548 464/550/549
f 591/691/550 464/550/549 590/690/548
f 464/550/549 591/691/550 465/551/551
f 592/692/552 465/551/551 591/691/550
f 465/551/551 592/692/552 450/536/553
f 593/693/554 450/536/553 592/692/552
f 450/536/553 593/693/554 451/537/555
f 594/694/556 451/537/555 593/693/554
f 451/537/555 594/694/556 453/539/557
f 595/695/558 453/539/557 594/694/556
f 453/539/557 595/695/558 455/541/559
f 596/696/560 455/541/559 595/695/558
f 455/541/559 596/696/560 456/542/561
f 597/697/562 456/542/561 596/696/560
f 456/542/561 597/697/562 457/543/563
f 598/698/564 457/543/563 597/697/562
f 457/543/563 598/698/564 458/544/565
f 599/699/566 458/544/565 598/698/564
f 458/544/565 599/699/566 588/688/544
f 459/545/543 458/544/565 588/688/544
f 599/699/567 598/698/568 600/700/569
f 597/697/570 600/700/569 598/698/568
f 600/700/569 597/697/570 596/696/569
f 590/690/569 589/689/568 600/700/569
f 588/688/570 600/700/569 589/689/568
f 600/700/569 588/688/570 599/699/567
f 593/693/569 592/692/568 600/700/569
f 591/691/570 600/700/569 592/692/568
f 600/700/569 591/691/570 590/690/569
f 596/696/569 595/695/567 600/700/569
f 594/694/568 600/700/569 595/695/567
f 600/700/569 594/694/568 593/693/569
f 601/701/571 602/702/572 603/703/573
f 604/704/574 603/703/573 602/702/572
f 603/703/573 604/704/574 605/705/575
f 606/706/576 605/705/575 604/704/574
f 605/705/575 606/706/576 607/707/576
f 601/701/571 603/703/573 608/708/577
f 609/709/578 608/708/577 603/703/573
f 608/708/577 609/709/578 610/710/579
f 603/703/573 605/705/575 609/709/578
f 611/711/473 609/709/578 605/705/575
f 612/712/56 613/713/580 614/714/56
f 615/715/56 614/714/56 613/713/580
f 614/714/56 615/715/56 616/716/56
f 617/717/525 616/716/56 615/715/56
f 565/653/581 618/718/522 567/655/524
f 619/719/582 567/655/524 618/718/522
f 567/655/524 619/719/582 569/657/56
f 620/720/56 569/657/56 619/719/582
f 569/657/56 620/720/56 570/658/583
f 621/721/583 570/658/583 620/720/56
f 618/718/522 622/722/522 619/719/582
f 623/723/525 619/719/582 622/722/522
f 619/719/582 623/723/525 620/720/56
f 624/724/56 620/720/56 623/723/525
f 620/720/56 624/724/56 621/721/583
f 625/725/583 621/721/583 624/724/56
f 622/722/522 617/717/525 623/723/525
f 615/715/56 623/723/525 617/717/525
f 623/723/525 615/715/56 624/724/56
f 613/713/580 624/724/56 615/715/56
f 624/724/56 613/713/580 625/725/583
f 626/726/584 625/725/583 613/713/580
f 625/725/583 626/726/584 621/721/583
f 627/727/584 621/721/583 626/726/584
f 621/721/583 627/727/584 570/658/583
f 571/659/529 570/658/583 627/727/584
f 612/728/17 573/729/17 613/730/585
f 572/731/586 613/730/585 573/729/17
f 613/730/585 572/731/586 626/732/536
f 584/733/536 626/732/536 572/731/586
f 626/732/536 584/733/536 627/734/536
f 585/735/536 627/734/536 584/733/536
f 627/734/536 585/735/536 571/668/536
f 562/669/536 571/668/536 585/735/536
f 577/736/44 616/737/44 576/738/587
f 617/739/588 576/738/587 616/737/44
f 576/738/587 617/739/588 587/740/537
f 622/741/537 587/740/537 617/739/588
f 587/740/537 622/741/537 586/742/537
f 618/743/537 586/742/537 622/741/537
f 586/742/537 618/743/537 556/671/537
f 565/670/537 556/671/537 618/743/537
f 628/744/219 629/745/219 630/746/219
f 631/747/219 630/746/219 629/745/219
f 630/746/219 631/747/219 632/748/219
f 633/749/219 632/748/219 631/747/219
f 614/750/219 634/751/219 612/728/219
f 635/752/219 612/728/219 634/751/219
f 612/728/219 635/752/219 573/729/219
f 636/753/219 573/729/219 635/752/219
f 573/729/219 636/753/219 575/754/219
f 637/755/219 575/754/219 636/753/219
f 575/754/219 637/755/219 577/736/219
f 638/756/219 577/736/219 637/755/219
f 577/736/219 638/756/219 616/737/219
f 639/757/219 616/737/219 638/756/219
f 616/737/219 639/757/219 614/750/219
f 634/751/219 614/750/219 639/757/219
f 629/745/57 635/752/57 631/747/57
f 634/751/57 631/747/57 635/752/57
f 631/747/57 634/751/57 633/749/57
f 639/757/57 633/749/57 634/751/57
f 636/753/589 635/752/589 628/744/589
f 629/745/589 628/744/589 635/752/589
f 636/753/56 628/744/56 637/755/56
f 630/746/56 637/755/56 628/744/56
f 637/755/56 630/746/56 638/756/56
f 632/748/56 638/756/56 630/746/56
f 639/757/590 638/756/590 633/749/590
f 632/748/590 633/749/590 638/756/590
f 640/758/591 641/759/592 642/760/593
f 643/761/594 642/760/593 641/759/592
f 642/760/593 643/761/594 644/762/595
f 645/763/596 644/762/595 643/761/594
f 644/762/595 645/763/596 646/764/597
f 647/765/598 648/766/599 649/767/600
f 650/768/601 649/767/600 648/766/599
f 649/767/600 650/768/601 651/769/602
f 652/770/603 651/769/602 650/768/601
f 651/769/602 652/770/603 653/771/604
f 654/772/605 653/771/604 652/770/603
f 653/771/604 654/772/605 655/773/606
f 656/774/607 655/773/606 654/772/605
f 657/775/608 658/776/609 659/777/610
f 660/778/611 659/777/610 658/776/609
f 659/777/610 660/778/611 661/779/612
f 662/780/613 663/781/614 664/782/615
f 665/783/616 664/782/615 663/781/614
f 664/782/615 665/783/616 660/778/611
f 666/784/617 660/778/611 665/783/616
f 660/778/611 666/784/617 661/779/612
f 667/785/618 668/786/619 669/787/620
f 670/788/621 669/787/620 668/786/619
f 669/787/620 670/788/621 671/789/622
f 672/790/623 671/789/622 670/788/621
f 671/789/622 672/790/623 673/791/624
f 674/792/625 673/791/624 672/790/623
f 673/791/624 674/792/625 675/793/626
f 676/794/627 675/793/626 674/792/625
f 675/793/626 676/794/627 677/795/628
f 678/796/629 677/795/628 676/794/627
f 643/761/594 641/759/592 645/763/596
f 679/797/630 645/763/596 641/759/592
f 680/798/631 646/764/597 681/799/632
f 645/763/596 681/799/632 646/764/597
f 681/799/632 645/763/596 682/800/633
f 679/797/630 682/800/633 645/763/596
f 682/800/633 679/797/630 671/789/622
f 641/759/592 671/789/622 679/797/630
f 671/789/622 641/759/592 669/787/620
f 640/758/591 669/787/620 641/759/592
f 669/787/620 640/758/591 667/785/618
f 663/781/614 667/785/618 640/758/591
f 667/785/618 663/781/614 668/786/619
f 662/780/613 668/786/619 663/781/614
f 668/786/619 662/780/613 683/801/634
f 664/782/615 683/801/634 662/780/613
f 683/801/634 664/782/615 684/802/635
f 660/778/611 684/802/635 664/782/615
f 684/802/635 660/778/611 685/803/636
f 658/776/609 685/803/636 660/778/611
f 685/803/636 658/776/609 686/804/637
f 657/775/608 686/804/637 658/776/609
f 686/804/637 657/775/608 687/805/638
f 688/806/639 687/805/638 657/775/608
f 687/805/638 688/806/639 689/807/640
f 690/808/641 689/807/640 688/806/639
f 689/807/640 690/808/641 691/809/642
f 692/810/643 691/809/642 690/808/641
f 691/809/642 692/810/643 693/811/644
f 694/812/645 693/811/644 692/810/643
f 693/811/644 694/812/645 695/813/646
f 696/814/647 695/813/646 694/812/645
f 695/813/646 696/814/647 697/815/648
f 698/816/649 697/815/648 696/814/647
f 697/815/648 698/816/649 699/817/650
f 700/818/651 699/817/650 698/816/649
f 699/817/650 700/818/651 608/708/652
f 701/819/653 608/708/652 700/818/651
f 608/708/652 701/819/653 702/820/654
f 703/821/655 702/820/654 701/819/653
f 680/798/631 681/799/632 704/822/656
f 682/800/633 704/822/656 681/799/632
f 704/822/656 682/800/633 705/823/657
f 673/791/624 705/823/657 682/800/633
f 705/823/657 673/791/624 675/793/626
f 706/824/658 680/798/631 704/822/656
f 707/825/659 706/824/658 708/826/660
f 704/822/656 708/826/660 706/824/658
f 708/826/660 704/822/656 709/827/661
f 705/823/657 709/827/661 704/822/656
f 709/827/661 705/823/657 677/795/628
f 675/793/626 677/795/628 705/823/657
f 710/828/662 707/825/659 711/829/663
f 708/826/660 711/829/663 707/825/659
f 711/829/663 708/826/660 712/830/664
f 709/827/661 712/830/664 708/826/660
f 712/830/664 709/827/661 713/831/665
f 677/795/628 713/831/665 709/827/661
f 713/831/665 677/795/628 714/832/666
f 678/796/629 714/832/666 677/795/628
f 714/832/666 678/796/629 715/833/667
f 676/794/627 715/833/667 678/796/629
f 715/833/667 676/794/627 716/834/668
f 674/792/625 716/834/668 676/794/627
f 716/834/668 674/792/625 717/835/669
f 672/790/623 717/835/669 674/792/625
f 717/835/669 672/790/623 718/836/670
f 670/788/621 718/836/670 672/790/623
f 718/836/670 670/788/621 719/837/671
f 668/786/619 719/837/671 670/788/621
f 719/837/671 668/786/619 720/838/672
f 683/801/634 720/838/672 668/786/619
f 720/838/672 683/801/634 721/839/673
f 684/802/635 721/839/673 683/801/634
f 721/839/673 684/802/635 703/821/655
f 722/840/674 703/821/655 684/802/635
f 703/821/655 722/840/674 702/820/654
f 723/841/675 702/820/654 722/840/674
f 702/820/654 723/841/675 602/702/676
f 724/842/677 602/702/676 723/841/675
f 602/702/676 724/842/677 604/704/678
f 725/843/679 604/704/678 724/842/677
f 604/704/678 725/843/679 606/706/680
f 726/844/681 606/706/680 725/843/679
f 606/706/680 726/844/681 727/845/682
f 728/846/683 727/845/682 726/844/681
f 727/845/682 728/846/683 729/847/684
f 730/848/685 729/847/684 728/846/683
f 729/847/684 730/848/685 731/849/686
f 689/807/640 731/849/686 730/848/685
f 731/849/686 689/807/640 732/850/687
f 691/809/642 732/850/687 689/807/640
f 732/850/687 691/809/642 733/851/688
f 693/811/644 733/851/688 691/809/642
f 733/851/688 693/811/644 734/852/689
f 735/853/690 734/852/689 693/811/644
f 734/852/689 735/853/690 736/854/691
f 737/855/692 736/854/691 735/853/690
f 736/854/691 737/855/692 738/856/693
f 739/857/55 738/856/693 737/855/692
f 738/856/693 739/857/55 740/858/694
f 741/859/695 740/858/694 739/857/55
f 740/858/694 741/859/695 742/860/696
f 743/861/697 742/860/696 741/859/695
f 742/860/696 743/861/697 744/862/698
f 745/863/699 744/862/698 743/861/697
f 744/862/698 745/863/699 731/849/686
f 729/847/684 731/849/686 745/863/699
f 746/864/700 710/828/662 656/774/607
f 711/829/663 656/774/607 710/828/662
f 656/774/607 711/829/663 655/773/606
f 712/830/664 655/773/606 711/829/663
f 655/773/606 712/830/664 747/865/701
f 713/831/665 747/865/701 712/830/664
f 747/865/701 713/831/665 748/866/702
f 714/832/666 748/866/702 713/831/665
f 748/866/702 714/832/666 749/867/703
f 715/833/667 749/867/703 714/832/666
f 749/867/703 715/833/667 690/808/641
f 750/868/704 690/808/641 715/833/667
f 690/808/641 750/868/704 692/810/643
f 751/869/705 692/810/643 750/868/704
f 692/810/643 751/869/705 694/812/645
f 752/870/706 694/812/645 751/869/705
f 694/812/645 752/870/706 696/814/647
f 698/816/649 696/814/647 752/870/706
f 746/864/700 656/774/607 753/871/707
f 654/772/605 753/871/707 656/774/607
f 753/871/707 654/772/605 652/770/603
f 753/871/707 652/770/603 754/872/708
f 650/768/601 754/872/708 652/770/603
f 754/872/708 650/768/601 755/873/709
f 648/766/599 755/873/709 650/768/601
f 755/873/709 648/766/599 756/874/710
f 757/875/711 756/874/710 642/760/593
f 648/766/599 642/760/593 756/874/710
f 642/760/593 648/766/599 640/758/591
f 647/765/598 640/758/591 648/766/599
f 640/758/591 647/765/598 663/781/614
f 649/767/600 663/781/614 647/765/598
f 663/781/614 649/767/600 665/783/616
f 651/769/602 665/783/616 649/767/600
f 665/783/616 651/769/602 666/784/617
f 653/771/604 666/784/617 651/769/602
f 666/784/617 653/771/604 661/779/612
f 747/865/701 661/779/612 653/771/604
f 661/779/612 747/865/701 659/777/610
f 748/866/702 659/777/610 747/865/701
f 659/777/610 748/866/702 657/775/608
f 749/867/703 657/775/608 748/866/702
f 657/775/608 749/867/703 688/806/639
f 690/808/641 688/806/639 749/867/703
f 757/875/711 642/760/593 644/762/595
f 684/802/635 685/803/636 722/840/674
f 686/804/637 722/840/674 685/803/636
f 722/840/674 686/804/637 758/876/712
f 687/805/638 758/876/712 686/804/637
f 758/876/712 687/805/638 759/877/713
f 760/878/714 759/877/713 687/805/638
f 703/821/655 701/819/653 721/839/673
f 761/879/715 721/839/673 701/819/653
f 721/839/673 761/879/715 720/838/672
f 762/880/716 720/838/672 761/879/715
f 720/838/672 762/880/716 719/837/671
f 718/836/670 719/837/671 762/880/716
f 701/819/653 700/818/651 761/879/715
f 698/816/649 761/879/715 700/818/651
f 761/879/715 698/816/649 762/880/716
f 752/870/706 762/880/716 698/816/649
f 762/880/716 752/870/706 718/836/670
f 751/869/705 718/836/670 752/870/706
f 718/836/670 751/869/705 717/835/669
f 716/834/668 717/835/669 751/869/705
f 602/702/676 601/701/717 702/820/654
f 608/708/652 702/820/654 601/701/717
f 723/841/675 763/881/718 724/842/677
f 764/882/719 724/842/677 763/881/718
f 724/842/677 764/882/719 725/843/679
f 765/883/720 725/843/679 764/882/719
f 725/843/679 765/883/720 726/844/681
f 766/884/721 726/844/681 765/883/720
f 726/844/681 766/884/721 728/846/683
f 767/885/722 728/846/683 766/884/721
f 728/846/683 767/885/722 730/848/685
f 760/878/723 730/848/685 767/885/722
f 730/848/685 760/878/723 689/807/640
f 723/841/675 758/876/724 763/881/718
f 759/877/725 763/881/718 758/876/724
f 763/881/718 759/877/725 764/882/719
f 765/883/720 764/882/719 759/877/725
f 760/878/723 767/885/722 759/877/725
f 766/884/721 759/877/725 767/885/722
f 759/877/725 766/884/721 765/883/720
f 607/707/726 606/706/680 768/886/727
f 727/845/682 768/886/727 606/706/680
f 768/886/727 727/845/682 745/863/699
f 729/847/684 745/863/699 727/845/682
f 611/711/728 605/705/729 769/887/730
f 607/707/726 769/887/730 605/705/729
f 769/887/730 607/707/726 770/888/731
f 768/886/727 770/888/731 607/707/726
f 770/888/731 768/886/727 743/861/697
f 745/863/699 743/861/697 768/886/727
f 608/708/652 610/710/732 699/817/650
f 771/889/733 699/817/650 610/710/732
f 699/817/650 771/889/733 772/890/734
f 699/817/650 772/890/734 697/815/648
f 773/891/735 697/815/648 772/890/734
f 697/815/648 773/891/735 695/813/646
f 735/853/690 695/813/646 773/891/735
f 695/813/646 735/853/690 693/811/644
f 682/800/633 671/789/622 673/791/624
f 715/833/667 716/834/668 750/868/704
f 751/869/705 750/868/704 716/834/668
f 760/878/714 687/805/638 689/807/640
f 722/840/674 758/876/712 723/841/675
f 734/852/689 732/850/687 733/851/688
f 731/849/686 732/850/687 744/862/698
f 734/852/689 744/862/698 732/850/687
f 744/862/698 734/852/689 742/860/696
f 736/854/691 742/860/696 734/852/689
f 742/860/696 736/854/691 740/858/694
f 738/856/693 740/858/694 736/854/691
f 743/861/697 741/859/695 770/888/731
f 774/892/736 770/888/731 741/859/695
f 770/888/731 774/892/736 769/887/730
f 775/893/737 769/887/730 774/892/736
f 769/887/730 775/893/737 611/711/728
f 776/894/738 611/711/728 775/893/737
f 611/711/728 776/894/738 609/709/739
f 777/895/740 609/709/739 776/894/738
f 609/709/739 777/895/740 610/710/732
f 778/896/741 610/710/732 777/895/740
f 610/710/732 778/896/741 771/889/733
f 779/897/742 771/889/733 778/896/741
f 771/889/733 779/897/742 772/890/734
f 780/898/743 772/890/734 779/897/742
f 772/890/734 780/898/743 773/891/735
f 781/899/744 773/891/735 780/898/743
f 773/891/735 781/899/744 735/853/690
f 737/855/692 735/853/690 781/899/744
f 776/894/738 775/893/737 739/857/55
f 774/892/736 739/857/55 775/893/737
f 739/857/55 774/892/736 741/859/695
f 779/897/742 778/896/741 739/857/55
f 777/895/740 739/857/55 778/896/741
f 739/857/55 777/895/740 776/894/738
f 737/855/692 781/899/744 739/857/55
f 780/898/743 739/857/55 781/899/744
f 739/857/55 780/898/743 779/897/742
f 655/773/606 747/865/701 653/771/604
f 509/595/745 487/573/746 782/900/747
f 485/571/748 782/900/747 487/573/746
f 782/900/747 485/571/748 548/634/749
f 512/598/750 511/597/751 783/901/751
f 784/902/751 783/901/751 511/597/751
f 512/598/750 785/903/752 491/577/739
f 786/904/753 491/577/739 785/903/752
f 491/577/739 786/904/753 490/576/754
f 787/905/755 490/576/754 786/904/753
f 756/874/756 757/875/757 788/906/758
f 644/762/759 788/906/758 757/875/757
f 788/906/758 644/762/759 646/764/756
f 753/871/757 754/872/758 788/906/758
f 755/873/759 788/906/758 754/872/758
f 788/906/758 755/873/759 756/874/756
f 707/825/756 710/828/758 788/906/758
f 746/864/756 788/906/758 710/828/758
f 788/906/758 746/864/756 753/871/757
f 646/764/756 680/798/758 788/906/758
f 706/824/759 788/906/758 680/798/758
f 788/906/758 706/824/759 707/825/756
f 787/905/760 786/904/761 517/603/762
f 785/903/763 517/603/762 786/904/761
f 517/603/762 785/903/763 527/613/764
f 512/598/765 527/613/764 785/903/763
f 527/613/764 512/598/765 783/901/766
f 517/603/762 516/602/767 787/905/760
f 513/599/768 787/905/760 516/602/767
f 787/905/760 513/599/768 490/576/769
f 506/592/770 526/612/771 784/902/772
f 539/625/773 784/902/772 526/612/771
f 784/902/772 539/625/773 783/901/766
f 528/614/774 783/901/766 539/625/773
f 783/901/766 528/614/774 527/613/764
f 506/592/770 784/902/772 505/591/775
f 511/597/776 505/591/775 784/902/772
f 507/593/777 782/900/778 546/632/779
f 548/634/780 546/632/779 782/900/778
f 546/632/779 548/634/780 547/633/781
f 509/595/782 782/900/778 507/593/777
f 789/907/783 790/908/784 791/909/785
f 792/910/786 791/909/785 790/908/784
f 791/909/785 792/910/786 793/911/787
f 794/912/788 793/911/787 792/910/786
f 793/911/787 794/912/788 795/913/789
f 796/914/790 795/913/789 794/912/788
f 795/913/789 796/914/790 797/915/791
f 797/915/791 798/916/792 799/917/793
f 800/918/794 799/917/793 798/916/792
f 799/917/793 800/918/794 801/919/795
f 802/920/796 801/919/795 800/918/794
f 801/919/795 802/920/796 803/921/797
f 804/922/798 803/921/797 802/920/796
f 803/921/797 804/922/798 789/907/783
f 790/908/784 789/907/783 804/922/798
f 805/923/799 806/924/799 807/925/800
f 808/926/801 807/925/800 806/924/799
f 807/925/800 808/926/801 809/927/802
f 810/928/803 811/929/804 812/930/805
f 811/929/804 810/928/803 813/931/806
f 814/932/807 813/931/806 810/928/803
f 813/931/806 814/932/807 815/933/808
f 816/934/809 815/933/808 814/932/807
f 815/933/808 816/934/809 817/935/810
f 818/936/811 817/935/810 816/934/809
f 817/935/810 818/936/811 819/937/812
f 820/938/813 819/937/812 818/936/811
f 819/937/812 820/938/813 821/939/814
f 822/940/814 821/939/814 820/938/813
f 806/924/815 805/923/816 823/941/817
f 824/942/818 823/941/817 805/923/816
f 823/941/817 824/942/818 825/943/819
f 826/944/820 825/943/819 824/942/818
f 825/943/819 826/944/820 827/945/821
f 828/946/822 827/945/821 826/944/820
f 827/945/821 828/946/822 829/947/823
f 830/948/824 829/947/823 828/946/822
f 829/947/823 830/948/824 831/949/825
f 832/950/826 831/949/825 830/948/824
f 831/949/825 832/950/826 822/940/827
f 821/939/828 822/940/827 832/950/826
f 805/923/829 807/925/830 824/942/831
f 809/927/832 824/942/831 807/925/830
f 824/942/831 809/927/832 826/944/833
f 811/929/833 826/944/833 809/927/832
f 826/944/833 811/929/833 828/946/834
f 813/931/834 828/946/834 811/929/833
f 828/946/834 813/931/834 830/948/833
f 815/933/833 830/948/833 813/931/834
f 830/948/833 815/933/833 832/950/835
f 817/935/836 832/950/835 815/933/833
f 832/950/835 817/935/836 821/939/837
f 819/937/838 821/939/837 817/935/836
f 808/926/839 806/924/840 812/930/841
f 823/941/842 812/930/841 806/924/840
f 812/930/841 823/941/842 810/928/843
f 825/943/843 810/928/843 823/941/842
f 810/928/843 825/943/843 814/932/843
f 827/945/844 814/932/843 825/943/843
f 814/932/843 827/945/844 816/934/845
f 829/947/843 816/934/845 827/945/844
f 816/934/845 829/947/843 818/936/843
f 831/949/846 818/936/843 829/947/843
f 818/936/843 831/949/846 820/938/847
f 822/940/848 820/938/847 831/949/846
f 803/921/849 789/907/850 801/919/851
f 791/909/852 801/919/851 789/907/850
f 801/919/851 791/909/852 799/917/853
f 793/911/854 795/913/855 791/909/856
f 797/915/857 791/909/856 795/913/855
f 791/909/856 797/915/857 799/917/858
f 833/951/859 834/952/860 835/953/861
f 836/954/862 835/953/861 834/952/860
f 835/953/861 836/954/862 837/955/863
f 838/956/864 837/955/863 836/954/862
f 837/955/863 838/956/864 839/957/865
f 840/958/866 839/957/865 838/956/864
f 839/957/865 840/958/866 841/959/867
f 842/960/868 841/959/867 840/958/866
f 841/959/867 842/960/868 843/961/869
f 844/962/870 843/961/869 842/960/868
f 843/961/869 844/962/870 845/963/871
f 846/964/872 845/963/871 844/962/870
f 845/963/871 846/964/872 847/965/873
f 848/966/874 847/965/873 846/964/872
f 847/965/873 848/966/874 833/951/859
f 834/952/860 833/951/859 848/966/874
f 849/967/875 850/968/875 851/969/876
f 852/970/877 851/969/876 850/968/875
f 851/969/876 852/970/877 853/971/878
f 854/972/879 853/971/878 852/970/877
f 853/971/878 854/972/879 855/973/880
f 856/974/881 855/973/880 854/972/879
f 855/973/880 856/974/881 857/975/882
f 858/976/883 857/975/882 856/974/881
f 857/975/882 858/976/883 859/977/884
f 860/978/885 859/977/884 858/976/883
f 859/977/884 860/978/885 861/979/886
f 862/980/887 861/979/886 860/978/885
f 861/979/886 862/980/887 863/981/888
f 864/982/889 863/981/888 862/980/887
f 863/981/888 864/982/889 865/983/890
f 866/984/890 865/983/890 864/982/889
f 850/968/891 849/967/892 867/985/893
f 868/986/894 867/985/893 849/967/892
f 867/985/893 868/986/894 869/987/895
f 870/988/896 869/987/895 868/986/894
f 869/987/895 870/988/896 871/989/897
f 872/990/898 871/989/897 870/988/896
f 871/989/897 872/990/898 873/991/899
f 874/992/900 873/991/899 872/990/898
f 873/991/899 874/992/900 875/993/901
f 876/994/902 875/993/901 874/992/900
f 875/993/901 876/994/902 866/984/903
f 865/983/903 866/984/903 876/994/902
f 850/968/904 867/985/905 852/970/906
f 852/970/906 867/985/905 854/972/907
f 869/987/908 854/972/907 867/985/905
f 854/972/907 869/987/908 856/974/908
f 871/989/909 856/974/908 869/987/908
f 856/974/908 871/989/909 858/976/909
f 873/991/908 858/976/909 871/989/909
f 858/976/909 873/991/908 860/978/908
f 875/993/910 860/978/908 873/991/908
f 860/978/908 875/993/910 862/980/911
f 866/984/912 862/980/911 875/993/910
f 862/980/911 866/984/912 864/982/913
f 849/967/914 851/969/915 868/986/916
f 853/971/917 868/986/916 851/969/915
f 868/986/916 853/971/917 870/988/917
f 855/973/917 870/988/917 853/971/917
f 870/988/917 855/973/917 872/990/917
f 857/975/918 872/990/917 855/973/917
f 872/990/917 857/975/918 874/992/919
f 859/977/917 874/992/919 857/975/918
f 874/992/919 859/977/917 876/994/920
f 861/979/921 876/994/920 859/977/917
f 876/994/920 861/979/921 865/983/922
f 863/981/923 865/983/922 861/979/921
f 841/959/924 833/951/925 839/957/926
f 835/953/927 839/957/926 833/951/925
f 839/957/926 835/953/927 837/955/928
f 841/959/929 843/961/930 833/951/931
f 845/963/932 833/951/931 843/961/930
f 833/951/931 845/963/932 847/965/933
f 798/916/792 797/915/791 796/914/790
f 812/930/805 809/927/802 808/926/801
f 809/927/802 812/930/805 811/929/804
f 877/995/934 878/996/935 879/997/936
f 880/998/937 879/997/936 878/996/935
f 879/997/936 880/998/937 881/999/938
f 882/1000/939 881/999/938 880/998/937
f 881/999/938 882/1000/939 883/1001/940
f 884/1002/941 885/1003/942 886/1004/943
f 887/1005/944 886/1004/943 885/1003/942
f 886/1004/943 887/1005/944 888/1006/945
f 889/1007/946 888/1006/945 887/1005/944
f 888/1006/945 889/1007/946 890/1008/947
f 891/1009/948 890/1008/947 889/1007/946
f 892/1010/949 893/1011/950 894/1012/951
f 895/1013/952 894/1012/951 893/1011/950
f 894/1012/951 895/1013/952 896/1014/953
f 897/1015/954 896/1014/953 895/1013/952
f 896/1014/953 897/1015/954 898/1016/955
f 899/1017/956 898/1016/955 897/1015/954
f 898/1016/955 899/1017/956 900/1018/957
f 892/1010/949 901/1019/958 893/1011/950
f 902/1020/959 893/1011/950 901/1019/958
f 893/1011/950 902/1020/959 895/1013/952
f 903/1021/960 895/1013/952 902/1020/959
f 895/1013/952 903/1021/960 897/1015/954
f 904/1022/961 897/1015/954 903/1021/960
f 897/1015/954 904/1022/961 899/1017/956
f 885/1003/942 905/1023/962 887/1005/944
f 906/1024/963 887/1005/944 905/1023/962
f 887/1005/944 906/1024/963 889/1007/946
f 907/1025/964 889/1007/946 906/1024/963
f 889/1007/946 907/1025/964 891/1009/948
f 908/1026/965 891/1009/948 907/1025/964
f 891/1009/948 908/1026/965 909/1027/966
f 901/1019/958 910/1028/967 902/1020/959
f 885/1003/942 902/1020/959 910/1028/967
f 902/1020/959 885/1003/942 903/1021/960
f 884/1002/941 903/1021/960 885/1003/942
f 903/1021/960 884/1002/941 904/1022/961
f 911/1029/968 904/1022/961 884/1002/941
f 904/1022/961 911/1029/968 899/1017/956
f 912/1030/969 899/1017/956 911/1029/968
f 899/1017/956 912/1030/969 913/1031/970
f 914/1032/971 913/1031/970 912/1030/969
f 913/1031/970 914/1032/971 915/1033/972
f 916/1034/973 915/1033/972 914/1032/971
f 915/1033/972 916/1034/973 878/996/935
f 890/1008/947 878/996/935 916/1034/973
f 878/996/935 890/1008/947 880/998/937
f 891/1009/948 880/998/937 890/1008/947
f 880/998/937 891/1009/948 882/1000/939
f 917/1035/974 882/1000/939 891/1009/948
f 882/1000/939 917/1035/974 883/1001/940
f 918/1036/975 883/1001/940 917/1035/974
f 883/1001/940 918/1036/975 919/1037/976
f 920/1038/977 921/1039/978 896/1014/953
f 922/1040/979 896/1014/953 921/1039/978
f 896/1014/953 922/1040/979 894/1012/951
f 923/1041/980 894/1012/951 922/1040/979
f 894/1012/951 923/1041/980 892/1010/949
f 900/1042/981 924/1043/982 898/1016/955
f 920/1038/977 898/1016/955 924/1043/982
f 898/1016/955 920/1038/977 896/1014/953
f 911/1029/968 884/1002/941 912/1030/969
f 886/1004/943 912/1030/969 884/1002/941
f 912/1030/969 886/1004/943 914/1032/971
f 888/1006/945 914/1032/971 886/1004/943
f 914/1032/971 888/1006/945 916/1034/973
f 890/1008/947 916/1034/973 888/1006/945
f 907/1025/983 906/1024/984 925/1044/984
f 878/996/935 877/1045/985 915/1033/972
f 926/1046/986 915/1033/972 877/1045/985
f 915/1033/972 926/1046/986 913/1047/987
f 900/1018/957 899/1048/988 927/1049/989
f 913/1050/990 926/1051/991 899/1052/988
f 927/1053/989 899/1052/988 926/1051/991
f 924/1054/992 928/1055/993 920/1056/994
f 929/1057/995 920/1056/994 928/1055/993
f 920/1056/994 929/1057/995 921/1058/996
f 930/1059/997 921/1058/996 929/1057/995
f 921/1058/996 930/1059/997 922/1060/998
f 931/1061/999 922/1060/998 930/1059/997
f 922/1060/998 931/1061/999 923/1062/1000
f 932/1063/1001 923/1062/1000 931/1061/999
f 933/1064/1002 934/1065/1003 935/1066/1003
f 919/1037/1004 935/1066/1003 934/1065/1003
f 936/1067/1005 937/1068/1006 877/1045/1006
f 926/1046/1007 877/1045/1006 937/1068/1006
f 936/1069/1008 877/995/1009 938/1070/1010
f 879/997/1011 938/1070/1010 877/995/1009
f 938/1070/1010 879/997/1011 939/1071/1012
f 881/999/1013 939/1071/1012 879/997/1011
f 939/1071/1012 881/999/1013 940/1072/1014
f 883/1001/1015 940/1072/1014 881/999/1013
f 940/1072/1014 883/1001/1015 934/1065/1016
f 919/1037/1017 934/1065/1016 883/1001/1015
f 941/1073/1018 927/1053/1018 937/1074/1018
f 926/1051/1018 937/1074/1018 927/1053/1018
f 927/1049/1019 941/1075/1020 900/1018/1021
f 942/1076/1022 900/1018/1021 941/1075/1020
f 928/1077/1023 924/1078/1024 942/1079/1024
f 900/1042/1025 942/1079/1024 924/1078/1024
f 917/1035/1026 943/1080/1027 918/1036/1028
f 944/1081/1029 918/1036/1028 943/1080/1027
f 918/1036/1028 944/1081/1029 919/1037/1030
f 935/1082/1031 919/1037/1030 944/1081/1029
f 945/1083/1032 910/1084/1033 946/1085/1034
f 901/1086/1035 946/1085/1034 910/1084/1033
f 946/1085/1034 901/1086/1035 947/1087/1036
f 892/1088/1037 947/1087/1036 901/1086/1035
f 947/1087/1036 892/1088/1037 948/1089/1038
f 949/1090/1039 906/1091/1040 950/1092/1041
f 905/1093/1042 950/1092/1041 906/1091/1040
f 950/1092/1041 905/1093/1042 951/1094/1043
f 910/1095/1044 951/1094/1043 905/1093/1042
f 951/1094/1043 910/1095/1044 945/1096/1045
f 906/1091/1040 949/1090/1039 925/1097/1046
f 952/1098/1047 953/1099/1048 954/1100/57
f 955/1101/57 954/1100/57 953/1099/1048
f 956/1102/1049 957/1103/1050 943/1080/1051
f 958/1104/1052 943/1080/1051 957/1103/1050
f 943/1080/1051 958/1104/1052 944/1081/1053
f 959/1105/1054 944/1081/1053 958/1104/1052
f 944/1081/1053 959/1105/1054 935/1082/1055
f 960/1106/1056 935/1082/1055 959/1105/1054
f 952/1098/1057 954/1100/1058 961/1107/1059
f 962/1108/1060 961/1107/1059 954/1100/1058
f 961/1107/1059 962/1108/1060 963/1109/1061
f 964/1110/1062 963/1109/1061 962/1108/1060
f 965/1111/57 954/1112/57 966/1113/57
f 955/1114/57 966/1113/57 954/1112/57
f 967/1115/1063 968/1116/1064 965/1117/1065
f 962/1108/1066 969/1118/1067 964/1110/1068
f 970/1119/1069 964/1110/1068 969/1118/1067
f 964/1110/1068 970/1119/1069 963/1109/1070
f 971/1120/1071 963/1109/1070 970/1119/1069
f 963/1109/1070 971/1120/1071 972/1121/1072
f 973/1122/1073 966/1123/1074 974/1124/1075
f 955/1101/1076 974/1124/1075 966/1123/1074
f 974/1124/1075 955/1101/1076 953/1099/1077
f 975/1125/1078 974/1126/1079 976/1127/1079
f 953/1128/1080 976/1127/1079 974/1126/1079
f 977/1129/219 948/1130/219 978/1131/219
f 979/1132/219 978/1131/219 948/1130/219
f 978/1131/219 979/1132/219 980/1133/219
f 981/1134/219 980/1133/219 979/1132/219
f 980/1133/219 981/1134/219 982/1135/219
f 983/1136/219 982/1135/219 981/1134/219
f 982/1135/219 983/1136/219 984/1137/219
f 985/1138/219 984/1137/219 983/1136/219
f 984/1137/219 985/1138/219 986/1139/219
f 987/1140/219 986/1139/219 985/1138/219
f 986/1139/219 987/1140/219 988/1141/219
f 989/1142/219 988/1141/219 987/1140/219
f 988/1141/219 989/1142/219 990/1143/219
f 991/1144/219 990/1143/219 989/1142/219
f 990/1143/219 991/1144/219 992/1145/219
f 993/1146/219 992/1145/219 991/1144/219
f 992/1145/219 993/1146/219 994/1147/219
f 995/1148/219 994/1147/219 993/1146/219
f 994/1147/219 995/1148/219 996/1149/219
f 997/1150/219 996/1149/219 995/1148/219
f 996/1149/219 997/1150/219 998/1151/1081
f 999/1152/1082 998/1151/1081 997/1150/219
f 998/1151/1081 999/1152/1082 1000/1153/1083
f 1001/1154/1084 1000/1153/1083 999/1152/1082
f 1000/1153/1083 1001/1154/1084 1002/1155/1085
f 1003/1156/1086 1004/1157/1087 968/1116/1064
f 1005/1158/1088 968/1116/1064 1006/1159/1089
f 1004/1160/1090 1006/1159/1089 968/1116/1064
f 1006/1159/1089 1004/1160/1090 1007/1161/1091
f 1008/1162/1092 1007/1161/1091 1004/1160/1090
f 1007/1161/1091 1008/1162/1092 1009/1163/1093
f 1010/1164/1094 1011/1165/1095 1012/1166/1096
f 1013/1167/1097 1012/1166/1096 1011/1165/1095
f 1012/1166/1096 1013/1167/1097 1009/1163/1098
f 1014/1168/1099 1009/1163/1098 1013/1167/1097
f 1012/1166/1096 1015/1169/1100 1010/1164/1094
f 972/1121/1101 1010/1164/1094 1015/1169/1100
f 1010/1164/1094 972/1121/1101 1016/1170/1102
f 971/1120/1103 1016/1170/1102 972/1121/1101
f 1016/1170/1102 971/1120/1103 970/1119/1104
f 1011/1165/1105 1010/1164/1106 1017/1171/1107
f 1016/1170/1108 1017/1171/1107 1010/1164/1106
f 1017/1171/1107 1016/1170/1108 1018/1172/1109
f 1018/1172/1109 1019/1173/1110 1017/1171/1107
f 1020/1174/1111 1017/1171/1107 1019/1173/1110
f 1017/1171/1107 1020/1174/1111 1014/1168/1112
f 1011/1165/1105 1017/1171/1107 1013/1167/1113
f 1014/1168/1112 1013/1167/1113 1017/1171/1107
f 1021/1175/1114 977/1129/1115 1022/1176/1116
f 978/1131/1117 1022/1176/1116 977/1129/1115
f 1022/1176/1116 978/1131/1117 980/1133/1118
f 1023/1177/1119 1024/1178/1120 1025/1179/1121
f 1026/1180/1122 1025/1179/1121 1024/1178/1120
f 1025/1179/1121 1026/1180/1122 1021/1175/1114
f 1027/1181/1123 1021/1175/1114 1026/1180/1122
f 1021/1175/1114 1027/1181/1123 1028/1182/1124
f 1029/1183/1125 1030/1184/1126 1031/1185/1127
f 1023/1177/1119 1031/1185/1127 1030/1184/1126
f 1031/1185/1127 1023/1177/1119 1025/1179/1121
f 1032/1186/1128 925/1097/1046 1033/1187/1129
f 949/1188/1130 1033/1187/1129 925/1097/1046
f 1033/1187/1129 949/1188/1130 1034/1189/1131
f 1035/1190/1132 1034/1189/1131 949/1188/1130
f 1034/1189/1131 1035/1190/1132 1036/1191/1133
f 1037/1192/1134 1036/1191/1133 1035/1190/1132
f 1038/1193/1135 957/1103/1136 1039/1194/1137
f 957/1195/1138 1040/1196/1139 1039/1194/1137
f 1041/1197/1140 1039/1194/1137 1040/1196/1139
f 1016/1170/1102 970/1119/1104 1018/1172/1141
f 969/1118/1142 1018/1172/1141 970/1119/1104
f 1018/1172/1141 969/1118/1142 1019/1173/1143
f 1030/1198/1144 1042/1199/1145 1043/1200/1146
f 1044/1201/1147 1043/1200/1146 1042/1199/1145
f 1043/1200/1146 1044/1201/1147 1045/1202/1148
f 1046/1203/1149 1045/1202/1148 1044/1201/1147
f 1045/1202/1148 1046/1203/1149 1047/1204/1150
f 1048/1205/1151 1047/1204/1150 1046/1203/1149
f 1049/1206/1152 953/1207/1048 952/1208/1047
f 1050/1209/1153 1051/1210/1154 1048/1205/1154
f 1041/1197/1155 1048/1205/1154 1051/1210/1154
f 1041/1197/1140 1040/1211/1156 1048/1205/1157
f 1052/1212/1158 1048/1205/1157 1040/1211/1156
f 1048/1205/1157 1052/1212/1158 1047/1204/1159
f 1036/1191/1160 1047/1204/1159 1052/1212/1158
f 1047/1204/1159 1036/1191/1160 1045/1202/1161
f 892/1213/1162 923/1041/1163 948/1214/1164
f 932/1215/1165 948/1214/1164 923/1041/1163
f 948/1216/1166 932/1217/1166 979/1218/1166
f 1042/1219/1167 1053/1220/1168 1054/1221/1169
f 1055/1222/1170 1054/1221/1169 1053/1220/1168
f 1054/1221/1169 1055/1222/1170 1056/1223/1171
f 1057/1224/1172 1056/1223/1171 1055/1222/1170
f 1056/1223/1171 1057/1224/1172 1058/1225/1173
f 1059/1226/1174 1058/1225/1173 1057/1224/1172
f 1058/1225/1173 1059/1226/1174 1060/1227/1175
f 1061/1228/1175 1060/1227/1175 1059/1226/1174
f 956/1229/1176 1032/1230/1177 957/1195/1177
f 1040/1196/1178 957/1195/1177 1032/1230/1177
f 1040/1211/1179 1032/1186/1180 1052/1212/1181
f 1033/1187/1182 1052/1212/1181 1032/1186/1180
f 1052/1212/1181 1033/1187/1182 1036/1191/1133
f 1034/1189/1131 1036/1191/1133 1033/1187/1182
f 1008/1162/1092 1038/1193/1183 1009/1163/1093
f 1039/1194/1184 1009/1163/1093 1038/1193/1183
f 1009/1163/1093 1039/1194/1184 1012/1166/1185
f 1041/1197/1186 1012/1166/1185 1039/1194/1184
f 1012/1166/1185 1041/1197/1186 1015/1169/1187
f 1051/1210/1188 1015/1169/1187 1041/1197/1186
f 1015/1169/1187 1051/1210/1188 972/1121/1072
f 1062/1231/1189 972/1121/1072 1051/1210/1188
f 972/1121/1072 1062/1231/1189 963/1109/1070
f 969/1232/1190 1063/1233/1191 1019/1173/1143
f 1005/1158/1192 1019/1173/1143 1063/1233/1191
f 1019/1173/1143 1005/1158/1192 1020/1174/1193
f 1006/1159/1194 1020/1174/1193 1005/1158/1192
f 1020/1174/1193 1006/1159/1194 1014/1168/1099
f 1007/1161/1195 1014/1168/1099 1006/1159/1194
f 1014/1168/1099 1007/1161/1195 1009/1163/1098
f 1004/1160/1196 960/1234/1197 1008/1162/1198
f 959/1235/1199 1008/1162/1198 960/1234/1197
f 1008/1162/1198 959/1235/1199 1038/1193/1135
f 958/1104/1200 1038/1193/1135 959/1235/1199
f 1038/1193/1135 958/1104/1200 957/1103/1136
f 1005/1158/1088 1063/1233/1201 968/1116/1064
f 969/1232/1202 968/1116/1064 1063/1233/1201
f 968/1116/1064 969/1232/1202 965/1117/1065
f 962/1236/1203 965/1117/1065 969/1232/1202
f 965/1117/1065 962/1236/1203 954/1237/1204
f 885/1003/942 910/1028/967 905/1023/962
f 977/1129/1115 1021/1175/1114 1028/1182/1124
f 1046/1238/1205 1064/1239/1205 1050/1240/1205
f 1036/1191/1160 1037/1192/1206 1045/1202/1161
f 1035/1190/1207 1045/1202/1161 1037/1192/1206
f 1045/1202/1161 1035/1190/1207 1043/1200/1208
f 949/1188/219 1043/1200/1208 1035/1190/1207
f 1043/1200/1208 949/1188/219 1030/1184/219
f 950/1241/219 1030/1184/219 949/1188/219
f 1030/1184/219 950/1241/219 1023/1177/219
f 951/1242/219 1023/1177/219 950/1241/219
f 1023/1177/219 951/1242/219 1024/1178/219
f 945/1083/219 1024/1178/219 951/1242/219
f 1024/1178/219 945/1083/219 1026/1180/219
f 946/1243/219 1026/1180/219 945/1083/219
f 1026/1180/219 946/1243/219 1027/1181/219
f 947/1244/219 1027/1181/219 946/1243/219
f 1027/1181/219 947/1244/219 1028/1182/219
f 1048/1205/1151 1046/1203/1149 1050/1209/1209
f 917/1035/1210 909/1027/1211 956/1245/1212
f 908/1026/1213 956/1245/1212 909/1027/1211
f 956/1245/1212 908/1026/1213 1032/1246/1214
f 907/1025/983 1032/1246/1214 908/1026/1213
f 1032/1246/1214 907/1025/983 925/1247/1215
f 917/1035/1210 956/1245/1212 943/1248/1216
f 917/1035/974 891/1009/948 909/1027/966
f 963/1109/1217 1062/1231/1218 1064/1239/1219
f 1051/1210/1220 1064/1239/1219 1062/1231/1218
f 1064/1239/1219 1051/1210/1220 1050/1240/1221
f 963/1109/1217 1064/1239/1219 961/1107/1222
f 977/1249/219 1028/1250/219 948/1251/219
f 947/1252/219 948/1251/219 1028/1250/219
f 928/1253/1223 1065/1254/1223 929/1255/1224
f 1066/1256/1225 929/1255/1224 1065/1254/1223
f 929/1255/1224 1066/1256/1225 930/1257/1226
f 1067/1258/1227 930/1257/1226 1066/1256/1225
f 930/1257/1226 1067/1258/1227 931/1259/1228
f 1068/1260/1229 931/1259/1228 1067/1258/1227
f 931/1259/1228 1068/1260/1229 932/1261/1230
f 1069/1262/1230 932/1261/1230 1068/1260/1229
f 1070/1263/1231 1071/1264/1232 1072/1265/1233
f 1073/1266/1234 1072/1265/1233 1071/1264/1232
f 1072/1265/1233 1073/1266/1234 1074/1267/1235
f 1075/1268/1236 1074/1267/1235 1073/1266/1234
f 1074/1267/1235 1075/1268/1236 1076/1269/1237
f 1077/1270/1238 1078/1271/1239 1079/1272/1240
f 1080/1273/1241 1079/1272/1240 1078/1271/1239
f 1079/1272/1240 1080/1273/1241 1081/1274/1242
f 1082/1275/1243 1081/1274/1242 1080/1273/1241
f 1081/1274/1242 1082/1275/1243 1083/1276/1244
f 1084/1277/1245 1083/1276/1244 1082/1275/1243
f 1085/1278/1246 1086/1279/1247 1087/1280/1248
f 1088/1281/1249 1087/1280/1248 1086/1279/1247
f 1087/1280/1248 1088/1281/1249 1089/1282/1250
f 1090/1283/1251 1089/1282/1250 1088/1281/1249
f 1089/1282/1250 1090/1283/1251 1091/1284/1252
f 1092/1285/1253 1091/1284/1252 1090/1283/1251
f 1091/1284/1252 1092/1285/1253 1093/1286/1254
f 1094/1287/1255 1093/1286/1254 1092/1285/1253
f 1086/1279/1247 1095/1288/1256 1088/1281/1249
f 1096/1289/1257 1088/1281/1249 1095/1288/1256
f 1088/1281/1249 1096/1289/1257 1090/1283/1251
f 1097/1290/1258 1090/1283/1251 1096/1289/1257
f 1090/1283/1251 1097/1290/1258 1098/1291/1259
f 1085/1278/1246 1087/1280/1248 1099/1292/1260
f 1089/1282/1250 1099/1292/1260 1087/1280/1248
f 1099/1292/1260 1089/1282/1250 1100/1293/1261
f 1091/1284/1252 1100/1293/1261 1089/1282/1250
f 1100/1293/1261 1091/1284/1252 1101/1294/1262
f 1093/1286/1254 1101/1294/1262 1091/1284/1252
f 1090/1283/1251 1098/1291/1259 1092/1285/1253
f 1102/1295/1263 1092/1285/1253 1098/1291/1259
f 1092/1285/1253 1102/1295/1263 1094/1296/1264
f 1078/1271/1239 1103/1297/1265 1080/1273/1241
f 1104/1298/1266 1080/1273/1241 1103/1297/1265
f 1080/1273/1241 1104/1298/1266 1082/1275/1243
f 1105/1299/1267 1082/1275/1243 1104/1298/1266
f 1082/1275/1243 1105/1299/1267 1084/1277/1245
f 1106/1300/1268 1084/1277/1245 1105/1299/1267
f 1107/1301/1269 1108/1302/1269 1109/1303/1270
f 1110/1304/1271 1111/1305/1272 1083/1276/1244
f 1109/1303/1273 1083/1276/1244 1111/1305/1272
f 1083/1276/1244 1109/1303/1273 1081/1274/1242
f 1108/1302/1274 1081/1274/1242 1109/1303/1273
f 1081/1274/1242 1108/1302/1274 1079/1272/1240
f 1112/1306/1275 1079/1272/1240 1108/1302/1274
f 1079/1272/1240 1112/1306/1275 1077/1270/1238
f 1113/1307/1276 1077/1270/1238 1112/1306/1275
f 940/1308/1277 1114/1309/1278 939/1310/1279
f 1115/1311/1280 939/1310/1279 1114/1309/1278
f 939/1310/1279 1115/1311/1280 938/1312/1281
f 1116/1313/1282 938/1312/1281 1115/1311/1280
f 938/1312/1281 1116/1313/1282 936/1314/1283
f 1117/1315/1283 936/1314/1283 1116/1313/1282
f 937/1316/1284 936/1317/1284 1118/1318/1284
f 1117/1319/1284 1118/1318/1284 936/1317/1284
f 941/1320/55 937/1321/55 1119/1322/55
f 1118/1323/55 1119/1322/55 937/1321/55
f 941/1324/1285 1119/1325/1285 942/1326/1285
f 1120/1327/1285 942/1326/1285 1119/1325/1285
f 1065/1328/1286 928/1329/1286 1120/1330/1286
f 942/1331/1286 1120/1330/1286 928/1329/1286
f 1121/1332/1287 1093/1333/1288 1094/1287/1255
f 1121/1334/1287 1122/1335/1289 1093/1336/1288
f 1123/1337/1290 1093/1336/1288 1122/1335/1289
f 1123/1338/1291 1122/1339/1292 1124/1340/1293
f 1070/1341/1294 1124/1340/1293 1122/1339/1292
f 1124/1340/1293 1070/1341/1294 1072/1265/1233
f 1102/1342/1295 1098/1343/1296 1065/1254/1297
f 1065/1254/1297 1098/1343/1296 1066/1256/1298
f 1097/1344/1299 1066/1256/1298 1098/1343/1296
f 1066/1256/1298 1097/1344/1299 1067/1258/1300
f 1096/1345/1301 1067/1258/1300 1097/1344/1299
f 1067/1258/1300 1096/1345/1301 1068/1260/1302
f 1095/1346/1303 1068/1260/1302 1096/1345/1301
f 1068/1260/1302 1095/1346/1303 1069/1262/1304
f 1125/1347/1305 1126/1348/1306 1127/1349/1306
f 1128/1350/1307 1127/1349/1306 1126/1348/1306
f 1122/1339/1308 1118/1318/1309 1070/1341/1309
f 1117/1319/1310 1070/1341/1309 1118/1318/1309
f 1117/1315/1311 1116/1313/1312 1070/1263/1313
f 1070/1263/1313 1116/1313/1312 1071/1264/1314
f 1115/1311/1315 1071/1264/1314 1116/1313/1312
f 1071/1264/1314 1115/1311/1315 1073/1266/1316
f 1114/1309/1317 1073/1266/1316 1115/1311/1315
f 1073/1266/1316 1114/1309/1317 1075/1268/1318
f 1126/1348/1319 1075/1268/1318 1114/1309/1317
f 1075/1268/1318 1126/1348/1319 1125/1347/1320
f 1122/1335/1321 1121/1334/1321 1118/1323/1321
f 1119/1322/1321 1118/1323/1321 1121/1334/1321
f 1120/1327/1322 1119/1325/1323 1094/1287/1324
f 1121/1332/1325 1094/1287/1324 1119/1325/1323
f 1094/1296/1326 1102/1351/1327 1120/1330/1327
f 1065/1328/1328 1120/1330/1327 1102/1351/1327
f 1129/1352/1329 1130/1353/1330 1131/1354/1331
f 1131/1354/1331 1130/1353/1330 1132/1355/1332
f 1125/1347/1333 1132/1355/1332 1130/1353/1330
f 1132/1355/1332 1125/1347/1333 1127/1356/1334
f 1107/1357/1335 997/1358/1336 1108/1359/1337
f 995/1360/1338 1108/1359/1337 997/1358/1336
f 1108/1359/1337 995/1360/1338 1112/1361/1339
f 993/1362/1340 1112/1361/1339 995/1360/1338
f 1112/1361/1339 993/1362/1340 1113/1363/1341
f 991/1364/1342 1113/1363/1341 993/1362/1340
f 974/1365/1343 1133/1366/1343 973/1367/1344
f 1134/1368/1345 973/1367/1344 1133/1366/1343
f 973/1367/1344 1134/1368/1345 1135/1369/1346
f 1136/1370/1347 1135/1369/1346 1134/1368/1345
f 1137/1371/57 1138/1372/1348 1139/1373/57
f 1140/1374/57 1139/1373/57 1138/1372/1348
f 1141/1375/1349 1142/1376/1350 1143/1377/1351
f 1131/1354/1352 1143/1377/1351 1142/1376/1350
f 1143/1377/1351 1131/1354/1352 1144/1378/1353
f 1132/1355/1354 1144/1378/1353 1131/1354/1352
f 1144/1378/1353 1132/1355/1354 1145/1379/1355
f 1127/1356/1356 1145/1379/1355 1132/1355/1354
f 1145/1380/1357 1146/1381/1358 1147/1382/1359
f 960/1383/1360 1147/1382/1359 1146/1381/1358
f 1147/1382/1359 960/1383/1360 1004/1157/1361
f 1145/1380/1357 1147/1382/1359 1148/1384/1362
f 1140/1374/1363 1149/1385/1364 1139/1373/1365
f 1139/1373/1365 1149/1385/1364 1150/1386/1366
f 1151/1387/1367 1150/1386/1366 1149/1385/1364
f 1150/1386/1366 1151/1387/1367 1152/1388/1368
f 1153/1389/1369 1138/1372/1370 1154/1390/1371
f 953/1099/1372 1154/1390/1371 1138/1372/1370
f 1154/1390/1371 953/1099/1372 1049/1391/1372
f 1137/1392/57 1139/1393/57 1155/1394/57
f 1156/1395/57 1155/1394/57 1139/1393/57
f 1155/1394/57 1156/1395/57 1157/1396/57
f 1158/1397/57 1157/1396/57 1156/1395/57
f 1157/1396/57 1158/1397/57 1159/1398/57
f 1160/1399/57 1159/1398/57 1158/1397/57
f 1150/1400/1373 1161/1401/1374 1156/1402/1375
f 1162/1403/1376 1156/1402/1375 1161/1401/1374
f 1156/1402/1375 1162/1403/1376 1158/1404/1377
f 1160/1405/1378 1158/1404/1377 1162/1403/1376
f 1133/1366/1379 974/1365/1379 1163/1406/1379
f 975/1407/1379 1163/1406/1379 974/1365/1379
f 976/1408/55 953/1099/55 1164/1409/55
f 1138/1372/55 1164/1409/55 953/1099/55
f 1138/1372/1380 1137/1371/1381 1133/1366/1382
f 1155/1410/1383 1133/1366/1382 1137/1371/1381
f 1133/1366/1382 1155/1410/1383 1134/1368/1384
f 1157/1411/1385 1134/1368/1384 1155/1410/1383
f 1134/1368/1384 1157/1411/1385 1136/1370/1386
f 1159/1412/1387 1136/1370/1386 1157/1411/1385
f 1136/1370/1386 1159/1412/1387 1165/1413/1388
f 1138/1414/1389 1133/1415/1390 1164/1416/1390
f 1163/1417/1391 1164/1416/1390 1133/1415/1390
f 1022/1176/219 1166/1418/219 1021/1175/219
f 1167/1419/219 1021/1175/219 1166/1418/219
f 1021/1175/219 1167/1419/219 1025/1179/219
f 1168/1420/219 1025/1179/219 1167/1419/219
f 1025/1179/219 1168/1420/219 1031/1185/219
f 1169/1421/219 1031/1185/219 1168/1420/219
f 1031/1185/219 1169/1421/219 1029/1422/219
f 1170/1423/219 1029/1422/219 1169/1421/219
f 1029/1422/219 1170/1423/219 1055/1222/219
f 1061/1228/219 1055/1222/219 1170/1423/219
f 1055/1222/219 1061/1228/219 1057/1224/219
f 1059/1226/219 1057/1224/219 1061/1228/219
f 1162/1403/1376 1148/1384/1392 1003/1156/1086
f 1147/1382/1393 1003/1156/1086 1148/1384/1392
f 1003/1156/1086 1147/1382/1393 1004/1157/1087
f 1171/1424/1394 1172/1425/1395 1173/1426/1396
f 1174/1427/1397 1173/1426/1396 1172/1425/1395
f 1173/1426/1396 1174/1427/1397 1175/1428/1398
f 1176/1429/1399 1175/1428/1398 1174/1427/1397
f 1173/1426/1396 1177/1430/1400 1171/1424/1394
f 1178/1431/1401 1171/1424/1394 1177/1430/1400
f 1179/1432/1402 1161/1433/1403 1180/1434/1404
f 1181/1435/1405 1180/1434/1404 1161/1433/1403
f 1180/1434/1404 1181/1435/1405 1182/1436/1406
f 1183/1437/1407 1182/1436/1406 1181/1435/1405
f 1182/1436/1406 1183/1437/1407 1176/1429/1399
f 1174/1427/1408 1172/1425/1409 1184/1438/1410
f 1171/1424/1411 1184/1438/1410 1172/1425/1409
f 1184/1438/1410 1171/1424/1411 1178/1431/1412
f 1176/1429/1413 1183/1437/1414 1151/1387/1415
f 1181/1435/1416 1151/1387/1415 1183/1437/1414
f 1151/1387/1415 1181/1435/1416 1152/1388/1417
f 1161/1433/1418 1152/1388/1417 1181/1435/1416
f 1152/1388/1417 1161/1433/1418 1150/1386/1419
f 1151/1387/1415 1185/1439/1420 1176/1429/1413
f 1186/1440/1421 1176/1429/1413 1185/1439/1420
f 1176/1429/1413 1186/1440/1421 1175/1428/1422
f 1187/1441/1423 1175/1428/1422 1186/1440/1421
f 1175/1428/1422 1187/1441/1423 1173/1426/1424
f 1188/1442/1425 1173/1426/1424 1187/1441/1423
f 1173/1426/1424 1188/1442/1425 1177/1430/1426
f 1189/1443/1427 1177/1430/1426 1188/1442/1425
f 1177/1430/1426 1189/1443/1427 1190/1444/1428
f 1177/1430/1400 1191/1445/1429 1178/1431/1401
f 1192/1446/1430 1178/1431/1401 1191/1445/1429
f 1178/1431/1401 1192/1446/1430 1193/1447/1431
f 1194/1448/1432 1193/1447/1431 1192/1446/1430
f 1193/1447/1431 1194/1448/1432 1179/1432/1402
f 1195/1449/1433 1179/1432/1402 1194/1448/1432
f 1179/1432/1402 1195/1449/1433 1161/1401/1434
f 1179/1432/1435 1180/1434/1436 1184/1438/1410
f 1182/1436/1437 1184/1438/1410 1180/1434/1436
f 1184/1438/1410 1182/1436/1437 1174/1427/1408
f 1178/1431/1412 1193/1447/1438 1184/1438/1410
f 1179/1432/1435 1184/1438/1410 1193/1447/1438
f 988/1141/1439 990/1143/1440 1166/1418/1441
f 1167/1419/1442 1166/1418/1441 990/1143/1440
f 1188/1442/1443 1141/1375/1444 1189/1443/1445
f 1141/1375/1444 1143/1377/1446 1189/1443/1445
f 1144/1450/1447 1189/1443/1445 1143/1377/1446
f 1189/1443/1445 1144/1450/1447 1190/1444/1448
f 1145/1451/1449 1190/1444/1448 1144/1450/1447
f 1190/1444/1448 1145/1451/1449 1148/1452/1450
f 1187/1441/1451 1196/1453/1452 1188/1442/1443
f 1141/1454/1453 1188/1442/1443 1196/1453/1452
f 1187/1441/1454 1186/1440/1455 1197/1455/1455
f 1198/1456/1456 1197/1455/1455 1186/1440/1455
f 1107/1457/1457 1109/1303/1270 1199/1458/1458
f 1111/1305/1459 1199/1458/1458 1109/1303/1270
f 1199/1458/1458 1111/1305/1459 1142/1459/1460
f 1110/1304/1461 1142/1459/1460 1111/1305/1459
f 1142/1459/1460 1110/1304/1461 1129/1352/1462
f 1182/1436/1406 1176/1429/1399 1174/1427/1397
f 1140/1460/1463 1138/1461/1370 1153/1462/1369
f 1069/1463/1464 1095/1288/1465 985/1464/1466
f 1086/1465/1467 985/1464/1466 1095/1288/1465
f 985/1466/1468 983/1467/1469 1069/1468/1470
f 981/1469/1471 1069/1468/1470 983/1467/1469
f 1069/1468/1470 981/1469/1471 932/1470/1472
f 1196/1453/1473 1199/1471/1474 1141/1454/1474
f 1142/1472/1475 1141/1454/1474 1199/1471/1474
f 1196/1473/1476 1200/1474/1477 1199/1475/1478
f 1199/1475/1478 1200/1474/1477 1201/1476/1479
f 1002/1155/1480 1201/1476/1479 1200/1474/1477
f 1201/1476/1479 1002/1155/1480 1202/1477/1481
f 999/1152/1482 1202/1477/1481 1002/1155/1480
f 1202/1477/1481 999/1152/1482 997/1150/1483
f 1177/1430/1426 1190/1444/1428 1191/1445/1484
f 1148/1452/1485 1191/1445/1484 1190/1444/1428
f 1191/1445/1484 1148/1452/1485 1192/1446/1486
f 1162/1403/1376 1192/1446/1486 1148/1452/1485
f 1192/1446/1486 1162/1403/1376 1194/1448/1487
f 1195/1449/1488 1194/1448/1487 1162/1403/1376
f 1125/1347/1489 1130/1353/1490 1075/1268/1236
f 1129/1352/1491 1075/1268/1236 1130/1353/1490
f 1075/1268/1236 1129/1352/1491 1076/1269/1237
f 1083/1276/1244 1076/1269/1237 1129/1352/1491
f 1076/1269/1237 1083/1276/1244 1074/1267/1235
f 1084/1277/1245 1074/1267/1235 1083/1276/1244
f 1074/1267/1235 1084/1277/1245 1072/1265/1233
f 1106/1300/1268 1072/1265/1233 1084/1277/1245
f 1072/1265/1233 1106/1300/1268 1124/1340/1293
f 1105/1299/1267 1124/1340/1293 1106/1300/1268
f 1124/1340/1293 1105/1299/1267 1123/1478/1492
f 1104/1298/1266 1123/1478/1492 1105/1299/1267
f 1123/1478/1492 1104/1298/1266 1093/1286/1254
f 1103/1297/1265 1093/1286/1254 1104/1298/1266
f 1093/1286/1254 1103/1297/1265 1101/1294/1262
f 1078/1271/1239 1101/1294/1262 1103/1297/1265
f 1101/1294/1262 1078/1271/1239 1100/1293/1261
f 1077/1270/1238 1100/1293/1261 1078/1271/1239
f 1100/1293/1261 1077/1270/1238 1099/1292/1260
f 1113/1307/1276 1099/1292/1260 1077/1270/1238
f 1099/1292/1260 1113/1307/1276 1085/1278/1246
f 1195/1449/1488 1162/1403/1376 1161/1401/1374
f 985/1479/1493 1086/1480/1494 987/1481/1495
f 1085/1482/1496 987/1481/1495 1086/1480/1494
f 987/1481/1495 1085/1482/1496 989/1483/1497
f 1113/1484/1498 989/1483/1497 1085/1482/1496
f 989/1483/1497 1113/1484/1498 991/1144/1499
f 1000/1153/1500 1203/1485/1501 998/1151/1502
f 1204/1486/1503 998/1151/1502 1203/1485/1501
f 998/1151/1502 1204/1486/1503 996/1487/1504
f 1202/1477/1481 997/1150/1483 1201/1476/1505
f 1107/1357/1335 1201/1476/1505 997/1150/1483
f 1201/1476/1505 1107/1357/1335 1199/1475/1506
f 1160/1405/1378 1162/1403/1376 1003/1156/1086
f 990/1143/1440 992/1145/1507 1167/1419/1442
f 994/1147/1508 1167/1419/1442 992/1145/1507
f 1167/1419/1442 994/1147/1508 1168/1420/1509
f 996/1149/1510 1168/1420/1509 994/1147/1508
f 1168/1420/1509 996/1149/1510 1169/1421/1511
f 980/1133/1118 982/1135/1512 1022/1176/1116
f 984/1137/1513 1022/1176/1116 982/1135/1512
f 1022/1176/1116 984/1137/1513 1166/1418/1441
f 986/1139/1514 1166/1418/1441 984/1137/1513
f 1166/1418/1441 986/1139/1514 988/1141/1439
f 999/1152/1482 1002/1155/1480 1001/1154/1515
f 1000/1153/1083 1002/1155/1085 1205/1488/1516
f 1200/1474/1517 1205/1488/1516 1002/1155/1085
f 1205/1488/1516 1200/1474/1517 1197/1455/1518
f 1196/1473/1519 1197/1455/1518 1200/1474/1517
f 1197/1455/1518 1196/1473/1519 1187/1441/1451
f 1198/1489/1520 1186/1440/1521 1206/1490/1522
f 1185/1439/1523 1206/1490/1522 1186/1440/1521
f 1206/1490/1522 1185/1439/1523 1149/1385/1524
f 1151/1387/1525 1149/1385/1524 1185/1439/1523
f 1131/1491/1526 1142/1459/1460 1129/1352/1462
f 1110/1304/1271 1083/1276/1244 1129/1352/1491
f 981/1492/1527 979/1493/1527 932/1494/1527
f 1207/1495/1528 1135/1496/1529 1159/1497/1530
f 1165/1498/1531 1159/1497/1530 1135/1496/1529
f 1135/1499/1532 1136/1500/1532 1165/1501/1532
f 966/1502/1533 973/1503/1534 1207/1504/1535
f 1135/1505/1536 1207/1504/1535 973/1503/1534
f 966/1506/57 1207/1507/57 965/1508/57
f 967/1509/57 965/1508/57 1207/1507/57
f 1160/1510/57 1208/1511/57 1159/1512/57
f 967/1513/57 1159/1512/57 1208/1511/57
f 1159/1512/57 967/1513/57 1207/1514/57
f 968/1515/1537 967/1516/1538 1003/1517/1539
f 1208/1518/1540 1003/1517/1539 967/1516/1538
f 1003/1517/1539 1208/1518/1540 1160/1519/1541
f 1128/1520/1542 1126/1521/1542 933/1522/1542
f 934/1523/1542 933/1522/1542 1126/1521/1542
f 1126/1524/1543 1114/1525/1544 934/1526/1543
f 940/1527/1544 934/1526/1543 1114/1525/1544
f 1127/1528/1545 1128/1529/1546 1146/1530/1547
f 933/1531/1548 1146/1530/1547 1128/1529/1546
f 1146/1530/1547 933/1531/1548 935/1532/1549
f 1146/1530/1547 935/1533/1550 960/1106/1550
f 1146/1530/1547 1145/1380/1551 1127/1528/1545
f 1056/1534/1552 1058/1535/1553 1049/1536/1554
f 1154/1537/1555 1049/1536/1554 1058/1535/1553
f 1058/1538/1556 1060/1539/1557 1154/1540/1558
f 1153/1541/1559 1154/1540/1558 1060/1539/1557
f 1054/1542/1560 1209/1543/1561 1042/1544/1562
f 1044/1545/1563 1042/1544/1562 1209/1543/1561
f 1046/1546/1564 1044/1547/1565 1064/1548/1566
f 1209/1543/1561 1064/1548/1566 1044/1547/1565
f 1055/1222/219 1053/1220/219 1029/1549/219
f 1053/1220/1567 1042/1219/1568 1029/1549/1568
f 1030/1198/1144 1029/1549/1568 1042/1219/1568
f 1210/1550/1569 1060/1551/1570 1170/1552/1571
f 1061/1553/1572 1170/1552/1571 1060/1551/1570
f 1169/1554/219 1211/1555/219 1170/1556/219
f 1211/1557/1573 1204/1486/1574 1170/1558/1575
f 1210/1559/1576 1170/1558/1575 1204/1486/1574
f 1210/1560/1560 1204/1486/1577 1212/1561/1577
f 1203/1562/1578 1212/1561/1577 1204/1486/1577
f 1203/1563/1579 1213/1564/1580 1212/1565/1581
f 1206/1566/1582 1212/1565/1581 1213/1564/1580
f 1211/1567/1583 1169/1568/1584 1204/1569/1584
f 996/1570/1585 1204/1569/1584 1169/1568/1584
f 1213/1571/1586 1203/1572/1587 1205/1573/1588
f 1000/1574/1589 1205/1573/1588 1203/1572/1587
f 1198/1575/1590 1206/1576/1582 1213/1577/1580
f 1198/1578/1591 1213/1579/1592 1197/1580/1592
f 1205/1581/1593 1197/1580/1592 1213/1579/1592
f 1150/1400/1373 1156/1402/1375 1139/1582/1594
f 1212/1583/1595 1214/1584/1596 1215/1585/1597
f 1216/1586/1598 1215/1585/1597 1214/1584/1596
f 1215/1585/1597 1216/1586/1598 1217/1587/1599
f 1218/1588/1600 1217/1587/1599 1216/1586/1598
f 1217/1587/1599 1218/1588/1600 1219/1589/1601
f 1220/1590/1602 1219/1589/1601 1218/1588/1600
f 1219/1589/1601 1220/1590/1602 1221/1591/1603
f 1222/1592/1604 1221/1591/1603 1220/1590/1602
f 1221/1591/1603 1222/1592/1604 1223/1593/1605
f 1212/1583/1595 1224/1594/1606 1210/1595/1607
f 1225/1596/1608 1210/1595/1607 1224/1594/1606
f 1210/1595/1607 1225/1596/1608 1060/1597/1609
f 1224/1594/1606 1212/1583/1595 1215/1585/1597
f 1060/1597/1610 1226/1598/1611 1227/1599/1612
f 1223/1600/1613 1227/1599/1612 1226/1598/1611
f 1227/1599/1612 1223/1600/1613 1222/1601/1614
f 1226/1598/1611 1060/1597/1610 1225/1596/1608
f 1228/1602/57 1229/1603/57 1230/1604/57
f 1231/1605/57 1230/1604/57 1229/1603/57
f 1230/1604/57 1231/1605/57 1232/1606/57
f 1233/1607/57 1232/1606/57 1231/1605/57
f 1232/1606/57 1233/1607/57 1234/1608/57
f 1235/1609/57 1234/1608/57 1233/1607/57
f 1223/1593/1605 1229/1603/1615 1221/1591/1603
f 1228/1602/1616 1221/1591/1603 1229/1603/1615
f 1221/1591/1603 1228/1602/1616 1219/1589/1601
f 1230/1604/1617 1219/1589/1601 1228/1602/1616
f 1219/1589/1601 1230/1604/1617 1217/1587/1599
f 1232/1606/1618 1217/1587/1599 1230/1604/1617
f 1217/1587/1599 1232/1606/1618 1215/1585/1597
f 1234/1608/1619 1215/1585/1597 1232/1606/1618
f 1215/1585/1597 1234/1608/1619 1224/1594/1606
f 1235/1609/1620 1224/1594/1606 1234/1608/1619
f 1224/1594/1606 1235/1609/1620 1225/1596/1608
f 1233/1607/1621 1225/1596/1608 1235/1609/1620
f 1225/1596/1608 1233/1607/1621 1226/1598/1611
f 1231/1605/1622 1226/1598/1611 1233/1607/1621
f 1226/1598/1611 1231/1605/1622 1223/1593/1605
f 1229/1603/1615 1223/1593/1605 1231/1605/1622
f 1236/1610/1623 1237/1611/1624 1238/1612/1625
f 1239/1613/1626 1238/1612/1625 1237/1611/1624
f 1238/1612/1625 1239/1613/1626 1240/1614/1627
f 1241/1615/1628 1240/1614/1627 1239/1613/1626
f 1240/1614/1627 1241/1615/1628 1242/1616/1629
f 1243/1617/1630 1242/1616/1629 1241/1615/1628
f 1242/1616/1629 1243/1617/1630 1244/1618/1631
f 1245/1619/1632 1244/1618/1631 1243/1617/1630
f 1244/1618/1631 1245/1619/1632 1209/1620/1633
f 1244/1618/1631 1209/1620/1633 1246/1621/1634
f 1054/1622/1635 1246/1621/1634 1209/1620/1633
f 1246/1621/1634 1054/1622/1635 1247/1623/1636
f 1056/1624/1637 1247/1623/1636 1054/1622/1635
f 1247/1623/1636 1056/1624/1638 1248/1625/1639
f 1249/1626/1640 1248/1625/1639 1056/1624/1638
f 1248/1625/1639 1249/1626/1640 1236/1627/1641
f 1237/1628/1642 1236/1627/1641 1249/1626/1640
f 1250/1629/57 1251/1630/57 1252/1631/57
f 1253/1632/57 1252/1631/57 1251/1630/57
f 1252/1631/57 1253/1632/57 1254/1633/57
f 1255/1634/57 1254/1633/57 1253/1632/57
f 1254/1633/57 1255/1634/57 1256/1635/57
f 1257/1636/57 1256/1635/57 1255/1634/57
f 1238/1612/1625 1250/1629/1643 1236/1610/1623
f 1252/1631/1617 1236/1610/1623 1250/1629/1643
f 1236/1610/1623 1252/1631/1617 1248/1625/1639
f 1254/1633/1644 1248/1625/1639 1252/1631/1617
f 1248/1625/1639 1254/1633/1644 1247/1623/1636
f 1256/1635/1619 1247/1623/1636 1254/1633/1644
f 1247/1623/1636 1256/1635/1619 1246/1621/1634
f 1257/1636/1645 1246/1621/1634 1256/1635/1619
f 1246/1621/1634 1257/1636/1645 1244/1618/1631
f 1255/1634/1621 1244/1618/1631 1257/1636/1645
f 1244/1618/1631 1255/1634/1621 1242/1616/1629
f 1253/1632/1622 1242/1616/1629 1255/1634/1621
f 1242/1616/1629 1253/1632/1622 1240/1614/1627
f 1251/1630/1615 1240/1614/1627 1253/1632/1622
f 1240/1614/1627 1251/1630/1615 1238/1612/1625
f 1250/1629/1643 1238/1612/1625 1251/1630/1615
f 1163/1637/1646 975/1638/1646 1164/1639/1646
f 976/1640/1646 1164/1639/1646 975/1638/1646
f 1258/1641/55 1259/1642/1647 1260/1643/55
f 1261/1644/1648 1260/1643/55 1259/1642/1647
f 1262/1645/55 1258/1641/55 1263/1646/55
f 1260/1643/55 1263/1646/55 1258/1641/55
f 1263/1646/55 1260/1643/55 1264/1647/1649
f 1261/1644/1648 1264/1647/1649 1260/1643/55
f 1264/1647/1649 1261/1644/1648 1265/1648/1650
f 1266/1649/1651 1265/1648/1650 1261/1644/1648
f 1265/1648/1650 1266/1649/1651 1267/1650/1652
f 1268/1651/1653 1267/1650/1652 1266/1649/1651
f 1267/1650/1652 1268/1651/1653 1269/1652/1654
f 1270/1653/1655 1269/1652/1654 1268/1651/1653
f 1269/1652/1654 1270/1653/1655 1271/1654/1656
f 1272/1655/1657 1271/1654/1656 1270/1653/1655
f 1271/1654/1656 1272/1655/1657 1273/1656/1658
f 1274/1657/1659 1273/1656/1658 1272/1655/1657
f 1265/1648/1650 1267/1650/1652 1264/1647/1649
f 1275/1658/1660 1264/1647/1649 1267/1650/1652
f 1264/1647/1649 1275/1658/1660 1263/1646/55
f 1276/1659/1661 1263/1646/55 1275/1658/1660
f 1263/1646/55 1276/1659/1661 1262/1645/55
f 1277/1660/55 1262/1645/55 1276/1659/1661
f 1278/1661/1662 1269/1652/1654 1271/1654/1656
f 1278/1661/1662 1277/1660/55 1269/1652/1654
f 1276/1659/1661 1269/1652/1654 1277/1660/55
f 1269/1652/1654 1276/1659/1661 1267/1650/1652
f 1275/1658/1660 1267/1650/1652 1276/1659/1661
f 1272/1655/1657 1279/1662/1663 1274/1657/1659
f 1280/1663/1664 1274/1657/1659 1279/1662/1663
f 1274/1657/1659 1280/1663/1664 1281/1664/1665
f 1282/1665/1666 1280/1663/1664 1283/1666/1667
f 1279/1662/1663 1283/1666/1667 1280/1663/1664
f 1283/1666/1667 1279/1662/1663 1284/1667/1668
f 1272/1655/1657 1284/1667/1668 1279/1662/1663
f 1284/1667/1668 1272/1655/1657 1270/1653/1655
f 1284/1667/1668 1270/1653/1655 1268/1651/1653
f 1259/1642/1647 1285/1668/1669 1261/1644/1648
f 1286/1669/1670 1261/1644/1648 1285/1668/1669
f 1261/1644/1648 1286/1669/1670 1266/1649/1651
f 1287/1670/1671 1266/1649/1651 1286/1669/1670
f 1266/1649/1651 1287/1670/1671 1288/1671/1672
f 1289/1672/1673 1288/1671/1672 1287/1670/1671
f 1288/1671/1672 1289/1672/1673 1284/1667/1668
f 1283/1666/1667 1284/1667/1668 1289/1672/1673
f 1266/1649/1651 1288/1671/1672 1268/1651/1653
f 1284/1667/1668 1268/1651/1653 1288/1671/1672
f 1289/1672/1673 1287/1670/1671 1290/1673/1674
f 1291/1674/1675 1290/1673/1674 1287/1670/1671
f 1290/1673/1674 1291/1674/1675 1292/1675/1676
f 1287/1670/1671 1286/1669/1670 1291/1674/1675
f 1285/1668/1669 1291/1674/1675 1286/1669/1670
f 1281/1664/1665 1280/1663/1664 1293/1676/1677
f 1293/1676/1677 1280/1663/1664 1294/1677/1678
f 1282/1665/1666 1294/1677/1678 1280/1663/1664
f 1294/1677/1678 1282/1665/1666 1295/1678/1679
f 1296/1679/1680 1295/1678/1679 1282/1665/1666
f 1295/1678/1679 1296/1679/1680 1297/1680/1681
f 1298/1681/1682 1297/1680/1681 1296/1679/1680
f 1297/1680/1681 1298/1681/1682 1299/1682/1683
f 1300/1683/1684 1299/1682/1683 1298/1681/1682
f 1299/1682/1683 1300/1683/1684 1301/1684/1685
f 1282/1665/1666 1283/1666/1667 1296/1679/1680
f 1289/1672/1673 1296/1679/1680 1283/1666/1667
f 1296/1679/1680 1289/1672/1673 1298/1681/1682
f 1290/1673/1674 1298/1681/1682 1289/1672/1673
f 1298/1681/1682 1290/1673/1674 1300/1683/1684
f 1292/1675/1676 1300/1683/1684 1290/1673/1674
