# Blender v2.79 (sub 0) OBJ File: ''
# www.blender.org
mtllib Solo.mtl
o Solo
v 0.007620 0.142437 0.007620
v 0.072065 0.142437 0.007620
v 0.007620 0.137646 -0.010258
v 0.072258 0.137646 -0.010258
v 0.007620 0.124558 -0.023346
v 0.072540 0.124558 -0.023346
v 0.007620 0.106680 -0.028137
v 0.073666 0.106680 -0.028137
v 0.006810 0.068118 -0.028298
v 0.074871 0.068118 -0.028298
v 0.006405 0.031964 -0.028379
v 0.075474 0.031964 -0.028379
v 0.006000 0.000000 -0.028459
v 0.076076 0.000000 -0.028459
v 0.007620 0.077212 0.026201
v 0.074511 0.077212 0.026201
v 0.007620 0.088802 0.038586
v 0.074229 0.088802 0.038586
v 0.007620 0.106680 0.043377
v 0.073666 0.106680 0.043377
v 0.007620 0.124558 0.038586
v 0.072540 0.124558 0.038586
v 0.007620 0.137646 0.025498
v 0.072258 0.137646 0.025498
v 0.076076 -0.000000 0.026328
v 0.075303 0.032001 0.026201
v 0.074907 0.058922 0.026201
v 0.073666 0.106680 0.007620
v 0.076076 -0.000000 0.045720
v 0.075307 0.031999 0.045720
v 0.007620 0.106680 0.007620
v 0.006810 0.058922 0.026201
v 0.006000 0.031999 0.026201
v 0.006000 -0.000000 0.026328
v 0.006000 0.031999 0.045720
v 0.006000 -0.000000 0.045720
v -0.006000 0.000000 -0.028459
v -0.076076 0.000000 -0.028459
v -0.006405 0.031964 -0.028379
v -0.075474 0.031964 -0.028379
v -0.006810 0.068118 -0.028298
v -0.074871 0.068118 -0.028298
v -0.007620 0.106680 -0.028137
v -0.073666 0.106680 -0.028137
v -0.007620 0.124558 -0.023346
v -0.072540 0.124558 -0.023346
v -0.007620 0.137646 -0.010258
v -0.072258 0.137646 -0.010258
v -0.007620 0.142437 0.007620
v -0.072065 0.142437 0.007620
v -0.007620 0.137646 0.025498
v -0.072258 0.137646 0.025498
v -0.007620 0.124558 0.038586
v -0.072540 0.124558 0.038586
v -0.007620 0.106680 0.043377
v -0.073666 0.106680 0.043377
v -0.007620 0.088802 0.038586
v -0.074229 0.088802 0.038586
v -0.007620 0.077212 0.026201
v -0.074511 0.077212 0.026201
v -0.073666 0.106680 0.007620
v -0.074907 0.058922 0.026201
v -0.075303 0.032001 0.026201
v -0.076076 -0.000000 0.026328
v -0.006000 -0.000000 0.026328
v -0.006000 0.031999 0.026201
v -0.006810 0.058922 0.026201
v -0.007620 0.106680 0.007620
v 0.103792 0.152819 0.023099
v 0.111982 0.158148 0.026658
v 0.096240 0.165426 0.036795
v 0.115954 0.165426 0.032932
v 0.114643 0.172705 0.040242
v 0.077837 0.158148 0.033348
v 0.084078 0.152819 0.026962
v 0.093579 0.150869 0.023211
v 0.088689 0.178033 0.050491
v 0.080499 0.172705 0.046932
v 0.076527 0.165426 0.040658
v 0.108402 0.178033 0.046628
v 0.098902 0.179984 0.050379
v -0.006000 0.031999 0.045720
v -0.075307 0.031999 0.045720
v -0.006000 -0.000000 0.045720
v -0.076076 -0.000000 0.045720
v 0.071223 0.192821 0.012561
v 0.075506 0.195656 0.025639
v 0.074999 0.198239 0.024927
v 0.084329 0.199197 0.031468
v 0.083889 0.201449 0.031017
v 0.073890 0.197778 -0.009789
v 0.076087 0.192869 -0.009451
v 0.069956 0.197946 0.000564
v 0.071345 0.193688 0.000712
v 0.069569 0.200403 0.011436
v 0.070481 0.196536 0.011205
v 0.072520 0.205821 0.023757
v 0.073838 0.202168 0.024409
v 0.079841 0.212147 0.030622
v 0.082281 0.206277 0.030468
v 0.091462 0.208682 0.029975
v 0.093619 0.203470 0.030807
v 0.094194 0.201162 0.031304
v 0.081424 0.202081 -0.016226
v 0.072186 0.189441 0.001992
v 0.077422 0.187743 -0.008183
v 0.087253 0.183179 -0.010593
v 0.078468 0.183188 -0.004625
v 0.085994 0.188354 -0.014362
v 0.095674 0.190376 -0.014384
v 0.084093 0.194798 -0.015568
v 0.093241 0.197240 -0.015308
v 0.090268 0.205025 -0.015637
v 0.101394 0.199950 -0.008999
v 0.098782 0.207303 -0.008649
v 0.103156 0.210185 0.001225
v 0.108428 0.197082 0.001704
v 0.109664 0.192849 0.004512
v 0.103957 0.193372 -0.008309
v 0.105363 0.188324 -0.004942
v 0.097085 0.185057 -0.010709
v 0.106771 0.183916 -0.000593
v 0.098234 0.180306 -0.006355
v 0.088020 0.178356 -0.006234
v 0.078868 0.178588 -0.000264
v 0.073110 0.182366 0.008442
v 0.072165 0.187651 0.017924
v 0.110899 0.189582 0.007996
v 0.109814 0.194974 0.017750
v 0.103852 0.198997 0.025785
v 0.094768 0.199821 0.032477
v 0.084770 0.197911 0.032595
v 0.076013 0.194039 0.027028
v 0.105826 0.203157 0.000859
v 0.103100 0.200790 0.023710
v 0.107825 0.200818 0.012725
v 0.102348 0.203549 0.022310
v 0.105268 0.206463 0.011460
v 0.099982 0.208895 0.021257
v 0.097487 0.215346 0.021180
v 0.088685 0.215091 0.029817
v 0.108819 0.197413 0.014900
v 0.075625 0.223354 0.031263
v 0.064169 0.229578 0.025377
v 0.069786 0.213740 0.023668
v 0.068170 0.207893 0.010250
v 0.065071 0.224572 0.016170
v 0.065372 0.222872 0.007878
v 0.068328 0.206821 0.000238
v 0.065071 0.224572 -0.000415
v 0.071111 0.207716 -0.009733
v 0.064169 0.229578 -0.009621
v 0.076680 0.216643 -0.015997
v 0.071937 0.231206 -0.015769
v 0.078044 0.236138 -0.013762
v 0.071931 0.251695 -0.012824
v 0.086278 0.236898 -0.005599
v 0.096768 0.224022 0.001451
v 0.092530 0.222100 -0.007124
v 0.089184 0.237858 0.001676
v 0.080026 0.251695 -0.004074
v 0.074894 0.261959 -0.000872
v 0.068968 0.261959 -0.007277
v 0.067990 0.267065 0.003437
v 0.064982 0.267065 0.000185
v 0.060873 0.268666 0.007878
v 0.060873 0.267065 -0.001005
v 0.056764 0.267065 0.000185
v 0.060873 0.261959 -0.009621
v 0.052778 0.261959 -0.007277
v 0.060873 0.251695 -0.016026
v 0.049814 0.251695 -0.012824
v 0.049814 0.239843 -0.012824
v 0.041719 0.251695 -0.004074
v 0.041719 0.239843 -0.004074
v 0.038756 0.251695 0.007878
v 0.038756 0.239843 0.007878
v 0.041719 0.251695 0.019830
v 0.041719 0.239843 0.019830
v 0.049814 0.251695 0.028579
v 0.049814 0.239843 0.028579
v 0.062455 0.239843 0.031782
v 0.071409 0.234561 0.031350
v 0.077516 0.239493 0.029177
v 0.083101 0.227292 0.029774
v 0.085847 0.239579 0.020280
v 0.091667 0.227462 0.020730
v 0.096037 0.225943 0.010025
v 0.102561 0.213068 0.011099
v 0.084156 0.220582 -0.014699
v 0.072999 0.185446 0.005228
v 0.071694 0.189753 0.014905
v 0.057037 0.224572 0.000696
v 0.054229 0.224572 0.003732
v 0.053201 0.224572 0.007878
v 0.054229 0.224572 0.012024
v 0.057037 0.224572 0.015059
v 0.052777 0.229578 0.023032
v 0.046851 0.229578 0.016627
v 0.044682 0.229578 0.007878
v 0.046851 0.229578 -0.000872
v 0.052778 0.229578 -0.007277
v 0.062455 0.239843 -0.016026
v 0.067193 0.245769 -0.015540
v 0.077063 0.261959 0.007878
v 0.069091 0.267065 0.007878
v 0.083580 0.251695 0.007878
v 0.074894 0.261959 0.016627
v 0.067990 0.267065 0.012319
v 0.064982 0.267065 0.015570
v 0.060873 0.267065 0.016760
v 0.068968 0.261959 0.023032
v 0.060873 0.261959 0.025377
v 0.071931 0.251695 0.028579
v 0.060873 0.251695 0.031782
v 0.067193 0.245769 0.031437
v 0.089513 0.238819 0.008952
v 0.046851 0.261959 -0.000872
v 0.044682 0.261959 0.007878
v 0.053756 0.267065 0.003437
v 0.052655 0.267065 0.007878
v 0.080026 0.251695 0.019830
v 0.046851 0.261959 0.016627
v 0.052778 0.261959 0.023032
v 0.053756 0.267065 0.012319
v 0.056764 0.267065 0.015570
v -0.087253 0.183179 -0.010593
v -0.097085 0.185057 -0.010709
v -0.095674 0.190376 -0.014384
v -0.105363 0.188324 -0.004942
v -0.103957 0.193372 -0.008309
v -0.078468 0.183188 -0.004625
v -0.085994 0.188354 -0.014362
v -0.084093 0.194798 -0.015568
v -0.093241 0.197240 -0.015308
v -0.090268 0.205025 -0.015637
v -0.101394 0.199950 -0.008999
v -0.098782 0.207303 -0.008649
v -0.103156 0.210185 0.001225
v -0.092530 0.222100 -0.007124
v -0.096768 0.224022 0.001451
v -0.089184 0.237858 0.001676
v -0.077422 0.187743 -0.008183
v -0.076087 0.192869 -0.009451
v -0.072186 0.189441 0.001992
v -0.071345 0.193688 0.000712
v -0.071223 0.192821 0.012561
v -0.070481 0.196536 0.011205
v -0.074999 0.198239 0.024927
v -0.073838 0.202168 0.024409
v -0.083889 0.201449 0.031017
v -0.082281 0.206277 0.030468
v -0.091462 0.208682 0.029975
v -0.079841 0.212147 0.030622
v -0.088685 0.215091 0.029817
v -0.072999 0.185446 0.005228
v -0.081424 0.202081 -0.016226
v -0.084156 0.220582 -0.014699
v -0.073890 0.197778 -0.009789
v -0.069956 0.197946 0.000564
v -0.069569 0.200403 0.011436
v -0.072520 0.205821 0.023757
v -0.084329 0.199197 0.031468
v -0.084770 0.197911 0.032595
v -0.075506 0.195656 0.025639
v -0.076013 0.194039 0.027028
v -0.071694 0.189753 0.014905
v -0.072165 0.187651 0.017924
v -0.073110 0.182366 0.008442
v -0.094194 0.201162 0.031304
v -0.102348 0.203549 0.022310
v -0.103100 0.200790 0.023710
v -0.107825 0.200818 0.012725
v -0.108819 0.197413 0.014900
v -0.105268 0.206463 0.011460
v -0.099982 0.208895 0.021257
v -0.093619 0.203470 0.030807
v -0.078868 0.178588 -0.000264
v -0.088020 0.178356 -0.006234
v -0.098234 0.180306 -0.006355
v -0.106771 0.183916 -0.000593
v -0.109664 0.192849 0.004512
v -0.108428 0.197082 0.001704
v -0.105826 0.203157 0.000859
v -0.102561 0.213068 0.011099
v -0.097487 0.215346 0.021180
v -0.091667 0.227462 0.020730
v -0.083101 0.227292 0.029774
v -0.075625 0.223354 0.031263
v -0.069786 0.213740 0.023668
v -0.068170 0.207893 0.010250
v -0.068328 0.206821 0.000238
v -0.071111 0.207716 -0.009733
v -0.076680 0.216643 -0.015997
v -0.078044 0.236138 -0.013762
v -0.086278 0.236898 -0.005599
v -0.080026 0.251695 -0.004074
v -0.083580 0.251695 0.007878
v -0.077063 0.261959 0.007878
v -0.074894 0.261959 0.016627
v -0.069091 0.267065 0.007878
v -0.067990 0.267065 0.012319
v -0.060873 0.268666 0.007878
v -0.064982 0.267065 0.015570
v -0.060873 0.267065 0.016760
v -0.068968 0.261959 0.023032
v -0.060873 0.261959 0.025377
v -0.071931 0.251695 0.028579
v -0.060873 0.251695 0.031782
v -0.067193 0.245769 0.031437
v -0.110899 0.189582 0.007996
v -0.096037 0.225943 0.010025
v -0.089513 0.238819 0.008952
v -0.085847 0.239579 0.020280
v -0.080026 0.251695 0.019830
v -0.077516 0.239493 0.029177
v -0.071409 0.234561 0.031350
v -0.062455 0.239843 0.031782
v -0.049814 0.251695 0.028579
v -0.052778 0.261959 0.023032
v -0.056764 0.267065 0.015570
v -0.053756 0.267065 0.012319
v -0.052655 0.267065 0.007878
v -0.046851 0.261959 0.016627
v -0.044682 0.261959 0.007878
v -0.041719 0.251695 0.019830
v -0.038756 0.251695 0.007878
v -0.041719 0.239843 0.019830
v -0.038756 0.239843 0.007878
v -0.046851 0.229578 0.016627
v -0.044682 0.229578 0.007878
v -0.054229 0.224572 0.012024
v -0.053201 0.224572 0.007878
v -0.065372 0.222872 0.007878
v -0.054229 0.224572 0.003732
v -0.057037 0.224572 0.000696
v -0.046851 0.229578 -0.000872
v -0.052778 0.229578 -0.007277
v -0.041719 0.239843 -0.004074
v -0.049814 0.239843 -0.012824
v -0.041719 0.251695 -0.004074
v -0.049814 0.251695 -0.012824
v -0.046851 0.261959 -0.000872
v -0.052778 0.261959 -0.007277
v -0.053756 0.267065 0.003437
v -0.056764 0.267065 0.000185
v -0.060873 0.267065 -0.001005
v -0.064982 0.267065 0.000185
v -0.060873 0.261959 -0.009621
v -0.068968 0.261959 -0.007277
v -0.060873 0.251695 -0.016026
v -0.071931 0.251695 -0.012824
v -0.067193 0.245769 -0.015540
v -0.071937 0.231206 -0.015769
v -0.062455 0.239843 -0.016026
v -0.064169 0.229578 -0.009621
v -0.049814 0.239843 0.028579
v -0.052778 0.229578 0.023032
v -0.057037 0.224572 0.015059
v -0.064169 0.229578 0.025377
v -0.065071 0.224572 0.016170
v -0.065071 0.224572 -0.000415
v -0.074894 0.261959 -0.000872
v -0.067990 0.267065 0.003437
v -0.103792 0.152819 0.023099
v -0.093579 0.150869 0.023211
v -0.096240 0.165426 0.036795
v -0.084078 0.152819 0.026962
v -0.077837 0.158148 0.033348
v -0.114643 0.172705 0.040242
v -0.115954 0.165426 0.032932
v -0.111982 0.158148 0.026658
v -0.088689 0.178033 0.050491
v -0.098902 0.179984 0.050379
v -0.108402 0.178033 0.046628
v -0.076527 0.165426 0.040658
v -0.080499 0.172705 0.046932
v -0.109814 0.194974 0.017750
v -0.103852 0.198997 0.025785
v -0.094768 0.199821 0.032477
v -0.056956 0.270384 -0.026697
v -0.051443 0.275006 -0.025776
v -0.052993 0.270384 -0.030508
v -0.051443 0.275006 0.040975
v 0.000000 0.275006 -0.025776
v 0.000000 0.275006 0.040975
v 0.051443 0.275006 -0.025776
v 0.051443 0.275006 0.040975
v 0.056956 0.270384 0.041896
v 0.052993 0.270384 0.045707
v 0.000000 0.270384 0.045707
v -0.052993 0.270384 0.045707
v 0.000000 0.243942 0.045707
v -0.058744 0.243942 0.045707
v 0.000000 0.217500 0.045707
v -0.064496 0.217500 0.045707
v 0.000000 0.191058 0.045707
v -0.070248 0.191058 0.045707
v 0.058744 0.243942 0.045707
v 0.064496 0.217500 0.045707
v 0.070248 0.191058 0.045707
v 0.061717 0.243942 0.042849
v 0.066478 0.217500 0.043801
v 0.071239 0.191058 0.044754
v 0.076000 0.164616 0.045707
v 0.000000 0.164616 0.045707
v -0.076000 0.164616 0.045707
v -0.071239 0.191058 0.044754
v 0.076000 0.152616 0.045707
v 0.000000 0.152616 0.045707
v -0.076000 0.152616 0.045707
v -0.056956 0.270384 0.041896
v -0.061717 0.243942 0.042849
v -0.066478 0.217500 0.043801
v -0.076000 0.152616 -0.030508
v -0.076000 0.164616 -0.030508
v 0.000000 0.152616 -0.030508
v 0.000000 0.164616 -0.030508
v 0.076000 0.152616 -0.030508
v 0.076000 0.164616 -0.030508
v 0.070248 0.191058 -0.030508
v 0.000000 0.191058 -0.030508
v 0.064496 0.217500 -0.030508
v 0.000000 0.217500 -0.030508
v 0.058744 0.243942 -0.030508
v 0.000000 0.243942 -0.030508
v 0.052993 0.270384 -0.030508
v 0.000000 0.270384 -0.030508
v 0.056956 0.270384 -0.026697
v 0.061717 0.243942 -0.027650
v 0.066478 0.217500 -0.028602
v 0.071239 0.191058 -0.029555
v -0.058744 0.243942 -0.030508
v -0.064496 0.217500 -0.030508
v -0.070248 0.191058 -0.030508
v -0.061717 0.243942 -0.027650
v -0.066478 0.217500 -0.028602
v -0.071239 0.191058 -0.029555
v -0.105198 0.152736 0.036106
v -0.100685 0.175239 0.015539
v -0.097249 0.152117 0.032069
v -0.093127 0.172154 0.013667
v -0.089205 0.152342 0.034120
v -0.085003 0.172440 0.015683
v -0.083191 0.158679 0.042223
v -0.078958 0.178714 0.023962
v -0.086468 0.168433 0.048716
v -0.082606 0.186717 0.032152
v -0.093814 0.172279 0.049867
v -0.090164 0.189802 0.034024
v -0.102375 0.169285 0.050292
v -0.098289 0.189516 0.032008
v -0.109033 0.159497 0.045275
v -0.104333 0.183242 0.023729
v -0.110790 0.128264 0.066441
v -0.107290 0.153367 0.088967
v -0.116394 0.128791 0.060322
v -0.112450 0.157072 0.085700
v -0.120532 0.134919 0.049976
v -0.116302 0.165245 0.077190
v -0.113887 0.145609 0.037030
v -0.109658 0.175935 0.064244
v -0.098041 0.150060 0.029607
v -0.093812 0.180387 0.056820
v -0.081356 0.144310 0.033422
v -0.077127 0.174637 0.060636
v -0.072903 0.133017 0.044693
v -0.068674 0.163344 0.071907
v -0.075146 0.127144 0.055747
v -0.071202 0.155425 0.081125
v -0.079299 0.127007 0.062949
v -0.075798 0.152110 0.085475
v -0.108234 0.164923 0.076295
v -0.112463 0.134596 0.049081
v -0.103840 0.171991 0.067735
v -0.108070 0.141664 0.040522
v -0.093363 0.174935 0.062827
v -0.097593 0.144608 0.035613
v -0.082331 0.171133 0.065350
v -0.086561 0.140806 0.038136
v -0.076743 0.163666 0.072802
v -0.080972 0.133339 0.045588
v 0.097249 0.152117 0.032069
v 0.093127 0.172154 0.013667
v 0.105198 0.152736 0.036106
v 0.100685 0.175239 0.015539
v 0.109033 0.159497 0.045275
v 0.104333 0.183242 0.023729
v 0.102375 0.169285 0.050292
v 0.098289 0.189516 0.032008
v 0.093814 0.172279 0.049867
v 0.090164 0.189802 0.034024
v 0.086468 0.168433 0.048716
v 0.082606 0.186717 0.032152
v 0.083191 0.158679 0.042223
v 0.078958 0.178714 0.023962
v 0.089205 0.152342 0.034120
v 0.085003 0.172440 0.015683
v 0.107290 0.153367 0.088967
v 0.110790 0.128264 0.066441
v 0.112450 0.157072 0.085700
v 0.116394 0.128791 0.060322
v 0.116302 0.165245 0.077190
v 0.120532 0.134919 0.049976
v 0.109658 0.175935 0.064244
v 0.113887 0.145609 0.037030
v 0.093812 0.180387 0.056820
v 0.098041 0.150060 0.029607
v 0.077127 0.174637 0.060636
v 0.081356 0.144310 0.033422
v 0.068674 0.163344 0.071907
v 0.072903 0.133017 0.044693
v 0.071202 0.155425 0.081125
v 0.075146 0.127144 0.055747
v 0.075798 0.152110 0.085475
v 0.079299 0.127007 0.062949
v 0.112463 0.134596 0.049081
v 0.108234 0.164923 0.076295
v 0.108070 0.141664 0.040522
v 0.103840 0.171991 0.067735
v 0.097593 0.144608 0.035613
v 0.093363 0.174935 0.062827
v 0.086561 0.140806 0.038136
v 0.082331 0.171133 0.065350
v 0.080972 0.133339 0.045588
v 0.076743 0.163666 0.072802
v 0.028398 0.346318 -0.049966
v 0.030004 0.311213 -0.040854
v 0.000000 0.344843 -0.057575
v 0.000000 0.309655 -0.048894
v -0.028398 0.346318 -0.049966
v -0.030004 0.311213 -0.040854
v -0.055111 0.348620 -0.022128
v -0.049504 0.316027 -0.023197
v -0.053798 0.323658 -0.005185
v 0.053798 0.323658 -0.005185
v 0.049504 0.316027 -0.023197
v 0.055102 0.348620 -0.022128
v 0.024145 0.381333 -0.040933
v 0.000000 0.380104 -0.047403
v -0.024145 0.381333 -0.040933
v -0.044965 0.382616 -0.017139
v -0.058048 0.367623 0.007620
v -0.045745 0.389576 0.007620
v -0.052889 0.367074 0.028882
v -0.047037 0.377231 0.028269
v -0.042258 0.367645 0.041252
v 0.055989 0.342687 0.001761
v 0.058274 0.370620 0.007620
v 0.056727 0.345838 0.007620
v 0.053116 0.364642 0.028882
v 0.055579 0.345477 0.014588
v 0.050398 0.334575 0.026821
v 0.000000 0.355990 0.067629
v 0.030004 0.355848 0.059589
v -0.001413 0.368219 0.064868
v -0.001021 0.372032 0.065645
v -0.025533 0.385050 0.053837
v -0.032509 0.369977 0.058036
v -0.030004 0.361624 0.059589
v -0.042913 0.376327 0.042694
v -0.046936 0.382841 0.027543
v -0.050398 0.334575 0.026821
v -0.055301 0.344644 0.015764
v -0.056727 0.345838 0.007620
v -0.055758 0.342000 0.001264
v 0.044965 0.381143 -0.017139
v 0.048290 0.387787 0.007620
v 0.044081 0.387787 0.027543
v 0.036763 0.387787 0.040225
v 0.042726 0.368881 0.043098
v 0.024145 0.387787 0.049441
v 0.028398 0.369312 0.058036
v -0.022542 0.391939 0.044126
v -0.001514 0.388721 0.057851
v -0.015005 0.397988 -0.025797
v -0.025989 0.398808 -0.012720
v 0.000000 0.405654 0.002101
v -0.028728 0.401031 0.007310
v -0.027393 0.401031 0.018431
v -0.034132 0.394988 0.021676
v -0.030581 0.393444 0.034411
v -0.033722 0.387788 0.035658
v -0.026663 0.380500 0.054290
v 0.025989 0.398808 -0.012720
v 0.015005 0.397988 -0.025797
v 0.000000 0.397988 -0.029817
v 0.030009 0.401031 0.007310
v 0.015005 0.401031 0.033299
v 0.023442 0.401031 0.027459
v 0.027393 0.401031 0.018431
v 0.000000 0.401031 0.037319
v -0.022864 0.401031 0.028096
v -0.015005 0.401031 0.033299
v 0.045436 0.332087 0.032003
v 0.048462 0.334718 0.031256
v 0.043578 0.336431 0.037384
v 0.046267 0.339406 0.037742
v 0.040511 0.353150 0.041236
v 0.042886 0.356984 0.040560
v 0.028465 0.352083 0.056960
v -0.000079 0.352307 0.064569
v -0.028666 0.358747 0.056895
v -0.039997 0.364540 0.041932
v -0.042892 0.336470 0.037980
v -0.045517 0.339406 0.038434
v -0.047958 0.334869 0.031984
v -0.047622 0.331670 0.025674
v -0.052272 0.342499 0.015091
v -0.053627 0.343645 0.007714
v -0.052744 0.339969 0.001997
v -0.051058 0.322065 -0.003797
v -0.046836 0.314500 -0.021263
v -0.028228 0.309753 -0.038375
v 0.000000 0.308154 -0.045836
v 0.028228 0.309753 -0.038375
v 0.046834 0.314500 -0.021266
v 0.051055 0.322065 -0.003801
v 0.052972 0.340617 0.002483
v 0.053630 0.343560 0.007712
v 0.052557 0.343249 0.013895
v 0.047616 0.331603 0.025692
v -0.045257 0.331948 0.031827
v -0.034741 0.398428 0.007380
v -0.007919 0.081374 -0.006624
v -0.020772 0.081372 -0.002449
v -0.007919 0.091844 -0.017052
v -0.030182 0.091839 -0.009819
v -0.007919 0.106147 -0.020869
v -0.033626 0.106136 -0.012517
v -0.007919 0.120450 -0.017052
v -0.030182 0.120434 -0.009819
v -0.007919 0.130920 -0.006624
v -0.020772 0.130901 -0.002449
v -0.007919 0.133874 0.007620
v -0.020772 0.130901 0.017689
v -0.026096 0.130901 0.007620
v -0.030182 0.120434 0.025059
v -0.039403 0.120434 0.007620
v -0.033626 0.106136 0.027757
v -0.044274 0.106136 0.007620
v -0.030182 0.091839 0.025059
v -0.039403 0.091839 0.007620
v -0.020772 0.081372 0.017689
v -0.026096 0.081372 0.007620
v -0.007919 0.077541 0.007620
v -0.007919 0.130920 0.021864
v -0.007919 0.120450 0.032292
v -0.007919 0.106147 0.036109
v -0.007919 0.091844 0.032292
v -0.007919 0.081374 0.021864
v 0.007919 0.081374 0.021864
v 0.020772 0.081372 0.017689
v 0.007919 0.091844 0.032292
v 0.030182 0.091839 0.025059
v 0.007919 0.106147 0.036109
v 0.033626 0.106136 0.027757
v 0.007919 0.120450 0.032292
v 0.030182 0.120434 0.025059
v 0.007919 0.130920 0.021864
v 0.020772 0.130901 0.017689
v 0.007919 0.133874 0.007620
v 0.020772 0.130901 -0.002449
v 0.026096 0.130901 0.007620
v 0.030182 0.120434 -0.009819
v 0.039403 0.120434 0.007620
v 0.033626 0.106136 -0.012517
v 0.044274 0.106136 0.007620
v 0.030182 0.091839 -0.009819
v 0.039403 0.091839 0.007620
v 0.020772 0.081372 -0.002449
v 0.026096 0.081372 0.007620
v 0.007919 0.077541 0.007620
v 0.007919 0.081374 -0.006624
v 0.007919 0.091844 -0.017052
v 0.007919 0.106147 -0.020869
v 0.007919 0.120450 -0.017052
v 0.007919 0.130920 -0.006624
v 0.072000 0.152400 -0.030508
v -0.072000 0.152400 -0.030508
v 0.072000 0.152400 0.045707
v -0.072000 0.152400 0.045707
v -0.072000 0.136000 -0.030508
v 0.072000 0.136000 -0.030508
v 0.072000 0.136000 0.045707
v -0.072000 0.136000 0.045707
v -0.072000 0.136009 0.027744
v -0.070002 0.138187 0.025811
v -0.070002 0.138187 -0.010571
v -0.072000 0.135977 -0.012531
v -0.070002 0.143062 0.007620
v 0.070002 0.138187 0.025811
v 0.070002 0.143062 0.007620
v 0.070002 0.138187 -0.010571
v 0.072000 0.135977 -0.012531
v 0.072000 0.136009 0.027744
v -0.007919 0.138163 -0.010564
v 0.007919 0.138163 -0.010564
v -0.007919 0.124851 -0.023876
v 0.007919 0.124851 -0.023876
v -0.007919 0.106667 -0.028748
v 0.007919 0.106667 -0.028748
v -0.007919 0.088483 -0.023876
v 0.007919 0.088483 -0.023876
v -0.007919 0.075171 -0.010564
v 0.007919 0.075171 -0.010564
v -0.007919 0.070298 0.007620
v 0.007919 0.070298 0.007620
v -0.007919 0.075171 0.025804
v 0.007919 0.075171 0.025804
v -0.007919 0.088483 0.039116
v 0.007919 0.088483 0.039116
v -0.007919 0.106667 0.043988
v 0.007919 0.106667 0.043988
v -0.007919 0.124851 0.039116
v 0.007919 0.124851 0.039116
v -0.007919 0.138163 0.025804
v 0.007919 0.138163 0.025804
v -0.007919 0.142642 0.007620
v 0.007919 0.142642 0.007620
v 0.026160 0.196597 -0.024000
v 0.033929 0.196597 -0.014677
v 0.053840 0.196597 -0.024000
v 0.046071 0.196597 -0.014677
v 0.057920 0.196597 -0.017920
v 0.051200 0.196597 -0.011200
v 0.057920 0.196597 0.017920
v 0.051200 0.196597 0.011200
v 0.053840 0.196597 0.024000
v 0.046071 0.196597 0.014677
v 0.026160 0.196597 0.024000
v 0.033929 0.196597 0.014677
v 0.016000 0.196597 0.013840
v 0.025323 0.196597 0.006071
v 0.016000 0.196597 -0.013840
v 0.025323 0.196597 -0.006071
v 0.064000 0.168597 0.013840
v 0.053840 0.152597 0.024000
v 0.064000 0.152597 0.013840
v 0.064000 0.168597 -0.013840
v 0.064000 0.152597 -0.013840
v 0.053840 0.152597 -0.024000
v 0.026160 0.152597 -0.024000
v 0.016000 0.152597 -0.013840
v 0.016000 0.152597 0.013840
v 0.026160 0.152597 0.024000
v 0.051200 0.176951 0.011200
v 0.051200 0.176951 -0.011200
v 0.046062 0.176951 -0.014634
v 0.033938 0.176951 -0.014634
v 0.025366 0.176951 -0.006062
v 0.025366 0.176951 0.006062
v 0.033938 0.176951 0.014634
v 0.046062 0.176951 0.014634
v -0.053840 0.196597 -0.024000
v -0.046071 0.196597 -0.014677
v -0.026160 0.196597 -0.024000
v -0.033929 0.196597 -0.014677
v -0.016000 0.196597 -0.013840
v -0.025323 0.196597 -0.006071
v -0.016000 0.196597 0.013840
v -0.025323 0.196597 0.006071
v -0.026160 0.196597 0.024000
v -0.033929 0.196597 0.014677
v -0.053840 0.196597 0.024000
v -0.046071 0.196597 0.014677
v -0.057920 0.196597 0.017920
v -0.051200 0.196597 0.011200
v -0.057920 0.196597 -0.017920
v -0.051200 0.196597 -0.011200
v -0.064000 0.152597 0.013840
v -0.053840 0.152597 0.024000
v -0.064000 0.168597 0.013840
v -0.064000 0.168597 -0.013840
v -0.064000 0.152597 -0.013840
v -0.053840 0.152597 -0.024000
v -0.026160 0.152597 -0.024000
v -0.016000 0.152597 -0.013840
v -0.016000 0.152597 0.013840
v -0.026160 0.152597 0.024000
v -0.051200 0.176951 -0.011200
v -0.051200 0.176951 0.011200
v -0.046062 0.176951 -0.014634
v -0.033938 0.176951 -0.014634
v -0.025366 0.176951 -0.006062
v -0.025366 0.176951 0.006062
v -0.033938 0.176951 0.014634
v -0.046062 0.176951 0.014634
v -0.014319 0.274340 -0.007729
v -0.014319 0.291028 -0.007729
v 0.000000 0.274340 -0.013660
v 0.000000 0.291028 -0.013660
v 0.014319 0.274340 -0.007729
v 0.014319 0.291028 -0.007729
v 0.020251 0.274340 0.006590
v 0.020251 0.291028 0.006590
v 0.014319 0.274340 0.020910
v 0.014319 0.291028 0.020910
v 0.000000 0.274340 0.026841
v 0.000000 0.291028 0.026841
v -0.014319 0.274340 0.020910
v -0.014319 0.291028 0.020910
v -0.020251 0.274340 0.006590
v -0.020251 0.291028 0.006590
v 0.000000 0.297598 0.006590
v -0.016000 0.286340 0.035333
v -0.016000 0.274340 0.035333
v 0.000000 0.286340 0.039620
v 0.000000 0.274340 0.039620
v 0.016000 0.286340 0.035333
v 0.016000 0.274340 0.035333
v 0.027713 0.286340 0.023620
v 0.027713 0.274340 0.023620
v 0.032000 0.286340 0.007620
v 0.032000 0.274340 0.007620
v 0.027713 0.286340 -0.008380
v 0.027713 0.274340 -0.008380
v 0.016000 0.286340 -0.020093
v 0.016000 0.274340 -0.020093
v 0.000000 0.286340 -0.024380
v 0.000000 0.274340 -0.024380
v -0.016000 0.286340 -0.020093
v -0.016000 0.274340 -0.020093
v -0.027713 0.286340 -0.008380
v -0.027713 0.274340 -0.008380
v -0.032000 0.286340 0.007620
v -0.032000 0.274340 0.007620
v -0.027713 0.286340 0.023620
v -0.027713 0.274340 0.023620
v -0.046144 0.291028 0.007620
v -0.039962 0.291028 0.030692
v -0.052000 0.302340 0.007620
v -0.045033 0.302340 0.033620
v -0.052000 0.354340 0.007620
v -0.045033 0.354340 0.033620
v -0.046144 0.365652 0.007620
v -0.039962 0.365652 0.030692
v -0.032023 0.370362 0.007620
v -0.027733 0.370362 0.023631
v -0.023072 0.291028 0.047582
v 0.000000 0.291028 0.053764
v -0.026000 0.302340 0.052653
v 0.000000 0.302340 0.059620
v -0.026000 0.354340 0.052653
v 0.000000 0.354340 0.059620
v -0.023072 0.365652 0.047582
v 0.000000 0.365652 0.053764
v -0.016011 0.370362 0.035353
v 0.000000 0.370362 0.039643
v 0.000000 0.370340 0.007567
v 0.016011 0.370362 0.035353
v 0.027733 0.370362 0.023631
v 0.023072 0.365652 0.047582
v 0.039962 0.365652 0.030692
v 0.026000 0.354340 0.052653
v 0.045033 0.354340 0.033620
v 0.026000 0.302340 0.052653
v 0.045033 0.302340 0.033620
v 0.023072 0.291028 0.047582
v 0.039962 0.291028 0.030692
v 0.046144 0.291028 0.007620
v 0.039962 0.291028 -0.015452
v 0.052000 0.302340 0.007620
v 0.045033 0.302340 -0.018380
v 0.052000 0.354340 0.007620
v 0.045033 0.354340 -0.018380
v 0.046144 0.365652 0.007620
v 0.039962 0.365652 -0.015452
v 0.032023 0.370362 0.007620
v 0.027733 0.370362 -0.008391
v 0.000000 0.370340 0.007673
v 0.023072 0.291028 -0.032342
v 0.000000 0.291028 -0.038524
v 0.026000 0.302340 -0.037413
v 0.000000 0.302340 -0.044380
v 0.026000 0.354340 -0.037413
v 0.000000 0.354340 -0.044380
v 0.023072 0.365652 -0.032342
v 0.000000 0.365652 -0.038524
v 0.016011 0.370362 -0.020113
v 0.000000 0.370362 -0.024403
v -0.016011 0.370362 -0.020113
v -0.027733 0.370362 -0.008391
v -0.023072 0.291028 -0.032342
v -0.026000 0.302340 -0.037413
v -0.026000 0.354340 -0.037413
v -0.023072 0.365652 -0.032342
v -0.039962 0.291028 -0.015452
v -0.045033 0.302340 -0.018380
v -0.045033 0.354340 -0.018380
v -0.039962 0.365652 -0.015452
v 0.006672 0.307740 0.058787
v 0.000000 0.307740 0.060116
v 0.006672 0.302754 0.058787
v 0.000000 0.302754 0.060116
v 0.022366 0.343759 0.055320
v 0.004691 0.343759 0.059038
v 0.022366 0.325696 0.055320
v 0.004691 0.325696 0.059038
v 0.002032 0.352866 0.060116
v 0.002032 0.339414 0.060116
v 0.025053 0.352866 0.055993
v 0.025053 0.339414 0.055993
v 0.042758 0.352866 0.040275
v 0.042758 0.339414 0.040275
v -0.006672 0.302754 0.058787
v -0.006672 0.307740 0.058787
v -0.004691 0.325696 0.059038
v -0.004691 0.343759 0.059038
v -0.022366 0.325696 0.055320
v -0.022366 0.343759 0.055320
v -0.002032 0.339414 0.060116
v -0.002032 0.352866 0.060116
v -0.025053 0.339414 0.055993
v -0.025053 0.352866 0.055993
v -0.042758 0.339414 0.040275
v -0.042758 0.352866 0.040275
v 0.014778 0.309888 0.055815
v 0.013252 0.311526 0.056445
v 0.012355 0.309997 0.056790
v -0.006626 0.308176 0.058903
v 0.000000 0.308424 0.060116
v -0.007389 0.310486 0.058903
v 0.000000 0.310734 0.060116
v 0.006626 0.308176 0.058550
v 0.007389 0.310486 0.058550
v 0.006626 0.312573 0.058550
v 0.000000 0.312820 0.060116
v -0.006626 0.312573 0.058903
v -0.013252 0.311526 0.056898
v -0.014778 0.309888 0.056269
v -0.012355 0.309997 0.057244
v 0.013252 0.308027 0.056445
v -0.013252 0.308027 0.056898
vt 0.504923 0.995747
vt 0.632562 0.995747
vt 0.504923 0.987473
vt 0.632908 0.987473
vt 0.504923 0.964868
vt 0.633415 0.964868
vt 0.504923 0.933989
vt 0.635440 0.933989
vt 0.503554 0.866557
vt 0.637607 0.866557
vt 0.502870 0.804942
vt 0.638690 0.804942
vt 0.502185 0.747439
vt 0.639774 0.748505
vt 0.224820 0.298315
vt 0.009824 0.298315
vt 0.224820 0.332982
vt 0.010719 0.332982
vt 0.224820 0.386458
vt 0.012509 0.386458
vt 0.224820 0.439935
vt 0.016090 0.439935
vt 0.224820 0.479082
vt 0.016985 0.479082
vt 0.224820 0.493411
vt 0.017598 0.493411
vt 0.644348 0.643445
vt 0.644348 0.643445
vt 0.644783 0.653028
vt 0.644687 0.653017
vt 0.645006 0.661090
vt 0.645026 0.663843
vt 0.645228 0.666567
vt 0.645703 0.675391
vt 0.645703 0.675391
vt 0.646337 0.680745
vt 0.646495 0.684664
vt 0.644348 0.643445
vt 0.644781 0.653027
vt 0.646337 0.680745
vt 0.645703 0.675391
vt 0.645387 0.670037
vt 0.646603 0.686099
vt 0.646495 0.684664
vt 0.682837 0.684664
vt 0.682837 0.680745
vt 0.682837 0.675391
vt 0.682837 0.675391
vt 0.682837 0.666567
vt 0.683292 0.663843
vt 0.683292 0.661090
vt 0.683520 0.653017
vt 0.683747 0.653027
vt 0.683747 0.643445
vt 0.683747 0.643445
vt 0.682837 0.680745
vt 0.682837 0.684664
vt 0.682837 0.686099
vt 0.682837 0.670037
vt 0.682837 0.675391
vt 0.683747 0.653027
vt 0.683747 0.643445
vt 0.008564 0.243608
vt 0.227149 0.243608
vt 0.007304 0.163085
vt 0.229479 0.163079
vt 0.502503 0.754122
vt 0.637166 0.754122
vt 0.502503 0.721112
vt 0.637166 0.721112
vt 0.502503 0.627850
vt 0.637166 0.627850
vt 0.502185 0.747439
vt 0.639774 0.748505
vt 0.502870 0.804942
vt 0.638690 0.804942
vt 0.503554 0.866557
vt 0.637607 0.866557
vt 0.504923 0.933989
vt 0.635440 0.933989
vt 0.504923 0.964868
vt 0.633415 0.964868
vt 0.504923 0.987473
vt 0.632908 0.987473
vt 0.504923 0.995747
vt 0.632562 0.995747
vt 0.268655 0.493411
vt 0.475876 0.493411
vt 0.268655 0.479082
vt 0.476489 0.479082
vt 0.268655 0.439935
vt 0.477385 0.439935
vt 0.268655 0.386458
vt 0.480966 0.386458
vt 0.268655 0.332982
vt 0.482756 0.332982
vt 0.268655 0.298315
vt 0.483651 0.298315
vt 0.731933 0.683206
vt 0.732092 0.679287
vt 0.732725 0.673934
vt 0.732725 0.673934
vt 0.733200 0.665109
vt 0.733402 0.662386
vt 0.733423 0.659632
vt 0.733741 0.651559
vt 0.733645 0.651570
vt 0.734080 0.641987
vt 0.734080 0.641987
vt 0.732092 0.679287
vt 0.731933 0.683206
vt 0.731825 0.684641
vt 0.733042 0.668580
vt 0.732725 0.673934
vt 0.694679 0.641987
vt 0.694679 0.641987
vt 0.694679 0.651569
vt 0.694907 0.651559
vt 0.695135 0.659632
vt 0.695135 0.662386
vt 0.695590 0.665109
vt 0.695590 0.673934
vt 0.695590 0.673934
vt 0.695590 0.679287
vt 0.695590 0.683206
vt 0.695590 0.679287
vt 0.695590 0.673934
vt 0.695590 0.668580
vt 0.695590 0.684641
vt 0.695590 0.683206
vt 0.266326 0.243608
vt 0.484911 0.243608
vt 0.263996 0.163079
vt 0.486171 0.163085
vt 0.502503 0.721112
vt 0.637166 0.721112
vt 0.502503 0.627850
vt 0.637166 0.627850
vt 0.770303 0.541859
vt 0.766959 0.543994
vt 0.773387 0.546912
vt 0.765337 0.546912
vt 0.765872 0.549830
vt 0.780902 0.543994
vt 0.778353 0.541859
vt 0.774474 0.541077
vt 0.776471 0.551965
vt 0.779815 0.549830
vt 0.781437 0.546912
vt 0.768421 0.551965
vt 0.772300 0.552747
vt 0.694679 0.651569
vt 0.733647 0.651569
vt 0.694679 0.641987
vt 0.734080 0.641987
vt 0.502503 0.754122
vt 0.637166 0.754122
vt 0.783603 0.557893
vt 0.781854 0.559029
vt 0.782061 0.560065
vt 0.778251 0.560449
vt 0.778431 0.561351
vt 0.782514 0.559880
vt 0.781617 0.557912
vt 0.784120 0.559947
vt 0.783553 0.558241
vt 0.784278 0.560932
vt 0.783906 0.559382
vt 0.783074 0.563104
vt 0.782535 0.561639
vt 0.780084 0.565639
vt 0.779087 0.563287
vt 0.775338 0.564251
vt 0.774458 0.562161
vt 0.774223 0.561236
vt 0.779437 0.561605
vt 0.783210 0.556538
vt 0.781072 0.555857
vt 0.777057 0.554028
vt 0.780645 0.554032
vt 0.777571 0.556102
vt 0.773618 0.556913
vt 0.778347 0.558685
vt 0.774612 0.559664
vt 0.775826 0.562785
vt 0.771282 0.560750
vt 0.772349 0.563698
vt 0.770563 0.564853
vt 0.768410 0.559601
vt 0.767906 0.557904
vt 0.770236 0.558114
vt 0.769662 0.556090
vt 0.773042 0.554781
vt 0.769087 0.554324
vt 0.772573 0.552876
vt 0.776744 0.552095
vt 0.780481 0.552188
vt 0.782832 0.553702
vt 0.783218 0.555821
vt 0.767401 0.556595
vt 0.767844 0.558756
vt 0.770279 0.560368
vt 0.773988 0.560699
vt 0.778071 0.559933
vt 0.781647 0.558381
vt 0.769473 0.562036
vt 0.770586 0.561087
vt 0.768656 0.561099
vt 0.770893 0.562193
vt 0.769701 0.563361
vt 0.771859 0.564336
vt 0.772878 0.566922
vt 0.776472 0.566819
vt 0.768250 0.559734
vt 0.781805 0.570132
vt 0.786484 0.572626
vt 0.784190 0.566278
vt 0.784850 0.563934
vt 0.786115 0.570620
vt 0.785992 0.569938
vt 0.784785 0.563505
vt 0.786115 0.570620
vt 0.783649 0.563863
vt 0.786484 0.572626
vt 0.781375 0.567442
vt 0.783312 0.573279
vt 0.780818 0.575256
vt 0.783314 0.581492
vt 0.777455 0.575560
vt 0.773172 0.570399
vt 0.774902 0.569629
vt 0.776269 0.575945
vt 0.780008 0.581492
vt 0.782104 0.585606
vt 0.784524 0.585606
vt 0.784923 0.587653
vt 0.786152 0.587653
vt 0.787830 0.588294
vt 0.787830 0.587653
vt 0.789508 0.587653
vt 0.787830 0.585606
vt 0.791135 0.585606
vt 0.787830 0.581492
vt 0.792345 0.581492
vt 0.792345 0.576741
vt 0.795651 0.581492
vt 0.795651 0.576741
vt 0.796861 0.581492
vt 0.796861 0.576741
vt 0.795651 0.581492
vt 0.795651 0.576741
vt 0.792345 0.581492
vt 0.792345 0.576741
vt 0.787184 0.576741
vt 0.783527 0.574624
vt 0.781033 0.576601
vt 0.778753 0.571710
vt 0.777631 0.576635
vt 0.775255 0.571778
vt 0.773470 0.571169
vt 0.770806 0.566008
vt 0.778322 0.569020
vt 0.782878 0.554937
vt 0.783411 0.556663
vt 0.789396 0.570620
vt 0.790543 0.570620
vt 0.790962 0.570620
vt 0.790543 0.570620
vt 0.789396 0.570620
vt 0.791135 0.572626
vt 0.793555 0.572626
vt 0.794441 0.572626
vt 0.793555 0.572626
vt 0.791135 0.572626
vt 0.787184 0.576741
vt 0.785249 0.579116
vt 0.781218 0.585606
vt 0.784474 0.587653
vt 0.778557 0.581492
vt 0.782104 0.585606
vt 0.784923 0.587653
vt 0.786152 0.587653
vt 0.787830 0.587653
vt 0.784524 0.585606
vt 0.787830 0.585606
vt 0.783314 0.581492
vt 0.787830 0.581492
vt 0.785249 0.579116
vt 0.776134 0.576331
vt 0.793555 0.585606
vt 0.794441 0.585606
vt 0.790736 0.587653
vt 0.791185 0.587653
vt 0.780008 0.581492
vt 0.793555 0.585606
vt 0.791135 0.585606
vt 0.790736 0.587653
vt 0.789508 0.587653
vt 0.848317 0.554028
vt 0.852332 0.554781
vt 0.851756 0.556913
vt 0.855712 0.556090
vt 0.855138 0.558114
vt 0.844730 0.554032
vt 0.847803 0.556102
vt 0.847027 0.558685
vt 0.850762 0.559664
vt 0.849548 0.562785
vt 0.854092 0.560750
vt 0.853025 0.563698
vt 0.854811 0.564853
vt 0.850472 0.569629
vt 0.852202 0.570399
vt 0.849105 0.575945
vt 0.844303 0.555857
vt 0.843757 0.557912
vt 0.842165 0.556538
vt 0.841821 0.558241
vt 0.841771 0.557893
vt 0.841468 0.559382
vt 0.843313 0.560065
vt 0.842839 0.561639
vt 0.846943 0.561351
vt 0.846287 0.563287
vt 0.850036 0.564251
vt 0.845290 0.565639
vt 0.848902 0.566819
vt 0.842497 0.554937
vt 0.845937 0.561605
vt 0.847052 0.569020
vt 0.842860 0.559880
vt 0.841254 0.559947
vt 0.841096 0.560932
vt 0.842301 0.563104
vt 0.847123 0.560449
vt 0.847303 0.559933
vt 0.843520 0.559029
vt 0.843727 0.558381
vt 0.841964 0.556663
vt 0.842156 0.555821
vt 0.842542 0.553702
vt 0.851151 0.561236
vt 0.854481 0.562193
vt 0.854788 0.561087
vt 0.856718 0.561099
vt 0.857124 0.559734
vt 0.855673 0.563361
vt 0.853515 0.564336
vt 0.850917 0.562161
vt 0.844893 0.552188
vt 0.848630 0.552095
vt 0.852801 0.552876
vt 0.856287 0.554324
vt 0.857469 0.557904
vt 0.856964 0.559601
vt 0.855902 0.562036
vt 0.854568 0.566008
vt 0.852496 0.566922
vt 0.850119 0.571778
vt 0.846621 0.571710
vt 0.843569 0.570132
vt 0.841184 0.566278
vt 0.840525 0.563934
vt 0.840589 0.563505
vt 0.841726 0.563863
vt 0.844000 0.567442
vt 0.844556 0.575256
vt 0.847919 0.575560
vt 0.845366 0.581492
vt 0.846817 0.581492
vt 0.844156 0.585606
vt 0.843270 0.585606
vt 0.840900 0.587653
vt 0.840451 0.587653
vt 0.837545 0.588294
vt 0.839223 0.587653
vt 0.837545 0.587653
vt 0.840850 0.585606
vt 0.837545 0.585606
vt 0.842060 0.581492
vt 0.837545 0.581492
vt 0.840126 0.579116
vt 0.857973 0.556595
vt 0.851904 0.571169
vt 0.849240 0.576331
vt 0.847743 0.576635
vt 0.845366 0.581492
vt 0.844341 0.576601
vt 0.841847 0.574624
vt 0.838191 0.576741
vt 0.833029 0.581492
vt 0.834239 0.585606
vt 0.835867 0.587653
vt 0.834638 0.587653
vt 0.834189 0.587653
vt 0.831819 0.585606
vt 0.830933 0.585606
vt 0.829723 0.581492
vt 0.828513 0.581492
vt 0.829723 0.576741
vt 0.828513 0.576741
vt 0.831819 0.572626
vt 0.830933 0.572626
vt 0.834831 0.570620
vt 0.834412 0.570620
vt 0.839382 0.569938
vt 0.834831 0.570620
vt 0.835978 0.570620
vt 0.831819 0.572626
vt 0.834239 0.572626
vt 0.829723 0.576741
vt 0.833029 0.576741
vt 0.829723 0.581492
vt 0.833029 0.581492
vt 0.831819 0.585606
vt 0.834239 0.585606
vt 0.834638 0.587653
vt 0.835867 0.587653
vt 0.837545 0.587653
vt 0.839223 0.587653
vt 0.837545 0.585606
vt 0.840850 0.585606
vt 0.837545 0.581492
vt 0.842060 0.581492
vt 0.840126 0.579116
vt 0.842063 0.573279
vt 0.838191 0.576741
vt 0.838891 0.572626
vt 0.833029 0.576741
vt 0.834239 0.572626
vt 0.835978 0.570620
vt 0.838891 0.572626
vt 0.839259 0.570620
vt 0.839259 0.570620
vt 0.843270 0.585606
vt 0.840451 0.587653
vt 0.855071 0.541859
vt 0.850900 0.541077
vt 0.851987 0.546912
vt 0.847021 0.541859
vt 0.844472 0.543994
vt 0.859502 0.549830
vt 0.860037 0.546912
vt 0.858415 0.543994
vt 0.848903 0.551965
vt 0.853074 0.552747
vt 0.856953 0.551965
vt 0.843937 0.546912
vt 0.845559 0.549830
vt 0.857530 0.558756
vt 0.855096 0.560368
vt 0.851386 0.560699
vt 0.771936 0.735245
vt 0.775911 0.739057
vt 0.774794 0.735245
vt 0.844159 0.736113
vt 0.844159 0.736113
vt 0.818584 0.736113
vt 0.818584 0.736113
vt 0.793009 0.736113
vt 0.793009 0.736113
vt 0.090724 0.945686
vt 0.106275 0.962059
vt 0.101904 0.945686
vt 0.251384 0.945686
vt 0.400864 0.945686
vt 0.251384 0.852013
vt 0.417089 0.852013
vt 0.251384 0.758340
vt 0.433313 0.758340
vt 0.251384 0.664666
vt 0.449538 0.664666
vt 0.085680 0.852013
vt 0.069455 0.758340
vt 0.053231 0.664666
vt 0.077295 0.852013
vt 0.063865 0.758340
vt 0.050436 0.664666
vt 0.037006 0.570992
vt 0.251384 0.570992
vt 0.465762 0.570992
vt 0.452333 0.664666
vt 0.037006 0.528480
vt 0.251384 0.528480
vt 0.465762 0.528480
vt 0.412044 0.945686
vt 0.425473 0.852013
vt 0.438903 0.758340
vt 0.758205 0.638117
vt 0.758205 0.648014
vt 0.813001 0.638117
vt 0.813001 0.648014
vt 0.867798 0.638117
vt 0.867798 0.648014
vt 0.863651 0.669822
vt 0.813001 0.669822
vt 0.859504 0.691630
vt 0.813001 0.691630
vt 0.855356 0.713438
vt 0.813001 0.713438
vt 0.851209 0.735245
vt 0.813001 0.735245
vt 0.854067 0.735245
vt 0.857500 0.713438
vt 0.860932 0.691630
vt 0.864365 0.669822
vt 0.770647 0.713438
vt 0.766499 0.691630
vt 0.762352 0.669822
vt 0.768503 0.713438
vt 0.765071 0.691630
vt 0.761638 0.669822
vt 0.846900 0.734690
vt 0.846900 0.734690
vt 0.790269 0.734690
vt 0.790269 0.734690
vt 0.396493 0.962059
vt 0.251384 0.962059
vt 0.813001 0.739057
vt 0.850092 0.739057
vt 0.849267 0.726550
vt 0.849267 0.726550
vt 0.851634 0.718410
vt 0.851634 0.718410
vt 0.854001 0.710270
vt 0.854001 0.710270
vt 0.856368 0.702130
vt 0.856368 0.702130
vt 0.856368 0.698436
vt 0.856368 0.698436
vt 0.787902 0.726550
vt 0.787902 0.726550
vt 0.785535 0.718410
vt 0.785535 0.718410
vt 0.783168 0.710270
vt 0.783168 0.710270
vt 0.780801 0.702130
vt 0.780801 0.702130
vt 0.780801 0.698436
vt 0.780801 0.698436
vt 0.818584 0.698436
vt 0.818584 0.698436
vt 0.609114 0.562844
vt 0.607160 0.567359
vt 0.605672 0.562719
vt 0.603888 0.566740
vt 0.602190 0.562764
vt 0.600370 0.566797
vt 0.599586 0.564036
vt 0.597753 0.568056
vt 0.601005 0.565993
vt 0.599333 0.569662
vt 0.604185 0.566765
vt 0.602605 0.570281
vt 0.607892 0.566164
vt 0.606122 0.570224
vt 0.610775 0.564200
vt 0.608740 0.568965
vt 0.611535 0.557933
vt 0.610020 0.562970
vt 0.613962 0.558038
vt 0.612254 0.563713
vt 0.615753 0.559268
vt 0.613922 0.565354
vt 0.612876 0.561413
vt 0.611045 0.567499
vt 0.606015 0.562306
vt 0.604184 0.568392
vt 0.598791 0.561152
vt 0.596960 0.567238
vt 0.595131 0.558886
vt 0.593300 0.564972
vt 0.596103 0.557708
vt 0.594395 0.563383
vt 0.597901 0.557680
vt 0.596385 0.562718
vt 0.610428 0.565289
vt 0.612260 0.559203
vt 0.608526 0.566707
vt 0.610358 0.560622
vt 0.603990 0.567298
vt 0.605821 0.561212
vt 0.599214 0.566535
vt 0.601045 0.560449
vt 0.596794 0.565037
vt 0.598625 0.558951
vt 0.521461 0.562719
vt 0.523246 0.566740
vt 0.518020 0.562844
vt 0.519973 0.567359
vt 0.516359 0.564200
vt 0.518394 0.568965
vt 0.519242 0.566164
vt 0.521011 0.570224
vt 0.522948 0.566765
vt 0.524529 0.570281
vt 0.526129 0.565993
vt 0.527801 0.569662
vt 0.527548 0.564036
vt 0.529380 0.568056
vt 0.524944 0.562764
vt 0.526763 0.566797
vt 0.517114 0.562970
vt 0.515598 0.557933
vt 0.514879 0.563713
vt 0.513172 0.558038
vt 0.513212 0.565354
vt 0.511380 0.559268
vt 0.516089 0.567499
vt 0.514257 0.561413
vt 0.522949 0.568392
vt 0.521118 0.562306
vt 0.530173 0.567238
vt 0.528342 0.561152
vt 0.533833 0.564972
vt 0.532002 0.558886
vt 0.532738 0.563383
vt 0.531031 0.557708
vt 0.530749 0.562718
vt 0.529233 0.557680
vt 0.514874 0.559203
vt 0.516705 0.565289
vt 0.516776 0.560622
vt 0.518607 0.566707
vt 0.521312 0.561212
vt 0.523143 0.567298
vt 0.526089 0.560449
vt 0.527920 0.566535
vt 0.528509 0.558951
vt 0.530340 0.565037
vt 0.670166 0.586313
vt 0.669055 0.583392
vt 0.689797 0.588753
vt 0.689797 0.585970
vt 0.709429 0.586313
vt 0.710539 0.583392
vt 0.727896 0.577388
vt 0.724020 0.577730
vt 0.726988 0.571955
vt 0.652606 0.571955
vt 0.655575 0.577730
vt 0.651705 0.577388
vt 0.673106 0.583417
vt 0.689797 0.585491
vt 0.706489 0.583417
vt 0.720882 0.575788
vt 0.729926 0.567849
vt 0.721421 0.567849
vt 0.726360 0.561032
vt 0.722315 0.561228
vt 0.719011 0.557065
vt 0.651092 0.569728
vt 0.649512 0.567849
vt 0.650582 0.567849
vt 0.653078 0.561032
vt 0.651375 0.565615
vt 0.654957 0.561693
vt 0.689797 0.548608
vt 0.669055 0.551186
vt 0.690774 0.549493
vt 0.690503 0.549244
vt 0.707448 0.553030
vt 0.712271 0.551684
vt 0.710539 0.551186
vt 0.719464 0.556603
vt 0.722244 0.561461
vt 0.724638 0.561693
vt 0.728028 0.565238
vt 0.729013 0.567849
vt 0.728343 0.569887
vt 0.658713 0.575788
vt 0.656414 0.567849
vt 0.659324 0.561461
vt 0.664383 0.557395
vt 0.660260 0.556473
vt 0.673106 0.554440
vt 0.670166 0.551684
vt 0.705381 0.556144
vt 0.690844 0.551743
vt 0.700170 0.578564
vt 0.707763 0.574371
vt 0.689797 0.569619
vt 0.709658 0.567949
vt 0.708735 0.564383
vt 0.713393 0.563342
vt 0.710938 0.559259
vt 0.713109 0.558859
vt 0.708230 0.552885
vt 0.671831 0.574371
vt 0.679425 0.578564
vt 0.689797 0.579853
vt 0.669052 0.567949
vt 0.679425 0.559616
vt 0.673592 0.561488
vt 0.670860 0.564383
vt 0.689797 0.558326
vt 0.705603 0.561284
vt 0.700170 0.559616
vt 0.658387 0.560031
vt 0.656295 0.560271
vt 0.659671 0.558306
vt 0.657812 0.558191
vt 0.661792 0.557070
vt 0.660150 0.557287
vt 0.670119 0.552029
vt 0.689852 0.549589
vt 0.709614 0.552050
vt 0.717448 0.556847
vt 0.719449 0.558115
vt 0.721264 0.557969
vt 0.722951 0.560037
vt 0.722719 0.562060
vt 0.725934 0.565454
vt 0.726870 0.567819
vt 0.726260 0.569652
vt 0.725094 0.571510
vt 0.722175 0.577110
vt 0.709311 0.582597
vt 0.689797 0.584989
vt 0.670283 0.582597
vt 0.657420 0.577111
vt 0.654503 0.571511
vt 0.653178 0.569496
vt 0.652723 0.567820
vt 0.653464 0.565837
vt 0.656880 0.562055
vt 0.721084 0.560088
vt 0.713814 0.567926
vt 0.692489 0.675300
vt 0.696901 0.675300
vt 0.692489 0.677343
vt 0.700131 0.677342
vt 0.692489 0.680134
vt 0.701313 0.680132
vt 0.692489 0.682925
vt 0.700131 0.682922
vt 0.692488 0.684969
vt 0.696901 0.684965
vt 0.692489 0.685545
vt 0.696901 0.684965
vt 0.698728 0.684965
vt 0.700131 0.682922
vt 0.703296 0.682922
vt 0.701313 0.680132
vt 0.704968 0.680132
vt 0.700131 0.677342
vt 0.703296 0.677342
vt 0.696901 0.675300
vt 0.698728 0.675300
vt 0.692489 0.674552
vt 0.692489 0.684969
vt 0.692489 0.682925
vt 0.692489 0.680134
vt 0.692489 0.677343
vt 0.692489 0.675300
vt 0.687052 0.675300
vt 0.682639 0.675300
vt 0.687052 0.677343
vt 0.679409 0.677342
vt 0.687052 0.680134
vt 0.678227 0.680132
vt 0.687052 0.682925
vt 0.679409 0.682922
vt 0.687052 0.684969
vt 0.682639 0.684965
vt 0.687052 0.685545
vt 0.682639 0.684965
vt 0.680812 0.684965
vt 0.679409 0.682922
vt 0.676244 0.682922
vt 0.678227 0.680132
vt 0.674572 0.680132
vt 0.679409 0.677342
vt 0.676244 0.677342
vt 0.682639 0.675300
vt 0.680812 0.675300
vt 0.687052 0.674552
vt 0.687052 0.675300
vt 0.687052 0.677343
vt 0.687052 0.680134
vt 0.687052 0.682925
vt 0.687052 0.684969
vt 0.665054 0.689160
vt 0.714486 0.689160
vt 0.665054 0.689160
vt 0.714486 0.689160
vt 0.714486 0.685960
vt 0.665054 0.685960
vt 0.009741 0.099277
vt 0.493819 0.099277
vt 0.009741 0.020988
vt 0.493819 0.020988
vt 0.714486 0.685962
vt 0.713800 0.686387
vt 0.713800 0.686387
vt 0.714486 0.685956
vt 0.714486 0.685960
vt 0.713800 0.687338
vt 0.665740 0.686387
vt 0.665740 0.687338
vt 0.665740 0.686387
vt 0.665054 0.685956
vt 0.665054 0.685962
vt 0.665054 0.685960
vt 0.692489 0.686382
vt 0.687052 0.686382
vt 0.692489 0.683784
vt 0.687052 0.683784
vt 0.692489 0.680236
vt 0.687052 0.680236
vt 0.692489 0.676687
vt 0.687052 0.676687
vt 0.692489 0.674089
vt 0.687052 0.674089
vt 0.692489 0.673139
vt 0.687052 0.673139
vt 0.692489 0.674089
vt 0.687052 0.674089
vt 0.692489 0.676687
vt 0.687052 0.676687
vt 0.692489 0.680236
vt 0.687052 0.680236
vt 0.692489 0.683784
vt 0.687052 0.683784
vt 0.692489 0.686382
vt 0.687052 0.686382
vt 0.692489 0.687256
vt 0.687052 0.687256
vt 0.680790 0.697785
vt 0.678123 0.697785
vt 0.671288 0.697785
vt 0.673955 0.697785
vt 0.669888 0.697785
vt 0.672195 0.697785
vt 0.669888 0.697785
vt 0.672195 0.697785
vt 0.671288 0.697785
vt 0.673955 0.697785
vt 0.680790 0.697785
vt 0.678123 0.697785
vt 0.684278 0.697785
vt 0.681077 0.697785
vt 0.684278 0.697785
vt 0.681077 0.697785
vt 0.667801 0.692321
vt 0.671288 0.689199
vt 0.667801 0.689199
vt 0.667801 0.692321
vt 0.667801 0.689199
vt 0.671288 0.689199
vt 0.680790 0.689199
vt 0.684278 0.689199
vt 0.684278 0.689199
vt 0.680790 0.689199
vt 0.672195 0.693951
vt 0.672195 0.693951
vt 0.673959 0.693951
vt 0.678120 0.693951
vt 0.681063 0.693951
vt 0.681063 0.693951
vt 0.678120 0.693951
vt 0.673959 0.693951
vt 0.708252 0.697785
vt 0.705585 0.697785
vt 0.698750 0.697785
vt 0.701417 0.697785
vt 0.695263 0.697785
vt 0.698463 0.697785
vt 0.695263 0.697785
vt 0.698463 0.697785
vt 0.698750 0.697785
vt 0.701417 0.697785
vt 0.708252 0.697785
vt 0.705585 0.697785
vt 0.709652 0.697785
vt 0.707346 0.697785
vt 0.709652 0.697785
vt 0.707346 0.697785
vt 0.711739 0.689199
vt 0.708252 0.689199
vt 0.711739 0.692321
vt 0.711739 0.692321
vt 0.711739 0.689199
vt 0.708252 0.689199
vt 0.698750 0.689199
vt 0.695263 0.689199
vt 0.695263 0.689199
vt 0.698750 0.689199
vt 0.707346 0.693951
vt 0.707346 0.693951
vt 0.705582 0.693951
vt 0.701420 0.693951
vt 0.698478 0.693951
vt 0.698478 0.693951
vt 0.701420 0.693951
vt 0.705582 0.693951
vt 0.847526 0.642534
vt 0.847526 0.735021
vt 0.817423 0.642534
vt 0.817423 0.735021
vt 0.787319 0.642534
vt 0.787319 0.735021
vt 0.774850 0.642534
vt 0.774850 0.735021
vt 0.787319 0.642534
vt 0.787319 0.735021
vt 0.817423 0.642534
vt 0.817423 0.735021
vt 0.847526 0.642534
vt 0.847526 0.735021
vt 0.859996 0.642534
vt 0.859996 0.735021
vt 0.817423 0.735021
vt 0.570494 0.589654
vt 0.570494 0.587246
vt 0.563567 0.589654
vt 0.563567 0.587246
vt 0.556639 0.589654
vt 0.556639 0.587246
vt 0.551568 0.589654
vt 0.551568 0.587246
vt 0.549712 0.589654
vt 0.549712 0.587246
vt 0.551568 0.589654
vt 0.551568 0.587246
vt 0.556639 0.589654
vt 0.556639 0.587246
vt 0.563567 0.589654
vt 0.563567 0.587246
vt 0.570494 0.589654
vt 0.570494 0.587246
vt 0.575565 0.589654
vt 0.575565 0.587246
vt 0.577421 0.589654
vt 0.577421 0.587246
vt 0.575565 0.589654
vt 0.575565 0.587246
vt 0.583545 0.590595
vt 0.580869 0.590595
vt 0.586081 0.592864
vt 0.583065 0.592864
vt 0.586081 0.603299
vt 0.583065 0.603299
vt 0.583545 0.605569
vt 0.580869 0.605569
vt 0.577431 0.606514
vt 0.575574 0.606514
vt 0.573556 0.590595
vt 0.563567 0.590595
vt 0.574824 0.592864
vt 0.563567 0.592864
vt 0.574824 0.603299
vt 0.563567 0.603299
vt 0.573556 0.605569
vt 0.563567 0.605569
vt 0.570499 0.606514
vt 0.563567 0.606514
vt 0.563567 0.606510
vt 0.556634 0.606514
vt 0.551559 0.606514
vt 0.553577 0.605569
vt 0.546264 0.605569
vt 0.552309 0.603299
vt 0.544069 0.603299
vt 0.552309 0.592864
vt 0.544069 0.592864
vt 0.553577 0.590595
vt 0.546264 0.590595
vt 0.543588 0.590595
vt 0.546264 0.590595
vt 0.541052 0.592864
vt 0.544069 0.592864
vt 0.541052 0.603299
vt 0.544069 0.603299
vt 0.543588 0.605569
vt 0.546264 0.605569
vt 0.549702 0.606514
vt 0.551559 0.606514
vt 0.563567 0.606510
vt 0.553577 0.590595
vt 0.563567 0.590595
vt 0.552309 0.592864
vt 0.563567 0.592864
vt 0.552309 0.603299
vt 0.563567 0.603299
vt 0.553577 0.605569
vt 0.563567 0.605569
vt 0.556634 0.606514
vt 0.563567 0.606514
vt 0.570499 0.606514
vt 0.575574 0.606514
vt 0.573556 0.590595
vt 0.574824 0.592864
vt 0.574824 0.603299
vt 0.573556 0.605569
vt 0.580869 0.590595
vt 0.583065 0.592864
vt 0.583065 0.603299
vt 0.580869 0.605569
vt 0.061211 0.675516
vt 0.250764 0.675516
vt 0.061211 0.524484
vt 0.250764 0.524484
vt 0.500000 0.500000
vt 0.000000 0.500000
vt 0.500000 0.000000
vt 0.000000 0.000000
vt 0.528561 0.993585
vt 0.528561 0.808664
vt 0.168919 0.993585
vt 0.168919 0.808664
vt -0.062791 0.993585
vt -0.062791 0.808664
vt 0.251202 0.524484
vt 0.251202 0.675516
vt 0.438789 0.524484
vt 0.438789 0.675516
vt 0.000000 0.000000
vt 0.000000 0.500000
vt 0.500000 0.000000
vt 0.500000 0.500000
vt 0.495685 0.808664
vt 0.495684 0.993585
vt 0.850904 0.808664
vt 0.850904 0.993585
vt 1.079763 0.808664
vt 1.079763 0.993585
vt 0.700000 0.700000
vt 0.628901 0.700000
vt 0.700000 0.550000
vt 0.700000 0.700000
vt 0.628901 0.700000
vt 0.700000 0.550000
vt 0.628901 0.550000
vt 0.700000 0.700000
vt 0.628901 0.700000
vt 0.700000 0.550000
vt 0.628901 0.550000
vt 0.700000 0.550000
vt 0.700000 0.700000
vt 0.628901 0.700000
vt 0.700000 0.700000
vt 0.628901 0.550000
vt 0.628901 0.700000
vt 0.700000 0.700000
vt 0.628901 0.700000
vt 0.700000 0.550000
vt 0.700000 0.700000
vt 0.628901 0.700000
vt 0.628901 0.550000
vt 0.700000 0.700000
vt 0.628901 0.700000
vt 0.700000 0.700000
vt 0.628901 0.700000
vt 0.628901 0.550000
vt 0.700000 0.700000
vt 0.628901 0.700000
vt 0.628901 0.700000
vt 0.700000 0.700000
vt 0.628901 0.700000
vt 0.700000 0.700000
vn 0.0000 0.9659 -0.2588
vn 0.0000 0.9071 -0.4210
vn 0.0000 0.8181 -0.5751
vn 0.0000 0.5751 -0.8181
vn 0.0000 0.4210 -0.9071
vn 0.0000 0.1752 -0.9845
vn -0.0000 0.0897 -0.9960
vn 0.0000 0.0032 -1.0000
vn 0.0000 0.0024 -1.0000
vn 0.0000 0.0025 -1.0000
vn 0.0000 -0.7302 0.6833
vn 0.0000 -0.5933 0.8050
vn 0.0000 -0.4306 0.9025
vn 0.0000 -0.0890 0.9960
vn 0.0000 0.0890 0.9960
vn 0.0000 0.4210 0.9071
vn -0.0000 0.5751 0.8181
vn 0.0000 0.8181 0.5750
vn -0.0010 0.9071 0.4210
vn 0.0000 0.9659 0.2588
vn 0.9997 0.0241 -0.0000
vn 0.9998 0.0214 0.0016
vn 0.9998 0.0204 0.0013
vn 0.9998 0.0175 0.0028
vn 0.9998 0.0182 0.0029
vn 0.9997 0.0234 0.0021
vn 0.9996 0.0271 0.0005
vn 0.9992 0.0410 0.0005
vn 0.9991 0.0419 -0.0003
vn 0.9987 0.0498 -0.0076
vn 0.9991 0.0407 -0.0082
vn 0.9997 0.0240 0.0000
vn 0.9997 0.0241 -0.0001
vn 0.9987 0.0498 0.0076
vn 0.9989 0.0472 0.0000
vn 0.9996 0.0293 -0.0013
vn 0.9990 0.0447 0.0000
vn 0.9991 0.0407 0.0082
vn -1.0000 0.0000 0.0000
vn -1.0000 0.0070 0.0038
vn -0.9999 0.0163 0.0047
vn -0.9997 0.0254 0.0069
vn -0.9996 0.0285 0.0006
vn -0.9998 0.0180 -0.0043
vn -1.0000 0.0086 -0.0030
vn -1.0000 0.0063 -0.0037
vn 0.0000 -0.0000 1.0000
vn -0.0000 1.0000 0.0001
vn -0.0000 1.0000 0.0000
vn 0.0000 -1.0000 -0.0000
vn 0.0000 0.8181 -0.5750
vn 0.0010 0.9071 -0.4210
vn 0.0000 0.9071 0.4210
vn -0.0000 0.8181 0.5751
vn -0.9991 0.0407 -0.0082
vn -0.9987 0.0498 -0.0076
vn -0.9991 0.0417 -0.0003
vn -0.9992 0.0410 0.0005
vn -0.9996 0.0268 0.0005
vn -0.9997 0.0234 0.0021
vn -0.9998 0.0182 0.0029
vn -0.9998 0.0175 0.0028
vn -0.9997 0.0232 0.0004
vn -0.9998 0.0214 0.0016
vn -0.9997 0.0241 0.0000
vn -0.9987 0.0498 0.0076
vn -0.9991 0.0407 0.0082
vn -0.9990 0.0447 0.0000
vn -0.9996 0.0293 -0.0013
vn -0.9989 0.0472 0.0000
vn 1.0000 0.0000 0.0000
vn 1.0000 0.0063 -0.0037
vn 0.9999 0.0143 -0.0050
vn 0.9998 0.0180 -0.0043
vn 0.9996 0.0285 0.0006
vn 0.9997 0.0254 0.0069
vn 0.9999 0.0163 0.0047
vn 1.0000 0.0070 0.0038
vn 0.1394 -0.6891 0.7111
vn 0.1393 -0.6891 0.7111
vn 0.1393 -0.6891 0.7112
vn 0.1394 -0.6891 0.7112
vn -0.9997 0.0240 -0.0002
vn -0.9997 0.0241 -0.0001
vn -0.9841 -0.1305 0.1201
vn -0.8493 0.1025 0.5179
vn -0.7944 -0.0505 0.6053
vn -0.3860 0.3016 0.8718
vn -0.2956 0.0656 0.9531
vn -0.8004 -0.2715 -0.5344
vn -0.7277 -0.3262 -0.6034
vn -0.9489 -0.2654 -0.1710
vn -0.9560 -0.2600 -0.1360
vn -0.9599 -0.2382 0.1480
vn -0.9540 -0.2087 0.2154
vn -0.7822 -0.2347 0.5771
vn -0.7069 -0.1665 0.6875
vn -0.1956 -0.0710 0.9781
vn -0.2553 -0.0526 0.9654
vn 0.2634 0.1810 0.9475
vn 0.3428 0.2975 0.8910
vn 0.2695 0.5367 0.7996
vn -0.3034 -0.1260 -0.9445
vn -0.9080 -0.3297 -0.2583
vn -0.6908 -0.4498 -0.5662
vn -0.0762 -0.6346 -0.7691
vn -0.6235 -0.5647 -0.5407
vn -0.3185 -0.4575 -0.8302
vn 0.3643 -0.2422 -0.8992
vn -0.1507 -0.1665 -0.9745
vn 0.3269 0.0368 -0.9443
vn 0.3272 0.1194 -0.9374
vn 0.7180 0.2402 -0.6533
vn 0.6870 0.3143 -0.6552
vn 0.8639 0.3722 -0.3393
vn 0.9329 0.2516 -0.2578
vn 0.9632 0.1348 -0.2327
vn 0.8061 0.0178 -0.5915
vn 0.7997 -0.2129 -0.5613
vn 0.4344 -0.5030 -0.7472
vn 0.9826 0.0121 -0.1856
vn 0.7848 -0.3683 -0.4984
vn 0.7738 -0.3478 -0.5295
vn 0.4642 -0.6007 -0.6509
vn 0.2989 -0.6374 -0.7102
vn -0.0423 -0.7343 -0.6775
vn -0.2415 -0.7014 -0.6706
vn -0.5382 -0.6624 -0.5211
vn -0.7044 -0.5480 -0.4510
vn -0.8848 -0.4084 -0.2242
vn -0.9536 -0.2729 -0.1275
vn -0.9898 -0.0627 0.1283
vn -0.9795 0.0179 0.2009
vn -0.8466 0.2672 0.4604
vn 0.9694 0.0393 -0.2424
vn 0.9280 0.3646 0.0770
vn 0.8800 0.4175 0.2262
vn 0.6813 0.6236 0.3833
vn 0.5665 0.6299 0.5313
vn 0.2724 0.7043 0.6556
vn 0.0540 0.6751 0.7357
vn -0.2898 0.5896 0.7539
vn -0.4549 0.5473 0.7025
vn -0.7870 0.3006 0.5388
vn 0.9083 0.3637 -0.2068
vn 0.6702 0.5855 0.4561
vn 0.9025 0.4044 0.1480
vn 0.7427 0.4265 0.5163
vn 0.8890 0.4035 0.2164
vn 0.7342 0.3620 0.5743
vn 0.7935 0.3537 0.4952
vn 0.5034 0.2356 0.8313
vn 0.8934 0.4315 0.1254
vn -0.2624 -0.1147 0.9581
vn -0.5299 -0.5002 0.6848
vn -0.8295 -0.2719 0.4879
vn -0.9768 -0.2034 0.0667
vn -0.9830 -0.1835 0.0025
vn -0.9832 -0.1824 0.0016
vn -0.9686 -0.1968 -0.1521
vn -0.9675 -0.2237 -0.1183
vn -0.8158 -0.2250 -0.5328
vn -0.4750 -0.5648 -0.6748
vn -0.2332 -0.0519 -0.9710
vn -0.0328 -0.0563 -0.9979
vn 0.4312 0.2203 -0.8750
vn 0.4825 0.3470 -0.8042
vn 0.7424 0.3618 -0.5639
vn 0.8694 0.4419 -0.2212
vn 0.7326 0.3679 -0.5727
vn 0.8645 0.4358 -0.2503
vn 0.7948 0.4619 -0.3936
vn 0.6371 0.6625 -0.3939
vn 0.3579 0.7102 -0.6063
vn 0.3732 0.9060 -0.1999
vn 0.1796 0.9218 -0.3436
vn 0.0000 0.9374 -0.3483
vn -0.2170 0.9118 -0.3486
vn 0.0000 0.7707 -0.6372
vn -0.4000 0.6508 -0.6454
vn -0.0219 0.2995 -0.9538
vn -0.5059 0.2723 -0.8185
vn -0.5071 -0.1867 -0.8414
vn -0.8068 0.2640 -0.5285
vn -0.8516 -0.2649 -0.4524
vn -0.9626 0.2589 -0.0795
vn -0.9657 -0.2597 0.0054
vn -0.8856 0.2617 0.3837
vn -0.8466 -0.2626 0.4629
vn -0.5029 0.2680 0.8218
vn -0.4707 -0.3671 0.8023
vn -0.1563 -0.1925 0.9688
vn 0.0204 -0.0654 0.9977
vn 0.4705 0.2449 0.8477
vn 0.4366 0.2093 0.8750
vn 0.8035 0.4052 0.4360
vn 0.7781 0.3916 0.4911
vn 0.8824 0.4570 0.1118
vn 0.9037 0.4140 0.1095
vn 0.3628 0.1967 -0.9109
vn -0.9274 -0.3089 -0.2111
vn -0.9899 -0.0434 0.1350
vn -0.0469 -0.9395 -0.3393
vn -0.1785 -0.9261 -0.3324
vn -0.0936 -0.9956 0.0000
vn -0.3328 -0.9311 -0.1495
vn -0.3653 -0.9305 0.0255
vn -0.3058 -0.9321 0.1941
vn -0.1485 -0.9441 0.2943
vn -0.0653 -0.9164 0.3949
vn -0.3012 -0.7845 0.5421
vn -0.6116 -0.7114 0.3462
vn -0.7084 -0.7057 0.0149
vn -0.6263 -0.7114 -0.3188
vn -0.3738 -0.6662 -0.6453
vn -0.1663 -0.2773 -0.9463
vn 0.1976 0.0992 -0.9752
vn 0.7106 0.7005 -0.0661
vn 0.4062 0.9134 0.0271
vn 0.8768 0.4777 0.0546
vn 0.6181 0.7253 0.3030
vn 0.3223 0.9308 0.1726
vn 0.2306 0.9205 0.3154
vn -0.0000 0.9148 0.4039
vn 0.3841 0.7102 0.5900
vn -0.0000 0.6578 0.7532
vn 0.3979 0.3562 0.8455
vn 0.0116 0.2622 0.9649
vn 0.1954 0.0995 0.9757
vn 0.8950 0.4393 0.0777
vn -0.6375 0.6978 -0.3265
vn -0.7220 0.6918 0.0135
vn -0.3673 0.9153 -0.1652
vn -0.4062 0.9134 0.0271
vn 0.7394 0.4462 0.5041
vn -0.6243 0.6977 0.3514
vn -0.3398 0.7648 0.5474
vn -0.3386 0.9166 0.2127
vn -0.1872 0.9352 0.3007
vn 0.1718 -0.6348 -0.7533
vn -0.3290 -0.5487 -0.7686
vn -0.3643 -0.2422 -0.8992
vn -0.7781 -0.2480 -0.5771
vn -0.8061 0.0178 -0.5915
vn 0.6555 -0.5425 -0.5253
vn 0.3185 -0.4575 -0.8302
vn 0.1507 -0.1665 -0.9745
vn -0.3266 0.0366 -0.9445
vn -0.3272 0.1194 -0.9374
vn -0.7181 0.2402 -0.6532
vn -0.6870 0.3143 -0.6552
vn -0.8639 0.3722 -0.3393
vn -0.7326 0.3679 -0.5727
vn -0.8694 0.4419 -0.2212
vn -0.8645 0.4358 -0.2503
vn 0.7213 -0.4524 -0.5244
vn 0.7277 -0.3262 -0.6034
vn 0.9230 -0.3018 -0.2389
vn 0.9560 -0.2600 -0.1360
vn 0.9841 -0.1305 0.1201
vn 0.9540 -0.2087 0.2154
vn 0.7944 -0.0504 0.6053
vn 0.7069 -0.1665 0.6875
vn 0.2568 0.0869 0.9626
vn 0.2553 -0.0526 0.9654
vn -0.2634 0.1810 0.9475
vn 0.1956 -0.0710 0.9781
vn -0.5034 0.2356 0.8313
vn 0.9261 -0.3153 -0.2073
vn 0.3034 -0.1260 -0.9445
vn -0.3628 0.1967 -0.9109
vn 0.8004 -0.2715 -0.5344
vn 0.9489 -0.2654 -0.1710
vn 0.9599 -0.2382 0.1480
vn 0.7822 -0.2347 0.5771
vn 0.3983 0.3073 0.8643
vn 0.4259 0.5568 0.7131
vn 0.8178 0.1550 0.5543
vn 0.8311 0.3573 0.4262
vn 0.9899 -0.0434 0.1350
vn 0.9954 0.0487 0.0821
vn 0.9563 -0.2571 -0.1394
vn -0.2153 0.5179 0.8279
vn -0.7215 0.4195 0.5508
vn -0.6686 0.5611 0.4881
vn -0.8948 0.4101 0.1768
vn -0.8848 0.4343 0.1691
vn -0.8988 0.3957 0.1886
vn -0.7505 0.3764 0.5432
vn -0.4148 0.3144 0.8539
vn 0.6481 -0.4861 -0.5862
vn 0.1670 -0.6165 -0.7695
vn -0.3606 -0.5588 -0.7468
vn -0.7927 -0.2833 -0.5398
vn -0.9586 0.0966 -0.2677
vn -0.9329 0.2516 -0.2578
vn -0.9083 0.3637 -0.2068
vn -0.9037 0.4140 0.1095
vn -0.7935 0.3537 0.4952
vn -0.7781 0.3916 0.4911
vn -0.4366 0.2094 0.8750
vn 0.2624 -0.1147 0.9581
vn 0.8295 -0.2719 0.4879
vn 0.9768 -0.2034 0.0667
vn 0.9686 -0.1967 -0.1521
vn 0.8158 -0.2250 -0.5328
vn 0.2333 -0.0519 -0.9710
vn -0.4312 0.2203 -0.8750
vn -0.7424 0.3618 -0.5639
vn -0.7747 0.4695 -0.4235
vn -0.8768 0.4777 0.0546
vn -0.7425 0.6678 -0.0518
vn -0.6182 0.7253 0.3030
vn -0.4295 0.9031 0.0000
vn -0.3224 0.9307 0.1726
vn -0.2306 0.9205 0.3154
vn -0.3841 0.7102 0.5900
vn -0.3979 0.3562 0.8455
vn -0.0116 0.2622 0.9649
vn -0.1954 0.0995 0.9757
vn -0.9784 0.0273 -0.2050
vn -0.8824 0.4570 0.1119
vn -0.8952 0.4388 0.0776
vn -0.8035 0.4052 0.4360
vn -0.7394 0.4462 0.5041
vn -0.4705 0.2449 0.8477
vn -0.0204 -0.0654 0.9977
vn 0.1563 -0.1925 0.9688
vn 0.4769 0.2293 0.8485
vn 0.3224 0.9307 0.1726
vn 0.5794 0.7534 0.3110
vn 0.7220 0.6918 0.0135
vn 0.8248 0.3497 0.4443
vn 0.9657 0.2597 0.0054
vn 0.8666 -0.1754 0.4672
vn 0.9657 -0.2597 -0.0054
vn 0.6715 -0.6471 0.3610
vn 0.7084 -0.7057 -0.0149
vn 0.3404 -0.9223 0.1830
vn 0.3653 -0.9305 -0.0255
vn 0.7108 -0.7034 0.0073
vn 0.2875 -0.9452 -0.1550
vn 0.1785 -0.9261 -0.3324
vn 0.5620 -0.7702 -0.3017
vn 0.3738 -0.6662 -0.6453
vn 0.8252 -0.3497 -0.4436
vn 0.5071 -0.1867 -0.8414
vn 0.8666 0.1754 -0.4672
vn 0.4905 0.3609 -0.7932
vn 0.6787 0.6374 -0.3649
vn 0.3398 0.7648 -0.5474
vn 0.1872 0.9352 -0.3007
vn 0.0299 0.9238 -0.3817
vn 0.0162 0.7167 -0.6972
vn -0.0113 0.2640 -0.9645
vn -0.4559 0.3213 -0.8300
vn -0.1976 0.0992 -0.9752
vn 0.0328 -0.0563 -0.9979
vn 0.1663 -0.2773 -0.9463
vn 0.4643 -0.5575 -0.6882
vn 0.4707 -0.3671 0.8023
vn 0.3012 -0.7845 0.5421
vn 0.1485 -0.9441 0.2942
vn 0.4359 -0.4563 0.7757
vn 0.6889 -0.6871 0.2310
vn 0.6606 -0.6990 -0.2740
vn -0.5794 0.7533 -0.3111
vn -0.3224 0.9307 -0.1726
vn -0.1394 -0.6891 0.7111
vn -0.1394 -0.6891 0.7112
vn -0.1393 -0.6891 0.7112
vn -0.1393 -0.6891 0.7111
vn -0.9826 0.0121 -0.1856
vn -0.8984 0.4194 0.1306
vn -0.8799 0.4184 0.2254
vn -0.6649 0.6255 0.4083
vn -0.5666 0.6294 0.5318
vn -0.2725 0.7041 0.6558
vn -0.0540 0.6755 0.7354
vn 0.4549 0.5473 0.7025
vn 0.8466 0.2672 0.4604
vn 0.9897 -0.0629 0.1285
vn 0.8847 -0.4090 -0.2236
vn 0.5382 -0.6624 -0.5211
vn 0.0423 -0.7343 -0.6775
vn -0.4643 -0.6009 -0.6507
vn -0.7849 -0.3683 -0.4984
vn -0.4974 0.6964 -0.5173
vn 0.4974 0.6964 0.5173
vn -0.2446 0.0532 0.9682
vn -0.3703 0.0805 0.9254
vn -0.3703 0.0806 0.9254
vn 0.4892 0.1064 0.8657
vn 0.3702 0.0805 0.9254
vn 0.3703 0.0806 0.9254
vn 0.2953 0.0642 0.9533
vn 0.6854 0.1491 0.7127
vn 0.6853 0.1491 0.7129
vn 0.1438 0.0313 0.9891
vn -0.6854 0.1491 0.7127
vn -0.6854 0.1491 0.7128
vn -0.6853 0.1491 0.7129
vn 0.0000 0.0000 -1.0000
vn -0.1438 0.0313 -0.9891
vn 0.2446 0.0532 -0.9682
vn 0.3703 0.0806 -0.9254
vn 0.3703 0.0805 -0.9254
vn 0.6854 0.1491 -0.7128
vn 0.6853 0.1491 -0.7129
vn 0.6854 0.1491 -0.7127
vn -0.4892 0.1064 -0.8657
vn -0.3702 0.0805 -0.9254
vn -0.3703 0.0806 -0.9254
vn -0.2953 0.0642 -0.9533
vn -0.6854 0.1491 -0.7127
vn -0.6853 0.1491 -0.7129
vn -0.6425 0.7663 0.0000
vn 0.6425 0.7663 0.0000
vn 0.0000 0.7154 0.6987
vn -0.4974 0.6964 0.5173
vn 0.0000 0.7154 -0.6987
vn 0.4974 0.6964 -0.5173
vn -0.9842 0.1772 0.0000
vn -0.9930 0.1185 -0.0000
vn -0.9982 0.0593 -0.0000
vn 0.9842 0.1772 0.0000
vn 0.9930 0.1185 0.0000
vn 0.9982 0.0593 0.0000
vn -0.8269 -0.2800 -0.4877
vn -0.6340 -0.4473 -0.6309
vn -0.2152 -0.6360 -0.7411
vn -0.0044 -0.6751 -0.7377
vn 0.4497 -0.6533 -0.6091
vn 0.6850 -0.5655 -0.4594
vn 0.9549 -0.2831 -0.0894
vn 0.9873 -0.0891 0.1318
vn 0.8254 0.2737 0.4938
vn 0.6336 0.4416 0.6352
vn 0.2138 0.6303 0.7463
vn 0.0021 0.6701 0.7422
vn -0.4532 0.6466 0.6136
vn -0.6875 0.5578 0.4649
vn -0.9564 0.2763 0.0949
vn -0.9885 0.0839 -0.1256
vn -0.6831 -0.4327 0.5883
vn -0.7920 -0.3429 0.5052
vn -0.8816 -0.2411 0.4057
vn -0.9907 0.0168 0.1352
vn -0.9833 0.1766 -0.0439
vn -0.8161 0.4449 -0.3689
vn -0.6555 0.5530 -0.5143
vn -0.2064 0.6693 -0.7138
vn 0.0973 0.6572 -0.7475
vn 0.5686 0.5041 -0.6501
vn 0.7482 0.3823 -0.5423
vn 0.9606 0.0990 -0.2596
vn 0.9944 -0.0625 -0.0849
vn 0.9273 -0.3133 0.2050
vn 0.8537 -0.4090 0.3224
vn 0.7590 -0.4903 0.4284
vn 0.9931 -0.0396 -0.1101
vn 0.9931 -0.0396 -0.1102
vn 0.9908 -0.1354 -0.0031
vn 0.9673 -0.2303 0.1064
vn 0.8161 -0.4450 0.3687
vn 0.6555 -0.5529 0.5144
vn 0.2064 -0.6693 0.7138
vn -0.0973 -0.6572 0.7474
vn -0.5685 -0.5040 0.6502
vn -0.7481 -0.3823 0.5424
vn -0.9356 -0.1544 0.3174
vn -0.9750 -0.0569 0.2150
vn -0.9931 0.0396 0.1102
vn -0.9931 0.0397 0.1102
vn 0.3013 -0.8861 -0.3522
vn 0.1089 -0.8982 -0.4258
vn 0.0377 -0.8571 -0.5138
vn -0.0988 -0.7887 -0.6067
vn -0.1033 -0.7403 -0.6643
vn -0.1032 -0.7403 -0.6643
vn -0.0953 -0.8202 -0.5640
vn -0.3256 -0.7939 -0.5135
vn -0.4361 -0.7982 -0.4156
vn -0.7291 -0.5319 -0.4306
vn 0.1143 0.7419 0.6607
vn 0.1087 0.7403 0.6634
vn 0.1068 0.7403 0.6637
vn 0.1033 0.7396 0.6650
vn 0.1032 0.7403 0.6643
vn 0.1032 0.7404 0.6642
vn 0.1033 0.7403 0.6643
vn 0.1018 0.7400 0.6649
vn 0.1005 0.7396 0.6655
vn 0.0979 0.7390 0.6666
vn 0.4362 -0.6274 0.6451
vn 0.3708 -0.6401 0.6729
vn 0.3364 -0.6486 0.6827
vn 0.2851 -0.6563 0.6985
vn 0.2666 -0.6630 0.6996
vn -0.1523 -0.7205 0.6765
vn -0.2118 -0.6606 0.7202
vn -0.2114 -0.6494 0.7304
vn -0.2401 -0.6110 0.7543
vn -0.2105 -0.6266 0.7504
vn 0.0036 -0.6760 -0.7369
vn 0.2151 -0.6360 -0.7411
vn 0.6343 -0.4486 -0.6296
vn 0.8273 -0.2795 -0.4873
vn 0.9887 0.0819 -0.1255
vn 0.9564 0.2761 0.0951
vn 0.6880 0.5577 0.4643
vn 0.4516 0.6481 0.6132
vn -0.0022 0.6701 0.7423
vn -0.2149 0.6300 0.7463
vn -0.6329 0.4421 0.6356
vn -0.8256 0.2750 0.4926
vn -0.9873 -0.0890 0.1319
vn -0.9547 -0.2837 -0.0899
vn -0.6852 -0.5640 -0.4609
vn -0.4493 -0.6544 -0.6081
vn 0.6831 -0.4327 0.5883
vn 0.7920 -0.3433 0.5049
vn 0.8817 -0.2410 0.4056
vn 0.9907 0.0168 0.1353
vn 0.9833 0.1766 -0.0440
vn 0.8161 0.4448 -0.3688
vn 0.6555 0.5530 -0.5143
vn 0.2064 0.6693 -0.7138
vn -0.0973 0.6572 -0.7475
vn -0.5685 0.5041 -0.6501
vn -0.7481 0.3824 -0.5423
vn -0.9606 0.0990 -0.2596
vn -0.9944 -0.0625 -0.0849
vn -0.9273 -0.3133 0.2050
vn -0.8538 -0.4086 0.3227
vn -0.7590 -0.4903 0.4284
vn -0.9931 -0.0396 -0.1102
vn -0.9931 -0.0396 -0.1101
vn -0.9908 -0.1354 -0.0031
vn -0.9673 -0.2303 0.1064
vn -0.8161 -0.4448 0.3689
vn -0.6555 -0.5531 0.5142
vn -0.2064 -0.6693 0.7138
vn 0.0973 -0.6572 0.7474
vn 0.5686 -0.5041 0.6501
vn 0.7481 -0.3823 0.5424
vn 0.9356 -0.1544 0.3174
vn 0.9750 -0.0569 0.2150
vn 0.9931 0.0396 0.1102
vn -0.3013 -0.8861 -0.3522
vn -0.0377 -0.8571 -0.5138
vn -0.1089 -0.8982 -0.4258
vn 0.0988 -0.7887 -0.6067
vn 0.1033 -0.7403 -0.6643
vn 0.1032 -0.7403 -0.6643
vn 0.0953 -0.8202 -0.5640
vn 0.3256 -0.7939 -0.5135
vn 0.4361 -0.7982 -0.4156
vn 0.7291 -0.5319 -0.4306
vn -0.1090 0.7385 0.6654
vn -0.1060 0.7394 0.6648
vn -0.1052 0.7397 0.6647
vn -0.1032 0.7403 0.6643
vn -0.1032 0.7404 0.6642
vn -0.1033 0.7403 0.6643
vn -0.1033 0.7396 0.6650
vn -0.0998 0.7406 0.6645
vn -0.0978 0.7407 0.6647
vn -0.0921 0.7427 0.6633
vn -0.2666 -0.6630 0.6996
vn -0.2851 -0.6563 0.6985
vn -0.3364 -0.6486 0.6827
vn -0.3708 -0.6401 0.6729
vn -0.4362 -0.6274 0.6451
vn 0.2105 -0.6266 0.7504
vn 0.2401 -0.6110 0.7543
vn 0.2114 -0.6494 0.7304
vn 0.2118 -0.6606 0.7202
vn 0.1523 -0.7205 0.6765
vn 0.5488 0.0088 -0.8359
vn 0.3690 -0.6207 -0.6918
vn 0.0886 0.0204 -0.9959
vn -0.0796 -0.6324 -0.7706
vn -0.4263 0.0338 -0.9040
vn -0.5085 -0.6084 -0.6093
vn -0.9157 0.0227 -0.4012
vn -0.7498 -0.6427 -0.1573
vn -0.8356 -0.3999 0.3765
vn 0.8426 -0.4958 0.2105
vn 0.7363 -0.5827 -0.3439
vn 0.9128 0.1246 -0.3890
vn 0.4691 0.4935 -0.7324
vn -0.0094 0.5094 -0.8605
vn -0.4387 0.5245 -0.7297
vn -0.7137 0.5769 -0.3973
vn -0.9802 0.1969 0.0186
vn -0.8168 0.5767 0.0171
vn -0.9014 0.1458 0.4076
vn -0.7765 0.4726 0.4167
vn -0.6346 0.1421 0.7597
vn 0.8883 -0.3176 0.3318
vn 0.9872 0.1595 -0.0036
vn 0.8733 -0.4486 0.1901
vn 0.9300 0.0187 0.3670
vn 0.8369 -0.5452 0.0481
vn 0.8352 -0.5367 0.1197
vn -0.0188 -0.2474 0.9687
vn 0.4973 -0.2065 0.8426
vn -0.1467 0.1208 0.9818
vn -0.2101 -0.1743 0.9620
vn -0.6570 0.2209 0.7208
vn -0.5927 -0.0281 0.8049
vn -0.6172 -0.4002 0.6774
vn -0.8982 -0.1407 0.4165
vn -0.8865 -0.2676 0.3774
vn -0.8596 0.4107 0.3039
vn -0.9846 0.0399 0.1703
vn -0.7786 0.6267 0.0333
vn -0.8770 -0.4190 0.2352
vn -0.9017 -0.4323 0.0066
vn -0.8683 -0.4912 0.0688
vn -0.8152 -0.4708 0.3373
vn 0.7088 0.5970 -0.3759
vn 0.7897 0.6131 -0.0210
vn 0.7001 0.6591 0.2747
vn 0.8576 0.2383 0.4558
vn 0.5988 0.6011 0.5293
vn 0.7323 0.1673 0.6601
vn 0.3721 0.6090 0.7005
vn 0.5777 0.2264 0.7842
vn 0.1571 0.3656 0.9174
vn -0.3103 0.8156 0.4883
vn -0.2839 0.7086 0.6460
vn -0.0504 0.7350 0.6762
vn -0.2936 0.8549 -0.4278
vn -0.4188 0.8742 -0.2457
vn -0.0008 0.9994 -0.0336
vn -0.3626 0.9319 0.0083
vn -0.4284 0.8927 0.1397
vn -0.6054 0.7575 0.2442
vn -0.7235 0.6094 0.3244
vn -0.6770 0.5856 0.4459
vn -0.5527 0.3783 0.7426
vn -0.3957 0.4940 0.7742
vn 0.4203 0.8532 -0.3090
vn 0.2224 0.8492 -0.4789
vn -0.0308 0.8453 -0.5334
vn 0.4394 0.8930 -0.0974
vn 0.1953 0.9100 0.3658
vn 0.3279 0.9126 0.2443
vn 0.4031 0.9073 0.1194
vn 0.0450 0.9232 0.3818
vn -0.3071 0.9086 0.2830
vn -0.1599 0.9195 0.3592
vn 0.6469 -0.6433 0.4096
vn 0.7661 -0.4172 0.4890
vn 0.4358 -0.3617 0.8242
vn 0.6297 -0.2249 0.7436
vn 0.4485 -0.1217 0.8854
vn 0.4322 -0.0841 0.8978
vn 0.7206 -0.4952 0.4853
vn 0.3640 -0.6337 0.6826
vn -0.1520 -0.6742 0.7227
vn -0.6358 -0.6268 0.4505
vn -0.7791 -0.4787 0.4047
vn 0.7883 -0.1242 0.6026
vn -0.2815 -0.3875 0.8778
vn -0.1728 -0.0985 0.9800
vn -0.5724 -0.2581 0.7783
vn -0.7778 -0.4497 0.4390
vn -0.7014 -0.7126 -0.0134
vn -0.5929 -0.7884 -0.1641
vn -0.5771 -0.7785 0.2467
vn -0.5480 -0.4749 0.6886
vn -0.6136 -0.6711 0.4162
vn -0.4776 -0.8759 -0.0681
vn -0.2517 -0.8985 -0.3596
vn 0.0531 -0.8999 -0.4328
vn 0.3267 -0.9049 -0.2727
vn 0.5268 -0.8465 0.0770
vn 0.5604 -0.5233 0.6419
vn 0.5536 -0.6396 0.5334
vn 0.5850 -0.7956 0.1574
vn 0.6624 -0.7218 -0.2007
vn 0.7299 -0.6835 0.0008
vn -0.6064 -0.6043 0.5168
vn -0.4551 0.7995 0.3921
vn -0.5162 0.8564 0.0092
vn -0.4859 0.7060 0.5152
vn -0.1599 -0.8556 -0.4923
vn -0.2796 -0.8562 -0.4345
vn -0.2566 -0.5564 -0.7903
vn -0.5207 -0.5422 -0.6595
vn -0.3079 -0.0843 -0.9477
vn -0.6418 -0.0079 -0.7669
vn -0.2828 0.4048 -0.8696
vn -0.5517 0.5363 -0.6387
vn -0.1794 0.8162 -0.5492
vn -0.3443 0.8759 -0.3381
vn -0.1156 0.9933 0.0000
vn -0.2755 0.8988 0.3410
vn -0.4429 0.8941 0.0660
vn -0.5007 0.6151 0.6091
vn -0.8105 0.5852 0.0258
vn -0.6386 0.0993 0.7631
vn -0.5677 -0.4579 0.6841
vn -0.8105 -0.5852 -0.0258
vn -0.3362 -0.8446 0.4166
vn -0.4597 -0.8857 -0.0657
vn -0.1477 -0.9890 0.0000
vn -0.1794 0.8162 0.5492
vn -0.2828 0.4048 0.8696
vn -0.3079 -0.0843 0.9477
vn -0.2566 -0.5564 0.7903
vn -0.1599 -0.8556 0.4923
vn 0.1599 -0.8556 0.4923
vn 0.2796 -0.8562 0.4345
vn 0.2566 -0.5564 0.7903
vn 0.5207 -0.5422 0.6595
vn 0.3079 -0.0843 0.9477
vn 0.6418 -0.0079 0.7669
vn 0.2828 0.4048 0.8696
vn 0.5517 0.5363 0.6387
vn 0.1794 0.8162 0.5492
vn 0.3443 0.8759 0.3381
vn 0.1156 0.9933 0.0000
vn 0.2755 0.8988 -0.3410
vn 0.4429 0.8941 -0.0660
vn 0.5007 0.6151 -0.6091
vn 0.8105 0.5852 -0.0258
vn 0.6386 0.0993 -0.7631
vn 0.5677 -0.4579 -0.6841
vn 0.8105 -0.5852 0.0258
vn 0.3362 -0.8446 -0.4166
vn 0.4597 -0.8857 0.0657
vn 0.1477 -0.9890 0.0000
vn 0.1599 -0.8556 -0.4923
vn 0.2566 -0.5564 -0.7903
vn 0.3079 -0.0843 -0.9477
vn 0.2828 0.4048 -0.8696
vn 0.1794 0.8162 -0.5492
vn -0.9552 0.2187 -0.1996
vn -0.9862 0.0977 -0.1336
vn -0.9756 0.0754 -0.2061
vn -0.9951 -0.0931 0.0333
vn -0.9544 0.2933 0.0556
vn -0.9316 0.3594 0.0539
vn -0.7422 0.6702 0.0009
vn 0.9775 0.2060 -0.0455
vn 0.5139 -0.8390 0.1788
vn 0.9158 -0.3997 0.0394
vn 0.8542 -0.3677 0.3677
vn 0.9866 0.0960 0.1322
vn 0.9561 0.2163 0.1976
vn 0.7368 0.6762 0.0003
vn 0.9302 0.3631 -0.0535
vn 0.0000 -1.0000 -0.0013
vn 0.0000 -0.9630 0.2696
vn 0.0000 -0.8413 0.5405
vn -0.0000 -0.7941 0.6078
vn -0.0000 -0.8988 0.4384
vn -0.0000 -0.9960 0.0889
vn 0.0000 -0.9960 -0.0889
vn -0.0000 -0.8988 -0.4383
vn 0.0000 -0.7942 -0.6076
vn -0.0000 -0.8412 -0.5408
vn 0.0000 -0.9627 -0.2707
vn 0.0000 -1.0000 -0.0005
vn 0.0000 0.7071 -0.7071
vn 0.0000 0.0889 -0.9960
vn 0.0000 -0.0889 -0.9960
vn 0.0000 -0.4210 -0.9071
vn 0.0000 -0.5751 -0.8181
vn 0.0000 -0.8181 -0.5751
vn 0.0000 -0.9071 -0.4210
vn 0.0000 -0.9071 0.4210
vn 0.0000 -0.8181 0.5751
vn 0.0000 -0.5751 0.8181
vn 0.0000 -0.4210 0.9071
vn 0.0000 -0.0889 0.9960
vn 0.0000 0.0889 0.9960
vn 0.0000 0.7071 0.7071
vn 0.8263 0.0986 0.5545
vn 0.7713 0.0496 0.6345
vn 0.7508 0.0330 0.6597
vn 0.7071 0.0000 0.7071
vn 0.9772 0.2122 0.0000
vn 0.7071 0.0000 -0.7071
vn 0.7508 0.0330 -0.6597
vn 0.7713 0.0496 -0.6345
vn 0.8263 0.0986 -0.5545
vn -0.7071 0.0000 -0.7071
vn -0.7071 -0.0000 0.7071
vn -0.5557 -0.0000 0.8314
vn -0.5585 0.0010 0.8295
vn -0.3872 0.0015 0.9220
vn -0.1946 0.0023 0.9809
vn 0.2527 0.0022 0.9675
vn 0.5054 0.0021 0.8629
vn 0.8629 0.0021 0.5055
vn 0.9675 0.0022 0.2527
vn 0.9675 0.0022 -0.2527
vn 0.8629 0.0021 -0.5054
vn 0.5055 0.0021 -0.8629
vn 0.2527 0.0022 -0.9675
vn -0.1926 0.0022 -0.9813
vn -0.3872 0.0015 -0.9220
vn -0.5586 0.0010 -0.8295
vn -0.5611 0.0000 -0.8277
vn -0.7508 0.0330 0.6597
vn -0.7713 0.0496 0.6345
vn -0.8263 0.0986 0.5545
vn -0.9772 0.2122 0.0000
vn -0.8263 0.0986 -0.5545
vn -0.7713 0.0496 -0.6345
vn -0.7508 0.0330 -0.6597
vn 0.5611 -0.0000 0.8277
vn 0.5586 0.0010 0.8295
vn 0.3872 0.0015 0.9220
vn 0.1926 0.0022 0.9813
vn -0.2527 0.0022 0.9675
vn -0.5055 0.0021 0.8629
vn -0.8629 0.0021 0.5054
vn -0.9675 0.0023 0.2527
vn -0.9675 0.0022 -0.2527
vn -0.8629 0.0021 -0.5055
vn -0.5054 0.0021 -0.8629
vn -0.2527 0.0022 -0.9675
vn 0.1946 0.0023 -0.9809
vn 0.3872 0.0015 -0.9220
vn 0.5585 0.0010 -0.8295
vn 0.5557 0.0000 -0.8314
vn -0.7972 0.0000 -0.6038
vn -0.5451 0.4847 -0.6841
vn -0.1368 0.0000 -0.9906
vn 0.0983 0.4847 -0.8691
vn 0.6038 0.0000 -0.7972
vn 0.6841 0.4847 -0.5451
vn 0.9906 0.0000 -0.1368
vn 0.8691 0.4847 0.0983
vn 0.7972 0.0000 0.6037
vn 0.5451 0.4847 0.6841
vn 0.1368 -0.0000 0.9906
vn -0.0983 0.4847 0.8691
vn -0.6038 -0.0000 0.7972
vn -0.6841 0.4847 0.5451
vn -0.9906 0.0000 0.1368
vn -0.8691 0.4847 -0.0983
vn -0.5751 -0.0000 0.8181
vn -0.4210 -0.0000 0.9071
vn -0.0890 -0.0000 0.9960
vn 0.0890 -0.0000 0.9960
vn 0.4210 -0.0000 0.9071
vn 0.5751 -0.0000 0.8181
vn 0.8181 -0.0000 0.5751
vn 0.9071 0.0000 0.4210
vn 0.9960 0.0000 0.0890
vn 0.9960 0.0000 -0.0890
vn 0.9071 0.0000 -0.4210
vn 0.8181 0.0000 -0.5751
vn 0.5751 0.0000 -0.8181
vn 0.4210 0.0000 -0.9071
vn 0.0890 0.0000 -0.9960
vn -0.0890 0.0000 -0.9960
vn -0.4210 0.0000 -0.9071
vn -0.5751 0.0000 -0.8181
vn -0.8181 0.0000 -0.5751
vn -0.9071 0.0000 -0.4210
vn -0.9960 0.0000 -0.0890
vn -0.9960 0.0000 0.0890
vn -0.9071 0.0000 0.4210
vn -0.8181 -0.0000 0.5751
vn -0.3145 -0.9488 -0.0281
vn -0.2725 -0.9492 0.1573
vn -0.6453 -0.7635 -0.0269
vn -0.6432 -0.6696 0.3714
vn -0.9714 -0.2374 -0.0048
vn -0.8551 -0.1580 0.4937
vn -0.9714 0.2374 0.0048
vn -0.8219 0.3152 0.4745
vn -0.6460 0.7629 0.0268
vn -0.4665 0.8425 0.2693
vn -0.2388 0.9708 0.0212
vn -0.1382 0.9872 0.0798
vn -0.1573 -0.9492 0.2725
vn -0.0281 -0.9488 0.3145
vn -0.2688 -0.8432 0.4655
vn -0.0269 -0.7635 0.6453
vn -0.4745 -0.3152 0.8219
vn -0.0048 -0.2374 0.9714
vn -0.4937 0.1580 0.8551
vn 0.0048 0.2374 0.9714
vn -0.3716 0.6691 0.6436
vn 0.0268 0.7629 0.6460
vn -0.1275 0.9669 0.2208
vn 0.0171 0.9813 0.1917
vn 0.0002 1.0000 -0.0012
vn 0.0798 0.9872 0.1382
vn 0.1965 0.9707 0.1380
vn 0.2693 0.8425 0.4665
vn 0.5461 0.7628 0.3463
vn 0.4745 0.3152 0.8219
vn 0.8388 0.2374 0.4899
vn 0.4937 -0.1580 0.8552
vn 0.8437 -0.2374 0.4815
vn 0.3714 -0.6696 0.6432
vn 0.5723 -0.7635 0.2993
vn 0.1573 -0.9492 0.2725
vn 0.2864 -0.9488 0.1329
vn 0.3146 -0.9492 0.0000
vn 0.2864 -0.9488 -0.1329
vn 0.5375 -0.8432 0.0000
vn 0.5723 -0.7635 -0.2993
vn 0.9490 -0.3152 -0.0000
vn 0.8437 -0.2374 -0.4815
vn 0.9874 0.1579 -0.0000
vn 0.8388 0.2374 -0.4899
vn 0.7431 0.6691 -0.0000
vn 0.5461 0.7628 -0.3463
vn 0.3150 0.9491 0.0000
vn 0.1962 0.9709 -0.1377
vn -0.9586 0.0844 0.2720
vn 0.1816 -0.9488 -0.2583
vn 0.0281 -0.9488 -0.3145
vn 0.3460 -0.7635 -0.5453
vn 0.0269 -0.7635 -0.6453
vn 0.4899 -0.2374 -0.8388
vn 0.0048 -0.2374 -0.9714
vn 0.4815 0.2374 -0.8437
vn -0.0048 0.2374 -0.9714
vn 0.2998 0.7628 -0.5729
vn -0.0268 0.7629 -0.6460
vn 0.0810 0.9813 -0.1745
vn -0.0171 0.9813 -0.1917
vn -0.1381 0.9708 -0.1960
vn -0.2175 0.9708 -0.1010
vn -0.1329 -0.9488 -0.2864
vn -0.2993 -0.7635 -0.5723
vn -0.4815 -0.2374 -0.8437
vn -0.4899 0.2374 -0.8388
vn -0.3463 0.7628 -0.5461
vn -0.2583 -0.9488 -0.1816
vn -0.5453 -0.7635 -0.3460
vn -0.8388 -0.2374 -0.4899
vn -0.8437 0.2374 -0.4815
vn -0.5729 0.7628 -0.2998
vn 0.1954 0.0000 0.9807
vn 0.2058 -0.0000 0.9786
vn 0.1763 0.0000 0.9843
vn 0.3505 0.0000 0.9366
vn 0.5186 0.0000 0.8550
vn 0.6639 0.0000 0.7478
vn -0.1954 0.0000 0.9807
vn -0.2058 -0.0000 0.9786
vn -0.1763 0.0000 0.9843
vn -0.3505 0.0000 0.9366
vn -0.5186 0.0000 0.8550
vn -0.6639 0.0000 0.7478
vn 0.3733 -0.0008 0.9277
vn 0.3425 0.0408 0.9386
vn 0.3538 0.0001 0.9353
vn -0.2324 -0.0768 0.9696
vn -0.0372 -0.0199 0.9991
vn -0.2395 0.0035 0.9709
vn 0.0932 0.0015 0.9956
vn 0.2451 -0.0556 0.9679
vn 0.2844 0.0047 0.9587
vn 0.2528 0.0643 0.9654
vn -0.0388 0.0226 0.9990
vn -0.2435 0.0890 0.9658
vn -0.3326 0.0432 0.9421
vn -0.3733 -0.0006 0.9277
vn -0.3453 0.0005 0.9385
vn 0.3357 -0.0350 0.9413
vn -0.3254 -0.0370 0.9448
usemtl SoloBD
s 1
f 1/1/1 2/2/1 3/3/2
f 4/4/3 3/3/2 2/2/1
f 3/3/2 4/4/3 5/5/4
f 6/6/5 5/5/4 4/4/3
f 5/5/4 6/6/5 7/7/6
f 8/8/7 7/7/6 6/6/5
f 7/7/6 8/8/7 9/9/8
f 10/10/8 9/9/8 8/8/7
f 9/9/8 10/10/8 11/11/9
f 12/12/9 11/11/9 10/10/8
f 11/11/9 12/12/9 13/13/10
f 14/14/10 13/13/10 12/12/9
f 15/15/11 16/16/11 17/17/12
f 18/18/13 17/17/12 16/16/11
f 17/17/12 18/18/13 19/19/14
f 20/20/15 19/19/14 18/18/13
f 19/19/14 20/20/15 21/21/16
f 22/22/17 21/21/16 20/20/15
f 21/21/16 22/22/17 23/23/18
f 24/24/19 23/23/18 22/22/17
f 23/23/18 24/24/19 1/25/20
f 2/26/20 1/25/20 24/24/19
f 25/27/21 14/28/22 26/29/23
f 12/30/24 26/29/23 14/28/22
f 26/29/23 12/30/24 27/31/25
f 10/32/26 27/31/25 12/30/24
f 27/31/25 10/32/26 16/33/27
f 8/34/28 16/33/27 10/32/26
f 16/33/27 8/34/28 28/35/29
f 6/36/30 28/35/29 8/34/28
f 28/35/29 6/36/30 4/37/31
f 29/38/32 25/27/21 30/39/33
f 26/29/23 30/39/33 25/27/21
f 22/40/34 20/41/35 28/35/29
f 18/42/36 28/35/29 20/41/35
f 28/35/29 18/42/36 16/33/27
f 4/37/31 2/43/37 28/35/29
f 24/44/38 28/35/29 2/43/37
f 28/35/29 24/44/38 22/40/34
f 3/45/39 5/46/39 31/47/39
f 7/48/40 31/47/39 5/46/39
f 31/47/39 7/48/40 15/49/41
f 9/50/42 15/49/41 7/48/40
f 15/49/41 9/50/42 32/51/43
f 11/52/44 32/51/43 9/50/42
f 32/51/43 11/52/44 33/53/45
f 13/54/46 33/53/45 11/52/44
f 33/53/45 13/54/46 34/55/39
f 21/56/39 23/57/39 31/47/39
f 1/58/39 31/47/39 23/57/39
f 31/47/39 1/58/39 3/45/39
f 15/49/41 17/59/39 31/47/39
f 19/60/39 31/47/39 17/59/39
f 31/47/39 19/60/39 21/56/39
f 35/61/39 33/53/45 36/62/39
f 34/55/39 36/62/39 33/53/45
f 16/16/47 15/15/47 27/63/47
f 32/64/47 27/63/47 15/15/47
f 27/63/47 32/64/47 26/65/47
f 33/66/47 26/65/47 32/64/47
f 26/29/48 33/53/49 30/39/48
f 35/61/49 30/39/48 33/53/49
f 30/39/47 35/61/47 29/38/47
f 36/62/47 29/38/47 35/61/47
f 29/67/50 36/68/50 25/69/50
f 34/70/50 25/69/50 36/68/50
f 25/69/50 34/70/50 14/71/50
f 13/72/50 14/71/50 34/70/50
f 37/73/10 38/74/10 39/75/9
f 40/76/9 39/75/9 38/74/10
f 39/75/9 40/76/9 41/77/8
f 42/78/8 41/77/8 40/76/9
f 41/77/8 42/78/8 43/79/7
f 44/80/6 43/79/7 42/78/8
f 43/79/7 44/80/6 45/81/5
f 46/82/4 45/81/5 44/80/6
f 45/81/5 46/82/4 47/83/51
f 48/84/52 47/83/51 46/82/4
f 47/83/51 48/84/52 49/85/1
f 50/86/1 49/85/1 48/84/52
f 49/87/20 50/88/20 51/89/53
f 52/90/54 51/89/53 50/88/20
f 51/89/53 52/90/54 53/91/17
f 54/92/16 53/91/17 52/90/54
f 53/91/17 54/92/16 55/93/15
f 56/94/14 55/93/15 54/92/16
f 55/93/15 56/94/14 57/95/13
f 58/96/12 57/95/13 56/94/14
f 57/95/13 58/96/12 59/97/11
f 60/98/11 59/97/11 58/96/12
f 48/99/55 46/100/56 61/101/57
f 44/102/58 61/101/57 46/100/56
f 61/101/57 44/102/58 60/103/59
f 42/104/60 60/103/59 44/102/58
f 60/103/59 42/104/60 62/105/61
f 40/106/62 62/105/61 42/104/60
f 62/105/61 40/106/62 63/107/63
f 38/108/64 63/107/63 40/106/62
f 63/107/63 38/108/64 64/109/65
f 54/110/66 52/111/67 61/101/57
f 50/112/68 61/101/57 52/111/67
f 61/101/57 50/112/68 48/99/55
f 60/103/59 58/113/69 61/101/57
f 56/114/70 61/101/57 58/113/69
f 61/101/57 56/114/70 54/110/66
f 65/115/71 37/116/72 66/117/73
f 39/118/74 66/117/73 37/116/72
f 66/117/73 39/118/74 67/119/75
f 41/120/76 67/119/75 39/118/74
f 67/119/75 41/120/76 59/121/77
f 43/122/78 59/121/77 41/120/76
f 59/121/77 43/122/78 68/123/71
f 45/124/71 68/123/71 43/122/78
f 68/123/71 45/124/71 47/125/71
f 53/126/71 55/127/71 68/123/71
f 57/128/71 68/123/71 55/127/71
f 68/123/71 57/128/71 59/121/77
f 47/125/71 49/129/71 68/123/71
f 51/130/71 68/123/71 49/129/71
f 68/123/71 51/130/71 53/126/71
f 59/97/47 60/98/47 67/131/47
f 62/132/47 67/131/47 60/98/47
f 67/131/47 62/132/47 66/133/47
f 63/134/47 66/133/47 62/132/47
f 65/135/50 64/136/50 37/137/50
f 38/138/50 37/137/50 64/136/50
f 69/139/79 70/140/80 71/141/81
f 72/142/82 71/141/81 70/140/80
f 71/141/81 72/142/82 73/143/79
f 74/144/80 75/145/81 71/141/81
f 76/146/82 71/141/81 75/145/81
f 71/141/81 76/146/82 69/139/79
f 77/147/79 78/148/81 71/141/81
f 79/149/79 71/141/81 78/148/81
f 71/141/81 79/149/79 74/144/80
f 73/143/79 80/150/81 71/141/81
f 81/151/82 71/141/81 80/150/81
f 71/141/81 81/151/82 77/147/79
f 82/152/49 66/117/49 83/153/48
f 63/107/48 83/153/48 66/117/49
f 84/154/47 82/152/47 85/155/47
f 83/153/47 85/155/47 82/152/47
f 83/153/83 63/107/63 85/155/84
f 64/109/65 85/155/84 63/107/63
f 84/156/50 85/157/50 65/135/50
f 64/136/50 65/135/50 85/157/50
f 65/115/71 66/117/71 84/154/71
f 82/152/71 84/154/71 66/117/71
f 86/158/85 87/159/86 88/160/87
f 89/161/88 88/160/87 87/159/86
f 88/160/87 89/161/88 90/162/89
f 91/163/90 92/164/91 93/165/92
f 94/166/93 93/165/92 92/164/91
f 93/165/92 94/166/93 95/167/94
f 96/168/95 95/167/94 94/166/93
f 95/167/94 96/168/95 97/169/96
f 98/170/97 97/169/96 96/168/95
f 97/169/96 98/170/97 99/171/98
f 100/172/99 99/171/98 98/170/97
f 99/171/98 100/172/99 101/173/100
f 90/162/89 101/173/100 100/172/99
f 101/173/100 90/162/89 102/174/101
f 89/161/88 102/174/101 90/162/89
f 102/174/101 89/161/88 103/175/102
f 104/176/103 92/164/91 91/163/90
f 105/177/104 92/164/91 106/178/105
f 92/164/91 105/177/104 94/166/93
f 86/158/85 94/166/93 105/177/104
f 94/166/93 86/158/85 96/168/95
f 88/160/87 96/168/95 86/158/85
f 96/168/95 88/160/87 98/170/97
f 90/162/89 98/170/97 88/160/87
f 98/170/97 90/162/89 100/172/99
f 107/179/106 108/180/107 109/181/108
f 107/179/106 109/181/108 110/182/109
f 111/183/110 110/182/109 109/181/108
f 110/182/109 111/183/110 112/184/111
f 113/185/112 112/184/111 111/183/110
f 112/184/111 113/185/112 114/186/113
f 115/187/114 114/186/113 113/185/112
f 114/186/113 115/187/114 116/188/115
f 117/189/116 118/190/117 119/191/118
f 120/192/119 119/191/118 118/190/117
f 119/191/118 120/192/119 110/182/109
f 121/193/120 110/182/109 120/192/119
f 110/182/109 121/193/120 107/179/106
f 72/142/121 70/140/122 122/194/123
f 69/139/124 122/194/123 70/140/122
f 122/194/123 69/139/124 123/195/125
f 76/146/126 123/195/125 69/139/124
f 123/195/125 76/146/126 124/196/127
f 75/145/128 124/196/127 76/146/126
f 124/196/127 75/145/128 125/197/129
f 74/144/130 125/197/129 75/145/128
f 125/197/129 74/144/130 126/198/131
f 79/149/132 126/198/131 74/144/130
f 126/198/131 79/149/132 127/199/133
f 78/148/134 127/199/133 79/149/132
f 122/194/123 128/200/135 72/142/121
f 129/201/136 72/142/121 128/200/135
f 72/142/121 129/201/136 73/143/137
f 130/202/138 73/143/137 129/201/136
f 73/143/137 130/202/138 80/150/139
f 131/203/140 80/150/139 130/202/138
f 80/150/139 131/203/140 81/151/141
f 132/204/142 81/151/141 131/203/140
f 81/151/141 132/204/142 77/147/143
f 133/205/144 77/147/143 132/204/142
f 112/184/111 114/186/113 110/182/109
f 119/191/118 110/182/109 114/186/113
f 116/188/115 134/206/145 114/186/113
f 117/189/116 114/186/113 134/206/145
f 114/186/113 117/189/116 119/191/118
f 135/207/146 136/208/147 137/209/148
f 138/210/149 137/209/148 136/208/147
f 137/209/148 138/210/149 139/211/150
f 140/212/151 139/211/150 138/210/149
f 139/211/150 140/212/151 141/213/152
f 142/214/153 136/208/147 135/207/146
f 137/209/148 103/175/102 135/207/146
f 103/175/102 137/209/148 102/174/101
f 139/211/150 102/174/101 137/209/148
f 102/174/101 139/211/150 101/173/100
f 141/213/152 101/173/100 139/211/150
f 101/173/100 141/213/152 99/171/98
f 143/215/154 144/216/155 145/217/156
f 146/218/157 145/217/156 144/216/155
f 144/216/155 147/219/158 146/218/157
f 148/220/159 146/218/157 147/219/158
f 146/218/157 148/220/159 149/221/160
f 150/222/161 149/221/160 148/220/159
f 149/221/160 150/222/161 151/223/162
f 152/224/163 151/223/162 150/222/161
f 151/223/162 152/224/163 153/225/164
f 154/226/165 153/225/164 152/224/163
f 153/225/164 154/226/165 155/227/166
f 156/228/167 155/227/166 154/226/165
f 155/227/166 156/228/167 157/229/168
f 158/230/169 159/231/170 160/232/171
f 157/229/168 160/232/171 159/231/170
f 160/232/171 157/229/168 161/233/172
f 156/228/167 161/233/172 157/229/168
f 161/233/172 156/228/167 162/234/173
f 163/235/174 162/234/173 156/228/167
f 162/234/173 163/235/174 164/236/175
f 165/237/176 164/236/175 163/235/174
f 164/236/175 165/237/176 166/238/49
f 167/239/177 166/238/49 165/237/176
f 166/238/49 167/239/177 168/240/178
f 169/241/179 168/240/178 167/239/177
f 168/240/178 169/241/179 170/242/180
f 171/243/181 170/242/180 169/241/179
f 170/242/180 171/243/181 172/244/182
f 173/245/183 172/244/182 171/243/181
f 172/244/182 173/245/183 174/246/184
f 175/247/185 174/246/184 173/245/183
f 174/246/184 175/247/185 176/248/186
f 177/249/187 176/248/186 175/247/185
f 176/248/186 177/249/187 178/250/188
f 179/251/189 178/250/188 177/249/187
f 178/250/188 179/251/189 180/252/190
f 181/253/191 180/252/190 179/251/189
f 180/252/190 181/253/191 182/254/192
f 144/216/155 182/254/192 181/253/191
f 182/254/192 144/216/155 183/255/193
f 143/215/154 183/255/193 144/216/155
f 183/255/193 143/215/154 184/256/194
f 185/257/195 184/256/194 143/215/154
f 184/256/194 185/257/195 186/258/196
f 187/259/197 186/258/196 185/257/195
f 186/258/196 187/259/197 188/260/198
f 189/261/199 188/260/198 187/259/197
f 188/260/198 189/261/199 158/230/169
f 116/188/115 158/230/169 189/261/199
f 158/230/169 116/188/115 159/231/170
f 115/187/114 159/231/170 116/188/115
f 159/231/170 115/187/114 190/262/200
f 113/185/112 190/262/200 115/187/114
f 190/262/200 113/185/112 104/176/103
f 111/183/110 104/176/103 113/185/112
f 104/176/103 111/183/110 92/164/91
f 109/181/108 92/164/91 111/183/110
f 92/164/91 109/181/108 106/178/105
f 108/180/107 106/178/105 109/181/108
f 106/178/105 108/180/107 105/177/104
f 191/263/201 105/177/104 108/180/107
f 105/177/104 191/263/201 86/158/85
f 192/264/202 86/158/85 191/263/201
f 86/158/85 192/264/202 87/159/86
f 133/205/144 87/159/86 192/264/202
f 87/159/86 133/205/144 89/161/88
f 132/204/142 89/161/88 133/205/144
f 89/161/88 132/204/142 103/175/102
f 131/203/140 103/175/102 132/204/142
f 103/175/102 131/203/140 135/207/146
f 130/202/138 135/207/146 131/203/140
f 135/207/146 130/202/138 142/214/153
f 129/201/136 142/214/153 130/202/138
f 142/214/153 129/201/136 118/190/117
f 128/200/135 118/190/117 129/201/136
f 118/190/117 128/200/135 120/192/119
f 122/194/123 120/192/119 128/200/135
f 120/192/119 122/194/123 121/193/120
f 123/195/125 121/193/120 122/194/123
f 121/193/120 123/195/125 107/179/106
f 124/196/127 107/179/106 123/195/125
f 107/179/106 124/196/127 108/180/107
f 125/197/129 108/180/107 124/196/127
f 108/180/107 125/197/129 191/263/201
f 126/198/131 191/263/201 125/197/129
f 191/263/201 126/198/131 192/264/202
f 127/199/133 192/264/202 126/198/131
f 192/264/202 127/199/133 133/205/144
f 78/148/134 133/205/144 127/199/133
f 133/205/144 78/148/134 77/147/143
f 152/224/163 150/222/203 193/265/204
f 148/220/205 193/265/204 150/222/203
f 193/265/204 148/220/205 194/266/206
f 195/267/207 194/266/206 148/220/205
f 195/267/207 148/220/205 196/268/208
f 197/269/209 196/268/208 148/220/205
f 148/220/205 147/219/210 197/269/209
f 198/270/211 197/269/209 147/219/210
f 197/269/209 198/270/211 196/268/208
f 199/271/212 196/268/208 198/270/211
f 196/268/208 199/271/212 195/267/207
f 200/272/213 195/267/207 199/271/212
f 195/267/207 200/272/213 194/266/206
f 201/273/214 194/266/206 200/272/213
f 194/266/206 201/273/214 193/265/204
f 202/274/215 193/265/204 201/273/214
f 193/265/204 202/274/215 152/224/163
f 203/275/216 152/224/163 202/274/215
f 152/224/163 203/275/216 154/226/165
f 204/276/217 154/226/165 203/275/216
f 154/226/165 204/276/217 156/228/167
f 171/243/181 156/228/167 204/276/217
f 156/228/167 171/243/181 163/235/174
f 169/241/179 163/235/174 171/243/181
f 163/235/174 169/241/179 165/237/176
f 167/239/177 165/237/176 169/241/179
f 161/233/172 162/234/173 205/277/218
f 164/236/175 205/277/218 162/234/173
f 205/277/218 164/236/175 206/278/219
f 166/238/49 206/278/219 164/236/175
f 160/232/171 161/233/172 207/279/220
f 205/277/218 207/279/220 161/233/172
f 207/279/220 205/277/218 208/280/221
f 206/278/219 208/280/221 205/277/218
f 208/280/221 206/278/219 209/281/222
f 166/238/49 209/281/222 206/278/219
f 209/281/222 166/238/49 210/282/223
f 211/283/224 210/282/223 166/238/49
f 210/282/223 211/283/224 212/284/225
f 213/285/226 212/284/225 211/283/224
f 212/284/225 213/285/226 214/286/227
f 215/287/228 214/286/227 213/285/226
f 214/286/227 215/287/228 216/288/229
f 186/258/196 188/260/198 217/289/230
f 189/261/199 134/206/145 116/188/115
f 147/219/210 144/216/155 198/270/211
f 181/253/191 198/270/211 144/216/155
f 198/270/211 181/253/191 199/271/212
f 179/251/189 199/271/212 181/253/191
f 199/271/212 179/251/189 200/272/213
f 177/249/187 200/272/213 179/251/189
f 200/272/213 177/249/187 201/273/214
f 175/247/185 201/273/214 177/249/187
f 201/273/214 175/247/185 202/274/215
f 173/245/183 202/274/215 175/247/185
f 202/274/215 173/245/183 203/275/216
f 171/243/181 203/275/216 173/245/183
f 203/275/216 171/243/181 204/276/217
f 174/246/184 176/248/186 218/290/231
f 219/291/232 218/290/231 176/248/186
f 218/290/231 219/291/232 220/292/233
f 221/293/234 220/292/233 219/291/232
f 172/244/182 174/246/184 170/242/180
f 218/290/231 170/242/180 174/246/184
f 170/242/180 218/290/231 168/240/178
f 220/292/233 168/240/178 218/290/231
f 168/240/178 220/292/233 166/238/49
f 221/293/234 166/238/49 220/292/233
f 207/279/220 208/280/221 222/294/235
f 212/284/225 222/294/235 208/280/221
f 222/294/235 212/284/225 214/286/227
f 178/250/188 180/252/190 223/295/236
f 224/296/237 223/295/236 180/252/190
f 223/295/236 224/296/237 225/297/238
f 226/298/239 225/297/238 224/296/237
f 176/248/186 178/250/188 219/291/232
f 223/295/236 219/291/232 178/250/188
f 219/291/232 223/295/236 221/293/234
f 225/297/238 221/293/234 223/295/236
f 221/293/234 225/297/238 166/238/49
f 226/298/239 166/238/49 225/297/238
f 166/238/49 226/298/239 211/283/224
f 224/296/237 211/283/224 226/298/239
f 211/283/224 224/296/237 213/285/226
f 180/252/190 213/285/226 224/296/237
f 213/285/226 180/252/190 215/287/228
f 182/254/192 215/287/228 180/252/190
f 215/287/228 182/254/192 216/288/229
f 183/255/193 216/288/229 182/254/192
f 216/288/229 183/255/193 214/286/227
f 184/256/194 214/286/227 183/255/193
f 214/286/227 184/256/194 222/294/235
f 186/258/196 222/294/235 184/256/194
f 222/294/235 186/258/196 207/279/220
f 217/289/230 207/279/220 186/258/196
f 207/279/220 217/289/230 160/232/171
f 188/260/198 160/232/171 217/289/230
f 160/232/171 188/260/198 158/230/169
f 212/284/225 208/280/221 210/282/223
f 209/281/222 210/282/223 208/280/221
f 157/229/168 159/231/170 155/227/166
f 190/262/200 155/227/166 159/231/170
f 155/227/166 190/262/200 153/225/164
f 104/176/103 153/225/164 190/262/200
f 153/225/164 104/176/103 151/223/162
f 91/163/90 151/223/162 104/176/103
f 151/223/162 91/163/90 149/221/160
f 93/165/92 149/221/160 91/163/90
f 149/221/160 93/165/92 146/218/157
f 95/167/94 146/218/157 93/165/92
f 146/218/157 95/167/94 145/217/156
f 97/169/96 145/217/156 95/167/94
f 145/217/156 97/169/96 143/215/154
f 99/171/98 143/215/154 97/169/96
f 143/215/154 99/171/98 185/257/195
f 141/213/152 185/257/195 99/171/98
f 185/257/195 141/213/152 187/259/197
f 140/212/151 187/259/197 141/213/152
f 187/259/197 140/212/151 189/261/199
f 138/210/149 189/261/199 140/212/151
f 189/261/199 138/210/149 134/206/145
f 136/208/147 134/206/145 138/210/149
f 134/206/145 136/208/147 117/189/116
f 142/214/153 117/189/116 136/208/147
f 117/189/116 142/214/153 118/190/117
f 227/299/240 228/300/241 229/301/242
f 230/302/243 229/301/242 228/300/241
f 229/301/242 230/302/243 231/303/244
f 232/304/245 227/299/240 233/305/246
f 229/301/242 233/305/246 227/299/240
f 233/305/246 229/301/242 234/306/247
f 235/307/248 234/306/247 229/301/242
f 234/306/247 235/307/248 236/308/249
f 237/309/250 236/308/249 235/307/248
f 236/308/249 237/309/250 238/310/251
f 239/311/252 238/310/251 237/309/250
f 238/310/251 239/311/252 240/312/253
f 241/313/254 240/312/253 239/311/252
f 240/312/253 241/313/254 242/314/255
f 232/304/245 233/305/246 243/315/256
f 244/316/257 243/315/256 233/305/246
f 243/315/256 244/316/257 245/317/258
f 246/318/259 245/317/258 244/316/257
f 245/317/258 246/318/259 247/319/260
f 248/320/261 247/319/260 246/318/259
f 247/319/260 248/320/261 249/321/262
f 250/322/263 249/321/262 248/320/261
f 249/321/262 250/322/263 251/323/264
f 252/324/265 251/323/264 250/322/263
f 251/323/264 252/324/265 253/325/266
f 254/326/267 253/325/266 252/324/265
f 253/325/266 254/326/267 255/327/268
f 232/304/245 243/315/256 256/328/269
f 245/317/258 256/328/269 243/315/256
f 256/328/269 245/317/258 247/319/260
f 234/306/247 244/316/257 233/305/246
f 244/316/257 234/306/247 257/329/270
f 236/308/249 257/329/270 234/306/247
f 257/329/270 236/308/249 258/330/271
f 238/310/251 258/330/271 236/308/249
f 258/330/271 238/310/251 240/312/253
f 257/329/270 259/331/272 244/316/257
f 260/332/273 244/316/257 259/331/272
f 244/316/257 260/332/273 246/318/259
f 261/333/274 246/318/259 260/332/273
f 246/318/259 261/333/274 248/320/261
f 262/334/275 248/320/261 261/333/274
f 248/320/261 262/334/275 250/322/263
f 254/326/267 250/322/263 262/334/275
f 250/322/263 254/326/267 252/324/265
f 263/335/276 264/336/277 265/337/278
f 266/338/279 265/337/278 264/336/277
f 265/337/278 266/338/279 267/339/280
f 268/340/281 267/339/280 266/338/279
f 267/339/280 268/340/281 269/341/282
f 270/342/283 271/343/284 272/344/285
f 273/345/286 272/344/285 271/343/284
f 272/344/285 273/345/286 274/346/287
f 275/347/288 273/345/286 276/348/289
f 271/343/284 276/348/289 273/345/286
f 276/348/289 271/343/284 277/349/290
f 270/342/283 277/349/290 271/343/284
f 277/349/290 270/342/283 251/323/264
f 263/335/276 251/323/264 270/342/283
f 251/323/264 263/335/276 249/321/262
f 265/337/278 249/321/262 263/335/276
f 249/321/262 265/337/278 247/319/260
f 267/339/280 247/319/260 265/337/278
f 247/319/260 267/339/280 256/328/269
f 269/341/282 256/328/269 267/339/280
f 256/328/269 269/341/282 232/304/245
f 278/350/291 232/304/245 269/341/282
f 232/304/245 278/350/291 227/299/240
f 279/351/292 227/299/240 278/350/291
f 227/299/240 279/351/292 228/300/241
f 280/352/293 228/300/241 279/351/292
f 228/300/241 280/352/293 230/302/243
f 281/353/294 230/302/243 280/352/293
f 235/307/248 229/301/242 237/309/250
f 231/303/244 237/309/250 229/301/242
f 282/354/295 274/346/287 283/355/296
f 273/345/286 283/355/296 274/346/287
f 283/355/296 273/345/286 284/356/297
f 275/347/288 284/356/297 273/345/286
f 284/356/297 275/347/288 285/357/298
f 286/358/299 285/357/298 275/347/288
f 285/357/298 286/358/299 287/359/300
f 255/327/268 287/359/300 286/358/299
f 287/359/300 255/327/268 288/360/301
f 254/326/267 288/360/301 255/327/268
f 288/360/301 254/326/267 289/361/302
f 262/334/275 289/361/302 254/326/267
f 289/361/302 262/334/275 290/362/303
f 261/333/274 290/362/303 262/334/275
f 290/362/303 261/333/274 291/363/304
f 260/332/273 291/363/304 261/333/274
f 291/363/304 260/332/273 292/364/305
f 259/331/272 292/364/305 260/332/273
f 292/364/305 259/331/272 293/365/306
f 257/329/270 293/365/306 259/331/272
f 293/365/306 257/329/270 294/366/307
f 258/330/271 294/366/307 257/329/270
f 294/366/307 258/330/271 295/367/308
f 240/312/253 295/367/308 258/330/271
f 295/367/308 240/312/253 296/368/309
f 242/314/255 296/368/309 240/312/253
f 296/368/309 242/314/255 297/369/310
f 298/370/311 297/369/310 242/314/255
f 297/369/310 298/370/311 299/371/312
f 300/372/313 299/371/312 298/370/311
f 299/371/312 300/372/313 301/373/314
f 302/374/315 301/373/314 300/372/313
f 301/373/314 302/374/315 303/375/49
f 304/376/316 303/375/49 302/374/315
f 303/375/49 304/376/316 305/377/224
f 306/378/317 305/377/224 304/376/316
f 305/377/224 306/378/317 307/379/226
f 308/380/318 307/379/226 306/378/317
f 307/379/226 308/380/318 309/381/319
f 310/382/320 309/381/319 308/380/318
f 281/353/294 311/383/321 230/302/243
f 282/354/295 230/302/243 311/383/321
f 230/302/243 282/354/295 231/303/244
f 283/355/296 231/303/244 282/354/295
f 231/303/244 283/355/296 237/309/250
f 284/356/297 237/309/250 283/355/296
f 237/309/250 284/356/297 239/311/252
f 285/357/298 239/311/252 284/356/297
f 239/311/252 285/357/298 241/313/254
f 312/384/322 241/313/254 285/357/298
f 241/313/254 312/384/322 242/314/255
f 313/385/323 242/314/255 312/384/322
f 242/314/255 313/385/323 298/370/311
f 314/386/324 298/370/311 313/385/323
f 298/370/311 314/386/324 315/387/325
f 316/388/326 315/387/325 314/386/324
f 315/387/325 316/388/326 308/380/318
f 317/389/327 308/380/318 316/388/326
f 308/380/318 317/389/327 310/382/320
f 318/390/328 310/382/320 317/389/327
f 310/382/320 318/390/328 309/381/319
f 319/391/329 309/381/319 318/390/328
f 309/381/319 319/391/329 307/379/226
f 320/392/225 307/379/226 319/391/329
f 307/379/226 320/392/225 305/377/224
f 321/393/223 305/377/224 320/392/225
f 305/377/224 321/393/223 303/375/49
f 322/394/330 303/375/49 321/393/223
f 303/375/49 322/394/330 323/395/219
f 324/396/331 323/395/219 322/394/330
f 323/395/219 324/396/331 325/397/332
f 326/398/333 325/397/332 324/396/331
f 325/397/332 326/398/333 327/399/334
f 328/400/335 327/399/334 326/398/333
f 327/399/334 328/400/335 329/401/336
f 330/402/337 329/401/336 328/400/335
f 329/401/336 330/402/337 331/403/338
f 332/404/339 331/403/338 330/402/337
f 331/403/338 332/404/339 333/405/340
f 334/406/341 333/405/340 332/404/339
f 333/405/340 334/406/341 335/407/342
f 336/408/343 335/407/342 334/406/341
f 335/407/342 336/408/343 337/409/344
f 338/410/345 337/409/344 336/408/343
f 337/409/344 338/410/345 339/411/346
f 340/412/347 339/411/346 338/410/345
f 339/411/346 340/412/347 341/413/348
f 342/414/349 341/413/348 340/412/347
f 341/413/348 342/414/349 343/415/350
f 344/416/351 343/415/350 342/414/349
f 343/415/350 344/416/351 345/417/175
f 346/418/352 345/417/175 344/416/351
f 345/417/175 346/418/352 303/375/49
f 347/419/353 303/375/49 346/418/352
f 303/375/49 347/419/353 348/420/178
f 349/421/354 348/420/178 347/419/353
f 348/420/178 349/421/354 350/422/180
f 351/423/355 350/422/180 349/421/354
f 350/422/180 351/423/355 352/424/356
f 353/425/357 352/424/356 351/423/355
f 352/424/356 353/425/357 354/426/358
f 355/427/359 354/426/358 353/425/357
f 354/426/358 355/427/359 356/428/360
f 338/410/345 356/428/360 355/427/359
f 356/428/360 338/410/345 336/408/343
f 338/410/345 355/427/359 340/412/347
f 351/423/355 340/412/347 355/427/359
f 340/412/347 351/423/355 342/414/349
f 349/421/354 342/414/349 351/423/355
f 342/414/349 349/421/354 344/416/351
f 347/419/353 344/416/351 349/421/354
f 344/416/351 347/419/353 346/418/352
f 328/400/335 357/429/361 330/402/337
f 358/430/362 330/402/337 357/429/361
f 330/402/337 358/430/362 332/404/339
f 359/431/363 332/404/339 358/430/362
f 357/429/361 360/432/364 358/430/362
f 361/433/365 358/430/362 360/432/364
f 358/430/362 361/433/365 359/431/363
f 334/406/341 359/431/363 361/433/365
f 359/431/363 334/406/341 332/404/339
f 253/325/266 255/327/268 276/348/289
f 286/358/299 276/348/289 255/327/268
f 276/348/289 286/358/299 275/347/288
f 312/384/322 285/357/298 287/359/300
f 296/368/309 352/424/356 295/367/308
f 354/426/358 295/367/308 352/424/356
f 295/367/308 354/426/358 294/366/307
f 356/428/360 294/366/307 354/426/358
f 294/366/307 356/428/360 293/365/306
f 362/434/366 293/365/306 356/428/360
f 293/365/306 362/434/366 292/364/305
f 334/406/341 292/364/305 362/434/366
f 292/364/305 334/406/341 291/363/304
f 361/433/365 291/363/304 334/406/341
f 291/363/304 361/433/365 360/432/364
f 319/391/329 326/398/333 320/392/225
f 324/396/331 320/392/225 326/398/333
f 320/392/225 324/396/331 321/393/223
f 322/394/330 321/393/223 324/396/331
f 308/380/318 306/378/317 315/387/325
f 300/372/313 315/387/325 306/378/317
f 315/387/325 300/372/313 298/370/311
f 297/369/310 299/371/312 363/435/367
f 301/373/314 363/435/367 299/371/312
f 363/435/367 301/373/314 364/436/368
f 302/374/315 300/372/313 304/376/316
f 306/378/317 304/376/316 300/372/313
f 301/373/314 303/375/49 364/436/368
f 348/420/178 364/436/368 303/375/49
f 364/436/368 348/420/178 363/435/367
f 350/422/180 363/435/367 348/420/178
f 363/435/367 350/422/180 297/369/310
f 352/424/356 297/369/310 350/422/180
f 297/369/310 352/424/356 296/368/309
f 303/375/49 323/395/219 345/417/175
f 325/397/332 345/417/175 323/395/219
f 345/417/175 325/397/332 343/415/350
f 327/399/334 343/415/350 325/397/332
f 343/415/350 327/399/334 341/413/348
f 329/401/336 341/413/348 327/399/334
f 341/413/348 329/401/336 339/411/346
f 331/403/338 339/411/346 329/401/336
f 339/411/346 331/403/338 337/409/344
f 333/405/340 337/409/344 331/403/338
f 337/409/344 333/405/340 335/407/342
f 313/385/323 312/384/322 314/386/324
f 353/425/357 351/423/355 355/427/359
f 312/384/322 287/359/300 314/386/324
f 288/360/301 314/386/324 287/359/300
f 314/386/324 288/360/301 316/388/326
f 289/361/302 316/388/326 288/360/301
f 316/388/326 289/361/302 317/389/327
f 360/432/364 317/389/327 289/361/302
f 317/389/327 360/432/364 318/390/328
f 357/429/361 318/390/328 360/432/364
f 318/390/328 357/429/361 319/391/329
f 328/400/335 319/391/329 357/429/361
f 319/391/329 328/400/335 326/398/333
f 276/348/289 277/349/290 253/325/266
f 251/323/264 253/325/266 277/349/290
f 289/361/302 290/362/303 360/432/364
f 291/363/304 360/432/364 290/362/303
f 356/428/360 336/408/343 362/434/366
f 334/406/341 362/434/366 336/408/343
f 365/437/369 366/438/370 367/439/371
f 368/440/371 367/439/371 366/438/370
f 367/439/371 368/440/371 369/441/372
f 370/442/369 371/443/370 367/439/371
f 372/444/372 367/439/371 371/443/370
f 367/439/371 372/444/372 365/437/369
f 373/445/369 374/446/370 367/439/371
f 375/447/371 367/439/371 374/446/370
f 367/439/371 375/447/371 370/442/369
f 369/441/372 376/448/369 367/439/371
f 377/449/371 367/439/371 376/448/369
f 367/439/371 377/449/371 373/445/369
f 311/383/321 371/443/373 378/450/374
f 370/442/375 378/450/374 371/443/373
f 378/450/374 370/442/375 379/451/376
f 375/447/377 379/451/376 370/442/375
f 379/451/376 375/447/377 380/452/378
f 374/446/379 380/452/378 375/447/377
f 380/452/378 374/446/379 264/336/277
f 373/445/380 264/336/277 374/446/379
f 264/336/277 373/445/380 266/338/279
f 377/449/381 266/338/279 373/445/380
f 266/338/279 377/449/381 268/340/281
f 376/448/382 268/340/281 377/449/381
f 268/340/281 376/448/382 269/341/282
f 369/441/383 269/341/282 376/448/382
f 269/341/282 369/441/383 278/350/291
f 368/440/384 278/350/291 369/441/383
f 278/350/291 368/440/384 279/351/292
f 366/438/385 279/351/292 368/440/384
f 279/351/292 366/438/385 280/352/293
f 365/437/386 280/352/293 366/438/385
f 280/352/293 365/437/386 281/353/294
f 372/444/387 281/353/294 365/437/386
f 281/353/294 372/444/387 371/443/373
f 311/383/321 281/353/294 371/443/373
f 282/354/295 311/383/321 274/346/287
f 378/450/374 274/346/287 311/383/321
f 274/346/287 378/450/374 272/344/285
f 379/451/376 272/344/285 378/450/374
f 272/344/285 379/451/376 380/452/378
f 272/344/285 380/452/378 270/342/283
f 264/336/277 270/342/283 380/452/378
f 270/342/283 264/336/277 263/335/276
f 381/453/388 382/454/388 383/455/388
f 382/456/49 384/457/49 385/458/49
f 386/459/49 385/458/49 384/457/49
f 385/458/49 386/459/49 387/460/49
f 388/461/49 387/460/49 386/459/49
f 389/462/389 388/463/389 390/464/389
f 391/465/47 392/466/390 393/467/47
f 394/468/391 393/467/47 392/466/390
f 393/467/47 394/468/391 395/469/47
f 396/470/392 395/469/47 394/468/391
f 395/469/47 396/470/392 397/471/47
f 398/472/392 397/471/47 396/470/392
f 390/464/393 391/465/47 399/473/394
f 393/467/47 399/473/394 391/465/47
f 399/473/394 393/467/47 400/474/395
f 395/469/47 400/474/395 393/467/47
f 400/474/395 395/469/47 401/475/396
f 397/471/47 401/475/396 395/469/47
f 389/462/397 390/464/393 402/476/398
f 399/473/394 402/476/398 390/464/393
f 402/476/398 399/473/394 403/477/397
f 400/474/395 403/477/397 399/473/394
f 403/477/397 400/474/395 404/478/397
f 401/475/396 404/478/397 400/474/395
f 404/478/397 401/475/396 405/479/399
f 397/471/47 405/479/399 401/475/396
f 405/479/399 397/471/47 406/480/47
f 398/472/392 406/480/47 397/471/47
f 406/480/47 398/472/392 407/481/390
f 408/482/400 407/481/390 398/472/392
f 409/483/47 405/479/399 410/484/47
f 406/480/47 410/484/47 405/479/399
f 410/484/47 406/480/47 411/485/47
f 407/481/390 411/485/47 406/480/47
f 392/466/390 412/486/401 394/468/391
f 413/487/402 394/468/391 412/486/401
f 394/468/391 413/487/402 396/470/392
f 414/488/400 396/470/392 413/487/402
f 396/470/392 414/488/400 398/472/392
f 408/482/400 398/472/392 414/488/400
f 415/489/403 416/490/404 417/491/403
f 418/492/403 417/491/403 416/490/404
f 417/491/403 418/492/403 419/493/403
f 420/494/405 419/493/403 418/492/403
f 421/495/406 422/496/403 423/497/406
f 424/498/403 423/497/406 422/496/403
f 423/497/406 424/498/403 425/499/407
f 426/500/403 425/499/407 424/498/403
f 425/499/407 426/500/403 427/501/405
f 428/502/403 427/501/405 426/500/403
f 427/501/405 429/503/408 425/499/407
f 430/504/409 425/499/407 429/503/408
f 425/499/407 430/504/409 423/497/406
f 431/505/410 423/497/406 430/504/409
f 423/497/406 431/505/410 421/495/406
f 432/506/410 421/495/406 431/505/410
f 383/455/411 428/502/403 433/507/412
f 426/500/403 433/507/412 428/502/403
f 433/507/412 426/500/403 434/508/413
f 424/498/403 434/508/413 426/500/403
f 434/508/413 424/498/403 435/509/414
f 422/496/403 435/509/414 424/498/403
f 381/453/415 383/455/411 436/510/416
f 433/507/412 436/510/416 383/455/411
f 436/510/416 433/507/412 437/511/415
f 434/508/413 437/511/415 433/507/412
f 437/511/415 434/508/413 438/512/415
f 435/509/414 438/512/415 434/508/413
f 438/512/415 435/509/414 416/490/404
f 422/496/403 416/490/404 435/509/414
f 416/490/404 422/496/403 418/492/403
f 421/495/406 418/492/403 422/496/403
f 418/492/403 421/495/406 420/494/405
f 432/506/410 420/494/405 421/495/406
f 381/513/417 412/514/417 382/456/417
f 384/457/417 382/456/417 412/514/417
f 389/515/418 429/516/418 388/461/418
f 387/460/418 388/461/418 429/516/418
f 384/517/419 392/466/419 386/518/419
f 391/465/419 386/518/419 392/466/419
f 386/518/419 391/465/419 388/463/419
f 390/464/419 388/463/419 391/465/419
f 392/466/420 384/517/420 412/486/420
f 383/455/421 382/454/421 428/502/421
f 385/519/421 428/502/421 382/454/421
f 428/502/421 385/519/421 427/501/421
f 387/520/421 427/501/421 385/519/421
f 427/501/422 387/520/422 429/503/422
f 412/514/423 381/513/423 413/521/423
f 436/522/423 413/521/423 381/513/423
f 413/521/423 436/522/423 414/523/423
f 437/524/423 414/523/423 436/522/423
f 414/523/423 437/524/423 408/525/423
f 438/526/423 408/525/423 437/524/423
f 408/525/423 438/526/423 407/527/424
f 416/528/425 407/527/424 438/526/423
f 407/527/424 416/528/425 411/529/39
f 415/530/39 411/529/39 416/528/425
f 429/516/426 389/515/426 430/531/426
f 402/532/426 430/531/426 389/515/426
f 430/531/426 402/532/426 431/533/426
f 403/534/426 431/533/426 402/532/426
f 431/533/426 403/534/426 432/535/426
f 404/536/426 432/535/426 403/534/426
f 432/535/426 404/536/426 420/537/427
f 405/538/428 420/537/427 404/536/426
f 420/537/427 405/538/428 419/539/71
f 409/540/71 419/539/71 405/538/428
f 411/529/50 415/530/50 410/541/50
f 417/542/50 410/541/50 415/530/50
f 410/541/50 417/542/50 409/540/50
f 419/539/50 409/540/50 417/542/50
f 439/543/429 440/544/430 441/545/431
f 442/546/432 441/545/431 440/544/430
f 441/545/431 442/546/432 443/547/433
f 444/548/434 443/547/433 442/546/432
f 443/547/433 444/548/434 445/549/435
f 446/550/436 445/549/435 444/548/434
f 445/549/435 446/550/436 447/551/437
f 448/552/438 447/551/437 446/550/436
f 447/551/437 448/552/438 449/553/439
f 450/554/440 449/553/439 448/552/438
f 449/553/439 450/554/440 451/555/441
f 452/556/442 451/555/441 450/554/440
f 451/555/441 452/556/442 453/557/443
f 454/558/444 453/557/443 452/556/442
f 453/557/443 454/558/444 439/543/429
f 440/544/430 439/543/429 454/558/444
f 455/559/445 456/560/445 457/561/446
f 458/562/447 457/561/446 456/560/445
f 457/561/446 458/562/447 459/563/448
f 460/564/449 459/563/448 458/562/447
f 459/563/448 460/564/449 461/565/450
f 462/566/451 461/565/450 460/564/449
f 461/565/450 462/566/451 463/567/452
f 464/568/453 463/567/452 462/566/451
f 463/567/452 464/568/453 465/569/454
f 466/570/455 465/569/454 464/568/453
f 465/569/454 466/570/455 467/571/456
f 468/572/457 467/571/456 466/570/455
f 467/571/456 468/572/457 469/573/458
f 470/574/459 469/573/458 468/572/457
f 469/573/458 470/574/459 471/575/460
f 472/576/460 471/575/460 470/574/459
f 456/560/461 455/559/462 473/577/463
f 474/578/464 473/577/463 455/559/462
f 473/577/463 474/578/464 475/579/465
f 476/580/466 475/579/465 474/578/464
f 475/579/465 476/580/466 477/581/467
f 478/582/468 477/581/467 476/580/466
f 477/581/467 478/582/468 479/583/469
f 480/584/470 479/583/469 478/582/468
f 479/583/469 480/584/470 481/585/471
f 482/586/472 481/585/471 480/584/470
f 481/585/471 482/586/472 472/576/473
f 471/575/474 472/576/473 482/586/472
f 455/559/475 457/561/476 474/578/477
f 459/563/478 474/578/477 457/561/476
f 474/578/477 459/563/478 476/580/479
f 461/565/479 476/580/479 459/563/478
f 476/580/479 461/565/479 478/582/480
f 463/567/480 478/582/480 461/565/479
f 478/582/480 463/567/480 480/584/479
f 465/569/479 480/584/479 463/567/480
f 480/584/479 465/569/479 482/586/481
f 467/571/482 482/586/481 465/569/479
f 482/586/481 467/571/482 471/575/483
f 469/573/484 471/575/483 467/571/482
f 458/562/485 456/560/486 460/564/487
f 473/577/488 460/564/487 456/560/486
f 460/564/487 473/577/488 462/566/489
f 475/579/489 462/566/489 473/577/488
f 462/566/489 475/579/489 464/568/489
f 477/581/490 464/568/489 475/579/489
f 464/568/489 477/581/490 466/570/491
f 479/583/489 466/570/491 477/581/490
f 466/570/491 479/583/489 468/572/489
f 481/585/492 468/572/489 479/583/489
f 468/572/489 481/585/492 470/574/493
f 472/576/494 470/574/493 481/585/492
f 453/557/495 439/543/496 451/555/497
f 441/545/498 451/555/497 439/543/496
f 451/555/497 441/545/498 449/553/499
f 443/547/500 445/549/501 441/545/502
f 447/551/503 441/545/502 445/549/501
f 441/545/502 447/551/503 449/553/504
f 483/587/505 484/588/506 485/589/507
f 486/590/508 485/589/507 484/588/506
f 485/589/507 486/590/508 487/591/509
f 488/592/510 487/591/509 486/590/508
f 487/591/509 488/592/510 489/593/511
f 490/594/512 489/593/511 488/592/510
f 489/593/511 490/594/512 491/595/513
f 492/596/514 491/595/513 490/594/512
f 491/595/513 492/596/514 493/597/515
f 494/598/516 493/597/515 492/596/514
f 493/597/515 494/598/516 495/599/517
f 496/600/518 495/599/517 494/598/516
f 495/599/517 496/600/518 497/601/519
f 498/602/520 497/601/519 496/600/518
f 497/601/519 498/602/520 483/587/505
f 484/588/506 483/587/505 498/602/520
f 499/603/521 500/604/521 501/605/522
f 502/606/523 501/605/522 500/604/521
f 501/605/522 502/606/523 503/607/524
f 504/608/525 503/607/524 502/606/523
f 503/607/524 504/608/525 505/609/526
f 506/610/527 505/609/526 504/608/525
f 505/609/526 506/610/527 507/611/528
f 508/612/529 507/611/528 506/610/527
f 507/611/528 508/612/529 509/613/530
f 510/614/531 509/613/530 508/612/529
f 509/613/530 510/614/531 511/615/532
f 512/616/533 511/615/532 510/614/531
f 511/615/532 512/616/533 513/617/534
f 514/618/535 513/617/534 512/616/533
f 513/617/534 514/618/535 515/619/536
f 516/620/536 515/619/536 514/618/535
f 500/604/537 499/603/538 517/621/539
f 518/622/540 517/621/539 499/603/538
f 517/621/539 518/622/540 519/623/541
f 520/624/542 519/623/541 518/622/540
f 519/623/541 520/624/542 521/625/543
f 522/626/544 521/625/543 520/624/542
f 521/625/543 522/626/544 523/627/545
f 524/628/546 523/627/545 522/626/544
f 523/627/545 524/628/546 525/629/547
f 526/630/548 525/629/547 524/628/546
f 525/629/547 526/630/548 516/620/549
f 515/619/549 516/620/549 526/630/548
f 500/604/550 517/621/551 502/606/552
f 502/606/552 517/621/551 504/608/553
f 519/623/554 504/608/553 517/621/551
f 504/608/553 519/623/554 506/610/554
f 521/625/555 506/610/554 519/623/554
f 506/610/554 521/625/555 508/612/555
f 523/627/554 508/612/555 521/625/555
f 508/612/555 523/627/554 510/614/554
f 525/629/556 510/614/554 523/627/554
f 510/614/554 525/629/556 512/616/557
f 516/620/558 512/616/557 525/629/556
f 512/616/557 516/620/558 514/618/559
f 499/603/560 501/605/561 518/622/562
f 503/607/563 518/622/562 501/605/561
f 518/622/562 503/607/563 520/624/563
f 505/609/563 520/624/563 503/607/563
f 520/624/563 505/609/563 522/626/563
f 507/611/564 522/626/563 505/609/563
f 522/626/563 507/611/564 524/628/565
f 509/613/563 524/628/565 507/611/564
f 524/628/565 509/613/563 526/630/566
f 511/615/567 526/630/566 509/613/563
f 526/630/566 511/615/567 515/619/568
f 513/617/569 515/619/568 511/615/567
f 491/595/570 483/587/571 489/593/572
f 485/589/573 489/593/572 483/587/571
f 489/593/572 485/589/573 487/591/574
f 491/595/575 493/597/576 483/587/577
f 495/599/578 483/587/577 493/597/576
f 483/587/577 495/599/578 497/601/579
f 527/631/580 528/632/581 529/633/582
f 530/634/583 529/633/582 528/632/581
f 529/633/582 530/634/583 531/635/584
f 532/636/585 531/635/584 530/634/583
f 531/635/584 532/636/585 533/637/586
f 534/638/587 533/637/586 532/636/585
f 533/637/586 534/638/587 535/639/588
f 536/640/589 537/641/590 538/642/591
f 527/631/580 538/642/591 537/641/590
f 538/642/591 527/631/580 539/643/592
f 529/633/582 539/643/592 527/631/580
f 539/643/592 529/633/582 540/644/593
f 531/635/584 540/644/593 529/633/582
f 540/644/593 531/635/584 541/645/594
f 533/637/586 541/645/594 531/635/584
f 541/645/594 533/637/586 542/646/595
f 543/647/596 542/646/595 533/637/586
f 542/646/595 543/647/596 544/648/597
f 545/649/598 544/648/597 543/647/596
f 544/648/597 545/649/598 546/650/599
f 547/651/600 546/650/599 545/649/598
f 536/640/589 538/642/591 548/652/601
f 549/653/602 548/652/601 538/642/591
f 548/652/601 549/653/602 550/654/603
f 551/655/604 550/654/603 549/653/602
f 550/654/603 551/655/604 552/656/605
f 553/657/606 552/656/605 551/655/604
f 554/658/607 555/659/608 556/660/609
f 557/661/610 556/660/609 555/659/608
f 556/660/609 557/661/610 558/662/611
f 554/658/607 559/663/612 560/664/613
f 561/665/614 560/664/613 559/663/612
f 560/664/613 561/665/614 547/651/615
f 562/666/616 547/651/615 561/665/614
f 547/651/615 562/666/616 546/650/617
f 544/648/618 546/650/617 562/666/616
f 563/667/619 545/649/598 564/668/620
f 543/647/596 564/668/620 545/649/598
f 564/668/620 543/647/596 565/669/621
f 533/637/586 565/669/621 543/647/596
f 565/669/621 533/637/586 566/670/622
f 535/639/588 566/670/622 533/637/586
f 539/643/592 567/671/623 538/642/591
f 568/672/624 538/642/591 567/671/623
f 538/642/591 568/672/624 549/653/602
f 551/655/604 549/653/602 568/672/624
f 568/672/624 569/673/625 551/655/626
f 570/674/627 551/655/626 569/673/625
f 551/655/626 570/674/627 571/675/628
f 572/676/629 571/675/628 570/674/627
f 571/675/628 572/676/629 573/677/630
f 557/661/631 573/677/630 572/676/629
f 573/677/630 557/661/631 555/659/608
f 574/678/632 558/662/633 575/679/634
f 557/661/631 575/679/634 558/662/633
f 575/679/634 557/661/631 572/676/629
f 576/680/635 577/681/636 578/682/637
f 579/683/638 578/682/637 577/681/636
f 578/682/637 579/683/638 580/684/639
f 581/685/640 580/684/639 579/683/638
f 580/684/639 581/685/640 582/686/641
f 583/687/642 582/686/641 581/685/640
f 582/686/641 583/687/642 558/662/611
f 584/688/643 558/662/611 583/687/642
f 558/662/611 584/688/643 556/660/609
f 559/663/644 556/660/609 584/688/643
f 556/660/609 559/663/644 554/658/607
f 585/689/645 586/690/646 578/682/637
f 587/691/647 578/682/637 586/690/646
f 578/682/637 587/691/647 576/680/635
f 588/692/648 585/689/645 578/682/637
f 589/693/649 590/694/650 578/682/637
f 591/695/651 578/682/637 590/694/650
f 578/682/637 591/695/651 588/692/648
f 592/696/652 589/693/649 578/682/637
f 580/684/639 593/697/653 578/682/637
f 594/698/654 578/682/637 593/697/653
f 578/682/637 594/698/654 592/696/652
f 584/688/643 583/687/642 559/663/644
f 595/699/655 596/700/656 597/701/657
f 598/702/658 597/701/657 596/700/656
f 599/703/659 597/701/657 600/704/660
f 598/702/658 600/704/660 597/701/657
f 600/704/660 598/702/658 551/655/604
f 596/700/656 551/655/604 598/702/658
f 551/655/604 596/700/656 553/657/606
f 595/699/655 553/657/606 596/700/656
f 599/703/661 555/659/608 601/705/662
f 554/658/607 601/705/662 555/659/608
f 601/705/662 554/658/607 602/706/663
f 560/664/613 602/706/663 554/658/607
f 602/706/663 560/664/613 603/707/664
f 547/651/615 603/707/664 560/664/613
f 603/707/664 547/651/615 604/708/665
f 555/659/608 599/703/661 600/704/666
f 605/709/667 604/708/668 606/710/669
f 604/708/668 547/651/600 606/710/669
f 545/649/598 606/710/669 547/651/600
f 606/710/669 545/649/598 607/711/670
f 563/667/619 607/711/670 545/649/598
f 607/711/670 563/667/619 608/712/671
f 564/668/620 608/712/671 563/667/619
f 608/712/671 564/668/620 609/713/672
f 565/669/621 609/713/672 564/668/620
f 609/713/672 565/669/621 610/714/673
f 566/670/622 610/714/673 565/669/621
f 610/714/673 566/670/622 611/715/674
f 535/639/588 611/715/674 566/670/622
f 611/715/674 535/639/588 612/716/675
f 534/638/587 612/716/675 535/639/588
f 612/716/675 534/638/587 613/717/676
f 532/636/585 613/717/676 534/638/587
f 613/717/676 532/636/585 614/718/677
f 530/634/583 614/718/677 532/636/585
f 614/718/677 530/634/583 615/719/678
f 528/632/581 615/719/678 530/634/583
f 615/719/678 528/632/581 616/720/679
f 537/641/590 616/720/679 528/632/581
f 616/720/679 537/641/590 617/721/680
f 536/640/589 617/721/680 537/641/590
f 617/721/680 536/640/589 618/722/681
f 548/652/601 618/722/681 536/640/589
f 618/722/681 548/652/601 619/723/682
f 550/654/603 619/723/682 548/652/601
f 619/723/682 550/654/603 620/724/683
f 552/656/605 620/724/683 550/654/603
f 620/724/683 552/656/605 621/725/684
f 553/657/606 621/725/684 552/656/605
f 621/725/684 553/657/606 622/726/685
f 595/699/655 622/726/685 553/657/606
f 551/655/626 571/675/628 600/704/666
f 573/677/630 600/704/666 571/675/628
f 600/704/666 573/677/630 555/659/608
f 528/632/581 527/631/580 537/641/590
f 605/709/667 606/710/669 623/727/686
f 607/711/670 623/727/686 606/710/669
f 623/727/686 607/711/670 608/712/671
f 574/678/632 582/686/687 558/662/633
f 579/683/638 577/681/636 624/728/688
f 544/648/618 624/728/688 577/681/636
f 624/728/688 544/648/618 581/685/640
f 562/666/616 581/685/640 544/648/618
f 581/685/640 562/666/616 583/687/642
f 561/665/689 583/687/642 562/666/616
f 583/687/642 561/665/689 559/663/644
f 624/728/688 581/685/640 579/683/638
f 580/684/639 582/686/687 593/697/653
f 574/678/632 593/697/653 582/686/687
f 593/697/653 574/678/632 594/698/654
f 575/679/634 594/698/654 574/678/632
f 594/698/654 575/679/634 592/696/652
f 572/676/629 592/696/652 575/679/634
f 592/696/652 572/676/629 589/693/649
f 570/674/627 589/693/649 572/676/629
f 589/693/649 570/674/627 590/694/650
f 569/673/625 590/694/650 570/674/627
f 590/694/650 569/673/625 591/695/651
f 568/672/624 591/695/651 569/673/625
f 591/695/651 568/672/624 588/692/648
f 567/671/623 588/692/648 568/672/624
f 588/692/648 567/671/623 585/689/645
f 539/643/592 585/689/645 567/671/623
f 585/689/645 539/643/592 586/690/646
f 540/644/593 586/690/646 539/643/592
f 586/690/646 540/644/593 587/691/647
f 541/645/594 587/691/647 540/644/593
f 587/691/647 541/645/594 576/680/635
f 542/646/595 576/680/635 541/645/594
f 576/680/635 542/646/595 577/681/636
f 544/648/597 577/681/636 542/646/595
f 625/729/690 626/730/691 627/731/692
f 628/732/693 627/731/692 626/730/691
f 627/731/692 628/732/693 629/733/694
f 630/734/695 629/733/694 628/732/693
f 629/733/694 630/734/695 631/735/696
f 632/736/697 631/735/696 630/734/695
f 631/735/696 632/736/697 633/737/698
f 634/738/699 633/737/698 632/736/697
f 633/737/698 634/738/699 635/739/700
f 636/740/701 637/741/702 638/742/703
f 639/743/704 638/742/703 637/741/702
f 638/742/703 639/743/704 640/744/705
f 641/745/39 640/744/705 639/743/704
f 640/744/705 641/745/39 642/746/706
f 643/747/707 642/746/706 641/745/39
f 642/746/706 643/747/707 644/748/708
f 645/749/709 644/748/708 643/747/707
f 644/748/708 645/749/709 646/750/710
f 625/729/690 646/750/710 626/730/691
f 645/749/709 626/730/691 646/750/710
f 626/730/691 645/749/709 628/732/693
f 643/747/707 628/732/693 645/749/709
f 628/732/693 643/747/707 630/734/695
f 641/745/39 630/734/695 643/747/707
f 630/734/695 641/745/39 632/736/697
f 639/743/704 632/736/697 641/745/39
f 632/736/697 639/743/704 634/738/699
f 637/741/702 634/738/699 639/743/704
f 634/738/699 637/741/702 635/739/700
f 636/740/701 635/739/700 637/741/702
f 635/739/700 636/740/701 647/751/711
f 638/742/703 647/751/711 636/740/701
f 647/751/711 638/742/703 648/752/712
f 640/744/705 648/752/712 638/742/703
f 648/752/712 640/744/705 649/753/713
f 642/746/706 649/753/713 640/744/705
f 649/753/713 642/746/706 650/754/714
f 644/748/708 650/754/714 642/746/706
f 650/754/714 644/748/708 651/755/715
f 646/750/710 651/755/715 644/748/708
f 652/756/716 653/757/717 654/758/718
f 655/759/719 654/758/718 653/757/717
f 654/758/718 655/759/719 656/760/720
f 657/761/721 656/760/720 655/759/719
f 656/760/720 657/761/721 658/762/722
f 659/763/723 658/762/722 657/761/721
f 658/762/722 659/763/723 660/764/724
f 661/765/725 660/764/724 659/763/723
f 660/764/724 661/765/725 662/766/726
f 663/767/727 664/768/728 665/769/729
f 666/770/730 665/769/729 664/768/728
f 665/769/729 666/770/730 667/771/731
f 668/772/71 667/771/731 666/770/730
f 667/771/731 668/772/71 669/773/732
f 670/774/733 669/773/732 668/772/71
f 669/773/732 670/774/733 671/775/734
f 672/776/735 671/775/734 670/774/733
f 671/775/734 672/776/735 673/777/736
f 673/777/736 674/778/737 671/775/734
f 675/779/738 671/775/734 674/778/737
f 671/775/734 675/779/738 669/773/732
f 676/780/739 669/773/732 675/779/738
f 669/773/732 676/780/739 667/771/731
f 677/781/740 667/771/731 676/780/739
f 667/771/731 677/781/740 665/769/729
f 678/782/741 665/769/729 677/781/740
f 665/769/729 678/782/741 663/767/727
f 662/766/726 663/767/727 678/782/741
f 663/767/727 662/766/726 664/768/728
f 661/765/725 664/768/728 662/766/726
f 664/768/728 661/765/725 666/770/730
f 659/763/723 666/770/730 661/765/725
f 666/770/730 659/763/723 668/772/71
f 657/761/721 668/772/71 659/763/723
f 668/772/71 657/761/721 670/774/733
f 655/759/719 670/774/733 657/761/721
f 670/774/733 655/759/719 672/776/735
f 653/757/717 672/776/735 655/759/719
f 672/776/735 653/757/717 673/777/736
f 652/756/716 673/777/736 653/757/717
f 679/783/49 680/784/49 681/785/49
f 682/786/49 681/785/49 680/784/49
f 680/784/403 679/783/403 683/787/403
f 684/788/403 683/787/403 679/783/403
f 681/789/47 682/790/47 685/791/47
f 686/792/47 685/791/47 682/790/47
f 687/793/742 682/786/743 688/794/744
f 680/784/745 688/794/744 682/786/743
f 688/794/744 680/784/745 689/795/746
f 683/787/747 689/795/746 680/784/745
f 689/795/746 683/787/747 690/796/748
f 682/786/743 687/793/742 686/797/39
f 691/798/71 688/794/744 689/795/746
f 692/799/749 693/800/750 681/785/751
f 694/801/752 681/785/751 693/800/750
f 681/785/751 694/801/752 679/783/753
f 695/802/754 679/783/753 694/801/752
f 679/783/753 695/802/754 684/788/71
f 696/803/755 692/799/749 685/804/756
f 681/785/751 685/804/756 692/799/749
f 683/787/757 684/788/757 690/796/758
f 695/802/759 690/796/758 684/788/757
f 690/796/758 695/802/759 689/795/760
f 694/801/761 689/795/760 695/802/759
f 689/795/760 694/801/761 691/798/762
f 693/800/763 691/798/762 694/801/761
f 691/798/762 693/800/763 688/794/764
f 692/799/765 688/794/764 693/800/763
f 688/794/764 692/799/765 687/793/766
f 696/803/767 687/793/766 692/799/765
f 687/793/766 696/803/767 686/797/768
f 685/804/768 686/797/768 696/803/767
f 697/805/769 698/806/769 699/807/4
f 700/808/5 699/807/4 698/806/769
f 699/807/4 700/808/5 701/809/770
f 702/810/771 701/809/770 700/808/5
f 701/809/770 702/810/771 703/811/772
f 704/812/773 703/811/772 702/810/771
f 703/811/772 704/812/773 705/813/774
f 706/814/775 705/813/774 704/812/773
f 705/813/774 706/814/775 707/815/763
f 708/816/762 707/815/763 706/814/775
f 707/815/763 708/816/762 709/817/776
f 710/818/777 709/817/776 708/816/762
f 709/817/776 710/818/777 711/819/778
f 712/820/779 711/819/778 710/818/777
f 711/819/778 712/820/779 713/821/780
f 714/822/781 713/821/780 712/820/779
f 713/821/780 714/822/781 715/823/16
f 716/824/17 715/823/16 714/822/781
f 715/823/16 716/824/17 717/825/782
f 718/826/782 717/825/782 716/824/17
f 717/825/39 647/751/39 715/823/39
f 648/752/39 715/823/39 647/751/39
f 715/823/39 648/752/39 713/821/39
f 649/753/39 713/821/39 648/752/39
f 713/821/39 649/753/39 711/819/39
f 650/754/39 711/819/39 649/753/39
f 711/819/39 650/754/39 709/817/39
f 651/755/39 709/817/39 650/754/39
f 709/817/39 651/755/39 707/815/39
f 646/750/39 707/815/39 651/755/39
f 707/815/39 646/750/39 705/813/39
f 625/729/39 705/813/39 646/750/39
f 705/813/39 625/729/39 703/811/39
f 627/731/39 703/811/39 625/729/39
f 703/811/39 627/731/39 701/809/39
f 629/733/39 701/809/39 627/731/39
f 701/809/39 629/733/39 699/807/39
f 631/735/39 699/807/39 629/733/39
f 699/807/39 631/735/39 697/805/39
f 633/737/39 697/805/39 631/735/39
f 697/805/39 633/737/39 719/827/39
f 635/739/39 719/827/39 633/737/39
f 719/827/39 635/739/39 717/825/39
f 647/751/39 717/825/39 635/739/39
f 658/762/71 716/824/71 656/760/71
f 714/822/71 656/760/71 716/824/71
f 656/760/71 714/822/71 654/758/71
f 712/820/71 654/758/71 714/822/71
f 654/758/71 712/820/71 652/756/71
f 710/818/71 652/756/71 712/820/71
f 652/756/71 710/818/71 673/777/71
f 708/816/71 673/777/71 710/818/71
f 673/777/71 708/816/71 674/778/71
f 706/814/71 674/778/71 708/816/71
f 674/778/71 706/814/71 675/779/71
f 704/812/71 675/779/71 706/814/71
f 675/779/71 704/812/71 676/780/71
f 702/810/71 676/780/71 704/812/71
f 676/780/71 702/810/71 677/781/71
f 700/808/71 677/781/71 702/810/71
f 677/781/71 700/808/71 678/782/71
f 698/806/71 678/782/71 700/808/71
f 678/782/71 698/806/71 662/766/71
f 720/828/71 662/766/71 698/806/71
f 662/766/71 720/828/71 660/764/71
f 718/826/71 660/764/71 720/828/71
f 660/764/71 718/826/71 658/762/71
f 716/824/71 658/762/71 718/826/71
f 721/829/49 722/830/49 723/831/49
f 724/832/49 723/831/49 722/830/49
f 723/831/49 724/832/49 725/833/49
f 726/834/49 725/833/49 724/832/49
f 725/833/49 726/834/49 727/835/49
f 728/836/49 727/835/49 726/834/49
f 727/835/49 728/836/49 729/837/49
f 730/838/49 729/837/49 728/836/49
f 729/837/49 730/838/49 731/839/49
f 732/840/49 731/839/49 730/838/49
f 731/839/49 732/840/49 733/841/49
f 734/842/49 733/841/49 732/840/49
f 733/841/49 734/842/49 735/843/49
f 736/844/49 735/843/49 734/842/49
f 735/843/49 736/844/49 721/829/49
f 722/830/49 721/829/49 736/844/49
f 727/835/783 729/837/784 737/845/785
f 738/846/786 737/845/785 729/837/784
f 737/845/785 738/846/786 739/847/786
f 727/835/787 737/845/787 725/833/787
f 740/848/787 725/833/787 737/845/787
f 737/845/71 739/847/71 740/848/71
f 741/849/71 740/848/71 739/847/71
f 741/849/788 742/850/788 740/848/789
f 723/831/790 740/848/789 742/850/788
f 740/848/789 723/831/790 725/833/791
f 723/831/403 742/850/403 721/829/403
f 743/851/403 721/829/403 742/850/403
f 721/829/792 743/851/792 735/843/792
f 744/852/792 735/843/792 743/851/792
f 735/843/39 744/852/39 733/841/39
f 745/853/39 733/841/39 744/852/39
f 733/841/793 745/853/793 731/839/793
f 746/854/793 731/839/793 745/853/793
f 731/839/47 746/854/47 729/837/47
f 738/846/47 729/837/47 746/854/47
f 728/836/39 726/834/39 747/855/39
f 748/856/39 747/855/39 726/834/39
f 748/856/794 726/834/795 749/857/796
f 724/832/797 749/857/796 726/834/795
f 749/857/796 724/832/797 750/858/798
f 722/830/799 750/858/798 724/832/797
f 750/858/798 722/830/799 751/859/800
f 736/844/801 751/859/800 722/830/799
f 751/859/800 736/844/801 752/860/802
f 734/842/803 752/860/802 736/844/801
f 752/860/802 734/842/803 753/861/804
f 732/840/805 753/861/804 734/842/803
f 753/861/804 732/840/805 754/862/806
f 730/838/807 754/862/806 732/840/805
f 754/862/806 730/838/807 747/855/808
f 728/836/809 747/855/808 730/838/807
f 755/863/49 756/864/49 757/865/49
f 758/866/49 757/865/49 756/864/49
f 757/865/49 758/866/49 759/867/49
f 760/868/49 759/867/49 758/866/49
f 759/867/49 760/868/49 761/869/49
f 762/870/49 761/869/49 760/868/49
f 761/869/49 762/870/49 763/871/49
f 764/872/49 763/871/49 762/870/49
f 763/871/49 764/872/49 765/873/49
f 766/874/49 765/873/49 764/872/49
f 765/873/49 766/874/49 767/875/49
f 768/876/49 767/875/49 766/874/49
f 767/875/49 768/876/49 769/877/49
f 770/878/49 769/877/49 768/876/49
f 769/877/49 770/878/49 755/863/49
f 756/864/49 755/863/49 770/878/49
f 771/879/793 772/880/793 773/881/810
f 765/873/811 773/881/810 772/880/793
f 773/881/810 765/873/811 767/875/812
f 774/882/813 773/881/813 769/877/813
f 767/875/813 769/877/813 773/881/813
f 775/883/39 771/879/39 774/882/39
f 773/881/39 774/882/39 771/879/39
f 769/877/814 755/863/815 774/882/816
f 776/884/792 774/882/816 755/863/815
f 774/882/816 776/884/792 775/883/792
f 777/885/403 776/884/403 757/865/403
f 755/863/403 757/865/403 776/884/403
f 778/886/788 777/885/788 759/867/788
f 757/865/788 759/867/788 777/885/788
f 779/887/71 778/886/71 761/869/71
f 759/867/71 761/869/71 778/886/71
f 780/888/786 779/887/786 763/871/786
f 761/869/786 763/871/786 779/887/786
f 772/880/47 780/888/47 765/873/47
f 763/871/47 765/873/47 780/888/47
f 781/889/71 770/878/71 782/890/71
f 768/876/71 782/890/71 770/878/71
f 770/878/817 781/889/818 756/864/819
f 783/891/820 756/864/819 781/889/818
f 756/864/819 783/891/820 758/866/821
f 784/892/822 758/866/821 783/891/820
f 758/866/821 784/892/822 760/868/823
f 785/893/824 760/868/823 784/892/822
f 760/868/823 785/893/824 762/870/825
f 786/894/826 762/870/825 785/893/824
f 762/870/825 786/894/826 764/872/827
f 787/895/828 764/872/827 786/894/826
f 764/872/827 787/895/828 766/874/829
f 788/896/830 766/874/829 787/895/828
f 766/874/829 788/896/830 768/876/831
f 782/890/832 768/876/831 788/896/830
f 789/897/833 790/898/834 791/899/835
f 792/900/836 791/899/835 790/898/834
f 791/899/835 792/900/836 793/901/837
f 794/902/838 793/901/837 792/900/836
f 793/901/837 794/902/838 795/903/839
f 796/904/840 795/903/839 794/902/838
f 795/903/839 796/904/840 797/905/841
f 798/906/842 797/905/841 796/904/840
f 797/905/841 798/906/842 799/907/843
f 800/908/844 799/907/843 798/906/842
f 799/907/843 800/908/844 801/909/845
f 802/910/846 801/909/845 800/908/844
f 801/909/845 802/910/846 803/911/847
f 804/912/848 803/911/847 802/910/846
f 803/911/847 804/912/848 789/897/833
f 790/898/834 789/897/833 804/912/848
f 792/900/836 790/898/834 805/913/49
f 804/912/848 805/913/49 790/898/834
f 805/913/49 804/912/848 802/910/846
f 798/906/842 796/904/840 805/913/49
f 794/902/838 805/913/49 796/904/840
f 805/913/49 794/902/838 792/900/836
f 798/906/842 805/913/49 800/908/844
f 802/910/846 800/908/844 805/913/49
f 806/914/849 807/915/850 808/916/851
f 809/917/852 808/916/851 807/915/850
f 808/916/851 809/917/852 810/918/853
f 811/919/854 810/918/853 809/917/852
f 810/918/853 811/919/854 812/920/855
f 813/921/856 812/920/855 811/919/854
f 812/920/855 813/921/856 814/922/857
f 815/923/858 814/922/857 813/921/856
f 814/922/857 815/923/858 816/924/859
f 817/925/860 816/924/859 815/923/858
f 816/924/859 817/925/860 818/926/861
f 819/927/862 818/926/861 817/925/860
f 818/926/861 819/927/862 820/928/863
f 821/929/864 820/928/863 819/927/862
f 820/928/863 821/929/864 822/930/865
f 823/931/866 822/930/865 821/929/864
f 822/930/865 823/931/866 824/932/867
f 825/933/868 824/932/867 823/931/866
f 824/932/867 825/933/868 826/934/869
f 827/935/870 826/934/869 825/933/868
f 826/934/869 827/935/870 828/936/871
f 829/937/872 828/936/871 827/935/870
f 828/936/871 829/937/872 806/914/849
f 807/915/850 806/914/849 829/937/872
f 826/934/873 828/936/874 830/938/875
f 831/939/876 830/938/875 828/936/874
f 830/938/875 831/939/876 832/940/877
f 833/941/878 832/940/877 831/939/876
f 832/940/877 833/941/878 834/942/879
f 835/943/880 834/942/879 833/941/878
f 834/942/879 835/943/880 836/944/881
f 837/945/882 836/944/881 835/943/880
f 836/944/881 837/945/882 838/946/883
f 839/947/884 838/946/883 837/945/882
f 806/914/885 808/916/886 840/948/887
f 841/949/888 840/948/887 808/916/886
f 840/948/887 841/949/888 842/950/889
f 843/951/890 842/950/889 841/949/888
f 842/950/889 843/951/890 844/952/891
f 845/953/892 844/952/891 843/951/890
f 844/952/891 845/953/892 846/954/893
f 847/955/894 846/954/893 845/953/892
f 846/954/893 847/955/894 848/956/895
f 849/957/896 848/956/895 847/955/894
f 848/956/895 849/957/896 850/958/897
f 851/959/898 850/958/897 849/957/896
f 850/958/897 851/959/898 852/960/899
f 853/961/900 852/960/899 851/959/898
f 852/960/899 853/961/900 854/962/901
f 855/963/902 854/962/901 853/961/900
f 854/962/901 855/963/902 856/964/903
f 857/965/904 856/964/903 855/963/902
f 856/964/903 857/965/904 858/966/905
f 859/967/906 858/966/905 857/965/904
f 858/966/905 859/967/906 860/968/907
f 810/918/908 860/968/907 859/967/906
f 860/968/907 810/918/908 812/920/909
f 808/916/886 810/918/908 841/949/888
f 859/967/906 841/949/888 810/918/908
f 841/949/888 859/967/906 843/951/890
f 857/965/904 843/951/890 859/967/906
f 843/951/890 857/965/904 845/953/892
f 855/963/902 845/953/892 857/965/904
f 845/953/892 855/963/902 847/955/894
f 853/961/900 847/955/894 855/963/902
f 847/955/894 853/961/900 849/957/896
f 851/959/898 849/957/896 853/961/900
f 814/922/910 816/924/911 861/969/912
f 862/970/913 861/969/912 816/924/911
f 861/969/912 862/970/913 863/971/914
f 864/972/915 863/971/914 862/970/913
f 863/971/914 864/972/915 865/973/916
f 866/974/917 865/973/916 864/972/915
f 865/973/916 866/974/917 867/975/918
f 868/976/919 867/975/918 866/974/917
f 867/975/918 868/976/919 869/977/920
f 870/978/921 869/977/920 868/976/919
f 869/977/920 870/978/921 871/979/922
f 818/926/923 820/928/924 872/980/925
f 873/981/926 872/980/925 820/928/924
f 872/980/925 873/981/926 874/982/927
f 875/983/928 874/982/927 873/981/926
f 874/982/927 875/983/928 876/984/929
f 877/985/930 876/984/929 875/983/928
f 876/984/929 877/985/930 878/986/931
f 879/987/932 878/986/931 877/985/930
f 878/986/931 879/987/932 880/988/933
f 881/989/934 880/988/933 879/987/932
f 880/988/933 881/989/934 871/979/922
f 882/990/935 871/979/922 881/989/934
f 883/991/936 871/979/922 882/990/935
f 838/946/883 871/979/922 883/991/936
f 839/947/884 871/979/922 838/946/883
f 871/979/922 839/947/884 848/956/895
f 837/945/882 848/956/895 839/947/884
f 848/956/895 837/945/882 846/954/893
f 835/943/880 846/954/893 837/945/882
f 846/954/893 835/943/880 844/952/891
f 833/941/878 844/952/891 835/943/880
f 844/952/891 833/941/878 842/950/889
f 831/939/876 842/950/889 833/941/878
f 842/950/889 831/939/876 840/948/887
f 828/936/874 840/948/887 831/939/876
f 840/948/887 828/936/874 806/914/885
f 816/924/911 818/926/923 862/970/913
f 872/980/925 862/970/913 818/926/923
f 862/970/913 872/980/925 864/972/915
f 874/982/927 864/972/915 872/980/925
f 864/972/915 874/982/927 866/974/917
f 876/984/929 866/974/917 874/982/927
f 866/974/917 876/984/929 868/976/919
f 878/986/931 868/976/919 876/984/929
f 868/976/919 878/986/931 870/978/921
f 880/988/933 870/978/921 878/986/931
f 870/978/921 880/988/933 871/979/922
f 820/928/924 822/930/937 873/981/926
f 884/992/938 873/981/926 822/930/937
f 873/981/926 884/992/938 875/983/928
f 885/993/939 875/983/928 884/992/938
f 875/983/928 885/993/939 877/985/930
f 886/994/940 877/985/930 885/993/939
f 877/985/930 886/994/940 879/987/932
f 887/995/941 879/987/932 886/994/940
f 879/987/932 887/995/941 881/989/934
f 882/990/935 881/989/934 887/995/941
f 824/932/942 826/934/873 888/996/943
f 830/938/875 888/996/943 826/934/873
f 888/996/943 830/938/875 889/997/944
f 832/940/877 889/997/944 830/938/875
f 889/997/944 832/940/877 890/998/945
f 834/942/879 890/998/945 832/940/877
f 890/998/945 834/942/879 891/999/946
f 836/944/881 891/999/946 834/942/879
f 891/999/946 836/944/881 883/991/936
f 838/946/883 883/991/936 836/944/881
f 822/930/937 824/932/942 884/992/938
f 888/996/943 884/992/938 824/932/942
f 884/992/938 888/996/943 885/993/939
f 889/997/944 885/993/939 888/996/943
f 885/993/939 889/997/944 886/994/940
f 890/998/945 886/994/940 889/997/944
f 886/994/940 890/998/945 887/995/941
f 891/999/946 887/995/941 890/998/945
f 887/995/941 891/999/946 882/990/935
f 883/991/936 882/990/935 891/999/946
f 848/956/895 850/958/897 871/979/922
f 852/960/899 871/979/922 850/958/897
f 871/979/922 852/960/899 869/977/920
f 854/962/901 869/977/920 852/960/899
f 869/977/920 854/962/901 867/975/918
f 856/964/903 867/975/918 854/962/901
f 867/975/918 856/964/903 865/973/916
f 858/966/905 865/973/916 856/964/903
f 865/973/916 858/966/905 863/971/914
f 860/968/907 863/971/914 858/966/905
f 863/971/914 860/968/907 861/969/912
f 812/920/909 861/969/912 860/968/907
f 861/969/912 812/920/909 814/922/910
usemtl SoloFace
f 892/1000/947 893/1001/947 894/1002/947
f 895/1003/947 894/1002/947 893/1001/947
f 896/1004/948 897/1005/948 898/1006/948
f 899/1007/948 898/1006/948 897/1005/948
f 900/1008/949 901/1009/949 902/1010/950
f 903/1011/951 902/1010/950 901/1009/949
f 902/1010/950 903/1011/951 904/1012/952
f 905/1013/952 904/1012/952 903/1011/951
f 895/1014/953 893/1015/953 906/1016/953
f 907/1017/953 906/1016/953 893/1015/953
f 908/1018/954 909/1019/954 910/1020/954
f 911/1021/954 910/1020/954 909/1019/954
f 912/1022/955 913/1023/955 914/1024/956
f 915/1025/957 914/1024/956 913/1023/955
f 914/1024/956 915/1025/957 916/1026/958
f 917/1027/958 916/1026/958 915/1025/957
f 918/1028/959 919/1029/960 920/1030/961
f 921/1031/962 922/1032/963 923/1033/964
f 924/1034/965 923/1033/964 922/1032/963
f 922/1035/963 925/1036/966 924/1037/965
f 926/1038/967 924/1037/965 925/1036/966
f 926/1039/967 927/1040/968 924/1034/965
f 928/1041/969 924/1034/965 927/1040/968
f 924/1037/965 928/1042/969 923/1043/964
f 929/1044/970 923/1043/964 928/1042/969
f 930/1045/971 931/1046/972 932/1047/973
f 925/1048/966 933/1049/974 926/1039/967
f 920/1050/961 926/1039/967 933/1049/974
f 933/1051/974 918/1052/959 920/1030/961
f 929/1053/970 930/1054/971 923/1033/964
f 932/1055/973 923/1033/964 930/1054/971
f 931/1056/972 934/1057/975 932/1047/973
f 927/1058/968 926/1038/967 919/1059/960
f 920/1030/961 919/1059/960 926/1038/967
f 921/1060/962 923/1043/964 934/1061/975
f 932/1047/973 934/1061/975 923/1043/964
