# Blender v2.79 (sub 0) OBJ File: 'startup.blend'
# www.blender.org
mtllib YodaGhost.mtl
o YodaGhost
v -0.023069 0.260360 -0.054303
v -0.013841 0.260360 -0.063861
v -0.023069 0.267611 -0.054303
v -0.013841 0.267611 -0.063861
v -0.004614 0.260360 -0.068354
v -0.004614 0.267611 -0.068354
v 0.004614 0.260360 -0.068354
v 0.004614 0.267611 -0.068354
v 0.013841 0.260360 -0.063861
v 0.013841 0.267611 -0.063861
v 0.023069 0.260360 -0.054303
v 0.023069 0.267611 -0.054303
v -0.023069 0.258015 -0.053003
v -0.013841 0.258015 -0.062562
v -0.023069 0.265266 -0.053003
v -0.013841 0.265266 -0.062562
v -0.004614 0.258015 -0.067055
v -0.004614 0.265266 -0.067055
v 0.004614 0.258015 -0.067055
v 0.004614 0.265266 -0.067055
v 0.013841 0.258015 -0.062562
v 0.013841 0.265266 -0.062562
v 0.023069 0.258015 -0.053003
v 0.023069 0.265266 -0.053003
v 0.008110 0.249313 -0.067471
v 0.005997 0.253106 -0.071162
v 0.000000 0.248910 -0.068234
v 0.000000 0.252934 -0.071804
v 0.022433 0.277824 0.034013
v 0.020374 0.300147 0.028983
v 0.031232 0.279472 0.026345
v 0.028789 0.301077 0.023628
v 0.018402 0.316143 0.024784
v 0.025630 0.316135 0.020448
v 0.015287 0.326453 0.019987
v 0.021068 0.326538 0.016540
v 0.003718 0.324142 -0.036368
v 0.000000 0.324097 -0.036300
v 0.000000 0.320182 -0.044080
v -0.003718 0.324142 -0.036368
v 0.031469 0.318093 -0.024117
v 0.025271 0.323676 -0.023134
v 0.027226 0.318474 -0.028712
v 0.046994 0.298598 -0.014195
v 0.052438 0.293104 -0.013247
v 0.048676 0.294397 -0.011678
v 0.053351 0.286725 -0.010909
v 0.063954 0.287543 -0.013744
v 0.064858 0.278752 -0.014089
v 0.066696 0.279088 -0.014361
v 0.064913 0.270815 -0.017722
v 0.068172 0.271413 -0.018331
v 0.068868 0.266383 -0.026337
v 0.072060 0.273049 -0.018385
v 0.073688 0.269132 -0.025602
v 0.078124 0.272295 -0.025465
v 0.071994 0.269210 -0.030253
v 0.078121 0.273963 -0.028412
v 0.069304 0.275258 -0.026322
v 0.059718 0.278442 -0.024882
v 0.057406 0.276977 -0.027096
v 0.055291 0.278622 -0.030108
v 0.057762 0.282898 -0.028427
v 0.052336 0.264259 -0.026654
v 0.052209 0.268354 -0.015920
v 0.055817 0.265199 -0.026320
v 0.080633 0.295464 -0.017108
v 0.065206 0.296394 -0.017166
v 0.081048 0.299254 -0.019713
v 0.081527 0.302132 -0.023918
v 0.066981 0.299792 -0.021517
v 0.082441 0.302554 -0.028199
v 0.067036 0.300029 -0.024964
v 0.066937 0.297408 -0.027958
v 0.050646 0.298887 -0.029947
v 0.081005 0.300441 -0.028661
v 0.068259 0.280099 -0.014423
v 0.079268 0.276168 -0.018792
v 0.088472 0.281559 -0.027375
v 0.088294 0.282476 -0.028360
v 0.098641 0.303247 -0.032550
v 0.103594 0.301694 -0.033743
v 0.104258 0.302217 -0.032822
v 0.106952 0.299680 -0.034792
v 0.105717 0.299453 -0.035030
v 0.108908 0.296765 -0.035796
v 0.106750 0.297305 -0.035741
v 0.107173 0.295005 -0.036092
v 0.105469 0.287819 -0.026978
v 0.107453 0.287869 -0.034247
v 0.105627 0.287031 -0.031407
v 0.104321 0.287488 -0.034041
v 0.107016 0.288062 -0.035554
v 0.106370 0.289226 -0.026718
v 0.102262 0.291687 -0.023901
v 0.109552 0.294733 -0.036186
v 0.022138 0.222328 0.017263
v 0.020210 0.230831 0.018965
v 0.032344 0.222144 0.006274
v 0.012044 0.261521 -0.068066
v 0.004965 0.259769 -0.073783
v 0.005402 0.261452 -0.066998
v 0.000000 0.261452 -0.066998
v 0.000000 0.259769 -0.073783
v -0.005402 0.261452 -0.066998
v -0.004965 0.259769 -0.073783
v -0.012044 0.261521 -0.068066
v 0.004335 0.318068 -0.048300
v 0.004376 0.321244 -0.043684
v 0.006874 0.322065 -0.043133
v 0.005651 0.324223 -0.036599
v 0.010332 0.322752 -0.041868
v 0.011192 0.324620 -0.036505
v 0.016609 0.322563 -0.038728
v 0.015101 0.324367 -0.034622
v 0.020948 0.321036 -0.034532
v 0.019565 0.324008 -0.031823
v 0.022708 0.323941 -0.027766
v 0.000000 0.317039 -0.049158
v 0.042673 0.248879 -0.021895
v 0.044979 0.253408 -0.004152
v 0.046532 0.255655 -0.015579
v 0.048418 0.266334 -0.005406
v 0.045257 0.267879 0.005865
v 0.042021 0.283339 0.011186
v 0.038068 0.281697 0.018410
v 0.037161 0.302426 0.012660
v 0.033688 0.301687 0.017910
v 0.032391 0.316242 0.011808
v 0.029471 0.316315 0.016399
v 0.025392 0.326326 0.010415
v 0.023580 0.326237 0.013802
v 0.018341 0.331701 0.012310
v 0.012877 0.332156 0.015471
v 0.006557 0.332455 0.017497
v 0.007865 0.326653 0.022793
v 0.000000 0.332190 0.017405
v 0.000000 0.326401 0.022750
v -0.006557 0.332455 0.017497
v -0.007865 0.326653 0.022793
v -0.015287 0.326453 0.019987
v -0.018402 0.316143 0.024784
v -0.021068 0.326538 0.016540
v -0.025630 0.316135 0.020448
v -0.023580 0.326237 0.013802
v -0.029471 0.316315 0.016399
v -0.025392 0.326326 0.010415
v -0.032391 0.316242 0.011808
v -0.026463 0.326412 0.007594
v -0.033829 0.316449 0.007531
v -0.026771 0.326246 0.003038
v -0.035486 0.316456 0.001503
v 0.035315 0.279441 -0.054907
v 0.035901 0.278549 -0.054358
v 0.037738 0.281649 -0.051600
v 0.038901 0.274948 -0.052179
v 0.034337 0.272006 -0.057458
v 0.043687 0.272196 -0.048397
v 0.039035 0.267738 -0.054680
v 0.041665 0.262110 -0.046793
v 0.036339 0.258363 -0.051683
v 0.037821 0.251995 -0.043188
v 0.032677 0.248925 -0.045725
v 0.038390 0.248249 -0.035707
v 0.033419 0.245504 -0.039414
v 0.038219 0.244965 -0.026391
v 0.033936 0.242336 -0.030880
v 0.032904 0.310288 -0.044602
v 0.027260 0.312359 -0.047482
v 0.030084 0.310560 -0.053839
v 0.023485 0.311537 -0.056529
v 0.020361 0.313514 -0.046852
v 0.017482 0.311757 -0.056446
v 0.014650 0.315065 -0.050117
v 0.016525 0.311980 -0.056569
v 0.009980 0.314004 -0.057477
v 0.029844 0.298971 -0.061756
v 0.033024 0.294235 -0.060195
v 0.034866 0.297186 -0.057220
v 0.038112 0.293814 -0.052735
v 0.035815 0.291519 -0.057168
v 0.028826 0.296008 -0.063150
v 0.021817 0.296053 -0.063953
v 0.022567 0.298824 -0.063233
v 0.016396 0.293545 -0.062365
v 0.015304 0.296411 -0.062197
v 0.013993 0.289335 -0.061344
v 0.011892 0.291922 -0.060793
v 0.014578 0.285401 -0.062027
v 0.013500 0.285343 -0.062267
v 0.014782 0.280431 -0.063467
v 0.011233 0.286106 -0.064880
v 0.013177 0.281015 -0.066081
v 0.032164 0.286321 -0.059767
v 0.028925 0.285381 -0.062172
v 0.029328 0.284613 -0.062413
v 0.023132 0.284875 -0.062614
v 0.023106 0.285573 -0.062427
v 0.019211 0.284776 -0.061821
v 0.019623 0.285638 -0.061088
v 0.017239 0.286645 -0.060944
v 0.017790 0.286952 -0.060878
v 0.016852 0.288724 -0.061658
v 0.017599 0.288513 -0.061068
v 0.031191 0.275734 -0.058270
v 0.030780 0.277016 -0.058992
v 0.030630 0.279770 -0.061119
v 0.009661 0.283911 -0.071747
v 0.010811 0.284751 -0.068436
v 0.008947 0.286163 -0.070100
v 0.009251 0.287321 -0.066556
v 0.012115 0.282700 -0.067256
v 0.014288 0.238762 -0.051983
v 0.018907 0.239485 -0.045414
v 0.018308 0.241095 -0.049261
v 0.021047 0.243194 -0.047160
v 0.011075 0.253680 -0.069086
v 0.012930 0.250439 -0.065485
v 0.016832 0.256014 -0.065530
v 0.004979 0.259133 -0.073422
v 0.010953 0.255298 -0.070467
v 0.011235 0.259807 -0.071165
v 0.014526 0.260299 -0.069485
v 0.016461 0.257419 -0.066862
v 0.017322 0.260903 -0.066356
v 0.018945 0.259216 -0.064277
v 0.003131 0.277461 -0.070825
v 0.006776 0.279418 -0.071007
v 0.006018 0.279936 -0.071983
v 0.007539 0.280840 -0.072473
v 0.009030 0.280209 -0.071310
v 0.008250 0.281567 -0.073034
v 0.010088 0.280671 -0.071502
v 0.011394 0.282659 -0.069606
v 0.011216 0.279080 -0.069745
v 0.012637 0.280543 -0.067699
v 0.012183 0.278781 -0.068132
v 0.010464 0.278424 -0.069933
v 0.004491 0.315785 -0.051167
v 0.004721 0.313569 -0.057756
v 0.000000 0.312959 -0.058272
v 0.000000 0.315068 -0.051189
v -0.004491 0.315785 -0.051167
v 0.007564 0.315775 -0.051062
v 0.006606 0.318586 -0.047985
v 0.015652 0.268783 -0.069445
v 0.011792 0.265011 -0.072717
v 0.016439 0.264244 -0.068990
v 0.016257 0.262922 -0.068676
v 0.011816 0.263635 -0.072380
v 0.015762 0.261371 -0.068202
v 0.011901 0.260668 -0.070762
v 0.051562 0.277334 -0.009303
v 0.045369 0.285253 0.001548
v 0.049715 0.286388 -0.008263
v 0.041848 0.305132 -0.001444
v 0.040218 0.303986 0.005520
v 0.035486 0.316456 0.001503
v 0.033829 0.316449 0.007531
v 0.026771 0.326246 0.003038
v 0.026463 0.326412 0.007594
v 0.022027 0.330450 0.002397
v 0.021085 0.331452 0.006498
v 0.017340 0.333655 0.004319
v 0.014758 0.334534 0.007674
v 0.013208 0.335248 0.003181
v 0.011843 0.335711 0.005119
v 0.012596 0.335586 -0.006634
v 0.033021 0.237840 -0.023628
v 0.035161 0.237149 -0.004699
v 0.036996 0.241360 -0.003305
v 0.027800 0.237838 0.014100
v 0.019996 0.243811 0.023404
v 0.030483 0.244252 0.015074
v 0.020899 0.249883 0.027061
v 0.007624 0.248700 0.030438
v 0.029069 0.238981 -0.034478
v 0.033936 0.242336 -0.030880
v 0.036106 0.241121 -0.018584
v 0.040028 0.247895 0.000265
v 0.032671 0.250051 0.017771
v 0.033407 0.256107 0.023084
v 0.021361 0.256595 0.032360
v 0.022960 0.265137 0.034992
v 0.009415 0.255673 0.036994
v 0.011147 0.264236 0.040498
v 0.000000 0.255044 0.036674
v 0.000000 0.263613 0.040654
v -0.011147 0.264236 0.040498
v -0.011063 0.276963 0.039345
v -0.022960 0.265137 0.034992
v -0.022433 0.277824 0.034013
v -0.033439 0.266374 0.026139
v -0.031232 0.279472 0.026345
v -0.041126 0.267389 0.015723
v -0.038068 0.281697 0.018410
v -0.045257 0.267879 0.005865
v -0.042021 0.283339 0.011186
v 0.026513 0.232350 -0.032776
v 0.030493 0.231681 -0.025373
v 0.034658 0.230719 -0.005301
v 0.029466 0.231036 0.010591
v 0.019419 0.237890 0.020338
v 0.007246 0.243913 0.027083
v 0.000000 0.243607 0.027343
v 0.000000 0.247546 0.031135
v -0.007624 0.248700 0.030438
v -0.009415 0.255673 0.036994
v -0.021361 0.256595 0.032360
v -0.033407 0.256107 0.023084
v -0.042173 0.254726 0.006122
v -0.044979 0.253408 -0.004152
v -0.048418 0.266334 -0.005406
v -0.045369 0.285253 0.001548
v -0.040218 0.303986 0.005520
v -0.041848 0.305132 -0.001444
v -0.035758 0.316382 -0.003856
v -0.027167 0.325644 -0.002705
v -0.022027 0.330450 0.002397
v -0.022649 0.329922 -0.001758
v -0.018076 0.333217 -0.000365
v -0.023046 0.329818 -0.010257
v -0.017260 0.333505 -0.012127
v -0.021810 0.328151 -0.018198
v -0.017781 0.330351 -0.020736
v -0.017186 0.328616 -0.027953
v -0.012560 0.331512 -0.023258
v -0.012280 0.328683 -0.030187
v -0.005917 0.330587 -0.025801
v -0.006700 0.327663 -0.031707
v 0.000000 0.330335 -0.026118
v -0.003029 0.327319 -0.032407
v 0.000000 0.327006 -0.032229
v 0.025284 0.222560 -0.032497
v 0.046994 0.298598 -0.014195
v 0.042186 0.306408 -0.016796
v 0.046697 0.301434 -0.018313
v 0.045823 0.302267 -0.027028
v 0.035758 0.316382 -0.003856
v 0.042036 0.305613 -0.006540
v 0.048676 0.294397 -0.011678
v 0.027167 0.325644 -0.002705
v 0.022649 0.329922 -0.001758
v 0.018076 0.333217 -0.000365
v 0.043089 0.306234 -0.011288
v 0.035651 0.316457 -0.009091
v 0.026736 0.326110 -0.009414
v 0.023046 0.329818 -0.010257
v 0.017260 0.333505 -0.012127
v 0.010051 0.336277 -0.010284
v 0.008371 0.335997 0.007221
v 0.010094 0.334457 0.010631
v 0.005060 0.336309 0.007547
v 0.005508 0.334739 0.011657
v 0.000000 0.336451 0.007843
v 0.000000 0.335013 0.011745
v -0.005060 0.336309 0.007547
v -0.005508 0.334739 0.011657
v -0.008371 0.335997 0.007221
v -0.010094 0.334457 0.010631
v -0.011843 0.335711 0.005119
v -0.014758 0.334534 0.007674
v -0.013208 0.335248 0.003181
v -0.017340 0.333655 0.004319
v -0.013643 0.334993 -0.000032
v -0.012596 0.335586 -0.006634
v -0.010051 0.336277 -0.010284
v -0.011634 0.334231 -0.016463
v -0.005875 0.336504 -0.010702
v -0.005499 0.333690 -0.018749
v 0.000000 0.336435 -0.011029
v 0.000000 0.333552 -0.018955
v 0.005875 0.336504 -0.010702
v 0.005499 0.333690 -0.018749
v 0.011634 0.334231 -0.016463
v 0.005917 0.330587 -0.025801
v 0.012560 0.331512 -0.023258
v 0.041126 0.267389 0.015723
v 0.007640 0.222106 0.022412
v 0.000000 0.222251 0.023160
v 0.007399 0.229980 0.023010
v 0.000000 0.230219 0.023328
v -0.007399 0.229980 0.023010
v -0.007636 0.237848 0.024865
v -0.020210 0.230831 0.018965
v -0.019419 0.237890 0.020338
v -0.029466 0.231036 0.010591
v -0.027800 0.237838 0.014100
v -0.035161 0.237149 -0.004699
v 0.011063 0.276963 0.039345
v 0.008953 0.316308 0.027495
v 0.010002 0.299893 0.032530
v 0.000000 0.299282 0.033043
v 0.000000 0.275978 0.040969
v 0.091278 0.303907 -0.028963
v 0.093134 0.304062 -0.025886
v 0.092967 0.301663 -0.022757
v 0.091877 0.297953 -0.020178
v 0.091055 0.293936 -0.018363
v 0.097812 0.298558 -0.022646
v 0.099003 0.295685 -0.021239
v 0.103048 0.297691 -0.025026
v 0.102695 0.295240 -0.024298
v 0.108699 0.296362 -0.028591
v 0.108731 0.294691 -0.028194
v 0.110895 0.294849 -0.034793
v 0.110856 0.292473 -0.034902
v 0.109797 0.292426 -0.036569
v 0.109085 0.289526 -0.035234
v 0.108272 0.289609 -0.036605
v 0.105212 0.289344 -0.035955
v 0.096821 0.287121 -0.029227
v 0.098114 0.286231 -0.027847
v 0.100590 0.286885 -0.024627
v 0.097942 0.287240 -0.022728
v 0.098693 0.291755 -0.021558
v 0.090439 0.282992 -0.022142
v 0.090965 0.288314 -0.018566
v 0.080617 0.283871 -0.015296
v 0.080740 0.291295 -0.014930
v 0.064181 0.292676 -0.014160
v 0.051428 0.296989 -0.016460
v 0.049235 0.300091 -0.019818
v 0.049266 0.300162 -0.026331
v 0.044816 0.301373 -0.030233
v 0.051006 0.298158 -0.031235
v 0.051618 0.294894 -0.032948
v 0.056885 0.294271 -0.031445
v 0.057872 0.292045 -0.031279
v 0.067619 0.294078 -0.027659
v 0.067582 0.292575 -0.026596
v 0.080613 0.297328 -0.028347
v 0.080382 0.296196 -0.027413
v 0.089267 0.299039 -0.030010
v 0.088828 0.298305 -0.029099
v 0.095846 0.300194 -0.032468
v 0.095371 0.299533 -0.031853
v 0.100482 0.299977 -0.034393
v 0.098377 0.298715 -0.032775
v 0.103714 0.297867 -0.035039
v 0.103349 0.297316 -0.034688
v 0.090758 0.302562 -0.030052
v 0.086394 0.286469 -0.027184
v 0.085460 0.288369 -0.026011
v 0.078176 0.280855 -0.026930
v 0.077981 0.283403 -0.025307
v 0.078594 0.285119 -0.023298
v 0.069943 0.277711 -0.023678
v 0.069268 0.281111 -0.021168
v 0.060586 0.282887 -0.023371
v 0.060184 0.287511 -0.026823
v 0.057831 0.288621 -0.030463
v 0.054812 0.288520 -0.032250
v 0.051910 0.288820 -0.034225
v 0.049004 0.295299 -0.034270
v 0.043310 0.299534 -0.036772
v 0.039749 0.304536 -0.038025
v 0.094799 0.290417 -0.030521
v 0.104591 0.290591 -0.035608
v 0.103639 0.291977 -0.035006
v 0.104696 0.292740 -0.035071
v 0.105864 0.292415 -0.035597
v 0.105922 0.295449 -0.035774
v 0.096794 0.297491 -0.031278
v 0.093119 0.297127 -0.029667
v 0.091959 0.295174 -0.028782
v 0.087941 0.294091 -0.026895
v 0.088611 0.297362 -0.028092
v 0.080600 0.291577 -0.023531
v 0.080237 0.294979 -0.026631
v 0.067999 0.287215 -0.021620
v 0.067207 0.291281 -0.024734
v 0.059871 0.291120 -0.029511
v 0.104674 0.296047 -0.035297
v 0.103463 0.295897 -0.034505
v 0.105066 0.294739 -0.034988
v 0.103461 0.294438 -0.034366
v 0.095753 0.295329 -0.030098
v 0.103519 0.293030 -0.034649
v 0.094859 0.293827 -0.029926
v 0.094626 0.292058 -0.030159
v 0.017743 0.253792 -0.062609
v 0.018084 0.249977 -0.059776
v 0.021316 0.256583 -0.059579
v 0.020530 0.253094 -0.057194
v 0.023816 0.259864 -0.059774
v 0.020777 0.262183 -0.062894
v 0.020182 0.268221 -0.063645
v 0.025802 0.261105 -0.058353
v 0.017614 0.280698 -0.062228
v 0.015054 0.278497 -0.063889
v 0.013264 0.279505 -0.066404
v 0.006187 0.284458 -0.073724
v 0.009430 0.290571 -0.062708
v 0.011506 0.298550 -0.061705
v 0.015304 0.296411 -0.062197
v 0.014735 0.299750 -0.062709
v 0.015169 0.299646 -0.062910
v 0.015096 0.304515 -0.062371
v 0.022582 0.303872 -0.063561
v 0.005783 0.291453 -0.065033
v 0.004916 0.289381 -0.067547
v 0.007536 0.288516 -0.067244
v 0.006848 0.286881 -0.070799
v 0.002427 0.287431 -0.071424
v 0.007703 0.289482 -0.064998
v 0.010308 0.286403 -0.065865
v 0.040337 0.302581 -0.042882
v 0.035820 0.307580 -0.050181
v 0.037486 0.305421 -0.053592
v 0.032267 0.308307 -0.058083
v 0.032309 0.305921 -0.059712
v 0.023990 0.309787 -0.061058
v 0.023370 0.306730 -0.063193
v 0.017366 0.310318 -0.058786
v 0.016807 0.308005 -0.060834
v 0.016102 0.308206 -0.060941
v 0.014517 0.304541 -0.062196
v 0.011777 0.304201 -0.063187
v 0.011422 0.300145 -0.062244
v 0.006829 0.302034 -0.063721
v 0.004565 0.298715 -0.063215
v 0.007331 0.298764 -0.062874
v 0.003597 0.303271 -0.063677
v 0.031131 0.302657 -0.060705
v 0.037861 0.303363 -0.055041
v 0.040497 0.301328 -0.048215
v 0.041801 0.297560 -0.044644
v 0.042215 0.298508 -0.040235
v 0.043541 0.294042 -0.041483
v 0.045529 0.294749 -0.038153
v 0.046070 0.288072 -0.039948
v 0.048909 0.288656 -0.036898
v 0.047625 0.278185 -0.040254
v 0.051279 0.278000 -0.035086
v 0.047180 0.268542 -0.040744
v 0.051018 0.271838 -0.036048
v 0.051642 0.265793 -0.032870
v 0.003542 0.305497 -0.064172
v 0.006758 0.305258 -0.064784
v 0.002640 0.309125 -0.062582
v 0.006516 0.309562 -0.063655
v 0.011622 0.309777 -0.062599
v 0.018513 0.278338 -0.062425
v 0.017454 0.275996 -0.063363
v 0.012637 0.280543 -0.067699
v 0.012183 0.278781 -0.068132
v 0.013183 0.277775 -0.066761
v 0.010782 0.277587 -0.069608
v 0.007325 0.275155 -0.071673
v 0.011038 0.276482 -0.069205
v 0.011125 0.269152 -0.072451
v 0.004240 0.268369 -0.074873
v 0.034323 0.282095 -0.057312
v 0.035247 0.283923 -0.055859
v 0.033571 0.283800 -0.058830
v 0.034237 0.284791 -0.057449
v 0.036267 0.285026 -0.054745
v 0.034857 0.286354 -0.056826
v 0.037224 0.286169 -0.054437
v 0.035429 0.287159 -0.056795
v 0.035676 0.287346 -0.056723
v 0.037574 0.287345 -0.054119
v 0.040064 0.287284 -0.050148
v 0.039738 0.292677 -0.048628
v 0.042110 0.288189 -0.046484
v 0.041732 0.292807 -0.044950
v 0.043973 0.287132 -0.043996
v 0.023446 0.281550 -0.063045
v 0.018346 0.282595 -0.062283
v 0.015776 0.285904 -0.061722
v 0.015247 0.288626 -0.061434
v 0.017212 0.291995 -0.063411
v 0.021887 0.294127 -0.065157
v 0.029016 0.293492 -0.064656
v 0.032592 0.292929 -0.062387
v 0.035159 0.290430 -0.059336
v 0.034842 0.287508 -0.057837
v 0.032417 0.285472 -0.059595
v 0.032895 0.286094 -0.059059
v 0.018170 0.290646 -0.064068
v 0.022245 0.291810 -0.065146
v 0.028749 0.291189 -0.064313
v 0.031669 0.291043 -0.063062
v 0.034283 0.289626 -0.060275
v 0.033895 0.287540 -0.058290
v 0.034866 0.297186 -0.057220
v 0.038112 0.293814 -0.052735
v 0.035762 0.298272 -0.056407
v 0.038849 0.296330 -0.052210
v 0.039738 0.292677 -0.048628
v 0.040764 0.296698 -0.048332
v 0.030346 0.300871 -0.061007
v 0.029844 0.298971 -0.061756
v 0.022567 0.298824 -0.063233
v 0.022356 0.301414 -0.063417
v 0.037765 0.300231 -0.055909
v 0.039882 0.300711 -0.052146
v 0.044339 0.279305 -0.045119
v 0.043293 0.256146 -0.039347
v 0.043335 0.252072 -0.031455
v 0.042673 0.248879 -0.021895
v 0.034491 0.317341 -0.019031
v 0.040512 0.306249 -0.032922
v 0.042658 0.305638 -0.025178
v 0.045823 0.302267 -0.027028
v 0.017186 0.328616 -0.027953
v 0.022708 0.323941 -0.027766
v 0.021825 0.327181 -0.022609
v 0.019565 0.324008 -0.031823
v 0.015101 0.324367 -0.034622
v 0.012280 0.328683 -0.030187
v 0.011192 0.324620 -0.036505
v 0.006700 0.327663 -0.031707
v 0.005651 0.324223 -0.036599
v 0.003718 0.324142 -0.036368
v 0.017781 0.330351 -0.020736
v 0.021810 0.328151 -0.018198
v 0.024878 0.325559 -0.016121
v 0.035498 0.316807 -0.014599
v 0.000000 0.330335 -0.026118
v -0.005917 0.330587 -0.025801
v -0.012560 0.331512 -0.023258
v 0.051642 0.265793 -0.032870
v 0.055922 0.265880 -0.032081
v 0.064856 0.265909 -0.026245
v 0.064355 0.266300 -0.031606
v 0.093687 0.285826 -0.027507
v 0.093965 0.285240 -0.026479
v 0.107673 0.291465 -0.027319
v 0.102259 0.293534 -0.023928
v 0.085989 0.290458 -0.025622
v 0.090740 0.289726 -0.028531
v 0.017790 0.286952 -0.060878
v 0.019623 0.285638 -0.061088
v 0.017599 0.288513 -0.061068
v 0.019225 0.289976 -0.062425
v 0.023106 0.285573 -0.062427
v 0.022408 0.290968 -0.063789
v 0.028925 0.285381 -0.062172
v 0.028565 0.290637 -0.063116
v 0.032164 0.286321 -0.059767
v 0.031462 0.290269 -0.062734
v 0.033466 0.289285 -0.060695
v 0.033895 0.287540 -0.058290
v 0.049526 0.262638 -0.032953
v 0.052336 0.264259 -0.026654
v 0.048249 0.258136 -0.024917
v 0.052209 0.268354 -0.015920
v 0.046532 0.255655 -0.015579
v 0.048418 0.266334 -0.005406
v 0.052209 0.268354 -0.015920
v 0.013643 0.334993 -0.000032
v 0.003029 0.327319 -0.032407
v 0.000000 0.324097 -0.036300
v 0.000000 0.327006 -0.032229
v -0.003029 0.327319 -0.032407
v 0.024847 0.324824 -0.019658
v 0.031978 0.313131 -0.037333
v 0.022179 0.316373 -0.039908
v 0.019292 0.318809 -0.043302
v 0.012354 0.319510 -0.046539
v 0.007564 0.315775 -0.051062
v 0.004491 0.315785 -0.051167
v 0.000000 0.315068 -0.051189
v 0.012560 0.331512 -0.023258
v 0.005917 0.330587 -0.025801
v 0.012280 0.328683 -0.030187
v 0.006700 0.327663 -0.031707
v 0.003029 0.327319 -0.032407
v 0.017186 0.328616 -0.027953
v 0.021825 0.327181 -0.022609
v 0.024847 0.324824 -0.019658
v 0.034491 0.317341 -0.019031
v 0.042658 0.305638 -0.025178
v 0.015543 0.230415 -0.040504
v 0.008557 0.233226 -0.044919
v 0.009412 0.229911 -0.042690
v 0.000000 0.229238 -0.044503
v 0.000000 0.232592 -0.046318
v -0.008557 0.233226 -0.044919
v 0.000000 0.235096 -0.050517
v -0.007982 0.235606 -0.049222
v 0.028381 0.243847 -0.043125
v 0.023651 0.242665 -0.046034
v 0.029069 0.238981 -0.034478
v 0.023927 0.237334 -0.039505
v 0.033832 0.264659 -0.057846
v 0.038768 0.244015 -0.014396
v 0.042225 0.247099 -0.010376
v 0.042173 0.254726 0.006122
v 0.033439 0.266374 0.026139
v 0.041040 0.280198 -0.048271
v 0.019225 0.289976 -0.062425
v 0.022408 0.290968 -0.063789
v 0.028565 0.290637 -0.063116
v 0.031462 0.290269 -0.062734
v 0.033466 0.289285 -0.060695
v 0.007636 0.237848 0.024865
v 0.000000 0.238400 0.024987
v -0.007246 0.243913 0.027083
v -0.019996 0.243811 0.023404
v -0.030483 0.244252 0.015074
v -0.036996 0.241360 -0.003305
v -0.033021 0.237840 -0.023628
v -0.036106 0.241121 -0.018584
v -0.033936 0.242336 -0.030880
v 0.030333 0.254919 -0.053969
v 0.027313 0.261658 -0.058597
v 0.028948 0.254583 -0.053417
v 0.021682 0.268615 -0.062360
v 0.015640 0.276104 -0.064407
v 0.018297 0.268393 -0.066771
v 0.027746 0.247618 -0.048289
v 0.023513 0.246085 -0.050000
v 0.020927 0.245154 -0.049769
v 0.020967 0.247696 -0.053320
v 0.017913 0.243151 -0.053081
v 0.017931 0.245643 -0.056434
v 0.014240 0.240602 -0.056463
v 0.013748 0.242987 -0.060772
v 0.007431 0.240225 -0.065265
v 0.007791 0.244632 -0.066813
v 0.000000 0.240441 -0.066737
v 0.000000 0.244922 -0.067411
v -0.007791 0.244632 -0.066813
v -0.008110 0.249313 -0.067471
v -0.013467 0.246587 -0.062917
v -0.012930 0.250439 -0.065485
v 0.029649 0.270371 -0.061207
v 0.023655 0.275404 -0.061620
v 0.023598 0.276792 -0.061660
v 0.023404 0.279058 -0.062716
v 0.030298 0.281924 -0.062146
v 0.054425 0.271338 -0.034704
v 0.055922 0.265880 -0.032081
v 0.067400 0.271041 -0.032950
v 0.068635 0.266985 -0.030229
v 0.055702 0.278703 -0.011813
v 0.049715 0.286388 -0.008263
v 0.054806 0.271376 -0.016031
v 0.095939 0.287926 -0.029893
v 0.092458 0.287115 -0.028116
v 0.088294 0.282476 -0.028360
v 0.087439 0.284242 -0.028347
v 0.078121 0.273963 -0.028412
v 0.078270 0.277233 -0.028844
v 0.051562 0.277334 -0.009303
v 0.107085 0.292865 -0.036150
v 0.110163 0.296758 -0.034701
v 0.106707 0.299292 -0.029039
v 0.102960 0.300051 -0.026640
v 0.099402 0.300900 -0.024859
v 0.105024 0.301597 -0.030411
v 0.100142 0.303343 -0.027460
v 0.100021 0.303811 -0.030550
v 0.108710 0.293788 -0.028043
v 0.102533 0.294394 -0.024127
v 0.000000 0.316110 0.027768
v 0.053634 0.278396 -0.032518
v 0.051018 0.271838 -0.036048
v 0.051642 0.265793 -0.032870
v 0.032622 0.255959 -0.053943
v 0.030140 0.262972 -0.058601
v 0.031317 0.255408 -0.054010
v 0.028456 0.262417 -0.058721
v 0.025944 0.269617 -0.062602
v 0.024618 0.269320 -0.062896
v 0.023343 0.268896 -0.062701
v 0.038219 0.244965 -0.026391
v -0.010002 0.299893 0.032530
v -0.008953 0.316308 0.027495
v 0.104574 0.298726 -0.035260
v 0.105549 0.297430 -0.035625
v 0.091181 0.288891 -0.028303
v 0.000000 0.259155 -0.073926
v 0.006022 0.260793 -0.068066
v 0.011721 0.260880 -0.067975
v 0.014230 0.261122 -0.066608
v 0.016955 0.261100 -0.064797
v 0.019617 0.261758 -0.063589
v 0.019791 0.258345 -0.063010
v 0.013467 0.246587 -0.062917
v 0.004737 0.262472 -0.075559
v 0.000000 0.262529 -0.075561
v -0.004737 0.262472 -0.075559
v 0.000000 0.268110 -0.074047
v 0.000000 0.263718 -0.075731
v 0.003650 0.280214 -0.075727
v 0.003692 0.279951 -0.074322
v 0.005340 0.281052 -0.073692
v 0.004104 0.279462 -0.072940
v 0.005752 0.281723 -0.074620
v 0.005128 0.280011 -0.072852
v 0.003619 0.278540 -0.072470
v 0.003032 0.278047 -0.073981
v 0.003272 0.275842 -0.072988
v 0.002608 0.277880 -0.074878
v 0.002679 0.275283 -0.073251
v 0.000000 0.277777 -0.075315
v 0.000000 0.274790 -0.073752
v -0.002679 0.275283 -0.073251
v -0.003101 0.273498 -0.072819
v -0.006706 0.276433 -0.071475
v -0.007325 0.275155 -0.071673
v -0.010782 0.277587 -0.069608
v -0.011038 0.276482 -0.069205
v -0.013183 0.277775 -0.066761
v -0.015652 0.268783 -0.069445
v -0.018297 0.268393 -0.066771
v -0.016439 0.264244 -0.068990
v -0.020777 0.262183 -0.062894
v -0.016257 0.262922 -0.068676
v -0.019617 0.261758 -0.063589
v -0.015762 0.261371 -0.068202
v -0.011901 0.260668 -0.070762
v -0.011816 0.263635 -0.072380
v -0.004637 0.263851 -0.075800
v 0.004637 0.263851 -0.075800
v 0.000000 0.289728 -0.067090
v 0.002250 0.289750 -0.067321
v 0.000000 0.292705 -0.065324
v 0.001920 0.292890 -0.065434
v 0.067582 0.292575 -0.026596
v 0.080382 0.296196 -0.027413
v 0.088828 0.298305 -0.029099
v 0.046697 0.301434 -0.018313
v 0.014650 0.315065 -0.050117
v 0.020361 0.313514 -0.046852
v 0.027260 0.312359 -0.047482
v -0.004335 0.318068 -0.048300
v -0.004376 0.321244 -0.043684
v -0.006874 0.322065 -0.043133
v -0.005651 0.324223 -0.036599
v -0.010332 0.322752 -0.041868
v -0.011192 0.324620 -0.036505
v -0.016609 0.322563 -0.038728
v -0.015101 0.324367 -0.034622
v -0.020948 0.321036 -0.034532
v -0.019565 0.324008 -0.031823
v -0.027226 0.318474 -0.028712
v -0.022708 0.323941 -0.027766
v -0.025271 0.323676 -0.023134
v 0.007982 0.235606 -0.049222
v 0.019246 0.235729 -0.041191
v 0.014587 0.234322 -0.043257
v 0.014265 0.237266 -0.047255
v 0.007234 0.236182 -0.055636
v 0.007328 0.237618 -0.061904
v 0.000000 0.235829 -0.057535
v 0.000000 0.237250 -0.063579
v -0.007234 0.236182 -0.055636
v -0.007328 0.237618 -0.061904
v -0.014288 0.238762 -0.051983
v -0.014240 0.240602 -0.056463
v -0.017913 0.243151 -0.053081
v -0.013748 0.242987 -0.060772
v -0.017931 0.245643 -0.056434
v -0.018084 0.249977 -0.059776
v -0.020530 0.253094 -0.057194
v -0.021316 0.256583 -0.059579
v -0.020967 0.247696 -0.053320
v -0.022809 0.250436 -0.053944
v -0.023513 0.246085 -0.050000
v -0.026069 0.253117 -0.054143
v -0.007431 0.240225 -0.065265
v -0.017743 0.253792 -0.062609
v -0.016832 0.256014 -0.065530
v -0.019791 0.258345 -0.063010
v -0.018945 0.259216 -0.064277
v -0.017322 0.260903 -0.066356
v -0.016955 0.261100 -0.064797
v -0.014526 0.260299 -0.069485
v -0.014230 0.261122 -0.066608
v -0.011235 0.259807 -0.071165
v -0.011721 0.260880 -0.067975
v -0.004979 0.259133 -0.073422
v -0.006022 0.260793 -0.068066
v 0.000000 0.260793 -0.068066
v 0.022809 0.250436 -0.053944
v 0.026069 0.253117 -0.054143
v 0.107557 0.299870 -0.032633
v 0.089830 0.292001 -0.028002
v 0.005734 0.293958 -0.063682
v 0.001386 0.295967 -0.064053
v 0.000000 0.296125 -0.064046
v -0.001386 0.295967 -0.064053
v 0.005734 0.293958 -0.063682
v 0.001386 0.295967 -0.064053
v 0.001393 0.299292 -0.063233
v 0.000000 0.303735 -0.062960
v 0.000000 0.306409 -0.062947
v 0.000000 0.309811 -0.061944
v 0.004844 0.312203 -0.060438
v 0.010978 0.312238 -0.060934
v 0.016432 0.310390 -0.058811
v 0.069304 0.275258 -0.026322
v 0.078176 0.280855 -0.026930
v 0.086394 0.286469 -0.027184
v 0.091181 0.288891 -0.028303
v 0.094799 0.290417 -0.030521
v 0.102323 0.301022 -0.034473
v 0.098348 0.302236 -0.033353
v 0.090758 0.302562 -0.030052
v 0.089996 0.300857 -0.030817
v 0.081005 0.300441 -0.028661
v 0.080910 0.298776 -0.028855
v 0.067430 0.295619 -0.028169
v 0.056887 0.297263 -0.030778
v 0.000000 0.296125 -0.064046
v 0.000000 0.298506 -0.063304
v -0.001393 0.299292 -0.063233
v 0.002880 0.284172 -0.074945
v 0.005635 0.255649 -0.072802
v 0.000000 0.255321 -0.073224
v 0.000000 0.280260 -0.075774
v -0.003650 0.280214 -0.075727
v -0.002608 0.277880 -0.074878
v -0.003032 0.278047 -0.073981
v -0.003272 0.275842 -0.072988
v -0.003131 0.277461 -0.070825
v -0.006454 0.277250 -0.071291
v -0.005631 0.277851 -0.070806
v -0.007518 0.278679 -0.070469
v -0.006776 0.279418 -0.071007
v -0.010464 0.278424 -0.069933
v -0.009030 0.280209 -0.071310
v -0.010088 0.280671 -0.071502
v -0.007539 0.280840 -0.072473
v -0.008250 0.281567 -0.073034
v -0.005752 0.281723 -0.074620
v -0.006187 0.284458 -0.073724
v -0.002880 0.284172 -0.074945
v 0.000000 0.284187 -0.075101
v 0.000000 0.287553 -0.071393
v 0.009430 0.290571 -0.062708
v 0.012115 0.282700 -0.067256
v 0.019369 0.278602 -0.062072
v 0.039710 0.285673 -0.050364
v 0.042231 0.286446 -0.046631
v 0.041637 0.284658 -0.047013
v 0.038354 0.284148 -0.051315
v 0.037197 0.282125 -0.052570
v -0.002250 0.289750 -0.067321
v -0.001920 0.292890 -0.065434
v -0.005734 0.293958 -0.063682
v 0.005631 0.277851 -0.070806
v 0.006454 0.277250 -0.071291
v 0.007518 0.278679 -0.070469
v -0.005997 0.253106 -0.071162
v -0.005635 0.255649 -0.072802
v -0.011075 0.253680 -0.069086
v -0.010953 0.255298 -0.070467
v -0.016461 0.257419 -0.066862
v -0.004721 0.313569 -0.057756
v -0.009980 0.314004 -0.057477
v -0.007564 0.315775 -0.051062
v -0.014650 0.315065 -0.050117
v -0.009412 0.229911 -0.042690
v -0.034658 0.230719 -0.005301
v -0.020374 0.300147 0.028983
v -0.028789 0.301077 0.023628
v -0.033688 0.301687 0.017910
v -0.037161 0.302426 0.012660
v -0.031469 0.318093 -0.024117
v -0.035651 0.316457 -0.009091
v -0.026736 0.326110 -0.009414
v -0.035498 0.316807 -0.014599
v -0.024878 0.325559 -0.016121
v -0.024847 0.324824 -0.019658
v -0.021825 0.327181 -0.022609
v -0.052579 0.268354 -0.015920
v -0.055817 0.265199 -0.026320
v -0.054806 0.271376 -0.016031
v -0.064913 0.270815 -0.017722
v -0.064856 0.265909 -0.026245
v -0.068868 0.266383 -0.026337
v -0.064355 0.266300 -0.031606
v -0.068635 0.266985 -0.030229
v -0.067400 0.271041 -0.032950
v -0.071994 0.269210 -0.030253
v -0.078270 0.277233 -0.028844
v -0.078121 0.273963 -0.028412
v -0.087439 0.284242 -0.028347
v -0.088294 0.282476 -0.028360
v -0.092458 0.287115 -0.028116
v -0.093687 0.285826 -0.027507
v -0.095939 0.287926 -0.029893
v -0.096821 0.287121 -0.029227
v -0.105212 0.289344 -0.035955
v -0.052336 0.264259 -0.026654
v -0.051642 0.265793 -0.032870
v -0.066937 0.297408 -0.027958
v -0.082441 0.302554 -0.028199
v -0.081005 0.300441 -0.028661
v -0.091278 0.303907 -0.028963
v -0.081527 0.302132 -0.023918
v -0.093134 0.304062 -0.025886
v -0.081048 0.299254 -0.019713
v -0.092967 0.301663 -0.022757
v -0.080633 0.295464 -0.017108
v -0.091877 0.297953 -0.020178
v -0.091055 0.293936 -0.018363
v -0.097812 0.298558 -0.022646
v -0.099003 0.295685 -0.021239
v -0.103048 0.297691 -0.025026
v -0.102695 0.295240 -0.024298
v -0.108699 0.296362 -0.028591
v -0.108731 0.294691 -0.028194
v -0.110895 0.294849 -0.034793
v -0.110856 0.292473 -0.034902
v -0.109797 0.292426 -0.036569
v -0.109085 0.289526 -0.035234
v -0.108272 0.289609 -0.036605
v -0.107016 0.288062 -0.035554
v -0.104321 0.287488 -0.034041
v -0.105627 0.287031 -0.031407
v -0.098114 0.286231 -0.027847
v -0.105469 0.287819 -0.026978
v -0.100590 0.286885 -0.024627
v -0.102262 0.291687 -0.023901
v -0.097942 0.287240 -0.022728
v -0.098693 0.291755 -0.021558
v -0.090439 0.282992 -0.022142
v -0.090965 0.288314 -0.018566
v -0.080617 0.283871 -0.015296
v -0.080740 0.291295 -0.014930
v -0.064181 0.292676 -0.014160
v -0.065206 0.296394 -0.017166
v -0.051428 0.296989 -0.016460
v -0.066981 0.299792 -0.021517
v -0.049235 0.300091 -0.019818
v -0.067036 0.300029 -0.024964
v -0.049266 0.300162 -0.026331
v -0.050646 0.298887 -0.029947
v -0.044816 0.301373 -0.030233
v -0.051006 0.298158 -0.031235
v -0.051588 0.294935 -0.032712
v -0.056885 0.294271 -0.031445
v -0.057872 0.292045 -0.031279
v -0.067619 0.294078 -0.027659
v -0.067582 0.292575 -0.026596
v -0.080613 0.297328 -0.028347
v -0.080382 0.296196 -0.027413
v -0.089267 0.299039 -0.030010
v -0.088828 0.298305 -0.029099
v -0.095846 0.300194 -0.032468
v -0.095371 0.299533 -0.031853
v -0.100482 0.299977 -0.034393
v -0.098377 0.298715 -0.032775
v -0.103714 0.297867 -0.035039
v -0.103349 0.297316 -0.034688
v -0.098641 0.303247 -0.032550
v -0.104258 0.302217 -0.032822
v -0.103594 0.301694 -0.033743
v -0.106952 0.299680 -0.034792
v -0.105024 0.301597 -0.030411
v -0.107557 0.299870 -0.032633
v -0.102960 0.300051 -0.026640
v -0.106707 0.299292 -0.029039
v -0.106750 0.297305 -0.035741
v -0.108908 0.296765 -0.035796
v -0.107173 0.295005 -0.036092
v -0.109552 0.294733 -0.036186
v -0.110163 0.296758 -0.034701
v -0.051642 0.265793 -0.032870
v -0.052336 0.264259 -0.026654
v -0.049526 0.262638 -0.032953
v -0.048249 0.258136 -0.024917
v -0.052579 0.268354 -0.015920
v -0.046532 0.255655 -0.015579
v -0.048418 0.266334 -0.005406
v -0.051642 0.265793 -0.032870
v -0.051018 0.271838 -0.036048
v -0.055922 0.265880 -0.032081
v -0.054425 0.271338 -0.034704
v -0.051081 0.278279 -0.035378
v -0.053628 0.278410 -0.032535
v -0.048913 0.288700 -0.036917
v -0.025284 0.222560 -0.032497
v -0.021662 0.222449 -0.035184
v -0.026513 0.232350 -0.032776
v -0.023585 0.231928 -0.036811
v -0.018521 0.222488 -0.037427
v -0.033855 0.222304 -0.005154
v -0.030087 0.222026 -0.024630
v -0.030493 0.231681 -0.025373
v -0.030849 0.276905 -0.058991
v -0.031219 0.275736 -0.058333
v -0.023255 0.275374 -0.061851
v -0.029649 0.270371 -0.061207
v -0.034349 0.272012 -0.057430
v -0.023320 0.276486 -0.061776
v -0.018843 0.278670 -0.062052
v -0.018104 0.278412 -0.062358
v -0.012637 0.280543 -0.067699
v -0.012183 0.278781 -0.068132
v -0.011216 0.279080 -0.069745
v -0.046532 0.255655 -0.015579
v -0.042673 0.248879 -0.021895
v -0.042225 0.247099 -0.010376
v -0.040028 0.247895 0.000265
v -0.032671 0.250051 0.017771
v -0.020899 0.249883 0.027061
v -0.028826 0.296008 -0.063150
v -0.021817 0.296053 -0.063953
v -0.029844 0.298971 -0.061756
v -0.022567 0.298824 -0.063233
v -0.016396 0.293545 -0.062365
v -0.015304 0.296411 -0.062197
v -0.013993 0.289335 -0.061344
v -0.011892 0.291922 -0.060793
v -0.014578 0.285401 -0.062027
v -0.029844 0.298971 -0.061756
v -0.022567 0.298824 -0.063233
v -0.030346 0.300871 -0.061007
v -0.022356 0.301414 -0.063417
v -0.015304 0.296411 -0.062197
v -0.015169 0.299646 -0.062910
v -0.014735 0.299750 -0.062709
v -0.015096 0.304515 -0.062371
v -0.017790 0.286952 -0.060878
v -0.019623 0.285638 -0.061088
v -0.017239 0.286645 -0.060944
v -0.019211 0.284776 -0.061821
v -0.023106 0.285573 -0.062427
v -0.023132 0.284875 -0.062614
v -0.028925 0.285381 -0.062172
v -0.029328 0.284613 -0.062413
v -0.032164 0.286321 -0.059767
v -0.032417 0.285471 -0.059595
v -0.032895 0.286094 -0.059059
v -0.044172 0.287255 -0.043804
v -0.042144 0.288175 -0.046434
v -0.041756 0.292801 -0.044983
v -0.039738 0.292677 -0.048628
v -0.040064 0.287284 -0.050148
v -0.038112 0.293814 -0.052735
v -0.037574 0.287345 -0.054120
v -0.033024 0.294235 -0.060195
v -0.030678 0.279756 -0.061162
v -0.034193 0.282024 -0.057395
v -0.035175 0.279523 -0.055074
v -0.015640 0.276104 -0.064407
v -0.020182 0.268221 -0.063645
v -0.021682 0.268615 -0.062360
v -0.025802 0.261105 -0.058353
v -0.027313 0.261658 -0.058597
v -0.028948 0.254583 -0.053417
v -0.018308 0.241095 -0.049261
v -0.020927 0.245154 -0.049769
v -0.014875 0.222307 -0.040339
v -0.019498 0.230906 -0.038697
v -0.023927 0.237334 -0.039505
v -0.029069 0.238981 -0.034478
v -0.023651 0.242665 -0.046034
v -0.028381 0.243847 -0.043125
v -0.027746 0.247618 -0.048289
v -0.033419 0.245504 -0.039414
v -0.032677 0.248925 -0.045725
v -0.023816 0.259864 -0.059774
v -0.006018 0.279936 -0.071983
v -0.003619 0.278540 -0.072470
v -0.003692 0.279951 -0.074322
v -0.005340 0.281052 -0.073692
v -0.011792 0.265011 -0.072717
v -0.011125 0.269152 -0.072451
v -0.004240 0.268369 -0.074873
v 0.000000 0.272487 -0.072497
v 0.003101 0.273498 -0.072819
v 0.006706 0.276433 -0.071475
v -0.029069 0.238981 -0.034478
v -0.032344 0.222144 0.006274
v -0.026513 0.232350 -0.032776
v -0.025284 0.222560 -0.032497
v -0.042036 0.305613 -0.006540
v -0.046994 0.298598 -0.014195
v -0.043089 0.306234 -0.011288
v -0.042186 0.306408 -0.016796
v -0.046697 0.301434 -0.018313
v -0.045823 0.302267 -0.027028
v -0.048676 0.294397 -0.011678
v -0.049715 0.286388 -0.008263
v -0.022138 0.222328 0.017263
v -0.007640 0.222106 0.022412
v -0.090758 0.302562 -0.030052
v -0.100021 0.303811 -0.030550
v -0.100142 0.303343 -0.027460
v -0.099402 0.300900 -0.024859
v -0.078176 0.280855 -0.026930
v -0.069304 0.275258 -0.026322
v -0.077981 0.283403 -0.025307
v -0.069943 0.277711 -0.023678
v -0.059718 0.278442 -0.024882
v -0.060586 0.282887 -0.023371
v -0.057762 0.282898 -0.028427
v -0.103639 0.291977 -0.035006
v -0.104591 0.290591 -0.035608
v -0.094799 0.290417 -0.030521
v -0.060175 0.287512 -0.026827
v -0.067999 0.287215 -0.021620
v -0.069268 0.281111 -0.021168
v -0.078594 0.285119 -0.023298
v -0.080600 0.291577 -0.023531
v -0.085989 0.290458 -0.025622
v -0.087941 0.294091 -0.026895
v -0.089830 0.292001 -0.028002
v -0.091959 0.295174 -0.028782
v -0.059871 0.291120 -0.029511
v -0.067207 0.291281 -0.024734
v -0.080237 0.294979 -0.026631
v -0.088611 0.297362 -0.028092
v -0.093119 0.297127 -0.029667
v -0.096794 0.297491 -0.031278
v -0.104696 0.292740 -0.035071
v -0.105864 0.292415 -0.035597
v -0.105922 0.295449 -0.035774
v -0.105066 0.294739 -0.034988
v -0.103461 0.294438 -0.034366
v -0.103463 0.295897 -0.034505
v -0.095753 0.295329 -0.030098
v -0.103519 0.293030 -0.034649
v -0.094859 0.293827 -0.029926
v -0.094626 0.292058 -0.030159
v -0.104674 0.296047 -0.035297
v -0.016102 0.308206 -0.060941
v -0.011777 0.304201 -0.063187
v -0.011622 0.309777 -0.062599
v -0.006516 0.309562 -0.063655
v -0.006758 0.305258 -0.064784
v -0.002640 0.309125 -0.062582
v -0.003542 0.305497 -0.064172
v -0.006606 0.318586 -0.047985
v -0.016852 0.288724 -0.061658
v -0.017599 0.288513 -0.061068
v -0.019225 0.289976 -0.062425
v -0.018170 0.290646 -0.064068
v -0.022408 0.290968 -0.063789
v -0.022245 0.291810 -0.065146
v -0.028565 0.290637 -0.063116
v -0.028749 0.291189 -0.064313
v -0.031462 0.290269 -0.062734
v -0.031669 0.291043 -0.063062
v -0.033466 0.289285 -0.060695
v -0.034283 0.289626 -0.060275
v -0.033895 0.287540 -0.058290
v -0.009430 0.290571 -0.062708
v -0.011233 0.286106 -0.064880
v -0.013500 0.285343 -0.062267
v -0.014782 0.280405 -0.063463
v -0.017321 0.280677 -0.062072
v -0.015053 0.278497 -0.063889
v -0.017318 0.276122 -0.063377
v -0.025944 0.269617 -0.062602
v -0.033832 0.264659 -0.057846
v -0.040337 0.302581 -0.042882
v -0.037486 0.305421 -0.053592
v -0.035820 0.307580 -0.050181
v -0.032267 0.308307 -0.058083
v -0.032309 0.305921 -0.059712
v -0.023990 0.309787 -0.061058
v -0.023370 0.306730 -0.063193
v -0.017366 0.310318 -0.058786
v -0.016807 0.308005 -0.060834
v -0.014517 0.304541 -0.062196
v -0.011422 0.300145 -0.062244
v -0.006829 0.302034 -0.063721
v -0.010978 0.312238 -0.060934
v -0.016525 0.311980 -0.056569
v -0.016432 0.310390 -0.058811
v -0.017482 0.311757 -0.056446
v -0.004844 0.312203 -0.060438
v -0.020361 0.313514 -0.046852
v -0.023485 0.311537 -0.056529
v -0.027260 0.312359 -0.047482
v -0.030084 0.310560 -0.053839
v -0.032904 0.310288 -0.044602
v -0.012637 0.280543 -0.067699
v -0.012183 0.278781 -0.068132
v -0.033486 0.283773 -0.058865
v -0.034231 0.284808 -0.057462
v -0.035292 0.283847 -0.055799
v -0.036274 0.285031 -0.054738
v -0.034857 0.286354 -0.056826
v -0.030259 0.281940 -0.062120
v -0.034842 0.287508 -0.057837
v -0.035676 0.287346 -0.056723
v -0.035159 0.290430 -0.059336
v -0.035815 0.291519 -0.057168
v -0.032592 0.292929 -0.062387
v -0.029016 0.293492 -0.064656
v -0.021887 0.294127 -0.065157
v -0.017212 0.291995 -0.063411
v -0.015247 0.288626 -0.061434
v -0.015776 0.285904 -0.061722
v -0.018339 0.282587 -0.062284
v -0.023355 0.281404 -0.063202
v -0.023351 0.278971 -0.062815
v -0.037207 0.282122 -0.052553
v -0.038354 0.284149 -0.051316
v -0.037770 0.281623 -0.051587
v -0.041264 0.280250 -0.047878
v -0.038916 0.274924 -0.052165
v -0.044015 0.272095 -0.048452
v -0.039035 0.267738 -0.054680
v -0.036339 0.258363 -0.051683
v -0.030140 0.262972 -0.058601
v -0.032622 0.255959 -0.053943
v -0.028456 0.262417 -0.058721
v -0.031317 0.255408 -0.054010
v -0.030333 0.254919 -0.053969
v -0.021047 0.243194 -0.047160
v -0.018907 0.239485 -0.045414
v -0.014265 0.237266 -0.047255
v 0.019498 0.230906 -0.038697
v 0.023585 0.231928 -0.036811
v 0.026513 0.232350 -0.032776
v -0.034866 0.297186 -0.057220
v -0.035762 0.298272 -0.056407
v -0.031131 0.302657 -0.060705
v -0.037765 0.300231 -0.055909
v -0.037861 0.303363 -0.055041
v -0.039882 0.300711 -0.052146
v -0.040497 0.301328 -0.048215
v -0.040764 0.296698 -0.048332
v -0.041798 0.297565 -0.044639
v -0.043553 0.294007 -0.041503
v -0.046099 0.288114 -0.039911
v -0.044687 0.278964 -0.044860
v -0.047762 0.278065 -0.040281
v -0.047265 0.268384 -0.040716
v -0.041665 0.262110 -0.046793
v -0.037821 0.251995 -0.043188
v -0.038390 0.248249 -0.035707
v -0.038219 0.244965 -0.026391
v -0.033936 0.242336 -0.030880
v -0.034491 0.317341 -0.019031
v -0.042658 0.305638 -0.025178
v -0.040512 0.306249 -0.032922
v -0.045823 0.302267 -0.027028
v -0.018341 0.331701 0.012310
v -0.021085 0.331452 0.006498
v -0.017186 0.328616 -0.027953
v -0.021825 0.327181 -0.022609
v -0.022708 0.323941 -0.027766
v -0.012877 0.332156 0.015471
v -0.091181 0.288891 -0.028303
v -0.105549 0.297430 -0.035625
v -0.104574 0.298726 -0.035260
v -0.055922 0.265880 -0.032081
v -0.078121 0.273963 -0.028412
v -0.078124 0.272295 -0.025465
v -0.073688 0.269132 -0.025602
v -0.072060 0.273049 -0.018385
v -0.068172 0.271413 -0.018331
v -0.066696 0.279088 -0.014361
v -0.064858 0.278752 -0.014089
v -0.063954 0.287543 -0.013744
v -0.053351 0.286725 -0.010909
v -0.052438 0.293104 -0.013247
v -0.048676 0.294397 -0.011678
v -0.046994 0.298598 -0.014195
v -0.088294 0.282476 -0.028360
v -0.088472 0.281559 -0.027375
v -0.079268 0.276168 -0.018792
v -0.068259 0.280099 -0.014423
v -0.093965 0.285240 -0.026479
v -0.107453 0.287869 -0.034247
v -0.106370 0.289226 -0.026718
v -0.102259 0.293534 -0.023928
v -0.102533 0.294394 -0.024127
v -0.055291 0.278622 -0.030108
v -0.057406 0.276977 -0.027096
v -0.057850 0.288732 -0.030562
v -0.085460 0.288369 -0.026011
v -0.090740 0.289726 -0.028531
v -0.033895 0.287540 -0.058290
v -0.032164 0.286321 -0.059767
v -0.033466 0.289285 -0.060695
v -0.031462 0.290269 -0.062734
v -0.028565 0.290637 -0.063116
v -0.028925 0.285381 -0.062172
v -0.022408 0.290968 -0.063789
v -0.023106 0.285573 -0.062427
v -0.019225 0.289976 -0.062425
v -0.019623 0.285638 -0.061088
v -0.017599 0.288513 -0.061068
v -0.017790 0.286952 -0.060878
v -0.043293 0.256146 -0.039347
v -0.043335 0.252072 -0.031455
v -0.042673 0.248879 -0.021895
v -0.051018 0.271838 -0.036048
v -0.045591 0.294664 -0.038166
v -0.042249 0.298515 -0.040259
v -0.022582 0.303872 -0.063561
v -0.011506 0.298550 -0.061705
v -0.007331 0.298764 -0.062874
v -0.003597 0.303271 -0.063677
v -0.004565 0.298715 -0.063215
v -0.003718 0.324142 -0.036368
v -0.006700 0.327663 -0.031707
v -0.005651 0.324223 -0.036599
v -0.011192 0.324620 -0.036505
v -0.012280 0.328683 -0.030187
v -0.015101 0.324367 -0.034622
v -0.019565 0.324008 -0.031823
v -0.015543 0.230415 -0.040504
v -0.014587 0.234322 -0.043257
v -0.019246 0.235729 -0.041191
v -0.038219 0.244965 -0.026391
v -0.038768 0.244015 -0.014396
v -0.041673 0.284643 -0.047088
v -0.042241 0.286475 -0.046615
v -0.039710 0.285673 -0.050364
v -0.037224 0.286170 -0.054434
v -0.035429 0.287159 -0.056795
v -0.034866 0.297186 -0.057220
v -0.024618 0.269320 -0.062896
v -0.108710 0.293788 -0.028043
v -0.107673 0.291465 -0.027319
v -0.107085 0.292865 -0.036150
v -0.042658 0.305638 -0.025178
v -0.034491 0.317341 -0.019031
v -0.051562 0.277334 -0.009303
v -0.052579 0.268354 -0.015920
v -0.009481 0.222251 -0.042626
v -0.049715 0.286388 -0.008263
v -0.055702 0.278703 -0.011813
v -0.051562 0.277334 -0.009303
v 0.033855 0.222304 -0.005154
v 0.030087 0.222026 -0.024630
v -0.105717 0.299453 -0.035030
v -0.002427 0.287431 -0.071424
v -0.004916 0.289381 -0.067547
v -0.005783 0.291453 -0.065033
v -0.007703 0.289482 -0.064998
v -0.009430 0.290571 -0.062708
v -0.010308 0.286403 -0.065865
v -0.012115 0.282700 -0.067256
v -0.013177 0.281015 -0.066081
v -0.013264 0.279505 -0.066404
v -0.023343 0.268896 -0.062701
v -0.039738 0.292677 -0.048628
v -0.038849 0.296330 -0.052210
v -0.038112 0.293814 -0.052735
v -0.054735 0.288428 -0.032204
v -0.067582 0.292575 -0.026596
v -0.080382 0.296196 -0.027413
v -0.088828 0.298305 -0.029099
v -0.027260 0.312359 -0.047482
v -0.031978 0.313131 -0.037333
v -0.039687 0.304554 -0.038190
v -0.046697 0.301434 -0.018313
v -0.022179 0.316373 -0.039908
v -0.020361 0.313514 -0.046852
v -0.019292 0.318809 -0.043302
v -0.014650 0.315065 -0.050117
v -0.012354 0.319510 -0.046539
v -0.007564 0.315775 -0.051062
v -0.004491 0.315785 -0.051167
v -0.024847 0.324824 -0.019658
v 0.000000 0.222259 -0.044499
v 0.009481 0.222251 -0.042626
v 0.014875 0.222307 -0.040339
v 0.018521 0.222488 -0.037427
v 0.021662 0.222449 -0.035184
v 0.025284 0.222560 -0.032497
v -0.086394 0.286469 -0.027184
v -0.102323 0.301022 -0.034473
v -0.098348 0.302236 -0.033353
v -0.089996 0.300857 -0.030817
v -0.080910 0.298776 -0.028855
v -0.067430 0.295619 -0.028169
v -0.056887 0.297263 -0.030778
v -0.081005 0.300441 -0.028661
v -0.090758 0.302562 -0.030052
v -0.094799 0.290417 -0.030521
v -0.091181 0.288891 -0.028303
v -0.086394 0.286469 -0.027184
v -0.078176 0.280855 -0.026930
v -0.069304 0.275258 -0.026322
v -0.051692 0.288196 -0.034156
v -0.048605 0.294920 -0.034794
v -0.043486 0.299638 -0.036476
v -0.001386 0.295967 -0.064053
v -0.005734 0.293958 -0.063682
v -0.006848 0.286881 -0.070799
v -0.008947 0.286163 -0.070100
v -0.009661 0.283911 -0.071747
v -0.010811 0.284751 -0.068436
v -0.011394 0.282659 -0.069606
v -0.007536 0.288516 -0.067244
v -0.009251 0.287321 -0.066556
v -0.012115 0.282700 -0.067256
v -0.005128 0.280011 -0.072852
v -0.004104 0.279462 -0.072940
v -0.035869 0.278360 -0.054332
v -0.143466 0.026455 0.022324
v -0.137187 0.049286 0.022211
v -0.114818 0.021237 0.037540
v -0.109934 0.043800 0.037408
v -0.057493 0.012851 0.058148
v -0.086169 0.016019 0.052756
v -0.054714 0.036183 0.058134
v -0.082396 0.039222 0.052648
v -0.114818 0.021237 0.037540
v -0.109934 0.043800 0.037408
v 0.057280 0.012851 0.058652
v 0.028571 0.009683 0.063792
v 0.054527 0.036182 0.058614
v 0.027331 0.034377 0.063731
v -0.000123 0.009683 0.063666
v -0.000109 0.033784 0.063612
v -0.028816 0.009683 0.063540
v -0.027549 0.034377 0.063490
v -0.057493 0.012851 0.058148
v -0.054714 0.036183 0.058134
v 0.114728 0.021237 0.038548
v 0.085990 0.016019 0.053512
v 0.082243 0.039222 0.053371
v 0.054527 0.036182 0.058614
v 0.057280 0.012851 0.058652
v 0.109870 0.043800 0.038374
v -0.126419 0.097255 0.022317
v -0.104765 0.067271 0.037319
v -0.130907 0.072117 0.022097
v -0.137187 0.049286 0.022211
v -0.109934 0.043800 0.037408
v -0.100623 0.093400 0.037965
v -0.116870 0.146193 0.022463
v -0.097577 0.120529 0.037888
v -0.121931 0.122393 0.022538
v -0.126419 0.097255 0.022317
v -0.100623 0.093400 0.037965
v -0.093257 0.144851 0.038071
v 0.093305 0.144850 0.038891
v 0.097599 0.120529 0.038745
v 0.070145 0.144329 0.053855
v 0.073160 0.118666 0.053881
v 0.075828 0.090546 0.053555
v 0.048747 0.117361 0.059125
v 0.050489 0.088591 0.058794
v 0.024335 0.116057 0.064369
v 0.025213 0.087564 0.064019
v -0.000063 0.116057 0.064262
v -0.000079 0.087090 0.063902
v -0.024460 0.116057 0.064155
v -0.025370 0.087564 0.063797
v -0.048841 0.117361 0.058696
v -0.050616 0.088591 0.058350
v -0.073223 0.118666 0.053238
v -0.075923 0.090546 0.052889
v -0.097577 0.120529 0.037888
v -0.100623 0.093400 0.037965
v -0.076856 0.217752 0.006349
v -0.074509 0.207196 0.029223
v -0.090177 0.207196 0.014683
v -0.100993 0.188595 0.018536
v -0.082939 0.187402 0.033424
v -0.065955 0.216911 0.020237
v 0.052612 0.217752 0.034299
v 0.066200 0.216910 0.020821
v 0.074696 0.207196 0.029858
v 0.083072 0.187397 0.034146
v 0.089551 0.169993 0.038601
v 0.063048 0.188595 0.049035
v 0.067131 0.169993 0.053830
v 0.070145 0.144329 0.053855
v 0.044738 0.169993 0.059143
v 0.046516 0.143151 0.059194
v 0.044738 0.169993 0.059143
v 0.022346 0.169993 0.064456
v 0.041786 0.188171 0.054446
v 0.020219 0.188595 0.059679
v -0.000032 0.169993 0.064357
v -0.000002 0.187579 0.059850
v -0.022410 0.169993 0.064259
v -0.020219 0.188595 0.059501
v -0.100993 0.188595 0.018536
v -0.089472 0.169993 0.037814
v -0.111808 0.169993 0.022388
v -0.116870 0.146193 0.022463
v -0.093257 0.144851 0.038071
v -0.082939 0.187402 0.033424
v 0.063891 0.228309 -0.001363
v 0.046259 0.228309 0.024359
v 0.003147 0.232090 -0.041500
v 0.032958 0.231041 -0.008012
v 0.017183 0.224465 0.040034
v 0.015463 0.231041 0.019513
v -0.017015 0.224465 0.039902
v -0.015463 0.231041 0.019513
v -0.046013 0.228309 0.023954
v -0.032958 0.231041 -0.008012
v -0.063534 0.228309 -0.001986
v -0.003147 0.232090 -0.041500
v 0.031721 0.226387 0.032197
v 0.000084 0.224465 0.039968
v -0.054773 0.228309 0.010984
v -0.076856 0.217752 0.006349
v -0.065955 0.216911 0.020237
v -0.109934 0.043800 0.037408
v -0.104765 0.067271 0.037319
v -0.082396 0.039222 0.052648
v -0.078623 0.062426 0.052540
v -0.075923 0.090546 0.052889
v -0.052452 0.060749 0.057990
v -0.026281 0.059072 0.063439
v -0.000095 0.059072 0.063554
v 0.026092 0.059072 0.063669
v 0.052294 0.060749 0.058450
v 0.078496 0.062426 0.053230
v 0.075828 0.090546 0.053555
v 0.104727 0.067271 0.038239
v 0.100612 0.093398 0.038849
v -0.054714 0.036183 0.058134
v 0.054527 0.036182 0.058614
v 0.082243 0.039222 0.053371
v 0.109870 0.043800 0.038374
v 0.137212 0.049286 0.023416
v 0.104727 0.067271 0.038239
v 0.130959 0.072117 0.023247
v 0.126499 0.097255 0.023428
v 0.100612 0.093398 0.038849
v 0.109870 0.043800 0.038374
v 0.143466 0.026455 0.023585
v 0.114728 0.021237 0.038548
v 0.137212 0.049286 0.023416
v 0.109870 0.043800 0.038374
v -0.100623 0.093400 0.037965
v 0.100612 0.093398 0.038849
v 0.126499 0.097255 0.023428
v 0.097599 0.120529 0.038745
v 0.122039 0.122393 0.023610
v 0.117005 0.146193 0.023490
v 0.093305 0.144850 0.038891
v 0.100612 0.093398 0.038849
v -0.093257 0.144851 0.038071
v -0.089472 0.169993 0.037814
v -0.070179 0.144329 0.053239
v -0.067136 0.169993 0.053240
v -0.062989 0.188595 0.048502
v -0.044773 0.169993 0.058750
v -0.041757 0.188170 0.054089
v -0.093257 0.144851 0.038071
v -0.070179 0.144329 0.053239
v -0.046582 0.143151 0.058785
v -0.023435 0.143025 0.064207
v -0.000048 0.142484 0.064309
v 0.023340 0.143025 0.064412
v 0.046516 0.143151 0.059194
v -0.046582 0.143151 0.058785
v -0.046582 0.143151 0.058785
v -0.044773 0.169993 0.058750
v -0.041757 0.188170 0.054089
v -0.038435 0.207196 0.049254
v -0.018028 0.207196 0.054744
v -0.017522 0.215831 0.047323
v 0.000032 0.207196 0.054823
v 0.000059 0.215687 0.047519
v 0.018092 0.207196 0.054903
v 0.017638 0.215831 0.047468
v 0.038528 0.207196 0.049571
v 0.036551 0.216194 0.041036
v 0.046516 0.143151 0.059194
v 0.093305 0.144850 0.038891
v 0.117005 0.146193 0.023490
v 0.089551 0.169993 0.038601
v 0.111970 0.169993 0.023371
v 0.101199 0.188595 0.019424
v 0.083072 0.187397 0.034146
v 0.093305 0.144850 0.038891
v -0.074509 0.207196 0.029223
v -0.065955 0.216911 0.020237
v -0.052427 0.217752 0.033858
v -0.031514 0.226387 0.031928
v -0.036403 0.216197 0.040727
v -0.052427 0.217752 0.033858
v -0.017522 0.215831 0.047323
v -0.036403 0.216197 0.040727
v -0.036403 0.216197 0.040727
v 0.036551 0.216194 0.041036
v 0.017638 0.215831 0.047468
v -0.065955 0.216911 0.020237
v 0.036551 0.216194 0.041036
v 0.038528 0.207196 0.049571
v 0.058965 0.207196 0.044239
v 0.063048 0.188595 0.049035
v 0.083072 0.187397 0.034146
v 0.055075 0.228309 0.011498
v 0.066200 0.216910 0.020821
v 0.052612 0.217752 0.034299
v 0.077159 0.217752 0.007056
v 0.036551 0.216194 0.041036
v 0.066200 0.216910 0.020821
v 0.101199 0.188595 0.019424
v 0.074696 0.207196 0.029858
v 0.090427 0.207196 0.015476
v 0.077159 0.217752 0.007056
v 0.066200 0.216910 0.020821
v 0.083072 0.187397 0.034146
v 0.041786 0.188171 0.054446
v 0.041786 0.188171 0.054446
v 0.041786 0.188171 0.054446
v -0.058842 0.207196 0.043763
v -0.038435 0.207196 0.049254
v -0.062989 0.188595 0.048502
v -0.082939 0.187402 0.033424
v -0.036403 0.216197 0.040727
v -0.082939 0.187402 0.033424
v 0.073761 0.101283 -0.043661
v 0.073761 0.101283 -0.033897
v 0.073807 0.111401 -0.043661
v 0.073761 0.101283 -0.007561
v 0.073192 0.099868 -0.033897
v 0.073192 0.099868 -0.007561
v 0.071818 0.099283 -0.033897
v 0.071818 0.099283 -0.007561
v 0.073192 0.099868 -0.043661
v 0.071818 0.099283 -0.043661
v 0.071818 0.099283 -0.033897
v 0.037028 0.099283 -0.043661
v 0.037028 0.099283 -0.033897
v 0.000000 0.099283 -0.043661
v 0.000000 0.099282 -0.033897
v -0.037027 0.099283 -0.043661
v -0.037027 0.099283 -0.033897
v -0.071817 0.099283 -0.043661
v -0.071817 0.099283 -0.033897
v -0.073192 0.099868 -0.043661
v -0.073192 0.099868 -0.033897
v -0.073761 0.101283 -0.043661
v -0.073761 0.101283 -0.033897
v -0.073794 0.111401 -0.007561
v -0.073761 0.101283 -0.007561
v -0.073794 0.111401 0.028539
v -0.073761 0.101283 0.018775
v -0.073761 0.101283 0.028539
v -0.073192 0.099868 0.018775
v -0.073192 0.099868 0.028539
v -0.071817 0.099283 0.018775
v -0.071817 0.099283 0.028539
v -0.037027 0.099283 0.018775
v -0.037027 0.099283 0.028539
v 0.000000 0.099282 0.018775
v 0.000000 0.099283 0.028539
v 0.037028 0.099283 0.018775
v 0.037028 0.099283 0.028539
v 0.071818 0.099283 0.018775
v 0.071818 0.099283 0.028539
v 0.073192 0.099868 0.018775
v 0.073192 0.099868 0.028539
v 0.073761 0.101283 0.018775
v 0.073761 0.101283 0.028539
v 0.073807 0.111401 -0.007561
v 0.073807 0.111401 0.028539
v 0.071584 0.124212 -0.007561
v 0.071584 0.124212 0.028539
v 0.069282 0.137472 -0.007561
v 0.069282 0.137472 0.028539
v 0.066991 0.150672 -0.007561
v 0.066991 0.150672 0.028539
v 0.064693 0.163913 -0.007561
v 0.064693 0.163913 0.028539
v 0.062402 0.177112 -0.007561
v 0.062402 0.177112 0.028539
v 0.060104 0.190353 -0.007561
v 0.060104 0.190353 0.028539
v 0.057813 0.203551 -0.007561
v 0.057813 0.203551 0.028539
v 0.054860 0.217456 -0.007561
v 0.054860 0.217456 0.028539
v 0.052759 0.220239 -0.007561
v 0.052759 0.220239 0.028539
v 0.050389 0.221392 -0.007561
v 0.050389 0.221392 0.028539
v 0.071818 0.099283 0.018775
v 0.071584 0.124212 -0.043661
v 0.069282 0.137472 -0.043661
v 0.066991 0.150672 -0.043661
v 0.064693 0.163913 -0.043661
v 0.062402 0.177112 -0.043661
v 0.060104 0.190353 -0.043661
v 0.057813 0.203551 -0.043661
v 0.054860 0.217456 -0.043661
v 0.052759 0.220239 -0.043661
v 0.050389 0.221392 -0.043661
v 0.071818 0.099283 -0.007561
v 0.037028 0.099283 -0.007561
v 0.071818 0.099283 0.018775
v 0.000000 0.099282 -0.007561
v -0.037027 0.099283 -0.007561
v -0.071817 0.099283 -0.007561
v -0.071817 0.099283 0.018775
v 0.071818 0.099283 -0.033897
v -0.071817 0.099283 -0.033897
v -0.073192 0.099868 -0.007561
v -0.071817 0.099283 0.018775
v -0.071817 0.099283 -0.007561
v -0.071817 0.099283 -0.033897
v -0.073794 0.111401 -0.043661
v -0.071553 0.124212 -0.007561
v -0.071553 0.124212 -0.043661
v -0.069234 0.137472 -0.007561
v -0.069234 0.137472 -0.043661
v -0.066925 0.150672 -0.007561
v -0.066925 0.150672 -0.043661
v -0.064609 0.163913 -0.007561
v -0.064609 0.163913 -0.043661
v -0.062301 0.177112 -0.007561
v -0.062301 0.177112 -0.043661
v -0.059985 0.190353 -0.007561
v -0.059985 0.190353 -0.043661
v -0.057677 0.203551 -0.007561
v -0.057677 0.203551 -0.043661
v -0.054702 0.217456 -0.007561
v -0.054702 0.217456 -0.043661
v -0.052602 0.220239 -0.007561
v -0.052602 0.220239 -0.043661
v -0.050231 0.221392 -0.007561
v -0.050231 0.221392 -0.043661
v -0.071553 0.124212 0.028539
v -0.069234 0.137472 0.028539
v -0.066925 0.150672 0.028539
v -0.064609 0.163913 0.028539
v -0.062301 0.177112 0.028539
v -0.059985 0.190353 0.028539
v -0.057677 0.203551 0.028539
v -0.054702 0.217456 0.028539
v -0.052602 0.220239 0.028539
v -0.050231 0.221392 0.028539
v 0.087253 0.129613 0.010593
v 0.095674 0.136810 0.014384
v 0.097085 0.131490 0.010709
v 0.105363 0.134758 0.004942
v 0.103957 0.139805 0.008309
v 0.109664 0.139283 -0.004512
v 0.108428 0.143516 -0.001704
v 0.108819 0.143847 -0.014900
v 0.107825 0.147252 -0.012725
v 0.103100 0.147223 -0.023710
v 0.102348 0.149982 -0.022310
v 0.094194 0.147596 -0.031304
v 0.093619 0.149903 -0.030807
v 0.084329 0.145630 -0.031468
v 0.083889 0.147882 -0.031017
v 0.074999 0.144673 -0.024927
v 0.073838 0.148601 -0.024409
v 0.070481 0.142970 -0.011205
v 0.072520 0.152254 -0.023757
v 0.069569 0.146836 -0.011436
v 0.078468 0.129622 0.004625
v 0.085994 0.134787 0.014362
v 0.084093 0.141231 0.015568
v 0.093241 0.143673 0.015308
v 0.090268 0.151458 0.015637
v 0.101394 0.146383 0.008999
v 0.077422 0.134176 0.008183
v 0.072186 0.135874 -0.001992
v 0.076087 0.139303 0.009451
v 0.073890 0.144211 0.009789
v 0.081424 0.148514 0.016226
v 0.069956 0.144379 -0.000564
v 0.071345 0.140122 -0.000712
v 0.071223 0.139255 -0.012561
v 0.075506 0.142090 -0.025639
v 0.078868 0.125022 0.000264
v 0.077837 0.104581 -0.033348
v 0.073110 0.128800 -0.008442
v 0.072165 0.134084 -0.017924
v 0.076527 0.111860 -0.040658
v 0.080499 0.119138 -0.046932
v 0.088689 0.124467 -0.050491
v 0.076013 0.140473 -0.027028
v 0.071694 0.136186 -0.014905
v 0.072999 0.131880 -0.005228
v 0.088020 0.124789 0.006234
v 0.098234 0.126740 0.006355
v 0.106771 0.130350 0.000593
v 0.110899 0.136016 -0.007996
v 0.109814 0.141408 -0.017750
v 0.103852 0.145430 -0.025785
v 0.094768 0.146254 -0.032477
v 0.084770 0.144344 -0.032595
v 0.108402 0.124467 -0.046628
v 0.114643 0.119138 -0.040242
v 0.115954 0.111860 -0.032932
v 0.111982 0.104581 -0.026658
v 0.103792 0.099253 -0.023099
v 0.093579 0.097302 -0.023211
v 0.105826 0.149590 -0.000859
v 0.105268 0.152896 -0.011460
v 0.099982 0.155328 -0.021257
v 0.091462 0.155116 -0.029975
v 0.082281 0.152711 -0.030468
v 0.079841 0.158580 -0.030622
v 0.088685 0.161524 -0.029817
v 0.097487 0.161779 -0.021180
v 0.102561 0.159501 -0.011099
v 0.103156 0.156619 -0.001225
v 0.098782 0.153737 0.008649
v 0.024601 0.220239 -0.045075
v 0.025315 0.217456 -0.045661
v 0.051429 0.220239 -0.045075
v 0.052924 0.217456 -0.045661
v 0.027085 0.203551 -0.045661
v 0.055863 0.203551 -0.045661
v 0.028484 0.190353 -0.045661
v 0.058148 0.190353 -0.045661
v 0.029888 0.177112 -0.045661
v 0.060441 0.177112 -0.045661
v 0.031288 0.163913 -0.045661
v 0.062726 0.163913 -0.045661
v 0.032691 0.150672 -0.045661
v 0.065019 0.150672 -0.045661
v 0.034091 0.137472 -0.045661
v 0.067305 0.137472 -0.045661
v 0.035497 0.124212 -0.045661
v 0.069601 0.124212 -0.045661
v 0.036855 0.111401 -0.045661
v 0.071819 0.111401 -0.045661
v 0.037028 0.101283 -0.045661
v 0.071818 0.101283 -0.045661
v 0.037028 0.099868 -0.045075
v 0.071818 0.099868 -0.045075
v -0.024596 0.220239 -0.045075
v -0.025314 0.217456 -0.045661
v 0.000003 0.220239 -0.045075
v 0.000001 0.217456 -0.045661
v -0.027085 0.203551 -0.045661
v 0.000000 0.203551 -0.045661
v -0.028484 0.190353 -0.045661
v 0.000000 0.190353 -0.045661
v -0.029888 0.177112 -0.045661
v 0.000000 0.177112 -0.045661
v -0.031287 0.163913 -0.045661
v 0.000000 0.163913 -0.045661
v -0.032691 0.150672 -0.045661
v 0.000000 0.150672 -0.045661
v -0.034091 0.137472 -0.045661
v 0.000000 0.137472 -0.045661
v -0.035497 0.124212 -0.045661
v 0.000000 0.124212 -0.045661
v -0.036855 0.111401 -0.045661
v 0.000000 0.111401 -0.045661
v -0.037027 0.101283 -0.045661
v 0.000000 0.101283 -0.045661
v -0.037027 0.099868 -0.045075
v 0.000000 0.099868 -0.045075
v -0.051272 0.220239 -0.045075
v -0.052766 0.217456 -0.045661
v -0.055726 0.203551 -0.045661
v -0.058029 0.190353 -0.045661
v -0.060340 0.177112 -0.045661
v -0.062643 0.163913 -0.045661
v -0.064953 0.150672 -0.045661
v -0.067256 0.137472 -0.045661
v -0.069570 0.124212 -0.045661
v -0.071805 0.111401 -0.045661
v -0.071817 0.101283 -0.045661
v -0.071817 0.099868 -0.045075
v -0.052602 0.220239 -0.043661
v -0.052212 0.220239 -0.044661
v -0.050231 0.221392 -0.043661
v -0.054135 0.217456 -0.045075
v -0.057105 0.203551 -0.045075
v -0.059412 0.190353 -0.045075
v -0.061726 0.177112 -0.045075
v -0.064033 0.163913 -0.045075
v -0.066347 0.150672 -0.045075
v -0.068655 0.137472 -0.045075
v -0.070972 0.124212 -0.045075
v -0.073211 0.111401 -0.045075
v -0.073192 0.101283 -0.045075
v -0.072789 0.099868 -0.044661
v -0.071817 0.099283 -0.043661
v -0.037027 0.099283 -0.043661
v 0.000000 0.099283 -0.043661
v 0.037028 0.099283 -0.043661
v 0.071818 0.099283 -0.043661
v 0.072789 0.099868 -0.044661
v 0.073192 0.099868 -0.043661
v 0.073192 0.101283 -0.045075
v 0.073761 0.101283 -0.043661
v 0.073225 0.111401 -0.045075
v 0.073807 0.111401 -0.043661
v 0.071003 0.124212 -0.045075
v 0.071584 0.124212 -0.043661
v 0.068703 0.137472 -0.045075
v 0.069282 0.137472 -0.043661
v 0.066414 0.150672 -0.045075
v 0.066991 0.150672 -0.043661
v 0.064117 0.163913 -0.045075
v 0.064693 0.163913 -0.043661
v 0.061828 0.177112 -0.045075
v 0.062402 0.177112 -0.043661
v 0.059531 0.190353 -0.045075
v 0.060104 0.190353 -0.043661
v 0.057242 0.203551 -0.045075
v 0.057813 0.203551 -0.043661
v 0.054293 0.217456 -0.045075
v 0.054860 0.217456 -0.043661
v 0.052369 0.220239 -0.044661
v 0.052759 0.220239 -0.043661
v 0.050389 0.221392 -0.043661
v -0.054702 0.217456 -0.043661
v -0.057677 0.203551 -0.043661
v -0.059985 0.190353 -0.043661
v -0.062301 0.177112 -0.043661
v -0.064609 0.163913 -0.043661
v -0.066925 0.150672 -0.043661
v -0.069234 0.137472 -0.043661
v -0.071553 0.124212 -0.043661
v -0.073794 0.111401 -0.043661
v -0.073761 0.101283 -0.043661
v -0.073192 0.099868 -0.043661
v 0.024104 0.221392 -0.043661
v 0.000004 0.221392 -0.043661
v -0.024096 0.221392 -0.043661
v 0.071818 0.099283 0.028539
v 0.072789 0.099868 0.029539
v 0.073192 0.099868 0.028539
v 0.073761 0.101283 0.028539
v 0.073192 0.101283 0.029953
v 0.073807 0.111401 0.028539
v 0.073225 0.111401 0.029953
v 0.071584 0.124212 0.028539
v 0.071003 0.124212 0.029953
v 0.069282 0.137472 0.028539
v 0.068703 0.137472 0.029953
v 0.066991 0.150672 0.028539
v 0.066414 0.150672 0.029953
v 0.064693 0.163913 0.028539
v 0.064117 0.163913 0.029953
v 0.062402 0.177112 0.028539
v 0.061828 0.177112 0.029953
v 0.060104 0.190353 0.028539
v 0.059531 0.190353 0.029953
v 0.057813 0.203551 0.028539
v 0.057242 0.203551 0.029953
v 0.054860 0.217456 0.028539
v 0.054293 0.217456 0.029953
v 0.052759 0.220239 0.028539
v 0.052369 0.220239 0.029539
v 0.050389 0.221392 0.028539
v 0.051429 0.220239 0.029953
v 0.024104 0.221392 0.028539
v 0.024601 0.220239 0.029953
v 0.000004 0.221392 0.028539
v 0.000003 0.220239 0.029953
v -0.024096 0.221392 0.028539
v -0.024596 0.220239 0.029953
v -0.050231 0.221392 0.028539
v -0.051272 0.220239 0.029953
v -0.052212 0.220239 0.029539
v -0.052766 0.217456 0.030539
v -0.054135 0.217456 0.029953
v -0.055726 0.203551 0.030539
v -0.057105 0.203551 0.029953
v -0.058029 0.190353 0.030539
v -0.059412 0.190353 0.029953
v -0.060340 0.177112 0.030539
v -0.061726 0.177112 0.029953
v -0.062643 0.163913 0.030539
v -0.064033 0.163913 0.029953
v -0.064953 0.150672 0.030539
v -0.066347 0.150672 0.029953
v -0.067256 0.137472 0.030539
v -0.068655 0.137472 0.029953
v -0.069570 0.124212 0.030539
v -0.070972 0.124212 0.029953
v -0.071805 0.111401 0.030539
v -0.073211 0.111401 0.029953
v -0.071817 0.101283 0.030539
v -0.073192 0.101283 0.029953
v -0.071817 0.099868 0.029953
v -0.072789 0.099868 0.029539
v -0.071817 0.099283 0.028539
v -0.073192 0.099868 0.028539
v 0.037028 0.099868 0.029953
v 0.037028 0.101283 0.030539
v 0.071818 0.099868 0.029953
v 0.071818 0.101283 0.030539
v 0.036855 0.111401 0.030539
v 0.071819 0.111401 0.030539
v 0.035497 0.124212 0.030539
v 0.069601 0.124212 0.030539
v 0.034091 0.137472 0.030539
v 0.067305 0.137472 0.030539
v 0.032691 0.150672 0.030539
v 0.065019 0.150672 0.030539
v 0.031288 0.163913 0.030539
v 0.062726 0.163913 0.030539
v 0.029888 0.177112 0.030539
v 0.060441 0.177112 0.030539
v 0.028484 0.190353 0.030539
v 0.058148 0.190353 0.030539
v 0.027085 0.203551 0.030539
v 0.055863 0.203551 0.030539
v 0.025315 0.217456 0.030539
v 0.052924 0.217456 0.030539
v 0.000000 0.099868 0.029953
v 0.000000 0.101283 0.030539
v 0.000000 0.111401 0.030539
v 0.000000 0.124212 0.030539
v 0.000000 0.137472 0.030539
v 0.000000 0.150672 0.030539
v 0.000000 0.163913 0.030539
v 0.000000 0.177112 0.030539
v 0.000000 0.190353 0.030539
v 0.000000 0.203551 0.030539
v 0.000001 0.217456 0.030539
v -0.037027 0.099868 0.029953
v -0.037027 0.101283 0.030539
v -0.036855 0.111401 0.030539
v -0.035497 0.124212 0.030539
v -0.034091 0.137472 0.030539
v -0.032691 0.150672 0.030539
v -0.031287 0.163913 0.030539
v -0.029888 0.177112 0.030539
v -0.028484 0.190353 0.030539
v -0.027085 0.203551 0.030539
v -0.025314 0.217456 0.030539
v -0.073761 0.101283 0.028539
v -0.073794 0.111401 0.028539
v -0.071553 0.124212 0.028539
v -0.069234 0.137472 0.028539
v -0.066925 0.150672 0.028539
v -0.064609 0.163913 0.028539
v -0.062301 0.177112 0.028539
v -0.059985 0.190353 0.028539
v -0.057677 0.203551 0.028539
v -0.054702 0.217456 0.028539
v -0.052602 0.220239 0.028539
v 0.037028 0.099283 0.028539
v 0.000000 0.099283 0.028539
v -0.037027 0.099283 0.028539
v 0.050389 0.221392 -0.007561
v 0.024104 0.221392 -0.007561
v 0.050389 0.221392 -0.043661
v 0.024104 0.221392 -0.043661
v 0.000004 0.221392 -0.007561
v 0.000004 0.221392 -0.043661
v -0.024096 0.221392 -0.007561
v -0.024096 0.221392 -0.043661
v -0.050231 0.221392 -0.007561
v -0.050231 0.221392 -0.043661
v 0.050389 0.221392 0.028539
v 0.024104 0.221392 0.028539
v 0.000004 0.221392 0.028539
v -0.024096 0.221392 0.028539
v -0.050231 0.221392 0.028539
v -0.103792 0.099253 -0.023099
v -0.096240 0.111860 -0.036795
v -0.111982 0.104581 -0.026658
v -0.115954 0.111860 -0.032932
v -0.114643 0.119138 -0.040242
v -0.077837 0.104581 -0.033348
v -0.084078 0.099253 -0.026962
v -0.093579 0.097302 -0.023211
v -0.088689 0.124467 -0.050491
v -0.080499 0.119138 -0.046932
v -0.076527 0.111860 -0.040658
v -0.108402 0.124467 -0.046628
v -0.098902 0.126417 -0.050379
v -0.115954 0.111860 -0.032932
v -0.106771 0.130350 0.000593
v -0.111982 0.104581 -0.026658
v -0.103792 0.099253 -0.023099
v -0.098234 0.126740 0.006355
v -0.093579 0.097302 -0.023211
v -0.088020 0.124789 0.006234
v -0.084078 0.099253 -0.026962
v -0.078868 0.125022 0.000264
v -0.077837 0.104581 -0.033348
v -0.073110 0.128800 -0.008442
v -0.076527 0.111860 -0.040658
v -0.072165 0.134084 -0.017924
v -0.080499 0.119138 -0.046932
v -0.076013 0.140473 -0.027028
v -0.088689 0.124467 -0.050491
v -0.084770 0.144344 -0.032595
v -0.098902 0.126417 -0.050379
v -0.094768 0.146254 -0.032477
v -0.108402 0.124467 -0.046628
v -0.103852 0.145430 -0.025785
v -0.114643 0.119138 -0.040242
v -0.109814 0.141408 -0.017750
v -0.110899 0.136016 -0.007996
v 0.077837 0.104581 -0.033348
v 0.078868 0.125022 0.000264
v 0.084078 0.099253 -0.026962
v 0.093579 0.097302 -0.023211
v 0.088020 0.124789 0.006234
v 0.111982 0.104581 -0.026658
v 0.096240 0.111860 -0.036795
v 0.103792 0.099253 -0.023099
v 0.093579 0.097302 -0.023211
v 0.084078 0.099253 -0.026962
v 0.108402 0.124467 -0.046628
v 0.114643 0.119138 -0.040242
v 0.115954 0.111860 -0.032932
v 0.080499 0.119138 -0.046932
v 0.088689 0.124467 -0.050491
v 0.098902 0.126417 -0.050379
v 0.077837 0.104581 -0.033348
v 0.076527 0.111860 -0.040658
v 0.088689 0.124467 -0.050491
v 0.098902 0.126417 -0.050379
v 0.084770 0.144344 -0.032595
v 0.094768 0.146254 -0.032477
v 0.108402 0.124467 -0.046628
v 0.053201 0.171006 -0.007878
v 0.044682 0.176012 -0.007878
v 0.054229 0.171006 -0.003732
v 0.046851 0.176012 0.000872
v 0.038756 0.186276 -0.007878
v 0.041719 0.186276 0.004074
v 0.038756 0.198128 -0.007878
v 0.041719 0.198128 0.004074
v 0.044682 0.208393 -0.007878
v 0.046851 0.208393 0.000872
v 0.052655 0.213499 -0.007878
v 0.053756 0.213499 -0.003437
v 0.060873 0.215099 -0.007878
v 0.057037 0.171006 -0.015059
v 0.052778 0.176012 -0.023032
v 0.054229 0.171006 -0.012024
v 0.046851 0.176012 -0.016627
v 0.049814 0.186276 -0.028579
v 0.041719 0.186276 -0.019830
v 0.064169 0.176012 -0.025377
v 0.065071 0.171006 -0.016170
v 0.065372 0.169305 -0.007878
v 0.102561 0.159501 -0.011099
v 0.091667 0.173896 -0.020730
v 0.097487 0.161779 -0.021180
v 0.088685 0.161524 -0.029817
v 0.083101 0.173726 -0.029774
v 0.079841 0.158580 -0.030622
v 0.075625 0.169787 -0.031263
v 0.072520 0.152254 -0.023757
v 0.069786 0.160173 -0.023668
v 0.069569 0.146836 -0.011436
v 0.068170 0.154326 -0.010250
v 0.069956 0.144379 -0.000564
v 0.068328 0.153255 -0.000238
v 0.073890 0.144211 0.009789
v 0.071111 0.154149 0.009733
v 0.081424 0.148514 0.016226
v 0.076680 0.163077 0.015997
v 0.084156 0.167015 0.014699
v 0.078044 0.182572 0.013762
v 0.092530 0.168534 0.007124
v 0.086278 0.183331 0.005599
v 0.089184 0.184292 -0.001676
v 0.080026 0.198128 0.004074
v 0.083580 0.198128 -0.007878
v 0.077063 0.208393 -0.007878
v 0.074894 0.208393 -0.016627
v 0.069091 0.213499 -0.007878
v 0.067990 0.213499 -0.012319
v 0.064982 0.213499 -0.015570
v 0.060873 0.213499 -0.016760
v 0.068968 0.208393 -0.023032
v 0.060873 0.208393 -0.025377
v 0.071931 0.198128 -0.028579
v 0.060873 0.198128 -0.031782
v 0.067193 0.192202 -0.031437
v 0.096037 0.172377 -0.010025
v 0.103156 0.156619 -0.001225
v 0.096768 0.170455 -0.001451
v 0.089513 0.185253 -0.008952
v 0.085847 0.186012 -0.020280
v 0.080026 0.198128 -0.019830
v 0.077516 0.185927 -0.029177
v 0.071409 0.180995 -0.031350
v 0.062455 0.186276 -0.031782
v 0.049814 0.198128 -0.028579
v 0.052778 0.208393 -0.023032
v 0.056764 0.213499 -0.015570
v 0.053756 0.213499 -0.012319
v 0.046851 0.208393 -0.016627
v 0.041719 0.198128 -0.019830
v 0.057037 0.171006 -0.000696
v 0.052778 0.176012 0.007277
v 0.049814 0.186276 0.012824
v 0.049814 0.198128 0.012824
v 0.052778 0.208393 0.007277
v 0.056764 0.213499 -0.000185
v 0.060873 0.213499 0.001005
v 0.064982 0.213499 -0.000185
v 0.060873 0.208393 0.009621
v 0.068968 0.208393 0.007277
v 0.060873 0.198128 0.016026
v 0.071931 0.198128 0.012824
v 0.067193 0.192202 0.015540
v 0.071937 0.177639 0.015769
v 0.062455 0.186276 0.016026
v 0.064169 0.176012 0.009621
v 0.065071 0.171006 0.000415
v 0.065372 0.169305 -0.007878
v 0.065071 0.171006 -0.016170
v 0.074894 0.208393 0.000872
v 0.067990 0.213499 -0.003437
v 0.090268 0.151458 0.015637
v 0.098782 0.153737 0.008649
v 0.065071 0.171006 0.000415
v 0.075551 0.058201 0.024729
v 0.075551 0.051784 0.024729
v 0.073551 0.058201 0.026729
v 0.073551 0.051785 0.026729
v 0.075551 0.044945 0.024729
v 0.073551 0.044962 0.026729
v 0.075551 0.038106 0.024729
v 0.073551 0.038139 0.026729
v 0.075551 0.032510 0.024729
v 0.073551 0.032509 0.026729
v 0.075551 0.002039 0.024729
v 0.073551 0.002039 0.026729
v 0.075551 0.000039 0.024729
v 0.039409 0.002039 0.026729
v 0.039409 0.000039 0.024729
v 0.008929 0.002039 0.026729
v 0.008929 0.000039 0.024729
v 0.006929 0.002039 0.024729
v 0.008929 0.000039 -0.007561
v 0.006929 0.002039 -0.007561
v 0.008929 0.000039 -0.032396
v 0.006929 0.002039 -0.032396
v 0.008929 0.000039 -0.047471
v 0.006929 0.002039 -0.047471
v 0.075551 0.002039 -0.007561
v 0.075551 0.000039 -0.007561
v 0.075551 0.002039 -0.032396
v 0.073604 0.000039 -0.032396
v 0.075551 0.002039 -0.047471
v 0.073604 0.000039 -0.047471
v 0.073551 0.002039 -0.049471
v 0.039409 0.000039 -0.047471
v 0.039409 0.002039 -0.049471
v 0.008929 0.002039 -0.049471
v 0.008929 0.028519 -0.049471
v 0.006929 0.028519 -0.047471
v 0.008929 0.030519 -0.047471
v 0.006929 0.028519 -0.032421
v 0.008929 0.030519 -0.032421
v 0.007081 0.029690 -0.029593
v 0.008929 0.031105 -0.031007
v 0.007081 0.032519 -0.028421
v 0.008929 0.032519 -0.030421
v 0.007081 0.038213 -0.028421
v 0.008929 0.038211 -0.030421
v 0.007081 0.044997 -0.028421
v 0.008929 0.044993 -0.030421
v 0.007081 0.051731 -0.028421
v 0.008929 0.051722 -0.030421
v 0.007081 0.058216 -0.028421
v 0.008929 0.058204 -0.030421
v 0.072853 0.028519 -0.049471
v 0.074853 0.028519 -0.047471
v 0.072800 0.030519 -0.047471
v 0.072800 0.030519 -0.032421
v 0.074853 0.028519 -0.032421
v 0.072785 0.031105 -0.031007
v 0.074822 0.029690 -0.029593
v 0.072748 0.032519 -0.030421
v 0.075551 0.032519 -0.028421
v 0.072748 0.038211 -0.030421
v 0.075551 0.038212 -0.028421
v 0.072748 0.044993 -0.030421
v 0.075551 0.044995 -0.028421
v 0.072748 0.051722 -0.030421
v 0.075551 0.051727 -0.028421
v 0.072748 0.058204 -0.030421
v 0.075551 0.058208 -0.028421
v 0.006929 0.032511 0.024729
v 0.008929 0.032509 0.026729
v 0.006929 0.038085 0.024729
v 0.008929 0.038139 0.026729
v 0.006929 0.044934 0.024729
v 0.008929 0.044962 0.026729
v 0.006929 0.051783 0.024729
v 0.008929 0.051785 0.026729
v 0.006929 0.058201 0.024729
v 0.008929 0.058201 0.026729
v 0.075551 0.002039 -0.047471
v 0.075551 0.002039 -0.032396
v 0.074853 0.028519 -0.047471
v 0.074853 0.028519 -0.032421
v 0.075551 0.002039 -0.007561
v 0.074822 0.029690 -0.029593
v 0.075551 0.032519 -0.028421
v 0.075551 0.032510 0.024729
v 0.075551 0.038106 0.024729
v 0.075551 0.032515 -0.007561
v 0.075551 0.038159 -0.007561
v 0.075551 0.044945 0.024729
v 0.075551 0.044970 -0.007561
v 0.075551 0.051784 0.024729
v 0.075551 0.051756 -0.007561
v 0.075551 0.058201 0.024729
v 0.075551 0.058205 -0.007561
v 0.075551 0.058208 -0.028421
v 0.075551 0.051727 -0.028421
v 0.075551 0.044995 -0.028421
v 0.075551 0.038212 -0.028421
v 0.075551 0.002039 0.024729
v 0.060269 0.000039 0.013489
v 0.075551 0.000039 0.024729
v 0.063097 0.000039 0.012317
v 0.064269 0.000039 0.009489
v 0.075551 0.000039 -0.007561
v 0.064269 0.000039 -0.007561
v 0.073604 0.000039 -0.032396
v 0.064269 0.000039 -0.032231
v 0.073604 0.000039 -0.047471
v 0.063097 0.000039 -0.035060
v 0.060269 0.000039 -0.036231
v 0.039409 0.000039 0.013489
v 0.039409 0.000039 0.024729
v 0.018549 0.000039 0.013489
v 0.008929 0.000039 0.024729
v 0.018549 0.000039 -0.036231
v 0.008929 0.000039 -0.047471
v 0.015720 0.000039 -0.035060
v 0.014549 0.000039 -0.032231
v 0.008929 0.000039 -0.032396
v 0.014549 0.000039 -0.007561
v 0.008929 0.000039 -0.007561
v 0.014549 0.000039 0.009489
v 0.015720 0.000039 0.012317
v 0.039409 0.000039 -0.036231
v 0.039409 0.000039 -0.047471
v 0.006929 0.002039 -0.007561
v 0.006929 0.032515 -0.007561
v 0.006929 0.002039 0.024729
v 0.006929 0.032511 0.024729
v 0.006929 0.038149 -0.007561
v 0.006929 0.038085 0.024729
v 0.006929 0.044966 -0.007561
v 0.006929 0.044934 0.024729
v 0.006929 0.051758 -0.007561
v 0.006929 0.051783 0.024729
v 0.006929 0.058212 -0.007561
v 0.006929 0.058201 0.024729
v 0.007081 0.058216 -0.028421
v 0.007081 0.051731 -0.028421
v 0.007081 0.044997 -0.028421
v 0.007081 0.038213 -0.028421
v 0.007081 0.032519 -0.028421
v 0.007081 0.029690 -0.029593
v 0.006929 0.028519 -0.032421
v 0.006929 0.002039 -0.032396
v 0.006929 0.028519 -0.047471
v 0.006929 0.002039 -0.047471
v 0.073551 0.002039 -0.049471
v 0.072853 0.028519 -0.049471
v 0.039409 0.002039 -0.049471
v 0.039409 0.028519 -0.049471
v 0.072800 0.030519 -0.047471
v 0.039409 0.030519 -0.047471
v 0.072800 0.030519 -0.032421
v 0.039409 0.030519 -0.032421
v 0.072785 0.031105 -0.031007
v 0.039409 0.031105 -0.031007
v 0.008929 0.031105 -0.031007
v 0.008929 0.030519 -0.032421
v 0.008929 0.030519 -0.047471
v 0.008929 0.028519 -0.049471
v 0.008929 0.002039 -0.049471
v 0.018549 0.051734 0.011489
v 0.017134 0.051923 0.010903
v 0.018549 0.038122 0.011489
v 0.017134 0.038139 0.010903
v 0.016549 0.051923 0.009489
v 0.016549 0.038139 0.009489
v 0.016549 0.051753 -0.007561
v 0.016549 0.038139 -0.007561
v 0.016549 0.051753 -0.016991
v 0.016549 0.038139 -0.016991
v 0.018549 0.051757 -0.018991
v 0.018549 0.038139 -0.018991
v 0.039409 0.051748 -0.018991
v 0.039409 0.038139 -0.018991
v 0.060269 0.051734 -0.018991
v 0.060269 0.038139 -0.018991
v 0.062269 0.051733 -0.016991
v 0.062269 0.038139 -0.016991
v 0.062269 0.051735 -0.007561
v 0.062269 0.038139 -0.007561
v 0.062269 0.051923 0.009489
v 0.062269 0.038139 0.009489
v 0.061683 0.051923 0.010903
v 0.061683 0.038139 0.010903
v 0.060269 0.051734 0.011489
v 0.060269 0.038122 0.011489
v 0.018549 0.028937 0.011489
v 0.017134 0.029128 0.010903
v 0.016549 0.029128 0.009489
v 0.018549 0.002039 0.011489
v 0.017134 0.002039 0.010903
v 0.016549 0.002039 0.009489
v 0.016549 0.002039 -0.007561
v 0.016549 0.017279 -0.016991
v 0.016549 0.013279 -0.020991
v 0.018549 0.017279 -0.018991
v 0.018549 0.015279 -0.020991
v 0.039409 0.017279 -0.018991
v 0.039409 0.015279 -0.020991
v 0.060269 0.017279 -0.018991
v 0.060269 0.015279 -0.020991
v 0.062269 0.017279 -0.016991
v 0.062269 0.013279 -0.020991
v 0.062269 0.002039 -0.007561
v 0.062269 0.013279 -0.032231
v 0.062269 0.002039 -0.032231
v 0.061683 0.013279 -0.033645
v 0.061683 0.002039 -0.033645
v 0.060269 0.013279 -0.034231
v 0.060269 0.002039 -0.034231
v 0.039409 0.013279 -0.034231
v 0.039409 0.002039 -0.034231
v 0.018549 0.013279 -0.034231
v 0.018549 0.002039 -0.034231
v 0.017134 0.013279 -0.033645
v 0.017134 0.002039 -0.033645
v 0.016549 0.013279 -0.032231
v 0.016549 0.002039 -0.032231
v 0.060269 0.058212 0.011489
v 0.061683 0.058212 0.010903
v 0.062269 0.058212 0.009489
v 0.062269 0.058178 -0.007561
v 0.062269 0.058175 -0.016991
v 0.060269 0.058175 -0.018991
v 0.039409 0.058181 -0.018991
v 0.018549 0.058186 -0.018991
v 0.016549 0.058186 -0.016991
v 0.016549 0.058188 -0.007561
v 0.016549 0.058211 0.009489
v 0.017134 0.058211 0.010903
v 0.018549 0.058211 0.011489
v 0.060269 0.028937 0.011489
v 0.061683 0.029128 0.010903
v 0.062269 0.029128 0.009489
v 0.060269 0.002039 0.011489
v 0.061683 0.002039 0.010903
v 0.062269 0.002039 0.009489
v 0.018549 0.015279 -0.032231
v 0.039409 0.015279 -0.032231
v 0.060269 0.015279 -0.032231
v 0.072785 0.031105 -0.031007
v 0.072748 0.032519 -0.030421
v 0.039409 0.031105 -0.031007
v 0.039409 0.032519 -0.030421
v 0.072748 0.038211 -0.030421
v 0.039409 0.038211 -0.030421
v 0.072748 0.044993 -0.030421
v 0.039409 0.044993 -0.030421
v 0.072748 0.051722 -0.030421
v 0.039409 0.051722 -0.030421
v 0.072748 0.058204 -0.030421
v 0.039409 0.058204 -0.030421
v 0.008929 0.058204 -0.030421
v 0.008929 0.051722 -0.030421
v 0.008929 0.044993 -0.030421
v 0.008929 0.038211 -0.030421
v 0.008929 0.032519 -0.030421
v 0.008929 0.031105 -0.031007
v 0.060269 0.000039 0.013489
v 0.063097 0.000039 0.012317
v 0.060269 0.002039 0.011489
v 0.061683 0.002039 0.010903
v 0.064269 0.000039 0.009489
v 0.062269 0.002039 0.009489
v 0.064269 0.000039 -0.007561
v 0.062269 0.002039 -0.007561
v 0.064269 0.000039 -0.032231
v 0.062269 0.002039 -0.032231
v 0.063097 0.000039 -0.035060
v 0.061683 0.002039 -0.033645
v 0.060269 0.000039 -0.036231
v 0.060269 0.002039 -0.034231
v 0.039409 0.000039 -0.036231
v 0.039409 0.002039 -0.034231
v 0.018549 0.000039 -0.036231
v 0.018549 0.002039 -0.034231
v 0.015720 0.000039 -0.035060
v 0.017134 0.002039 -0.033645
v 0.014549 0.000039 -0.032231
v 0.016549 0.002039 -0.032231
v 0.014549 0.000039 -0.007561
v 0.016549 0.002039 -0.007561
v 0.014549 0.000039 0.009489
v 0.016549 0.002039 0.009489
v 0.015720 0.000039 0.012317
v 0.017134 0.002039 0.010903
v 0.018549 0.000039 0.013489
v 0.018549 0.002039 0.011489
v 0.039409 0.000039 0.013489
v 0.039409 0.002039 0.011489
v 0.018549 0.058211 0.011489
v 0.018549 0.051734 0.011489
v 0.039409 0.058211 0.011489
v 0.039409 0.051734 0.011489
v 0.018549 0.038122 0.011489
v 0.039409 0.038122 0.011489
v 0.018549 0.028937 0.011489
v 0.039409 0.028937 0.011489
v 0.018549 0.002039 0.011489
v 0.039409 0.002039 0.011489
v 0.060269 0.002039 0.011489
v 0.060269 0.028937 0.011489
v 0.060269 0.038122 0.011489
v 0.060269 0.051734 0.011489
v 0.060269 0.058212 0.011489
v 0.073551 0.058201 0.026729
v 0.073551 0.051785 0.026729
v 0.039409 0.058201 0.026729
v 0.039409 0.051785 0.026729
v 0.073551 0.044962 0.026729
v 0.039409 0.044962 0.026729
v 0.073551 0.038139 0.026729
v 0.039409 0.038139 0.026729
v 0.073551 0.032509 0.026729
v 0.039409 0.032509 0.026729
v 0.073551 0.002039 0.026729
v 0.039409 0.002039 0.026729
v 0.008929 0.002039 0.026729
v 0.008929 0.032509 0.026729
v 0.008929 0.038139 0.026729
v 0.008929 0.044962 0.026729
v 0.008929 0.051785 0.026729
v 0.008929 0.058201 0.026729
v -0.071223 0.139255 -0.012561
v -0.074999 0.144673 -0.024927
v -0.075506 0.142090 -0.025639
v -0.084329 0.145630 -0.031468
v -0.083889 0.147882 -0.031017
v -0.073890 0.144211 0.009789
v -0.069956 0.144379 -0.000564
v -0.076087 0.139303 0.009451
v -0.071345 0.140122 -0.000712
v -0.069569 0.146836 -0.011436
v -0.070481 0.142970 -0.011205
v -0.072520 0.152254 -0.023757
v -0.073838 0.148601 -0.024409
v -0.079841 0.158580 -0.030622
v -0.082281 0.152711 -0.030468
v -0.091462 0.155116 -0.029975
v -0.093619 0.149903 -0.030807
v -0.094194 0.147596 -0.031304
v -0.081424 0.148514 0.016226
v -0.072186 0.135874 -0.001992
v -0.077422 0.134176 0.008183
v -0.087253 0.129613 0.010593
v -0.085994 0.134787 0.014362
v -0.078468 0.129622 0.004625
v -0.095674 0.136810 0.014384
v -0.084093 0.141231 0.015568
v -0.093241 0.143673 0.015308
v -0.090268 0.151458 0.015637
v -0.101394 0.146383 0.008999
v -0.098782 0.153737 0.008649
v -0.103156 0.156619 -0.001225
v -0.108428 0.143516 -0.001704
v -0.103957 0.139805 0.008309
v -0.109664 0.139283 -0.004512
v -0.105363 0.134758 0.004942
v -0.097085 0.131490 0.010709
v -0.105826 0.149590 -0.000859
v -0.108819 0.143847 -0.014900
v -0.103100 0.147223 -0.023710
v -0.107825 0.147252 -0.012725
v -0.102348 0.149982 -0.022310
v -0.105268 0.152896 -0.011460
v -0.099982 0.155328 -0.021257
v -0.097487 0.161779 -0.021180
v -0.088685 0.161524 -0.029817
v -0.075625 0.169787 -0.031263
v -0.069786 0.160173 -0.023668
v -0.064169 0.176012 -0.025377
v -0.068170 0.154326 -0.010250
v -0.065071 0.171006 -0.016170
v -0.065372 0.169305 -0.007878
v -0.068328 0.153255 -0.000238
v -0.065071 0.171006 0.000415
v -0.071111 0.154149 0.009733
v -0.064169 0.176012 0.009621
v -0.076680 0.163077 0.015997
v -0.071937 0.177639 0.015769
v -0.078044 0.182572 0.013762
v -0.071931 0.198128 0.012824
v -0.086278 0.183331 0.005599
v -0.096768 0.170455 -0.001451
v -0.089184 0.184292 -0.001676
v -0.092530 0.168534 0.007124
v -0.080026 0.198128 0.004074
v -0.074894 0.208393 0.000872
v -0.068968 0.208393 0.007277
v -0.067990 0.213499 -0.003437
v -0.064982 0.213499 -0.000185
v -0.060873 0.215099 -0.007878
v -0.060873 0.213499 0.001005
v -0.056764 0.213499 -0.000185
v -0.060873 0.208393 0.009621
v -0.052778 0.208393 0.007277
v -0.060873 0.198128 0.016026
v -0.049814 0.198128 0.012824
v -0.049814 0.186276 0.012824
v -0.041719 0.198128 0.004074
v -0.041719 0.186276 0.004074
v -0.038756 0.198128 -0.007878
v -0.038756 0.186276 -0.007878
v -0.041719 0.198128 -0.019830
v -0.041719 0.186276 -0.019830
v -0.049814 0.198128 -0.028579
v -0.049814 0.186276 -0.028579
v -0.062455 0.186276 -0.031782
v -0.071409 0.180995 -0.031350
v -0.077516 0.185927 -0.029177
v -0.083101 0.173726 -0.029774
v -0.085847 0.186012 -0.020280
v -0.091667 0.173896 -0.020730
v -0.096037 0.172377 -0.010025
v -0.102561 0.159501 -0.011099
v -0.084156 0.167015 0.014699
v -0.072999 0.131880 -0.005228
v -0.071694 0.136186 -0.014905
v -0.076013 0.140473 -0.027028
v -0.084770 0.144344 -0.032595
v -0.094768 0.146254 -0.032477
v -0.103852 0.145430 -0.025785
v -0.109814 0.141408 -0.017750
v -0.110899 0.136016 -0.007996
v -0.106771 0.130350 0.000593
v -0.098234 0.126740 0.006355
v -0.088020 0.124789 0.006234
v -0.078868 0.125022 0.000264
v -0.073110 0.128800 -0.008442
v -0.072165 0.134084 -0.017924
v -0.057037 0.171006 -0.000696
v -0.065071 0.171006 0.000415
v -0.065372 0.169305 -0.007878
v -0.054229 0.171006 -0.003732
v -0.053201 0.171006 -0.007878
v -0.054229 0.171006 -0.012024
v -0.057037 0.171006 -0.015059
v -0.065071 0.171006 -0.016170
v -0.052777 0.176012 -0.023032
v -0.046851 0.176012 -0.016627
v -0.044682 0.176012 -0.007878
v -0.046851 0.176012 0.000872
v -0.052778 0.176012 0.007277
v -0.062455 0.186276 0.016026
v -0.067193 0.192202 0.015540
v -0.077063 0.208393 -0.007878
v -0.069091 0.213499 -0.007878
v -0.083580 0.198128 -0.007878
v -0.074894 0.208393 -0.016627
v -0.067990 0.213499 -0.012319
v -0.064982 0.213499 -0.015570
v -0.060873 0.213499 -0.016760
v -0.068968 0.208393 -0.023032
v -0.060873 0.208393 -0.025377
v -0.071931 0.198128 -0.028579
v -0.060873 0.198128 -0.031782
v -0.067193 0.192202 -0.031437
v -0.089513 0.185253 -0.008952
v -0.046851 0.208393 0.000872
v -0.044682 0.208393 -0.007878
v -0.053756 0.213499 -0.003437
v -0.052655 0.213499 -0.007878
v -0.080026 0.198128 -0.019830
v -0.046851 0.208393 -0.016627
v -0.052778 0.208393 -0.023032
v -0.053756 0.213499 -0.012319
v -0.056764 0.213499 -0.015570
v -0.073551 0.002039 0.026729
v -0.039409 0.002039 0.026729
v -0.075551 0.000039 0.024729
v -0.039409 0.000039 0.024729
v -0.008929 0.002039 0.026729
v -0.008929 0.000039 0.024729
v -0.008929 0.000039 -0.047471
v -0.008929 0.000039 -0.032396
v -0.006929 0.002039 -0.047471
v -0.006929 0.002039 -0.032396
v -0.008929 0.000039 -0.007561
v -0.006929 0.002039 -0.007561
v -0.006929 0.002039 0.024729
v -0.006929 0.032511 0.024729
v -0.008929 0.032509 0.026729
v -0.006929 0.038085 0.024729
v -0.008929 0.038139 0.026729
v -0.006929 0.044934 0.024729
v -0.008929 0.044962 0.026729
v -0.006929 0.051783 0.024729
v -0.008929 0.051785 0.026729
v -0.006929 0.058201 0.024729
v -0.008929 0.058201 0.026729
v -0.006929 0.064512 0.024729
v -0.008929 0.064512 0.026729
v -0.006929 0.072579 0.024729
v -0.008929 0.072579 0.026729
v -0.006929 0.077156 0.024729
v -0.008929 0.077156 0.026729
v -0.074853 0.028519 -0.047471
v -0.075551 0.002039 -0.047471
v -0.072853 0.028519 -0.049471
v -0.073551 0.002039 -0.049471
v -0.075551 0.077156 -0.028421
v -0.075551 0.072608 -0.028421
v -0.072748 0.076391 -0.030421
v -0.072748 0.072608 -0.030421
v -0.075551 0.064432 -0.028421
v -0.072748 0.064433 -0.030421
v -0.075551 0.058208 -0.028421
v -0.072748 0.058204 -0.030421
v -0.075551 0.051727 -0.028421
v -0.072748 0.051722 -0.030421
v -0.075551 0.044995 -0.028421
v -0.072748 0.044993 -0.030421
v -0.075551 0.038212 -0.028421
v -0.072748 0.038211 -0.030421
v -0.075551 0.032519 -0.028421
v -0.072748 0.032519 -0.030421
v -0.074822 0.029690 -0.029593
v -0.072785 0.031105 -0.031007
v -0.074853 0.028519 -0.032421
v -0.072800 0.030519 -0.032421
v -0.072800 0.030519 -0.047471
v -0.008929 0.076391 -0.030421
v -0.008929 0.072608 -0.030421
v -0.006929 0.077156 -0.028421
v -0.006929 0.072608 -0.028421
v -0.008929 0.064433 -0.030421
v -0.007081 0.064432 -0.028421
v -0.008929 0.058204 -0.030421
v -0.007081 0.058216 -0.028421
v -0.008929 0.051722 -0.030421
v -0.007081 0.051731 -0.028421
v -0.008929 0.044993 -0.030421
v -0.007081 0.044997 -0.028421
v -0.008929 0.038211 -0.030421
v -0.007081 0.038213 -0.028421
v -0.008929 0.032519 -0.030421
v -0.007081 0.032519 -0.028421
v -0.008929 0.031105 -0.031007
v -0.007081 0.029690 -0.029593
v -0.008929 0.030519 -0.032421
v -0.006929 0.028519 -0.032421
v -0.008929 0.030519 -0.047471
v -0.006929 0.028519 -0.047471
v -0.008929 0.028519 -0.049471
v -0.008929 0.002039 -0.049471
v -0.039409 0.002039 -0.049471
v -0.039409 0.000039 -0.047471
v -0.073604 0.000039 -0.047471
v -0.073604 0.000039 -0.032396
v -0.075551 0.002039 -0.032396
v -0.075551 0.000039 -0.007561
v -0.075551 0.002039 -0.007561
v -0.075551 0.002039 0.024729
v -0.075551 0.032510 0.024729
v -0.073551 0.032509 0.026729
v -0.075551 0.038106 0.024729
v -0.073551 0.038139 0.026729
v -0.075551 0.044945 0.024729
v -0.073551 0.044962 0.026729
v -0.075551 0.051784 0.024729
v -0.073551 0.051785 0.026729
v -0.075551 0.058201 0.024729
v -0.073551 0.058201 0.026729
v -0.075551 0.064504 0.024729
v -0.073551 0.064519 0.026716
v -0.075551 0.072580 0.024729
v -0.073551 0.072580 0.026729
v -0.075551 0.077156 0.024729
v -0.073551 0.077156 0.026729
v -0.075551 0.084780 0.024729
v -0.073551 0.084780 0.026729
v -0.075551 0.098538 0.024729
v -0.073551 0.098538 0.026729
v -0.074853 0.028519 -0.047471
v -0.074853 0.028519 -0.032421
v -0.075551 0.002039 -0.047471
v -0.075551 0.002039 -0.032396
v -0.074822 0.029690 -0.029593
v -0.075551 0.002039 -0.007561
v -0.075551 0.032519 -0.028421
v -0.075551 0.032515 -0.007561
v -0.075551 0.038212 -0.028421
v -0.075551 0.038159 -0.007561
v -0.075551 0.044995 -0.028421
v -0.075551 0.044970 -0.007561
v -0.075551 0.051727 -0.028421
v -0.075551 0.051756 -0.007561
v -0.075551 0.058208 -0.028421
v -0.075551 0.058205 -0.007561
v -0.075551 0.064432 -0.028421
v -0.075551 0.064472 -0.007561
v -0.075551 0.072608 -0.028421
v -0.075551 0.072594 -0.007561
v -0.075551 0.077156 -0.028421
v -0.075551 0.077156 -0.007561
v -0.075551 0.081583 -0.034752
v -0.075551 0.084780 -0.007561
v -0.075551 0.088929 -0.038811
v -0.075551 0.098538 -0.007561
v -0.075551 0.098538 -0.039851
v -0.075551 0.002039 0.024729
v -0.075551 0.032510 0.024729
v -0.075551 0.038106 0.024729
v -0.075551 0.044945 0.024729
v -0.075551 0.051784 0.024729
v -0.075551 0.058201 0.024729
v -0.075551 0.064504 0.024729
v -0.075551 0.072580 0.024729
v -0.075551 0.077156 0.024729
v -0.075551 0.084780 0.024729
v -0.075551 0.098538 0.024729
v -0.072748 0.076391 -0.030421
v -0.072800 0.080818 -0.036599
v -0.075551 0.077156 -0.028421
v -0.075551 0.081583 -0.034752
v -0.075551 0.088929 -0.038811
v -0.072800 0.088546 -0.040735
v -0.060269 0.000039 -0.036231
v -0.073604 0.000039 -0.047471
v -0.063097 0.000039 -0.035060
v -0.064269 0.000039 -0.032231
v -0.073604 0.000039 -0.032396
v -0.064269 0.000039 -0.007561
v -0.075551 0.000039 -0.007561
v -0.064269 0.000039 0.009489
v -0.075551 0.000039 0.024729
v -0.063097 0.000039 0.012317
v -0.060269 0.000039 0.013489
v -0.039409 0.000039 -0.036231
v -0.039409 0.000039 -0.047471
v -0.018549 0.000039 -0.036231
v -0.008929 0.000039 -0.047471
v -0.018549 0.000039 0.013489
v -0.008929 0.000039 0.024729
v -0.015720 0.000039 0.012317
v -0.014549 0.000039 0.009489
v -0.008929 0.000039 -0.007561
v -0.014549 0.000039 -0.007561
v -0.008929 0.000039 -0.032396
v -0.014549 0.000039 -0.032231
v -0.015720 0.000039 -0.035060
v -0.039409 0.000039 0.013489
v -0.039409 0.000039 0.024729
v -0.006929 0.002039 0.024729
v -0.006929 0.032511 0.024729
v -0.006929 0.002039 -0.007561
v -0.006929 0.032515 -0.007561
v -0.006929 0.038085 0.024729
v -0.006929 0.038149 -0.007561
v -0.006929 0.044934 0.024729
v -0.006929 0.044966 -0.007561
v -0.006929 0.051783 0.024729
v -0.006929 0.051758 -0.007561
v -0.006929 0.058201 0.024729
v -0.006929 0.058212 -0.007561
v -0.006929 0.064512 0.024729
v -0.006929 0.064472 -0.007561
v -0.006929 0.072579 0.024729
v -0.006929 0.072594 -0.007561
v -0.006929 0.077156 0.024729
v -0.006929 0.077156 -0.007561
v -0.006929 0.002039 -0.047471
v -0.006929 0.002039 -0.032396
v -0.006929 0.028519 -0.047471
v -0.006929 0.028519 -0.032421
v -0.007081 0.029690 -0.029593
v -0.007081 0.032519 -0.028421
v -0.007081 0.038213 -0.028421
v -0.007081 0.044997 -0.028421
v -0.007081 0.051731 -0.028421
v -0.007081 0.058216 -0.028421
v -0.007081 0.064432 -0.028421
v -0.006929 0.072608 -0.028421
v -0.006929 0.077156 -0.028421
v -0.039409 0.002039 -0.049471
v -0.039409 0.028519 -0.049471
v -0.073551 0.002039 -0.049471
v -0.072853 0.028519 -0.049471
v -0.039409 0.030519 -0.047471
v -0.072800 0.030519 -0.047471
v -0.039409 0.030519 -0.032421
v -0.072800 0.030519 -0.032421
v -0.039409 0.031105 -0.031007
v -0.072785 0.031105 -0.031007
v -0.008929 0.002039 -0.049471
v -0.008929 0.028519 -0.049471
v -0.008929 0.030519 -0.047471
v -0.008929 0.030519 -0.032421
v -0.008929 0.031105 -0.031007
v -0.017134 0.038139 0.010903
v -0.017134 0.051923 0.010903
v -0.018549 0.038122 0.011489
v -0.018549 0.051734 0.011489
v -0.017134 0.058211 0.010903
v -0.018549 0.058211 0.011489
v -0.017134 0.064481 0.010903
v -0.018549 0.064481 0.011489
v -0.017134 0.074239 0.010903
v -0.018549 0.074239 0.011489
v -0.017549 0.075653 0.010489
v -0.018549 0.075653 0.010903
v -0.018549 0.076239 0.009489
v -0.039409 0.075653 0.010903
v -0.039409 0.076239 0.009489
v -0.060269 0.075653 0.010903
v -0.060269 0.076239 0.009489
v -0.061269 0.075653 0.010489
v -0.061683 0.075653 0.009489
v -0.061683 0.074239 0.010903
v -0.062269 0.074239 0.009489
v -0.061683 0.064481 0.010903
v -0.062269 0.064482 0.009489
v -0.061683 0.058212 0.010903
v -0.062269 0.058212 0.009489
v -0.061683 0.051923 0.010903
v -0.062269 0.051923 0.009489
v -0.061683 0.038139 0.010903
v -0.062269 0.038139 0.009489
v -0.061683 0.029128 0.010903
v -0.062269 0.029128 0.009489
v -0.061683 0.002039 0.010903
v -0.062269 0.002039 0.009489
v -0.016549 0.038139 0.009489
v -0.016549 0.051923 0.009489
v -0.016549 0.058211 0.009489
v -0.016549 0.064481 0.009489
v -0.016549 0.074239 0.009489
v -0.017134 0.075653 0.009489
v -0.018549 0.038139 -0.018991
v -0.018549 0.051757 -0.018991
v -0.016549 0.038139 -0.016991
v -0.016549 0.051753 -0.016991
v -0.018549 0.058186 -0.018991
v -0.016549 0.058186 -0.016991
v -0.018549 0.064484 -0.018991
v -0.016549 0.064488 -0.016991
v -0.018549 0.074239 -0.018991
v -0.016549 0.074239 -0.016991
v -0.018549 0.075653 -0.018405
v -0.017134 0.075653 -0.016991
v -0.039409 0.038139 -0.018991
v -0.039409 0.051748 -0.018991
v -0.039409 0.058181 -0.018991
v -0.039409 0.064473 -0.018991
v -0.039409 0.074239 -0.018991
v -0.039409 0.075653 -0.018405
v -0.016549 0.017279 -0.016991
v -0.018549 0.017279 -0.018991
v -0.039409 0.017279 -0.018991
v -0.060269 0.017279 -0.018991
v -0.060269 0.038139 -0.018991
v -0.062269 0.017279 -0.016991
v -0.062269 0.038139 -0.016991
v -0.062269 0.038139 -0.007561
v -0.062269 0.051733 -0.016991
v -0.062269 0.051735 -0.007561
v -0.062269 0.058175 -0.016991
v -0.062269 0.058178 -0.007561
v -0.062269 0.064461 -0.016991
v -0.062269 0.064473 -0.007561
v -0.062269 0.074239 -0.016991
v -0.062269 0.074239 -0.007561
v -0.061683 0.075653 -0.016991
v -0.061683 0.075653 -0.007561
v -0.060269 0.076239 -0.016991
v -0.060269 0.076239 -0.007561
v -0.039409 0.076239 -0.016991
v -0.039409 0.076239 -0.007561
v -0.018549 0.076239 -0.016991
v -0.018549 0.076239 -0.007561
v -0.017134 0.075653 -0.007561
v -0.016549 0.074239 -0.007561
v -0.016549 0.064473 -0.007561
v -0.016549 0.058188 -0.007561
v -0.016549 0.051753 -0.007561
v -0.016549 0.038139 -0.007561
v -0.016549 0.002039 -0.007561
v -0.016549 0.013279 -0.020991
v -0.016549 0.002039 -0.032231
v -0.016549 0.013279 -0.032231
v -0.017134 0.002039 -0.033645
v -0.017134 0.013279 -0.033645
v -0.018549 0.002039 -0.034231
v -0.018549 0.013279 -0.034231
v -0.039409 0.002039 -0.034231
v -0.039409 0.013279 -0.034231
v -0.060269 0.002039 -0.034231
v -0.060269 0.013279 -0.034231
v -0.061683 0.002039 -0.033645
v -0.061683 0.013279 -0.033645
v -0.062269 0.002039 -0.032231
v -0.062269 0.013279 -0.032231
v -0.062269 0.002039 -0.007561
v -0.062269 0.013279 -0.020991
v -0.060269 0.015279 -0.020991
v -0.039409 0.015279 -0.020991
v -0.018549 0.015279 -0.020991
v -0.016549 0.029128 0.009489
v -0.016549 0.002039 0.009489
v -0.017134 0.029128 0.010903
v -0.017134 0.002039 0.010903
v -0.018549 0.028937 0.011489
v -0.018549 0.002039 0.011489
v -0.060269 0.015279 -0.032231
v -0.039409 0.015279 -0.032231
v -0.018549 0.015279 -0.032231
v -0.060269 0.002039 0.011489
v -0.060269 0.028937 0.011489
v -0.060269 0.038122 0.011489
v -0.060269 0.051734 0.011489
v -0.060269 0.058212 0.011489
v -0.060269 0.064482 0.011489
v -0.060269 0.074239 0.011489
v -0.039409 0.064492 0.011489
v -0.039409 0.074239 0.011489
v -0.060269 0.075653 -0.018405
v -0.060269 0.074239 -0.018991
v -0.060269 0.064461 -0.018991
v -0.060269 0.058175 -0.018991
v -0.060269 0.051734 -0.018991
v -0.039409 0.031105 -0.031007
v -0.039409 0.032519 -0.030421
v -0.072785 0.031105 -0.031007
v -0.072748 0.032519 -0.030421
v -0.039409 0.038211 -0.030421
v -0.072748 0.038211 -0.030421
v -0.039409 0.044993 -0.030421
v -0.072748 0.044993 -0.030421
v -0.039409 0.051722 -0.030421
v -0.072748 0.051722 -0.030421
v -0.039409 0.058204 -0.030421
v -0.072748 0.058204 -0.030421
v -0.039409 0.064433 -0.030421
v -0.072748 0.064433 -0.030421
v -0.039409 0.072608 -0.030421
v -0.072748 0.072608 -0.030421
v -0.039409 0.076391 -0.030421
v -0.072748 0.076391 -0.030421
v -0.008929 0.031105 -0.031007
v -0.008929 0.032519 -0.030421
v -0.008929 0.038211 -0.030421
v -0.008929 0.044993 -0.030421
v -0.008929 0.051722 -0.030421
v -0.008929 0.058204 -0.030421
v -0.008929 0.064433 -0.030421
v -0.008929 0.072608 -0.030421
v -0.008929 0.076391 -0.030421
v -0.063097 0.000039 0.012317
v -0.060269 0.000039 0.013489
v -0.061683 0.002039 0.010903
v -0.060269 0.002039 0.011489
v -0.039409 0.000039 0.013489
v -0.039409 0.002039 0.011489
v -0.018549 0.000039 0.013489
v -0.018549 0.002039 0.011489
v -0.015720 0.000039 0.012317
v -0.017134 0.002039 0.010903
v -0.014549 0.000039 0.009489
v -0.016549 0.002039 0.009489
v -0.014549 0.000039 -0.007561
v -0.016549 0.002039 -0.007561
v -0.014549 0.000039 -0.032231
v -0.016549 0.002039 -0.032231
v -0.015720 0.000039 -0.035060
v -0.017134 0.002039 -0.033645
v -0.018549 0.000039 -0.036231
v -0.018549 0.002039 -0.034231
v -0.039409 0.000039 -0.036231
v -0.039409 0.002039 -0.034231
v -0.060269 0.000039 -0.036231
v -0.060269 0.002039 -0.034231
v -0.063097 0.000039 -0.035060
v -0.061683 0.002039 -0.033645
v -0.064269 0.000039 -0.032231
v -0.062269 0.002039 -0.032231
v -0.064269 0.000039 -0.007561
v -0.062269 0.002039 -0.007561
v -0.064269 0.000039 0.009489
v -0.062269 0.002039 0.009489
v -0.072800 0.098538 -0.041851
v -0.072800 0.088546 -0.040735
v -0.039409 0.098538 -0.041851
v -0.039409 0.088546 -0.040735
v -0.072800 0.080818 -0.036599
v -0.039409 0.080818 -0.036600
v -0.072748 0.076391 -0.030421
v -0.039409 0.076391 -0.030421
v -0.008929 0.098538 -0.041851
v -0.008929 0.088546 -0.040735
v -0.008929 0.080818 -0.036600
v -0.008929 0.076391 -0.030421
v 0.008929 0.098538 -0.041851
v 0.008929 0.088546 -0.040735
v 0.008929 0.080818 -0.036600
v 0.008929 0.076391 -0.030421
v -0.006929 0.077156 -0.028421
v 0.006929 0.077156 -0.028421
v -0.006929 0.077156 -0.007561
v 0.006929 0.077156 -0.007561
v -0.006929 0.077156 0.024729
v 0.006929 0.077156 0.024729
v -0.008929 0.077156 0.026729
v 0.008929 0.077156 0.026729
v -0.008929 0.084780 0.026729
v 0.008929 0.084780 0.026729
v -0.008929 0.098538 0.026729
v 0.008929 0.098538 0.026729
v 0.039409 0.098538 -0.041851
v 0.039409 0.088546 -0.040735
v 0.039409 0.080818 -0.036600
v 0.039409 0.076391 -0.030421
v 0.072748 0.076391 -0.030421
v 0.072800 0.080818 -0.036599
v 0.072800 0.088546 -0.040735
v 0.072800 0.098538 -0.041851
v -0.039409 0.098538 0.026729
v -0.039409 0.084780 0.026729
v -0.008929 0.077156 0.026729
v -0.039409 0.077156 0.026729
v -0.008929 0.072579 0.026729
v -0.039409 0.072580 0.026729
v -0.008929 0.064512 0.026729
v -0.039409 0.064516 0.026722
v -0.008929 0.058201 0.026729
v -0.039409 0.058201 0.026729
v -0.008929 0.051785 0.026729
v -0.039409 0.051785 0.026729
v -0.008929 0.044962 0.026729
v -0.039409 0.044962 0.026729
v -0.008929 0.038139 0.026729
v -0.039409 0.038139 0.026729
v -0.008929 0.032509 0.026729
v -0.039409 0.032509 0.026729
v -0.008929 0.002039 0.026729
v -0.039409 0.002039 0.026729
v -0.073551 0.098538 0.026729
v -0.073551 0.084780 0.026729
v -0.073551 0.077156 0.026729
v -0.073551 0.072580 0.026729
v -0.073551 0.064519 0.026716
v -0.073551 0.058201 0.026729
v -0.073551 0.051785 0.026729
v -0.073551 0.044962 0.026729
v -0.073551 0.038139 0.026729
v -0.073551 0.032509 0.026729
v -0.073551 0.002039 0.026729
v 0.039409 0.098538 0.026729
v 0.039409 0.084780 0.026729
v 0.039409 0.077156 0.026729
v 0.008929 0.077156 0.026729
v 0.039409 0.072580 0.026729
v 0.008929 0.072579 0.026729
v 0.039409 0.064516 0.026722
v 0.008929 0.064512 0.026729
v 0.039409 0.058201 0.026729
v 0.008929 0.058201 0.026729
v 0.073551 0.098538 0.026729
v 0.073551 0.084780 0.026729
v 0.073551 0.077156 0.026729
v 0.073551 0.072580 0.026729
v 0.073551 0.064519 0.026716
v 0.073551 0.058201 0.026729
v -0.039409 0.058211 0.011489
v -0.018549 0.064481 0.011489
v -0.018549 0.058211 0.011489
v -0.039409 0.051734 0.011489
v -0.018549 0.051734 0.011489
v -0.039409 0.038122 0.011489
v -0.018549 0.038122 0.011489
v -0.039409 0.028937 0.011489
v -0.018549 0.028937 0.011489
v -0.039409 0.002039 0.011489
v -0.018549 0.002039 0.011489
v -0.060269 0.064482 0.011489
v -0.060269 0.058212 0.011489
v -0.060269 0.051734 0.011489
v -0.060269 0.038122 0.011489
v -0.060269 0.028937 0.011489
v -0.060269 0.002039 0.011489
v -0.075551 0.088929 -0.038811
v -0.072800 0.088546 -0.040735
v -0.075551 0.098538 -0.039851
v -0.072800 0.098538 -0.041851
v 0.075551 0.098538 -0.007561
v 0.073176 0.098538 -0.007561
v 0.075551 0.098538 -0.039851
v 0.072800 0.098538 -0.041851
v 0.039409 0.098538 -0.007561
v 0.039409 0.098538 -0.041851
v 0.008929 0.098538 -0.007561
v 0.008929 0.098538 -0.041851
v -0.008929 0.098538 -0.007561
v -0.008929 0.098538 -0.041851
v -0.039409 0.098538 -0.007561
v -0.039409 0.098538 -0.041851
v -0.073176 0.098538 -0.007561
v -0.072800 0.098538 -0.041851
v -0.075551 0.098538 -0.007561
v -0.075551 0.098538 -0.039851
v 0.075551 0.098538 0.024729
v 0.073551 0.098538 0.026729
v 0.039409 0.098538 0.026729
v 0.008929 0.098538 0.026729
v -0.008929 0.098538 0.026729
v -0.039409 0.098538 0.026729
v -0.073551 0.098538 0.026729
v -0.075551 0.098538 0.024729
v 0.072748 0.076391 -0.030421
v 0.072748 0.072608 -0.030421
v 0.075551 0.077156 -0.028421
v 0.075551 0.072608 -0.028421
v 0.072748 0.064433 -0.030421
v 0.075551 0.064432 -0.028421
v 0.072748 0.058204 -0.030421
v 0.075551 0.058208 -0.028421
v 0.075551 0.077156 -0.028421
v 0.075551 0.081583 -0.034752
v 0.072748 0.076391 -0.030421
v 0.072800 0.080818 -0.036599
v 0.075551 0.088929 -0.038811
v 0.072800 0.088546 -0.040735
v 0.075551 0.098538 0.024729
v 0.075551 0.084780 0.024729
v 0.073551 0.098538 0.026729
v 0.073551 0.084780 0.026729
v 0.075551 0.077156 0.024729
v 0.073551 0.077156 0.026729
v 0.075551 0.072580 0.024729
v 0.073551 0.072580 0.026729
v 0.075551 0.064504 0.024729
v 0.073551 0.064519 0.026716
v 0.075551 0.058201 0.024729
v 0.073551 0.058201 0.026729
v 0.075551 0.098538 -0.007561
v 0.075551 0.084780 -0.007561
v 0.075551 0.098538 0.024729
v 0.075551 0.084780 0.024729
v 0.075551 0.077156 -0.007561
v 0.075551 0.077156 0.024729
v 0.075551 0.072594 -0.007561
v 0.075551 0.072580 0.024729
v 0.075551 0.064472 -0.007561
v 0.075551 0.064504 0.024729
v 0.075551 0.058205 -0.007561
v 0.075551 0.058201 0.024729
v 0.075551 0.098538 -0.039851
v 0.075551 0.088929 -0.038811
v 0.075551 0.081583 -0.034752
v 0.075551 0.077156 -0.028421
v 0.075551 0.072608 -0.028421
v 0.075551 0.064432 -0.028421
v 0.075551 0.058208 -0.028421
v 0.006929 0.058201 0.024729
v 0.006929 0.064512 0.024729
v 0.008929 0.058201 0.026729
v 0.008929 0.064512 0.026729
v 0.006929 0.072579 0.024729
v 0.008929 0.072579 0.026729
v 0.006929 0.077156 0.024729
v 0.008929 0.077156 0.026729
v 0.061269 0.075653 0.010489
v 0.060269 0.075653 0.010903
v 0.061683 0.074239 0.010903
v 0.060269 0.074239 0.011489
v 0.039409 0.075653 0.010903
v 0.039409 0.074239 0.011489
v 0.018549 0.075653 0.010903
v 0.018549 0.074239 0.011489
v 0.017549 0.075653 0.010489
v 0.017134 0.074239 0.010903
v 0.017134 0.075653 0.009489
v 0.016549 0.074239 0.009489
v 0.017134 0.075653 -0.007561
v 0.016549 0.074239 -0.007561
v 0.017134 0.075653 -0.016991
v 0.016549 0.074239 -0.016991
v 0.018549 0.075653 -0.018405
v 0.018549 0.074239 -0.018991
v 0.039409 0.075653 -0.018405
v 0.039409 0.074239 -0.018991
v 0.060269 0.075653 -0.018405
v 0.060269 0.074239 -0.018991
v 0.061683 0.075653 -0.016991
v 0.062269 0.074239 -0.016991
v 0.061683 0.075653 -0.007561
v 0.062269 0.074239 -0.007561
v 0.061683 0.075653 0.009489
v 0.062269 0.074239 0.009489
v 0.060269 0.076239 0.009489
v 0.039409 0.076239 0.009489
v 0.018549 0.076239 0.009489
v 0.061683 0.064481 0.010903
v 0.062269 0.064482 0.009489
v 0.062269 0.064473 -0.007561
v 0.062269 0.064461 -0.016991
v 0.060269 0.064461 -0.018991
v 0.039409 0.064473 -0.018991
v 0.018549 0.064484 -0.018991
v 0.016549 0.064488 -0.016991
v 0.016549 0.064473 -0.007561
v 0.016549 0.064481 0.009489
v 0.017134 0.064481 0.010903
v 0.018549 0.064481 0.011489
v 0.039409 0.064492 0.011489
v 0.060269 0.064482 0.011489
v 0.060269 0.058212 0.011489
v 0.061683 0.058212 0.010903
v 0.062269 0.058212 0.009489
v 0.062269 0.058178 -0.007561
v 0.062269 0.058175 -0.016991
v 0.060269 0.058175 -0.018991
v 0.039409 0.058181 -0.018991
v 0.018549 0.058186 -0.018991
v 0.016549 0.058186 -0.016991
v 0.016549 0.058188 -0.007561
v 0.016549 0.058211 0.009489
v 0.017134 0.058211 0.010903
v 0.018549 0.058211 0.011489
v 0.018549 0.076239 -0.007561
v 0.018549 0.076239 -0.016991
v 0.039409 0.076239 -0.016991
v 0.060269 0.076239 -0.016991
v 0.039409 0.076239 -0.007561
v 0.060269 0.076239 -0.007561
v 0.008929 0.076391 -0.030421
v 0.008929 0.072608 -0.030421
v 0.039409 0.076391 -0.030421
v 0.039409 0.072608 -0.030421
v 0.008929 0.064433 -0.030421
v 0.039409 0.064433 -0.030421
v 0.008929 0.058204 -0.030421
v 0.039409 0.058204 -0.030421
v 0.072748 0.058204 -0.030421
v 0.072748 0.064433 -0.030421
v 0.072748 0.072608 -0.030421
v 0.072748 0.076391 -0.030421
v 0.006929 0.077156 -0.028421
v 0.006929 0.072608 -0.028421
v 0.008929 0.076391 -0.030421
v 0.008929 0.072608 -0.030421
v 0.008929 0.064433 -0.030421
v 0.007081 0.064432 -0.028421
v 0.008929 0.058204 -0.030421
v 0.007081 0.058216 -0.028421
v 0.006929 0.058212 -0.007561
v 0.006929 0.064472 -0.007561
v 0.006929 0.058201 0.024729
v 0.006929 0.064512 0.024729
v 0.006929 0.072594 -0.007561
v 0.006929 0.072579 0.024729
v 0.006929 0.077156 -0.007561
v 0.006929 0.077156 0.024729
v 0.007081 0.058216 -0.028421
v 0.007081 0.064432 -0.028421
v 0.006929 0.072608 -0.028421
v 0.006929 0.077156 -0.028421
v 0.018549 0.058211 0.011489
v 0.039409 0.058211 0.011489
v 0.018549 0.064481 0.011489
v 0.060269 0.058212 0.011489
v 0.060269 0.064482 0.011489
v 0.072800 0.098538 -0.041851
v 0.072800 0.088546 -0.040735
v 0.075551 0.098538 -0.039851
v 0.075551 0.088929 -0.038811
v -0.103649 0.126091 -0.032719
v -0.101028 0.127694 -0.035045
v -0.102422 0.132488 -0.027021
v -0.099698 0.134536 -0.029883
v -0.097427 0.128330 -0.036905
v -0.096029 0.135459 -0.032126
v -0.093223 0.128213 -0.037838
v -0.091825 0.135342 -0.033059
v -0.088932 0.127316 -0.037755
v -0.087534 0.134445 -0.032976
v -0.085070 0.125747 -0.036665
v -0.083673 0.132875 -0.031886
v -0.082097 0.123736 -0.034677
v -0.080767 0.130578 -0.029515
v -0.080427 0.121235 -0.032268
v -0.079200 0.127632 -0.026570
v -0.080455 0.117710 -0.028702
v -0.079318 0.123715 -0.022582
v -0.081882 0.114886 -0.025666
v -0.080746 0.120891 -0.019546
v -0.084628 0.112715 -0.023026
v -0.083491 0.118719 -0.016906
v -0.088361 0.111457 -0.021099
v -0.087224 0.117461 -0.014979
v -0.092630 0.111265 -0.020118
v -0.091494 0.117270 -0.013998
v -0.096922 0.112163 -0.020201
v -0.095785 0.118167 -0.014081
v -0.100717 0.114041 -0.021339
v -0.099580 0.120045 -0.015219
v -0.103559 0.116673 -0.023393
v -0.102422 0.122677 -0.017273
v -0.105105 0.119742 -0.026117
v -0.103968 0.125746 -0.019997
v -0.105168 0.122878 -0.029182
v -0.104031 0.128882 -0.023062
v -0.106531 0.108405 -0.049461
v -0.104014 0.109563 -0.051251
v -0.100454 0.110044 -0.050608
v -0.096250 0.109927 -0.051541
v -0.091959 0.109030 -0.051457
v -0.088098 0.107460 -0.050368
v -0.085083 0.105604 -0.048866
v -0.083309 0.103550 -0.049010
v -0.083247 0.100417 -0.045866
v -0.085334 0.097919 -0.043028
v -0.087420 0.095421 -0.040190
v -0.091153 0.094164 -0.038263
v -0.095422 0.093972 -0.037282
v -0.099714 0.094869 -0.037365
v -0.103509 0.096747 -0.038503
v -0.106351 0.099380 -0.040558
v -0.107897 0.102449 -0.043282
v -0.107960 0.105584 -0.046346
v -0.107603 0.071740 -0.061843
v -0.108950 0.075155 -0.058170
v -0.104101 0.099089 -0.085999
v -0.105448 0.102504 -0.082326
v -0.109882 0.078961 -0.053997
v -0.106380 0.106310 -0.078153
v -0.110370 0.082350 -0.050230
v -0.106868 0.109699 -0.074386
v -0.109893 0.085919 -0.046121
v -0.106391 0.113267 -0.070277
v -0.107380 0.088945 -0.042331
v -0.103878 0.116294 -0.066487
v -0.103213 0.090968 -0.039436
v -0.099711 0.118317 -0.063592
v -0.098026 0.091681 -0.037877
v -0.094524 0.119030 -0.062033
v -0.092609 0.090974 -0.037892
v -0.089107 0.118323 -0.062048
v -0.087787 0.088956 -0.039478
v -0.084285 0.116305 -0.063634
v -0.084294 0.085933 -0.042394
v -0.080792 0.113282 -0.066550
v -0.082661 0.082366 -0.046196
v -0.079159 0.109715 -0.070351
v -0.082050 0.078977 -0.049944
v -0.078548 0.106325 -0.074100
v -0.081750 0.075171 -0.054210
v -0.078248 0.102520 -0.078366
v -0.081990 0.071754 -0.058113
v -0.078488 0.099103 -0.082269
v -0.081983 0.070202 -0.059870
v -0.078481 0.097551 -0.084026
v -0.104512 0.100437 -0.086985
v -0.107507 0.104207 -0.084168
v -0.108440 0.108019 -0.079988
v -0.108354 0.103975 -0.084554
v -0.111095 0.107540 -0.080915
v -0.108927 0.111404 -0.076225
v -0.112668 0.111402 -0.076770
v -0.108372 0.115559 -0.071441
v -0.111984 0.116520 -0.070876
v -0.105446 0.119083 -0.067027
v -0.108379 0.120861 -0.065439
v -0.100593 0.121439 -0.063656
v -0.102401 0.123763 -0.061286
v -0.094553 0.122269 -0.061841
v -0.094961 0.124786 -0.059051
v -0.088246 0.121446 -0.061858
v -0.087191 0.123772 -0.059072
v -0.082631 0.119096 -0.063705
v -0.080275 0.120877 -0.061347
v -0.078564 0.115576 -0.067100
v -0.075264 0.116541 -0.065529
v -0.076663 0.111423 -0.071527
v -0.072922 0.111425 -0.070982
v -0.076052 0.108037 -0.075272
v -0.073244 0.107561 -0.075403
v -0.075751 0.104225 -0.079544
v -0.074828 0.103994 -0.079672
v -0.076712 0.100885 -0.083495
v -0.075871 0.099625 -0.083753
v -0.076945 0.099006 -0.084609
v -0.075694 0.098129 -0.082967
v -0.077043 0.097455 -0.083926
v -0.079196 0.070780 -0.058811
v -0.080545 0.070106 -0.059770
v -0.109660 0.102872 -0.084975
v -0.112642 0.106726 -0.081044
v -0.114342 0.110902 -0.076563
v -0.113603 0.116435 -0.070191
v -0.109706 0.121127 -0.064314
v -0.103244 0.124265 -0.059825
v -0.095201 0.125370 -0.057407
v -0.086801 0.124274 -0.057430
v -0.079324 0.121144 -0.059890
v -0.073907 0.116457 -0.064411
v -0.071375 0.110926 -0.070306
v -0.071723 0.106749 -0.075085
v -0.073456 0.102893 -0.079703
v -0.106186 0.099608 -0.088167
v -0.110329 0.101416 -0.084266
v -0.106579 0.098111 -0.087464
v -0.110081 0.070762 -0.063308
v -0.113831 0.074067 -0.060110
v -0.113471 0.073110 -0.058687
v -0.116913 0.078040 -0.056058
v -0.116453 0.076964 -0.054756
v -0.118666 0.082346 -0.051438
v -0.118153 0.081139 -0.050275
v -0.117904 0.088050 -0.044869
v -0.117414 0.086672 -0.043904
v -0.113886 0.092889 -0.038809
v -0.113517 0.091365 -0.038026
v -0.107223 0.096124 -0.034180
v -0.107055 0.094502 -0.033537
v -0.098930 0.097263 -0.031688
v -0.099012 0.095607 -0.031120
v -0.090270 0.096133 -0.031712
v -0.090612 0.094512 -0.031143
v -0.082560 0.092906 -0.034247
v -0.083135 0.091382 -0.033602
v -0.076975 0.088074 -0.038909
v -0.077718 0.086695 -0.038124
v -0.074365 0.082371 -0.044987
v -0.075186 0.081164 -0.044019
v -0.074723 0.078064 -0.049915
v -0.075534 0.076987 -0.048798
v -0.076517 0.074088 -0.054677
v -0.077267 0.073131 -0.053416
v -0.079682 0.069863 -0.057466
v -0.113411 0.105389 -0.080214
v -0.115164 0.109695 -0.075594
v -0.114402 0.115399 -0.069025
v -0.110384 0.120238 -0.062965
v -0.103721 0.123473 -0.058336
v -0.095428 0.124612 -0.055844
v -0.086768 0.123482 -0.055868
v -0.079058 0.120255 -0.058403
v -0.073473 0.115423 -0.063065
v -0.070863 0.109720 -0.069143
v -0.071221 0.105413 -0.074071
v -0.073015 0.101437 -0.078833
v -0.108724 0.069229 -0.062394
v -0.107107 0.070187 -0.063528
v -0.108513 0.070090 -0.063842
v -0.105011 0.097439 -0.087998
v -0.103605 0.097536 -0.087684
v -0.104912 0.098991 -0.088681
v -0.103941 0.099116 -0.088398
v -0.107752 0.069354 -0.062111
v -0.108323 0.070675 -0.060698
v -0.109398 0.070077 -0.060484
v -0.109772 0.073948 -0.057203
v -0.111446 0.073445 -0.056998
v -0.110704 0.077755 -0.053027
v -0.112379 0.077257 -0.052818
v -0.111191 0.081143 -0.049262
v -0.112866 0.080643 -0.049055
v -0.110692 0.084883 -0.044955
v -0.112311 0.084797 -0.044270
v -0.108058 0.088055 -0.040982
v -0.109385 0.088321 -0.039857
v -0.103690 0.090176 -0.037948
v -0.104532 0.090677 -0.036486
v -0.098253 0.090923 -0.036314
v -0.098492 0.091507 -0.034671
v -0.092575 0.090182 -0.036329
v -0.092185 0.090684 -0.034688
v -0.087521 0.088067 -0.037992
v -0.086570 0.088334 -0.036535
v -0.083860 0.084898 -0.041048
v -0.082503 0.084814 -0.039930
v -0.082148 0.081160 -0.045033
v -0.080602 0.080661 -0.044357
v -0.081538 0.077771 -0.048780
v -0.079991 0.077275 -0.048101
v -0.081237 0.073964 -0.053048
v -0.079690 0.073463 -0.052374
v -0.081625 0.070690 -0.056810
v -0.080655 0.070093 -0.056299
v -0.109997 0.069846 -0.061880
v -0.077956 0.099131 -0.084615
v -0.077814 0.100452 -0.083098
v -0.077426 0.103726 -0.079335
v -0.077727 0.107534 -0.075068
v -0.078337 0.110922 -0.071320
v -0.080048 0.114661 -0.067335
v -0.083710 0.117829 -0.064279
v -0.088764 0.119944 -0.062617
v -0.094442 0.120685 -0.062601
v -0.099879 0.119938 -0.064235
v -0.104247 0.117817 -0.067269
v -0.106881 0.114646 -0.071242
v -0.107380 0.110906 -0.075549
v -0.106893 0.107517 -0.079315
v -0.105960 0.103710 -0.083490
v -0.080756 0.069244 -0.058321
v -0.105455 0.100868 -0.087681
v -0.081767 0.069368 -0.058327
v -0.078768 0.073232 -0.052501
v -0.077183 0.076799 -0.048233
v -0.076861 0.080663 -0.043812
v -0.079203 0.085779 -0.038359
v -0.084214 0.090115 -0.034176
v -0.091130 0.093010 -0.031901
v -0.098900 0.094024 -0.031880
v -0.106340 0.093002 -0.034116
v -0.112318 0.090099 -0.038269
v -0.115923 0.085759 -0.043706
v -0.116607 0.080641 -0.049599
v -0.115034 0.076778 -0.053744
v -0.112293 0.073213 -0.057383
v 0.102422 0.132488 -0.027021
v 0.099698 0.134536 -0.029883
v 0.101028 0.127694 -0.035045
v 0.097427 0.128330 -0.036905
v 0.096029 0.135459 -0.032126
v 0.093223 0.128213 -0.037838
v 0.091825 0.135342 -0.033059
v 0.088932 0.127316 -0.037755
v 0.087534 0.134445 -0.032976
v 0.085070 0.125747 -0.036665
v 0.083673 0.132875 -0.031886
v 0.082097 0.123736 -0.034677
v 0.080767 0.130578 -0.029515
v 0.080427 0.121235 -0.032268
v 0.079200 0.127632 -0.026570
v 0.080455 0.117710 -0.028702
v 0.079318 0.123715 -0.022582
v 0.081882 0.114886 -0.025666
v 0.080746 0.120891 -0.019546
v 0.084628 0.112715 -0.023026
v 0.083491 0.118719 -0.016906
v 0.088361 0.111457 -0.021099
v 0.087224 0.117461 -0.014979
v 0.092630 0.111265 -0.020118
v 0.091494 0.117270 -0.013998
v 0.096922 0.112163 -0.020201
v 0.095785 0.118167 -0.014081
v 0.100717 0.114041 -0.021339
v 0.099580 0.120045 -0.015219
v 0.103559 0.116673 -0.023393
v 0.102422 0.122677 -0.017273
v 0.105105 0.119742 -0.026117
v 0.103968 0.125746 -0.019997
v 0.105168 0.122878 -0.029182
v 0.104031 0.128882 -0.023062
v 0.103649 0.126091 -0.032719
v 0.104014 0.109563 -0.051251
v 0.100454 0.110044 -0.050608
v 0.096250 0.109927 -0.051541
v 0.091959 0.109030 -0.051457
v 0.088098 0.107460 -0.050368
v 0.085083 0.105604 -0.048866
v 0.083309 0.103550 -0.049010
v 0.083247 0.100417 -0.045866
v 0.085334 0.097919 -0.043028
v 0.087420 0.095421 -0.040190
v 0.091153 0.094164 -0.038263
v 0.095422 0.093972 -0.037282
v 0.099714 0.094869 -0.037365
v 0.103509 0.096747 -0.038503
v 0.106351 0.099380 -0.040558
v 0.107897 0.102449 -0.043282
v 0.107960 0.105584 -0.046346
v 0.106531 0.108405 -0.049461
v 0.104101 0.099089 -0.085999
v 0.105448 0.102504 -0.082326
v 0.107603 0.071740 -0.061843
v 0.108950 0.075155 -0.058170
v 0.106380 0.106310 -0.078153
v 0.109882 0.078961 -0.053997
v 0.106868 0.109699 -0.074386
v 0.110370 0.082350 -0.050230
v 0.106391 0.113267 -0.070277
v 0.109893 0.085919 -0.046121
v 0.103878 0.116294 -0.066487
v 0.107380 0.088945 -0.042331
v 0.099711 0.118317 -0.063592
v 0.103213 0.090968 -0.039436
v 0.094524 0.119030 -0.062033
v 0.098026 0.091681 -0.037877
v 0.089107 0.118323 -0.062048
v 0.092609 0.090974 -0.037892
v 0.084285 0.116305 -0.063634
v 0.087787 0.088956 -0.039478
v 0.080792 0.113282 -0.066550
v 0.084294 0.085933 -0.042394
v 0.079159 0.109715 -0.070351
v 0.082661 0.082366 -0.046196
v 0.078548 0.106325 -0.074100
v 0.082050 0.078977 -0.049944
v 0.078248 0.102520 -0.078366
v 0.081750 0.075171 -0.054210
v 0.078488 0.099103 -0.082269
v 0.081990 0.071754 -0.058113
v 0.078481 0.097551 -0.084026
v 0.081983 0.070202 -0.059870
v 0.104512 0.100437 -0.086985
v 0.107507 0.104207 -0.084168
v 0.108440 0.108019 -0.079988
v 0.105960 0.103710 -0.083490
v 0.106893 0.107517 -0.079315
v 0.108927 0.111404 -0.076225
v 0.107380 0.110906 -0.075549
v 0.108372 0.115559 -0.071441
v 0.106881 0.114646 -0.071242
v 0.105446 0.119083 -0.067027
v 0.104247 0.117817 -0.067269
v 0.100593 0.121439 -0.063656
v 0.099879 0.119938 -0.064235
v 0.094553 0.122269 -0.061841
v 0.094442 0.120685 -0.062601
v 0.088246 0.121446 -0.061858
v 0.088764 0.119944 -0.062617
v 0.082631 0.119096 -0.063705
v 0.083710 0.117829 -0.064279
v 0.078564 0.115576 -0.067100
v 0.080048 0.114661 -0.067335
v 0.076663 0.111423 -0.071527
v 0.078337 0.110922 -0.071320
v 0.076052 0.108037 -0.075272
v 0.077727 0.107534 -0.075068
v 0.075751 0.104225 -0.079544
v 0.077426 0.103726 -0.079335
v 0.076712 0.100885 -0.083495
v 0.077814 0.100452 -0.083098
v 0.077956 0.099131 -0.084615
v 0.109660 0.102872 -0.084975
v 0.112642 0.106726 -0.081044
v 0.108354 0.103975 -0.084554
v 0.111095 0.107540 -0.080915
v 0.114342 0.110902 -0.076563
v 0.112668 0.111402 -0.076770
v 0.113603 0.116435 -0.070191
v 0.111984 0.116520 -0.070876
v 0.109706 0.121127 -0.064314
v 0.108379 0.120861 -0.065439
v 0.103244 0.124265 -0.059825
v 0.102401 0.123763 -0.061286
v 0.095201 0.125370 -0.057407
v 0.094961 0.124786 -0.059051
v 0.086801 0.124274 -0.057430
v 0.087191 0.123772 -0.059072
v 0.079324 0.121144 -0.059890
v 0.080275 0.120877 -0.061347
v 0.073907 0.116457 -0.064411
v 0.075264 0.116541 -0.065529
v 0.071375 0.110926 -0.070306
v 0.072922 0.111425 -0.070982
v 0.071723 0.106749 -0.075085
v 0.073244 0.107561 -0.075403
v 0.073456 0.102893 -0.079703
v 0.074828 0.103994 -0.079672
v 0.075871 0.099625 -0.083753
v 0.103941 0.099116 -0.088398
v 0.103605 0.097536 -0.087684
v 0.104912 0.098991 -0.088681
v 0.105011 0.097439 -0.087998
v 0.107107 0.070187 -0.063528
v 0.108513 0.070090 -0.063842
v 0.113831 0.074067 -0.060110
v 0.116913 0.078040 -0.056058
v 0.110329 0.101416 -0.084266
v 0.113411 0.105389 -0.080214
v 0.118666 0.082346 -0.051438
v 0.115164 0.109695 -0.075594
v 0.117904 0.088050 -0.044869
v 0.114402 0.115399 -0.069025
v 0.113886 0.092889 -0.038809
v 0.110384 0.120238 -0.062965
v 0.107223 0.096124 -0.034180
v 0.103721 0.123473 -0.058336
v 0.098930 0.097263 -0.031688
v 0.095428 0.124612 -0.055844
v 0.090270 0.096133 -0.031712
v 0.086768 0.123482 -0.055868
v 0.082560 0.092906 -0.034247
v 0.079058 0.120255 -0.058403
v 0.076975 0.088074 -0.038909
v 0.073473 0.115423 -0.063065
v 0.074365 0.082371 -0.044987
v 0.070863 0.109720 -0.069143
v 0.074723 0.078064 -0.049915
v 0.071221 0.105413 -0.074071
v 0.076517 0.074088 -0.054677
v 0.073015 0.101437 -0.078833
v 0.108724 0.069229 -0.062394
v 0.107752 0.069354 -0.062111
v 0.108323 0.070675 -0.060698
v 0.109398 0.070077 -0.060484
v 0.109772 0.073948 -0.057203
v 0.111446 0.073445 -0.056998
v 0.110704 0.077755 -0.053027
v 0.112379 0.077257 -0.052818
v 0.111191 0.081143 -0.049262
v 0.112866 0.080643 -0.049055
v 0.110692 0.084883 -0.044955
v 0.112311 0.084797 -0.044270
v 0.108058 0.088055 -0.040982
v 0.109385 0.088321 -0.039857
v 0.103690 0.090176 -0.037948
v 0.104532 0.090677 -0.036486
v 0.098253 0.090923 -0.036314
v 0.098492 0.091507 -0.034671
v 0.092575 0.090182 -0.036329
v 0.092185 0.090684 -0.034688
v 0.087521 0.088067 -0.037992
v 0.086570 0.088334 -0.036535
v 0.083860 0.084898 -0.041048
v 0.082503 0.084814 -0.039930
v 0.082148 0.081160 -0.045033
v 0.080602 0.080661 -0.044357
v 0.081538 0.077771 -0.048780
v 0.079991 0.077275 -0.048101
v 0.081237 0.073964 -0.053048
v 0.079690 0.073463 -0.052374
v 0.081625 0.070690 -0.056810
v 0.080655 0.070093 -0.056299
v 0.110081 0.070762 -0.063308
v 0.109997 0.069846 -0.061880
v 0.113471 0.073110 -0.058687
v 0.077043 0.097455 -0.083926
v 0.076945 0.099006 -0.084609
v 0.080545 0.070106 -0.059770
v 0.079196 0.070780 -0.058811
v 0.075694 0.098129 -0.082967
v 0.079682 0.069863 -0.057466
v 0.077267 0.073131 -0.053416
v 0.075534 0.076987 -0.048798
v 0.075186 0.081164 -0.044019
v 0.077718 0.086695 -0.038124
v 0.083135 0.091382 -0.033602
v 0.090612 0.094512 -0.031143
v 0.099012 0.095607 -0.031120
v 0.107055 0.094502 -0.033537
v 0.113517 0.091365 -0.038026
v 0.117414 0.086672 -0.043904
v 0.118153 0.081139 -0.050275
v 0.116453 0.076964 -0.054756
v 0.106579 0.098111 -0.087464
v 0.106186 0.099608 -0.088167
v 0.081767 0.069368 -0.058327
v 0.105455 0.100868 -0.087681
v 0.112293 0.073213 -0.057383
v 0.115034 0.076778 -0.053744
v 0.116607 0.080641 -0.049599
v 0.115923 0.085759 -0.043706
v 0.112318 0.090099 -0.038269
v 0.106340 0.093002 -0.034116
v 0.098900 0.094024 -0.031880
v 0.091130 0.093010 -0.031901
v 0.084214 0.090115 -0.034176
v 0.079203 0.085779 -0.038359
v 0.076861 0.080663 -0.043812
v 0.077183 0.076799 -0.048233
v 0.078768 0.073232 -0.052501
v 0.080756 0.069244 -0.058321
vt -2.000808 2.084605
vt -2.000808 1.084605
vt -1.000486 2.084605
vt -1.000486 1.084605
vt -0.000163 2.084605
vt -0.000163 1.084605
vt 1.000160 2.084605
vt 1.000160 1.084605
vt 2.000482 2.084605
vt 2.000482 1.084605
vt 3.000809 2.084605
vt 3.000809 1.084605
vt -2.013779 1.084605
vt -2.013779 2.084605
vt -1.008268 1.084605
vt -1.008268 2.084605
vt -0.002757 1.084605
vt -0.002757 2.084605
vt 1.002754 1.084605
vt 1.002754 2.084605
vt 2.008265 1.084605
vt 2.008265 2.084605
vt 3.013780 1.084605
vt 3.013780 2.084605
vt 0.736025 1.308418
vt 0.749471 1.307573
vt 0.738411 1.316386
vt 0.749471 1.316025
vt 0.628427 1.455537
vt 0.636274 1.456366
vt 0.626590 1.466762
vt 0.634096 1.467230
vt 0.624831 1.474807
vt 0.631278 1.474803
vt 0.622053 1.479990
vt 0.627209 1.480033
vt 0.742504 1.465861
vt 0.751262 1.457280
vt 0.751262 1.465503
vt 0.742507 1.465861
vt 0.683830 1.452892
vt 0.692923 1.453691
vt 0.692370 1.461985
vt 0.650565 1.411942
vt 0.646960 1.403118
vt 0.638900 1.400402
vt 0.636942 1.387002
vt 0.614222 1.388721
vt 0.612286 1.370256
vt 0.608348 1.370961
vt 0.612168 1.353583
vt 0.605185 1.354841
vt 0.603692 1.344274
vt 0.596853 1.358277
vt 0.593364 1.350048
vt 0.583861 1.356693
vt 0.596995 1.350213
vt 0.583867 1.360195
vt 0.602759 1.362917
vt 0.628255 1.366527
vt 0.623299 1.369605
vt 0.632786 1.369983
vt 0.627491 1.378964
vt 0.637714 1.339202
vt 0.631658 1.341787
vt 0.631269 1.339363
vt 0.578484 1.405360
vt 0.577594 1.413319
vt 0.611541 1.407313
vt 0.576567 1.419366
vt 0.607737 1.414450
vt 0.574609 1.420252
vt 0.607620 1.414947
vt 0.607831 1.409442
vt 0.642738 1.412549
vt 0.577687 1.415813
vt 0.604999 1.373084
vt 0.581408 1.364828
vt 0.561687 1.376153
vt 0.562068 1.378077
vt 0.539897 1.421707
vt 0.527861 1.419544
vt 0.529283 1.418446
vt 0.522087 1.414215
vt 0.524734 1.413738
vt 0.517897 1.408091
vt 0.522521 1.409227
vt 0.521614 1.404395
vt 0.525265 1.389301
vt 0.524927 1.387645
vt 0.521014 1.389406
vt 0.527725 1.388606
vt 0.521950 1.389811
vt 0.523336 1.392256
vt 0.532138 1.397425
vt 0.516517 1.403825
vt 0.628163 1.427626
vt 0.637265 1.427533
vt 0.626444 1.431903
vt 0.725455 1.334062
vt 0.739686 1.333917
vt 0.740622 1.330381
vt 0.750196 1.333917
vt 0.750196 1.330381
vt 0.739689 1.333917
vt 0.740626 1.330381
vt 0.725459 1.334062
vt 0.741974 1.452838
vt 0.741884 1.459510
vt 0.736533 1.461235
vt 0.737573 1.466294
vt 0.729122 1.462677
vt 0.727280 1.467655
vt 0.715672 1.462280
vt 0.718114 1.467651
vt 0.706375 1.459074
vt 0.709338 1.466897
vt 0.701023 1.465438
vt 0.751262 1.450678
vt 0.658905 1.440979
vt 0.652319 1.444387
vt 0.648237 1.444156
vt 0.651604 1.449758
vt 0.648783 1.450535
vt 0.645898 1.458311
vt 0.642371 1.457485
vt 0.641563 1.467908
vt 0.638465 1.467537
vt 0.637308 1.474856
vt 0.634704 1.474894
vt 0.631065 1.479927
vt 0.629450 1.479882
vt 0.624777 1.482630
vt 0.619903 1.482859
vt 0.614266 1.483009
vt 0.615433 1.480091
vt 0.608417 1.482875
vt 0.608417 1.479964
vt 0.602569 1.483009
vt 0.601401 1.480091
vt 0.594782 1.479990
vt 0.592004 1.474807
vt 0.589627 1.480033
vt 0.585557 1.474803
vt 0.587386 1.479882
vt 0.582131 1.474894
vt 0.585770 1.479927
vt 0.579527 1.474856
vt 0.584814 1.479970
vt 0.578244 1.474960
vt 0.584540 1.479886
vt 0.576767 1.474964
vt 0.675589 1.371703
vt 0.670397 1.376340
vt 0.674333 1.369830
vt 0.667906 1.362265
vt 0.677685 1.356086
vt 0.657651 1.356484
vt 0.667618 1.347120
vt 0.660638 1.335635
vt 0.671713 1.327765
vt 0.660033 1.311153
vt 0.673391 1.304674
vt 0.641744 1.302162
vt 0.652792 1.294285
vt 0.620583 1.297785
vt 0.626478 1.290076
vt 0.680757 1.436497
vt 0.686798 1.437069
vt 0.692850 1.440847
vt 0.700939 1.439120
vt 0.707634 1.443274
vt 0.713801 1.439583
vt 0.719870 1.446531
vt 0.716997 1.440050
vt 0.729878 1.444303
vt 0.687314 1.412725
vt 0.677182 1.407717
vt 0.680500 1.402779
vt 0.669597 1.401892
vt 0.674518 1.397073
vt 0.688655 1.407969
vt 0.704513 1.408694
vt 0.704165 1.413257
vt 0.716968 1.403216
vt 0.718470 1.407347
vt 0.721277 1.392484
vt 0.725781 1.397918
vt 0.720024 1.384223
vt 0.722335 1.384101
vt 0.719587 1.373781
vt 0.727191 1.385704
vt 0.723027 1.375008
vt 0.682342 1.386154
vt 0.688419 1.382566
vt 0.689282 1.384180
vt 0.701695 1.383118
vt 0.701751 1.384583
vt 0.710097 1.382910
vt 0.709214 1.384720
vt 0.714323 1.386834
vt 0.713141 1.387479
vt 0.715152 1.391201
vt 0.713552 1.390759
vt 0.684427 1.363917
vt 0.685308 1.366609
vt 0.685628 1.372393
vt 0.730561 1.381092
vt 0.732090 1.385822
vt 0.728097 1.382856
vt 0.731439 1.388254
vt 0.725303 1.378547
vt 0.720133 1.285475
vt 0.712557 1.288880
vt 0.712421 1.282954
vt 0.706722 1.291061
vt 0.727531 1.317592
vt 0.716605 1.320614
vt 0.724626 1.310784
vt 0.740594 1.329046
vt 0.727189 1.330462
vt 0.727791 1.322918
vt 0.720136 1.331494
vt 0.716929 1.324976
vt 0.714144 1.332765
vt 0.710668 1.329220
vt 0.744554 1.367543
vt 0.738366 1.372743
vt 0.736742 1.371654
vt 0.735108 1.374641
vt 0.731914 1.373316
vt 0.733585 1.376169
vt 0.729646 1.374287
vt 0.726847 1.378462
vt 0.727230 1.370944
vt 0.724184 1.374018
vt 0.725157 1.370316
vt 0.728839 1.369566
vt 0.741146 1.443388
vt 0.741638 1.448044
vt 0.751262 1.442107
vt 0.751262 1.446538
vt 0.741642 1.448044
vt 0.735053 1.448022
vt 0.737107 1.453926
vt 0.717723 1.349316
vt 0.716038 1.339782
vt 0.725994 1.341392
vt 0.716428 1.337004
vt 0.725943 1.338502
vt 0.717487 1.333747
vt 0.725762 1.332270
vt 0.654409 1.455290
vt 0.652760 1.459844
vt 0.648885 1.459273
vt 0.645743 1.469269
vt 0.644289 1.468693
vt 0.640068 1.474964
vt 0.638590 1.474960
vt 0.632295 1.479886
vt 0.632021 1.479970
vt 0.628064 1.482001
vt 0.627224 1.482505
vt 0.623883 1.483612
vt 0.621580 1.484054
vt 0.620198 1.484414
vt 0.618981 1.484646
vt 0.619652 1.484583
vt 0.643335 1.435428
vt 0.641416 1.437199
vt 0.639778 1.435081
vt 0.633213 1.435428
vt 0.635606 1.438653
vt 0.626253 1.438431
vt 0.627059 1.441484
vt 0.615218 1.440889
vt 0.646770 1.436002
vt 0.651110 1.437690
vt 0.646086 1.437078
vt 0.644120 1.440484
vt 0.637557 1.441569
vt 0.638213 1.444614
vt 0.627470 1.444860
vt 0.628896 1.449155
vt 0.616815 1.444396
vt 0.618360 1.448702
vt 0.608417 1.444080
vt 0.608417 1.448389
vt 0.598475 1.448702
vt 0.598550 1.455104
vt 0.587939 1.449155
vt 0.588408 1.455537
vt 0.578592 1.449778
vt 0.580560 1.456366
vt 0.571737 1.450288
vt 0.574463 1.457485
vt 0.568052 1.450535
vt 0.570937 1.458311
vt 0.644490 1.432667
vt 0.641080 1.432331
vt 0.639329 1.431847
vt 0.634699 1.432006
vt 0.625738 1.435454
vt 0.614881 1.438482
vt 0.608417 1.438329
vt 0.608417 1.440309
vt 0.601616 1.440889
vt 0.600019 1.444396
vt 0.589365 1.444860
vt 0.578620 1.444614
vt 0.570802 1.443919
vt 0.568298 1.443256
vt 0.565232 1.449758
vt 0.567951 1.459273
vt 0.572545 1.468693
vt 0.571092 1.469269
vt 0.576523 1.474927
vt 0.584186 1.479584
vt 0.588771 1.482001
vt 0.588216 1.481735
vt 0.592295 1.483391
vt 0.587862 1.481682
vt 0.593023 1.483537
vt 0.588965 1.480844
vt 0.592557 1.481951
vt 0.593090 1.481078
vt 0.597213 1.482535
vt 0.597465 1.481112
vt 0.603139 1.482070
vt 0.602441 1.480599
vt 0.608417 1.481943
vt 0.605715 1.480426
vt 0.608417 1.480268
vt 0.643394 1.427742
vt 0.650333 1.465983
vt 0.650069 1.467409
vt 0.646045 1.469911
vt 0.649290 1.467828
vt 0.640312 1.474927
vt 0.645911 1.469511
vt 0.651835 1.463870
vt 0.632648 1.479584
vt 0.628619 1.481735
vt 0.624540 1.483391
vt 0.646850 1.469823
vt 0.640216 1.474964
vt 0.632264 1.479818
vt 0.628973 1.481682
vt 0.623813 1.483537
vt 0.617382 1.484931
vt 0.615884 1.484790
vt 0.617421 1.484015
vt 0.612931 1.484947
vt 0.613331 1.484158
vt 0.608417 1.485018
vt 0.608417 1.484295
vt 0.603903 1.484947
vt 0.603504 1.484158
vt 0.600950 1.484790
vt 0.599414 1.484015
vt 0.597853 1.484646
vt 0.595255 1.484054
vt 0.596636 1.484414
vt 0.592952 1.483612
vt 0.596249 1.484285
vt 0.597183 1.484583
vt 0.599452 1.484931
vt 0.598041 1.483902
vt 0.603176 1.485045
vt 0.603512 1.483630
vt 0.608417 1.485011
vt 0.608417 1.483560
vt 0.613658 1.485045
vt 0.613322 1.483630
vt 0.618794 1.483902
vt 0.613694 1.482070
vt 0.619620 1.482535
vt 0.645099 1.450288
vt 0.615232 1.427514
vt 0.615016 1.431475
vt 0.608417 1.427587
vt 0.608417 1.431595
vt 0.601817 1.431475
vt 0.601605 1.435432
vt 0.590391 1.431903
vt 0.591098 1.435454
vt 0.582135 1.432006
vt 0.583621 1.435428
vt 0.577057 1.435081
vt 0.618284 1.455104
vt 0.616404 1.474890
vt 0.617338 1.466635
vt 0.608417 1.466327
vt 0.608417 1.454608
vt 0.555674 1.423094
vt 0.551696 1.423419
vt 0.552054 1.418380
vt 0.554391 1.410588
vt 0.556152 1.402149
vt 0.541674 1.411858
vt 0.539121 1.405824
vt 0.530453 1.410037
vt 0.531210 1.404889
vt 0.518344 1.407245
vt 0.518276 1.403736
vt 0.513640 1.404068
vt 0.513724 1.399077
vt 0.515992 1.398978
vt 0.517518 1.392887
vt 0.519259 1.393061
vt 0.525817 1.392504
vt 0.543796 1.387834
vt 0.541027 1.385965
vt 0.535721 1.387340
vt 0.541395 1.388085
vt 0.539786 1.397568
vt 0.557471 1.379163
vt 0.556346 1.390341
vt 0.578519 1.381007
vt 0.578255 1.396601
vt 0.613736 1.399503
vt 0.641063 1.408563
vt 0.645761 1.415078
vt 0.645696 1.415228
vt 0.655231 1.417771
vt 0.641967 1.411017
vt 0.640657 1.404162
vt 0.629371 1.402853
vt 0.627255 1.398178
vt 0.606369 1.402448
vt 0.606449 1.399290
vt 0.578526 1.409274
vt 0.579021 1.406897
vt 0.559983 1.412868
vt 0.560924 1.411326
vt 0.545885 1.415294
vt 0.546903 1.413907
vt 0.535952 1.414839
vt 0.540462 1.412187
vt 0.529026 1.410407
vt 0.529809 1.409250
vt 0.556789 1.420269
vt 0.566138 1.386465
vt 0.583749 1.374672
vt 0.568142 1.390456
vt 0.584165 1.380026
vt 0.582852 1.383630
vt 0.601389 1.368069
vt 0.602837 1.375210
vt 0.621440 1.378941
vt 0.622302 1.388654
vt 0.627342 1.390986
vt 0.633812 1.390774
vt 0.640031 1.391402
vt 0.646257 1.405012
vt 0.658458 1.413908
vt 0.666089 1.424415
vt 0.548129 1.394759
vt 0.529187 1.398036
vt 0.527146 1.395123
vt 0.526923 1.399638
vt 0.524419 1.398955
vt 0.524296 1.405327
vt 0.543855 1.409616
vt 0.554214 1.404749
vt 0.551730 1.408852
vt 0.562824 1.402475
vt 0.561389 1.409345
vt 0.578556 1.397194
vt 0.579333 1.404340
vt 0.605554 1.388033
vt 0.607253 1.396574
vt 0.622973 1.396233
vt 0.526969 1.406585
vt 0.526129 1.403836
vt 0.529565 1.406269
vt 0.529568 1.403204
vt 0.546085 1.405075
vt 0.529444 1.400245
vt 0.548000 1.401920
vt 0.548501 1.398206
vt 0.716532 1.314538
vt 0.706292 1.324394
vt 0.716506 1.306994
vt 0.707271 1.316360
vt 0.706742 1.335453
vt 0.701639 1.331520
vt 0.708016 1.348134
vt 0.695974 1.333188
vt 0.713520 1.374342
vt 0.719005 1.369719
vt 0.722841 1.371837
vt 0.738004 1.382240
vt 0.731055 1.395082
vt 0.726607 1.411841
vt 0.718470 1.407347
vt 0.719689 1.414363
vt 0.717123 1.414144
vt 0.714827 1.420611
vt 0.701844 1.424327
vt 0.738871 1.396934
vt 0.735114 1.390765
vt 0.740729 1.392583
vt 0.736589 1.387331
vt 0.746061 1.388487
vt 0.734757 1.392794
vt 0.729175 1.386327
vt 0.664829 1.420309
vt 0.670938 1.426273
vt 0.674508 1.430810
vt 0.683756 1.432991
vt 0.682848 1.428468
vt 0.699856 1.435444
vt 0.701185 1.431148
vt 0.715030 1.436560
vt 0.713940 1.429903
vt 0.717249 1.432124
vt 0.719993 1.419357
vt 0.726027 1.423712
vt 0.726786 1.415191
vt 0.736630 1.419160
vt 0.741481 1.412189
vt 0.743554 1.421757
vt 0.735554 1.412290
vt 0.684555 1.423247
vt 0.670135 1.421952
vt 0.664486 1.417676
vt 0.661692 1.409761
vt 0.660804 1.411754
vt 0.657963 1.402371
vt 0.653702 1.403856
vt 0.652544 1.389832
vt 0.646460 1.391060
vt 0.649212 1.369065
vt 0.641382 1.368675
vt 0.650166 1.348809
vt 0.641942 1.355733
vt 0.640604 1.343035
vt 0.743673 1.426434
vt 0.745605 1.434054
vt 0.736780 1.425931
vt 0.737299 1.434971
vt 0.726359 1.435423
vt 0.711593 1.369386
vt 0.713861 1.364466
vt 0.724184 1.374018
vt 0.723014 1.368203
vt 0.725157 1.370316
vt 0.728159 1.367808
vt 0.727610 1.365487
vt 0.735567 1.362700
vt 0.727423 1.350091
vt 0.742178 1.348446
vt 0.677716 1.377278
vt 0.679326 1.380859
vt 0.675735 1.381117
vt 0.677899 1.382941
vt 0.672862 1.384123
vt 0.675993 1.385993
vt 0.671499 1.385836
vt 0.675115 1.387510
vt 0.674817 1.388308
vt 0.670749 1.388304
vt 0.665414 1.388178
vt 0.666113 1.399506
vt 0.661030 1.389388
vt 0.661839 1.399778
vt 0.657038 1.387857
vt 0.701022 1.376133
vt 0.711950 1.378327
vt 0.717457 1.385278
vt 0.718590 1.390996
vt 0.715220 1.399960
vt 0.704363 1.404649
vt 0.689297 1.404154
vt 0.681425 1.400034
vt 0.675924 1.394785
vt 0.676604 1.388648
vt 0.681800 1.384370
vt 0.680774 1.385677
vt 0.713166 1.397127
vt 0.703597 1.399781
vt 0.689870 1.399737
vt 0.683192 1.397121
vt 0.677802 1.393097
vt 0.678633 1.388716
vt 0.677182 1.407717
vt 0.674633 1.411258
vt 0.669597 1.401892
vt 0.668017 1.407179
vt 0.666113 1.399506
vt 0.663913 1.407951
vt 0.687314 1.412725
vt 0.686237 1.416717
vt 0.704165 1.413257
vt 0.704408 1.417343
vt 0.670340 1.415373
vt 0.665804 1.416381
vt 0.656253 1.371418
vt 0.649478 1.321528
vt 0.632715 1.311729
vt 0.611304 1.308051
vt 0.676038 1.457107
vt 0.656958 1.431734
vt 0.664454 1.428014
vt 0.653073 1.419648
vt 0.714437 1.474994
vt 0.703968 1.474351
vt 0.701023 1.465438
vt 0.709338 1.466897
vt 0.718114 1.467651
vt 0.724949 1.475136
vt 0.727280 1.467655
vt 0.735062 1.474837
vt 0.737573 1.466294
vt 0.742504 1.465861
vt 0.624277 1.481951
vt 0.627870 1.480844
vt 0.630607 1.479541
vt 0.640078 1.475140
vt 0.608417 1.481943
vt 0.603139 1.482070
vt 0.597213 1.482535
vt 0.640604 1.343035
vt 0.631435 1.343217
vt 0.612290 1.343279
vt 0.613364 1.344100
vt 0.550512 1.385115
vt 0.549917 1.383883
vt 0.520543 1.396959
vt 0.532145 1.401306
vt 0.567006 1.394843
vt 0.556827 1.393306
vt 0.929772 1.108204
vt 0.931061 1.127874
vt 0.917435 1.091659
vt 0.920118 1.146298
vt 0.893993 1.090838
vt 0.898691 1.158794
vt 0.854822 1.088419
vt 0.857248 1.154630
vt 0.833024 1.100261
vt 0.837749 1.149991
vt 0.824257 1.137592
vt 0.821370 1.115622
vt 0.645138 1.336407
vt 0.637714 1.339202
vt 0.620863 1.322064
vt 0.631269 1.339363
vt 0.603348 1.316441
vt 0.591508 1.328498
vt 0.663035 1.450773
vt 0.620586 1.484285
vt 0.743981 1.473325
vt 0.751262 1.465503
vt 0.751262 1.471612
vt 0.743984 1.473325
vt 0.694068 1.469401
vt 0.682741 1.442469
vt 0.703738 1.449279
vt 0.709922 1.454396
vt 0.724790 1.455868
vt 0.735053 1.448022
vt 0.741638 1.448044
vt 0.751262 1.446538
vt 0.619620 1.482535
vt 0.619370 1.481112
vt 0.613694 1.482070
vt 0.614393 1.480599
vt 0.611120 1.480426
vt 0.623746 1.481078
vt 0.627884 1.480356
vt 0.630580 1.479171
vt 0.639180 1.475409
vt 0.646466 1.469524
vt 0.719349 1.266925
vt 0.731493 1.264475
vt 0.732278 1.269623
vt 0.745476 1.263061
vt 0.746629 1.267602
vt 0.732282 1.269623
vt 0.747562 1.273221
vt 0.733348 1.275578
vt 0.667668 1.286988
vt 0.631610 1.279471
vt 0.689094 1.282359
vt 0.686313 1.276693
vt 0.678767 1.340653
vt 0.648461 1.438533
vt 0.651545 1.440084
vt 0.646033 1.443919
vt 0.638242 1.449778
vt 0.663322 1.373292
vt 0.710907 1.395719
vt 0.703247 1.398012
vt 0.690054 1.397528
vt 0.683637 1.395495
vt 0.679551 1.392379
vt 0.615229 1.435432
vt 0.608417 1.435710
vt 0.601954 1.438482
vt 0.590583 1.438431
vt 0.581228 1.438653
vt 0.575418 1.437199
vt 0.578964 1.435428
vt 0.576213 1.437078
vt 0.578149 1.437690
vt 0.688615 1.320194
vt 0.691582 1.318980
vt 0.692736 1.334349
vt 0.704803 1.348963
vt 0.717748 1.364694
vt 0.712055 1.348496
vt 0.685914 1.300937
vt 0.698240 1.300362
vt 0.704707 1.297626
vt 0.705456 1.306292
vt 0.713804 1.293399
vt 0.715191 1.298831
vt 0.720749 1.290122
vt 0.721804 1.295131
vt 0.734268 1.290827
vt 0.734567 1.298585
vt 0.748494 1.289782
vt 0.749043 1.297910
vt 0.734570 1.298585
vt 0.736028 1.308418
vt 0.722878 1.302693
vt 0.724629 1.310784
vt 0.687731 1.352652
vt 0.700574 1.363223
vt 0.700696 1.366139
vt 0.701112 1.370898
vt 0.686339 1.376919
vt 0.634641 1.354683
vt 0.606839 1.354059
vt 0.631435 1.343217
vt 0.604193 1.345540
vt 0.631905 1.370153
vt 0.644734 1.386296
vt 0.633825 1.354763
vt 0.545686 1.389525
vt 0.553146 1.387822
vt 0.562068 1.378077
vt 0.563899 1.381787
vt 0.583867 1.360195
vt 0.583547 1.367065
vt 0.645097 1.360669
vt 0.521803 1.399899
vt 0.515207 1.408076
vt 0.522613 1.413400
vt 0.530642 1.414994
vt 0.538266 1.416778
vt 0.526220 1.418242
vt 0.536680 1.421909
vt 0.536939 1.422892
vt 0.518321 1.401838
vt 0.531556 1.403112
vt 0.608417 1.474791
vt 0.636336 1.369507
vt 0.641942 1.355733
vt 0.640604 1.343035
vt 0.683709 1.322378
vt 0.686507 1.321222
vt 0.686679 1.337109
vt 0.690287 1.335943
vt 0.695669 1.351068
vt 0.698511 1.350444
vt 0.701243 1.349552
vt 0.654931 1.439011
vt 0.599496 1.466635
vt 0.600431 1.474890
vt 0.527184 1.412210
vt 0.525095 1.409489
vt 0.555882 1.391553
vt 0.750196 1.329092
vt 0.738359 1.332532
vt 0.726146 1.332716
vt 0.720770 1.333223
vt 0.714930 1.333178
vt 0.709227 1.334559
vt 0.708855 1.327392
vt 0.722874 1.302693
vt 0.741111 1.336059
vt 0.750196 1.336180
vt 0.741114 1.336059
vt 0.750196 1.338676
vt 0.750196 1.347902
vt 0.743441 1.373327
vt 0.739820 1.375087
vt 0.743350 1.372774
vt 0.742468 1.371747
vt 0.738938 1.376497
vt 0.740274 1.372900
vt 0.743507 1.369810
vt 0.744764 1.368775
vt 0.744251 1.364143
vt 0.745674 1.368424
vt 0.745521 1.362968
vt 0.751262 1.368208
vt 0.751262 1.361934
vt 0.745525 1.362968
vt 0.744620 1.359218
vt 0.736896 1.365385
vt 0.735570 1.362700
vt 0.728163 1.367808
vt 0.727613 1.365487
vt 0.723018 1.368203
vt 0.717726 1.349316
vt 0.712059 1.348496
vt 0.716042 1.339782
vt 0.706745 1.335453
vt 0.716431 1.337004
vt 0.709231 1.334559
vt 0.717490 1.333747
vt 0.725765 1.332270
vt 0.725947 1.338502
vt 0.741329 1.338955
vt 0.741325 1.338955
vt 0.751262 1.393311
vt 0.751262 1.399565
vt 0.746440 1.393357
vt 0.747148 1.399952
vt 0.606449 1.399290
vt 0.579021 1.406897
vt 0.560924 1.411326
vt 0.651201 1.417899
vt 0.719870 1.446531
vt 0.707634 1.443274
vt 0.692850 1.440847
vt 0.741977 1.452838
vt 0.741888 1.459510
vt 0.736537 1.461235
vt 0.737577 1.466294
vt 0.729125 1.462677
vt 0.727284 1.467655
vt 0.715676 1.462280
vt 0.718118 1.467651
vt 0.706378 1.459074
vt 0.709342 1.466897
vt 0.692927 1.453691
vt 0.701026 1.465438
vt 0.692374 1.461985
vt 0.733345 1.275578
vt 0.711628 1.276758
vt 0.719403 1.273564
vt 0.719977 1.280285
vt 0.733907 1.280637
vt 0.734077 1.285551
vt 0.748066 1.279024
vt 0.748494 1.284793
vt 0.733911 1.280637
vt 0.734080 1.285551
vt 0.719973 1.285421
vt 0.720753 1.290122
vt 0.713808 1.293399
vt 0.721807 1.295131
vt 0.715195 1.298831
vt 0.716510 1.306994
vt 0.707274 1.316360
vt 0.706296 1.324394
vt 0.705460 1.306292
vt 0.700105 1.312048
vt 0.698244 1.300362
vt 0.696427 1.317132
vt 0.734271 1.290827
vt 0.716536 1.314538
vt 0.716609 1.320614
vt 0.708859 1.327392
vt 0.710672 1.329220
vt 0.714148 1.332765
vt 0.714934 1.333178
vt 0.720140 1.331494
vt 0.720774 1.333223
vt 0.727192 1.330462
vt 0.726149 1.332716
vt 0.740597 1.329046
vt 0.738362 1.332532
vt 0.750196 1.332532
vt 0.700101 1.312048
vt 0.696423 1.317132
vt 0.520791 1.414615
vt 0.558776 1.398085
vt 0.738975 1.402196
vt 0.748292 1.406415
vt 0.751262 1.406747
vt 0.748296 1.406415
vt 0.738975 1.402196
vt 0.748292 1.406415
vt 0.748277 1.413400
vt 0.751262 1.422733
vt 0.751262 1.428348
vt 0.751262 1.435495
vt 0.740883 1.440519
vt 0.727739 1.440592
vt 0.717033 1.436711
vt 0.602759 1.362917
vt 0.583749 1.374672
vt 0.566138 1.386465
vt 0.555882 1.391553
vt 0.548129 1.394759
vt 0.532006 1.417034
vt 0.540525 1.419583
vt 0.556789 1.420269
vt 0.558421 1.416688
vt 0.577687 1.415813
vt 0.577889 1.412316
vt 0.606774 1.405684
vt 0.629366 1.409138
vt 0.751262 1.406747
vt 0.751262 1.411749
vt 0.748280 1.413400
vt 0.745091 1.381640
vt 0.739188 1.321727
vt 0.749471 1.321039
vt 0.751262 1.373423
vt 0.743445 1.373327
vt 0.745678 1.368424
vt 0.744768 1.368775
vt 0.744255 1.364143
vt 0.744557 1.367543
vt 0.737437 1.367100
vt 0.739200 1.368362
vt 0.735155 1.370102
vt 0.736745 1.371654
vt 0.728843 1.369566
vt 0.731917 1.373316
vt 0.729650 1.374287
vt 0.735111 1.374641
vt 0.733588 1.376169
vt 0.738941 1.376497
vt 0.738007 1.382240
vt 0.745094 1.381640
vt 0.751262 1.381673
vt 0.751262 1.388742
vt 0.731055 1.395082
vt 0.725303 1.378547
vt 0.709759 1.369941
vt 0.666172 1.384794
vt 0.660771 1.386417
vt 0.662043 1.384038
vt 0.667872 1.383140
vt 0.671558 1.377341
vt 0.746443 1.393357
vt 0.747151 1.399952
vt 0.738978 1.402196
vt 0.739197 1.368362
vt 0.735152 1.370102
vt 0.737433 1.367100
vt 0.738415 1.316386
vt 0.739192 1.321727
vt 0.727535 1.317592
vt 0.727795 1.322918
vt 0.716933 1.324976
vt 0.741149 1.443388
vt 0.729882 1.444303
vt 0.735057 1.448022
vt 0.719873 1.446531
vt 0.731497 1.264475
vt 0.577505 1.431847
vt 0.590246 1.466762
vt 0.582740 1.467230
vt 0.578369 1.467537
vt 0.575270 1.467908
vt 0.683834 1.452892
vt 0.576618 1.474964
vt 0.584571 1.479818
vt 0.576755 1.475140
vt 0.586229 1.479541
vt 0.586255 1.479171
vt 0.588951 1.480356
vt 0.612802 1.334340
vt 0.633828 1.354763
vt 0.631661 1.341787
vt 0.612172 1.353583
vt 0.612294 1.343279
vt 0.603696 1.344274
vt 0.613368 1.344100
vt 0.604197 1.345540
vt 0.606842 1.354059
vt 0.596999 1.350213
vt 0.583550 1.367065
vt 0.583870 1.360195
vt 0.563902 1.381787
vt 0.562071 1.378077
vt 0.553149 1.387822
vt 0.550514 1.385115
vt 0.545688 1.389525
vt 0.543798 1.387834
vt 0.525819 1.392504
vt 0.637718 1.339202
vt 0.640608 1.343035
vt 0.607835 1.409442
vt 0.577689 1.415813
vt 0.574612 1.420252
vt 0.555677 1.423094
vt 0.576570 1.419366
vt 0.551699 1.423419
vt 0.577597 1.413319
vt 0.552057 1.418380
vt 0.578487 1.405360
vt 0.554394 1.410588
vt 0.556154 1.402149
vt 0.541676 1.411858
vt 0.539123 1.405824
vt 0.530455 1.410037
vt 0.531212 1.404889
vt 0.518346 1.407245
vt 0.518278 1.403736
vt 0.513642 1.404068
vt 0.513726 1.399077
vt 0.515994 1.398978
vt 0.517520 1.392887
vt 0.519261 1.393061
vt 0.521952 1.389811
vt 0.527727 1.388606
vt 0.524929 1.387645
vt 0.541029 1.385965
vt 0.525267 1.389301
vt 0.535722 1.387340
vt 0.532140 1.397425
vt 0.541397 1.388085
vt 0.539788 1.397568
vt 0.557474 1.379163
vt 0.556348 1.390341
vt 0.578522 1.381007
vt 0.578258 1.396601
vt 0.613740 1.399503
vt 0.611544 1.407313
vt 0.641067 1.408563
vt 0.607740 1.414450
vt 0.645765 1.415078
vt 0.607623 1.414947
vt 0.645699 1.415228
vt 0.642742 1.412549
vt 0.655235 1.417771
vt 0.641970 1.411017
vt 0.640723 1.404248
vt 0.629374 1.402853
vt 0.627259 1.398178
vt 0.606373 1.402448
vt 0.606452 1.399290
vt 0.578530 1.409274
vt 0.579024 1.406897
vt 0.559986 1.412868
vt 0.560927 1.411326
vt 0.545887 1.415294
vt 0.546905 1.413907
vt 0.535954 1.414839
vt 0.540464 1.412187
vt 0.529029 1.410407
vt 0.529811 1.409250
vt 0.539899 1.421707
vt 0.529286 1.418446
vt 0.527863 1.419544
vt 0.522090 1.414215
vt 0.526222 1.418242
vt 0.520794 1.414615
vt 0.530644 1.414994
vt 0.522616 1.413400
vt 0.522523 1.409227
vt 0.521617 1.404395
vt 0.517899 1.408091
vt 0.516519 1.403825
vt 0.515209 1.408076
vt 0.640608 1.343035
vt 0.645141 1.336407
vt 0.637718 1.339202
vt 0.620866 1.322064
vt 0.612802 1.334340
vt 0.603352 1.316441
vt 0.591512 1.328498
vt 0.640608 1.343035
vt 0.631438 1.343217
vt 0.641946 1.355733
vt 0.634645 1.354683
vt 0.641810 1.369262
vt 0.636353 1.369538
vt 0.646456 1.391151
vt 0.634753 1.253277
vt 0.635287 1.266510
vt 0.673877 1.254834
vt 0.682538 1.267776
vt 0.704105 1.255051
vt 0.578220 1.427613
vt 0.581220 1.432331
vt 0.581581 1.427474
vt 0.685163 1.366377
vt 0.701435 1.363160
vt 0.684371 1.363919
vt 0.687734 1.352652
vt 0.677664 1.356098
vt 0.701296 1.365497
vt 0.710889 1.370084
vt 0.712473 1.369541
vt 0.724188 1.374018
vt 0.727233 1.370944
vt 0.725161 1.370316
vt 0.566914 1.444387
vt 0.570356 1.440979
vt 0.570755 1.440084
vt 0.572715 1.440484
vt 0.579277 1.441569
vt 0.589777 1.441484
vt 0.688658 1.407969
vt 0.687318 1.412725
vt 0.704517 1.408694
vt 0.704169 1.413257
vt 0.716972 1.403216
vt 0.718473 1.407347
vt 0.721281 1.392484
vt 0.725784 1.397918
vt 0.720028 1.384223
vt 0.687318 1.412725
vt 0.686241 1.416717
vt 0.704169 1.413257
vt 0.704411 1.417343
vt 0.718473 1.407347
vt 0.717127 1.414144
vt 0.719692 1.414363
vt 0.714831 1.420611
vt 0.713145 1.387479
vt 0.714327 1.386834
vt 0.709218 1.384720
vt 0.710101 1.382910
vt 0.701755 1.384583
vt 0.701698 1.383118
vt 0.689285 1.384180
vt 0.688422 1.382566
vt 0.682346 1.386154
vt 0.681804 1.384370
vt 0.680778 1.385677
vt 0.656616 1.388116
vt 0.661792 1.399766
vt 0.660961 1.389360
vt 0.666117 1.399506
vt 0.665417 1.388178
vt 0.669600 1.401892
vt 0.670753 1.388306
vt 0.680503 1.402779
vt 0.685529 1.372363
vt 0.675894 1.371875
vt 0.677998 1.377128
vt 0.717752 1.364694
vt 0.708019 1.348134
vt 0.704807 1.348963
vt 0.695977 1.333188
vt 0.692739 1.334349
vt 0.691586 1.318980
vt 0.712561 1.288880
vt 0.704711 1.297626
vt 0.717150 1.255119
vt 0.708483 1.267691
vt 0.686317 1.276693
vt 0.631614 1.279471
vt 0.689097 1.282359
vt 0.667671 1.286988
vt 0.685918 1.300937
vt 0.652796 1.294285
vt 0.673395 1.304674
vt 0.701643 1.331520
vt 0.738370 1.372743
vt 0.743510 1.369810
vt 0.743354 1.372774
vt 0.739823 1.375087
vt 0.725997 1.341392
vt 0.727427 1.350091
vt 0.742181 1.348446
vt 0.751262 1.357095
vt 0.744617 1.359218
vt 0.736892 1.365385
vt 0.582489 1.436002
vt 0.579569 1.427533
vt 0.584770 1.432667
vt 0.585866 1.427742
vt 0.570924 1.469511
vt 0.569985 1.469823
vt 0.566501 1.465983
vt 0.570790 1.469911
vt 0.566766 1.467409
vt 0.567546 1.467828
vt 0.565001 1.463870
vt 0.564074 1.459844
vt 0.588673 1.427626
vt 0.601601 1.427514
vt 0.556792 1.420269
vt 0.536941 1.422892
vt 0.536681 1.421909
vt 0.538268 1.416778
vt 0.583753 1.374672
vt 0.584169 1.380026
vt 0.602762 1.362917
vt 0.601393 1.368069
vt 0.623303 1.369605
vt 0.621443 1.378941
vt 0.627494 1.378964
vt 0.529189 1.398036
vt 0.548131 1.394759
vt 0.527148 1.395123
vt 0.622325 1.388655
vt 0.602841 1.375210
vt 0.605558 1.388033
vt 0.582856 1.383630
vt 0.578559 1.397194
vt 0.567010 1.394843
vt 0.562827 1.402475
vt 0.558779 1.398085
vt 0.554217 1.404749
vt 0.622976 1.396233
vt 0.607257 1.396574
vt 0.579337 1.404340
vt 0.561392 1.409345
vt 0.551732 1.408852
vt 0.543857 1.409616
vt 0.526925 1.399638
vt 0.524421 1.398955
vt 0.524298 1.405327
vt 0.526131 1.403836
vt 0.529567 1.406269
vt 0.529571 1.403204
vt 0.546087 1.405075
vt 0.529446 1.400245
vt 0.548003 1.401920
vt 0.548503 1.398206
vt 0.526971 1.406585
vt 0.717253 1.432124
vt 0.726362 1.435423
vt 0.726031 1.423712
vt 0.737302 1.434971
vt 0.736783 1.425931
vt 0.745609 1.434054
vt 0.743676 1.426434
vt 0.737111 1.453926
vt 0.713555 1.390759
vt 0.715155 1.391201
vt 0.710911 1.395719
vt 0.713170 1.397127
vt 0.703251 1.398012
vt 0.703600 1.399781
vt 0.690058 1.397528
vt 0.689874 1.399737
vt 0.683640 1.395495
vt 0.683196 1.397121
vt 0.679555 1.392379
vt 0.677805 1.393097
vt 0.678636 1.388716
vt 0.731058 1.395082
vt 0.727195 1.385704
vt 0.722339 1.384101
vt 0.719592 1.373727
vt 0.714151 1.374300
vt 0.719010 1.369720
vt 0.714157 1.364732
vt 0.695673 1.351068
vt 0.678771 1.340653
vt 0.664833 1.420309
vt 0.674512 1.430810
vt 0.670942 1.426273
vt 0.683759 1.432991
vt 0.682852 1.428468
vt 0.699859 1.435444
vt 0.701189 1.431148
vt 0.715034 1.436560
vt 0.713944 1.429903
vt 0.719996 1.419357
vt 0.726790 1.415191
vt 0.736633 1.419160
vt 0.727742 1.440592
vt 0.717036 1.436711
vt 0.717001 1.440050
vt 0.713805 1.439583
vt 0.740886 1.440519
vt 0.707637 1.443274
vt 0.700943 1.439120
vt 0.692854 1.440847
vt 0.686802 1.437069
vt 0.680761 1.436497
vt 0.724188 1.374018
vt 0.725161 1.370316
vt 0.679513 1.380803
vt 0.675644 1.380958
vt 0.677916 1.382976
vt 0.672849 1.384134
vt 0.675997 1.385993
vt 0.686427 1.376953
vt 0.676608 1.388648
vt 0.674821 1.388308
vt 0.675927 1.394785
vt 0.674522 1.397073
vt 0.681429 1.400034
vt 0.689301 1.404154
vt 0.704367 1.404649
vt 0.715224 1.399960
vt 0.718594 1.390996
vt 0.717460 1.385278
vt 0.711970 1.378312
vt 0.701221 1.375826
vt 0.701229 1.370715
vt 0.671538 1.377334
vt 0.667877 1.383142
vt 0.670332 1.376285
vt 0.662846 1.373402
vt 0.667878 1.362215
vt 0.656950 1.356272
vt 0.667622 1.347120
vt 0.671716 1.327765
vt 0.686683 1.337109
vt 0.683713 1.322378
vt 0.690291 1.335943
vt 0.686510 1.321222
vt 0.688619 1.320194
vt 0.706726 1.291061
vt 0.712424 1.282954
vt 0.719981 1.280285
vt 0.708480 1.267691
vt 0.682535 1.267776
vt 0.635283 1.266510
vt 0.677185 1.407717
vt 0.674636 1.411258
vt 0.684559 1.423247
vt 0.670344 1.415373
vt 0.670139 1.421952
vt 0.665808 1.416381
vt 0.664490 1.417676
vt 0.663917 1.407951
vt 0.661702 1.409772
vt 0.657941 1.402300
vt 0.652485 1.389921
vt 0.655511 1.370701
vt 0.648922 1.368812
vt 0.649988 1.348477
vt 0.660641 1.335635
vt 0.660036 1.311153
vt 0.641747 1.302162
vt 0.620587 1.297785
vt 0.626482 1.290076
vt 0.676042 1.457107
vt 0.664458 1.428014
vt 0.656962 1.431734
vt 0.653076 1.419648
vt 0.592059 1.482630
vt 0.589611 1.482505
vt 0.714440 1.474994
vt 0.701026 1.465438
vt 0.703972 1.474351
vt 0.596931 1.482859
vt 0.555885 1.391553
vt 0.525097 1.409489
vt 0.527186 1.412210
vt 0.631438 1.343217
vt 0.583870 1.360195
vt 0.583864 1.356693
vt 0.593368 1.350048
vt 0.596857 1.358277
vt 0.605188 1.354841
vt 0.608351 1.370961
vt 0.612289 1.370256
vt 0.614226 1.388721
vt 0.636945 1.387002
vt 0.638904 1.400402
vt 0.646964 1.403118
vt 0.650568 1.411942
vt 0.562071 1.378077
vt 0.561690 1.376153
vt 0.581411 1.364828
vt 0.605002 1.373084
vt 0.549920 1.383883
vt 0.521016 1.389406
vt 0.523339 1.392256
vt 0.532147 1.401306
vt 0.531558 1.403112
vt 0.632790 1.369983
vt 0.628258 1.366527
vt 0.627305 1.391219
vt 0.568145 1.390456
vt 0.556829 1.393306
vt 0.933485 1.115622
vt 0.930459 1.137592
vt 0.921270 1.100261
vt 0.916318 1.149991
vt 0.895881 1.154630
vt 0.898423 1.088419
vt 0.852442 1.158794
vt 0.857366 1.090838
vt 0.829983 1.146298
vt 0.832796 1.091659
vt 0.818513 1.127874
vt 0.819864 1.108204
vt 0.649482 1.321528
vt 0.632719 1.311729
vt 0.611308 1.308051
vt 0.641946 1.355733
vt 0.653574 1.403678
vt 0.660735 1.411767
vt 0.701848 1.424327
vt 0.726611 1.411841
vt 0.735557 1.412290
vt 0.743557 1.421757
vt 0.741484 1.412189
vt 0.742507 1.465861
vt 0.737577 1.466294
vt 0.735066 1.474837
vt 0.727284 1.467655
vt 0.724952 1.475136
vt 0.718118 1.467651
vt 0.709342 1.466897
vt 0.719353 1.266925
vt 0.711632 1.276758
vt 0.719407 1.273564
vt 0.574328 1.439011
vt 0.573839 1.438533
vt 0.661970 1.384007
vt 0.660752 1.386477
vt 0.666175 1.384794
vt 0.671503 1.385837
vt 0.675119 1.387510
vt 0.677185 1.407717
vt 0.698515 1.350444
vt 0.518323 1.401838
vt 0.520545 1.396959
vt 0.521805 1.399899
vt 0.570370 1.469524
vt 0.577654 1.475409
vt 0.562428 1.455290
vt 0.561520 1.450773
vt 0.730950 1.253132
vt 0.644738 1.386296
vt 0.631909 1.370153
vt 0.645101 1.360669
vt 0.638613 1.427613
vt 0.640718 1.427474
vt 0.524736 1.413738
vt 0.746064 1.388487
vt 0.740732 1.392583
vt 0.738874 1.396934
vt 0.734760 1.392794
vt 0.731058 1.395082
vt 0.729178 1.386327
vt 0.725306 1.378547
vt 0.723030 1.375008
vt 0.722845 1.371837
vt 0.701246 1.349552
vt 0.666117 1.399506
vt 0.668021 1.407179
vt 0.669600 1.401892
vt 0.633982 1.390581
vt 0.606452 1.399290
vt 0.579024 1.406897
vt 0.560927 1.411326
vt 0.692854 1.440847
vt 0.682745 1.442469
vt 0.666225 1.424453
vt 0.651204 1.417899
vt 0.703742 1.449279
vt 0.707637 1.443274
vt 0.709926 1.454396
vt 0.719873 1.446531
vt 0.724793 1.455868
vt 0.735057 1.448022
vt 0.741642 1.448044
vt 0.694072 1.469401
vt 0.745476 1.253150
vt 0.730946 1.253132
vt 0.717146 1.255119
vt 0.704101 1.255051
vt 0.673874 1.254834
vt 0.634750 1.253277
vt 0.566142 1.386465
vt 0.532008 1.417034
vt 0.540527 1.419583
vt 0.558424 1.416688
vt 0.577892 1.412316
vt 0.606777 1.405684
vt 0.629369 1.409138
vt 0.577689 1.415813
vt 0.556792 1.420269
vt 0.548131 1.394759
vt 0.555885 1.391553
vt 0.566142 1.386465
vt 0.583753 1.374672
vt 0.602762 1.362917
vt 0.640501 1.390093
vt 0.647116 1.404217
vt 0.658085 1.414126
vt 0.748296 1.406415
vt 0.738978 1.402196
vt 0.736592 1.387331
vt 0.732093 1.385822
vt 0.730564 1.381092
vt 0.728100 1.382856
vt 0.726850 1.378462
vt 0.735117 1.390765
vt 0.731443 1.388254
vt 0.725306 1.378547
vt 0.740277 1.372900
vt 0.742471 1.371747
vt 0.674407 1.369432
vt 0.529809 1.576841
vt 0.574960 1.568112
vt 0.539706 1.615033
vt 0.582657 1.605857
vt 0.665307 1.554084
vt 0.669686 1.593113
vt 0.620112 1.559383
vt 0.626058 1.598198
vt 0.574960 1.568112
vt 0.582657 1.605857
vt 0.846194 1.554084
vt 0.841855 1.593112
vt 0.800946 1.548784
vt 0.798993 1.590093
vt 0.755724 1.548784
vt 0.755745 1.589100
vt 0.710503 1.548784
vt 0.712500 1.590093
vt 0.665307 1.554084
vt 0.669686 1.593113
vt 0.936733 1.568112
vt 0.885536 1.598198
vt 0.891442 1.559383
vt 0.841855 1.593112
vt 0.846194 1.554084
vt 0.929077 1.605856
vt 0.556676 1.695276
vt 0.549603 1.653224
vt 0.590804 1.645119
vt 0.539706 1.615033
vt 0.582657 1.605857
vt 0.597332 1.688827
vt 0.571726 1.777140
vt 0.563750 1.737327
vt 0.602133 1.734209
vt 0.556676 1.695276
vt 0.597332 1.688827
vt 0.608941 1.774896
vt 0.902970 1.774894
vt 0.866469 1.774023
vt 0.909738 1.734209
vt 0.871220 1.731092
vt 0.875425 1.684053
vt 0.832745 1.728910
vt 0.835490 1.680782
vt 0.794270 1.726727
vt 0.795654 1.679065
vt 0.755819 1.726727
vt 0.755793 1.678272
vt 0.717368 1.726727
vt 0.715933 1.679065
vt 0.678942 1.728910
vt 0.676145 1.680783
vt 0.640516 1.731092
vt 0.636260 1.684053
vt 0.602133 1.734209
vt 0.597332 1.688827
vt 0.634790 1.896845
vt 0.613795 1.879187
vt 0.638488 1.879187
vt 0.596749 1.848070
vt 0.625202 1.846075
vt 0.651970 1.895437
vt 0.838836 1.896846
vt 0.873641 1.879187
vt 0.860250 1.895436
vt 0.886841 1.846067
vt 0.855284 1.848070
vt 0.897053 1.816953
vt 0.861719 1.816953
vt 0.866469 1.774023
vt 0.826427 1.816953
vt 0.829229 1.772051
vt 0.826427 1.816953
vt 0.821774 1.847360
vt 0.791136 1.816953
vt 0.787784 1.848070
vt 0.755867 1.816953
vt 0.755914 1.846371
vt 0.720598 1.816953
vt 0.724051 1.848070
vt 0.596749 1.848070
vt 0.579703 1.816953
vt 0.614906 1.816953
vt 0.571726 1.777140
vt 0.608941 1.774896
vt 0.625202 1.846075
vt 0.856613 1.914504
vt 0.760877 1.920829
vt 0.828823 1.914504
vt 0.807860 1.919075
vt 0.782998 1.908074
vt 0.780287 1.919075
vt 0.729101 1.908074
vt 0.731548 1.919075
vt 0.683400 1.914504
vt 0.703975 1.919075
vt 0.655785 1.914504
vt 0.750958 1.920829
vt 0.805911 1.911289
vt 0.756049 1.908074
vt 0.669592 1.914504
vt 0.634790 1.896845
vt 0.651970 1.895437
vt 0.582657 1.605857
vt 0.626058 1.598198
vt 0.590804 1.645119
vt 0.632005 1.637014
vt 0.636260 1.684053
vt 0.673251 1.634208
vt 0.714497 1.631402
vt 0.755768 1.631402
vt 0.797040 1.631402
vt 0.838335 1.634208
vt 0.879631 1.637014
vt 0.875425 1.684053
vt 0.920972 1.645119
vt 0.914485 1.688824
vt 0.669686 1.593113
vt 0.841855 1.593112
vt 0.885536 1.598198
vt 0.929077 1.605856
vt 0.972169 1.615033
vt 0.962313 1.653224
vt 0.920972 1.645119
vt 0.955285 1.695276
vt 0.914485 1.688824
vt 0.929077 1.605856
vt 0.982026 1.576841
vt 0.972169 1.615033
vt 0.936733 1.568112
vt 0.929077 1.605856
vt 0.597332 1.688827
vt 0.914485 1.688824
vt 0.955285 1.695276
vt 0.948256 1.737327
vt 0.909738 1.734209
vt 0.940322 1.777140
vt 0.902970 1.774894
vt 0.914485 1.688824
vt 0.608941 1.774896
vt 0.645312 1.774023
vt 0.614906 1.816953
vt 0.650109 1.816953
vt 0.656645 1.848070
vt 0.685354 1.816953
vt 0.690107 1.847359
vt 0.608941 1.774896
vt 0.645312 1.774023
vt 0.682502 1.772052
vt 0.718983 1.771840
vt 0.755842 1.770936
vt 0.792703 1.771840
vt 0.829229 1.772051
vt 0.682502 1.772052
vt 0.682502 1.772052
vt 0.685354 1.816953
vt 0.690107 1.847359
vt 0.695342 1.879187
vt 0.727504 1.879187
vt 0.728303 1.893630
vt 0.755968 1.879187
vt 0.756011 1.893391
vt 0.784432 1.879187
vt 0.783715 1.893630
vt 0.816640 1.879187
vt 0.813524 1.894238
vt 0.829229 1.772051
vt 0.902970 1.774894
vt 0.940322 1.777140
vt 0.932387 1.816953
vt 0.897053 1.816953
vt 0.915411 1.848070
vt 0.886841 1.846067
vt 0.902970 1.774894
vt 0.638488 1.879187
vt 0.673290 1.896846
vt 0.651970 1.895437
vt 0.706250 1.911289
vt 0.673290 1.896846
vt 0.698544 1.894243
vt 0.728303 1.893630
vt 0.698544 1.894243
vt 0.698544 1.894243
vt 0.813524 1.894238
vt 0.783715 1.893630
vt 0.651970 1.895437
vt 0.813524 1.894238
vt 0.816640 1.879187
vt 0.848848 1.879187
vt 0.855284 1.848070
vt 0.886841 1.846067
vt 0.842718 1.914504
vt 0.838836 1.896846
vt 0.860250 1.895436
vt 0.877523 1.896845
vt 0.813524 1.894238
vt 0.860250 1.895436
vt 0.915411 1.848070
vt 0.898434 1.879187
vt 0.873641 1.879187
vt 0.877523 1.896845
vt 0.860250 1.895436
vt 0.886841 1.846067
vt 0.821774 1.847360
vt 0.821774 1.847360
vt 0.821774 1.847360
vt 0.663181 1.879187
vt 0.656645 1.848070
vt 0.695342 1.879187
vt 0.625202 1.846075
vt 0.698544 1.894243
vt 0.625202 1.846075
vt 0.833407 1.423279
vt 0.833426 1.428454
vt 0.833407 1.423279
vt 0.833407 1.423279
vt 0.833172 1.422555
vt 0.833172 1.422555
vt 0.832606 1.422256
vt 0.832606 1.422256
vt 0.833172 1.422555
vt 0.832606 1.422256
vt 0.832606 1.422256
vt 0.818266 1.422256
vt 0.818266 1.422256
vt 0.803004 1.422256
vt 0.803004 1.422256
vt 0.787741 1.422256
vt 0.787741 1.422256
vt 0.773401 1.422256
vt 0.773401 1.422256
vt 0.772835 1.422555
vt 0.772835 1.422555
vt 0.772600 1.423279
vt 0.772600 1.423279
vt 0.772587 1.428454
vt 0.772600 1.423279
vt 0.772587 1.428454
vt 0.772600 1.423279
vt 0.772600 1.423279
vt 0.772835 1.422555
vt 0.772835 1.422555
vt 0.773401 1.422256
vt 0.773401 1.422256
vt 0.787741 1.422256
vt 0.787741 1.422256
vt 0.803004 1.422256
vt 0.803004 1.422256
vt 0.818266 1.422256
vt 0.818266 1.422256
vt 0.832606 1.422256
vt 0.832606 1.422256
vt 0.833172 1.422555
vt 0.833172 1.422555
vt 0.833407 1.423279
vt 0.833407 1.423279
vt 0.833426 1.428454
vt 0.833426 1.428454
vt 0.832510 1.435007
vt 0.832509 1.435007
vt 0.831561 1.441789
vt 0.831561 1.441789
vt 0.830616 1.448541
vt 0.830616 1.448541
vt 0.829669 1.455314
vt 0.829669 1.455314
vt 0.828725 1.462065
vt 0.828725 1.462065
vt 0.827778 1.468838
vt 0.827777 1.468838
vt 0.826833 1.475588
vt 0.826833 1.475588
vt 0.825616 1.482701
vt 0.825616 1.482701
vt 0.824750 1.484124
vt 0.824750 1.484124
vt 0.823773 1.484714
vt 0.823773 1.484714
vt 0.832606 1.422256
vt 0.832509 1.435007
vt 0.831561 1.441789
vt 0.830616 1.448541
vt 0.829669 1.455314
vt 0.828725 1.462065
vt 0.827777 1.468838
vt 0.826833 1.475588
vt 0.825616 1.482701
vt 0.824750 1.484124
vt 0.823773 1.484714
vt 0.832606 1.422256
vt 0.832606 1.422256
vt 0.818266 1.422256
vt 0.803004 1.422256
vt 0.787741 1.422256
vt 0.773401 1.422256
vt 0.773401 1.422256
vt 0.832606 1.422256
vt 0.773401 1.422256
vt 0.772835 1.422555
vt 0.773401 1.422256
vt 0.773401 1.422256
vt 0.773401 1.422256
vt 0.772587 1.428454
vt 0.773510 1.435007
vt 0.773510 1.435007
vt 0.774466 1.441789
vt 0.774466 1.441789
vt 0.775418 1.448541
vt 0.775418 1.448541
vt 0.776372 1.455314
vt 0.776372 1.455314
vt 0.777324 1.462065
vt 0.777324 1.462065
vt 0.778279 1.468838
vt 0.778279 1.468838
vt 0.779230 1.475588
vt 0.779230 1.475588
vt 0.780456 1.482701
vt 0.780456 1.482701
vt 0.781322 1.484124
vt 0.781322 1.484124
vt 0.782299 1.484714
vt 0.782299 1.484714
vt 0.773510 1.435007
vt 0.774466 1.441789
vt 0.775418 1.448541
vt 0.776372 1.455314
vt 0.777324 1.462065
vt 0.778279 1.468838
vt 0.779230 1.475588
vt 0.780456 1.482701
vt 0.781322 1.484124
vt 0.782299 1.484714
vt 0.478185 1.463917
vt 0.480952 1.464478
vt 0.480555 1.466066
vt 0.483282 1.465453
vt 0.482886 1.466961
vt 0.484492 1.466805
vt 0.484144 1.468069
vt 0.484254 1.468168
vt 0.483974 1.469185
vt 0.482645 1.469177
vt 0.482433 1.470001
vt 0.480138 1.469288
vt 0.479977 1.469977
vt 0.477363 1.468701
vt 0.477239 1.469373
vt 0.474737 1.468415
vt 0.474410 1.469588
vt 0.473466 1.467906
vt 0.474039 1.470679
vt 0.473209 1.469061
vt 0.475713 1.463919
vt 0.477831 1.465462
vt 0.477296 1.467387
vt 0.479870 1.468116
vt 0.479034 1.470442
vt 0.482165 1.468926
vt 0.475419 1.465280
vt 0.475043 1.466811
vt 0.473946 1.465787
vt 0.474425 1.468277
vt 0.476545 1.469562
vt 0.473318 1.468327
vt 0.473709 1.467056
vt 0.473675 1.466797
vt 0.474880 1.467643
vt 0.475826 1.462546
vt 0.474206 1.463674
vt 0.475536 1.456440
vt 0.473940 1.465252
vt 0.475167 1.458614
vt 0.476285 1.460788
vt 0.478589 1.462380
vt 0.475022 1.467160
vt 0.473807 1.465880
vt 0.474174 1.464594
vt 0.478401 1.462476
vt 0.481275 1.463059
vt 0.483678 1.464137
vt 0.484839 1.465829
vt 0.484534 1.467440
vt 0.482856 1.468641
vt 0.480300 1.468887
vt 0.477487 1.468317
vt 0.484137 1.462380
vt 0.485893 1.460788
vt 0.486262 1.458614
vt 0.485144 1.456440
vt 0.482839 1.454849
vt 0.479965 1.454266
vt 0.483412 1.469884
vt 0.483255 1.470871
vt 0.481767 1.471597
vt 0.479370 1.471534
vt 0.476786 1.470816
vt 0.476100 1.472569
vt 0.478588 1.473448
vt 0.481065 1.473524
vt 0.482493 1.472844
vt 0.482660 1.471983
vt 0.481430 1.471122
vt 0.322714 1.961882
vt 0.407571 1.961882
vt 0.324972 1.951966
vt 0.412299 1.951966
vt 0.330572 1.902427
vt 0.421595 1.902427
vt 0.334997 1.855411
vt 0.428823 1.855411
vt 0.339438 1.808236
vt 0.436076 1.808236
vt 0.343864 1.761214
vt 0.443305 1.761214
vt 0.348304 1.714043
vt 0.450557 1.714043
vt 0.352730 1.667016
vt 0.457786 1.667016
vt 0.357177 1.619776
vt 0.465049 1.619776
vt 0.361473 1.574137
vt 0.472066 1.574137
vt 0.362019 1.538090
vt 0.472060 1.538090
vt 0.362019 1.533051
vt 0.472060 1.533051
vt 0.167105 1.961882
vt 0.244909 1.961882
vt 0.164833 1.951966
vt 0.244902 1.951966
vt 0.159231 1.902427
vt 0.244901 1.902427
vt 0.154805 1.855411
vt 0.244901 1.855411
vt 0.150364 1.808236
vt 0.244901 1.808236
vt 0.145938 1.761214
vt 0.244901 1.761214
vt 0.141498 1.714043
vt 0.244901 1.714043
vt 0.137072 1.667016
vt 0.244901 1.667016
vt 0.132625 1.619776
vt 0.244901 1.619776
vt 0.128329 1.574137
vt 0.244901 1.574137
vt 0.127783 1.538090
vt 0.244901 1.538090
vt 0.127783 1.533051
vt 0.244901 1.533051
vt 0.082728 1.961882
vt 0.078000 1.951966
vt 0.068638 1.902427
vt 0.061354 1.855411
vt 0.054046 1.808236
vt 0.046761 1.761214
vt 0.039454 1.714043
vt 0.032168 1.667016
vt 0.024850 1.619776
vt 0.017779 1.574137
vt 0.017742 1.538090
vt 0.017742 1.533051
vt 0.078521 1.961882
vt 0.086019 1.965989
vt 0.079753 1.961882
vt 0.073670 1.951966
vt 0.064276 1.902427
vt 0.056980 1.855411
vt 0.049660 1.808236
vt 0.042363 1.761214
vt 0.035043 1.714043
vt 0.027746 1.667016
vt 0.020415 1.619776
vt 0.013333 1.574137
vt 0.013395 1.538090
vt 0.014669 1.533051
vt 0.017742 1.530964
vt 0.127783 1.530964
vt 0.244901 1.530964
vt 0.362019 1.530964
vt 0.472060 1.530964
vt 0.475134 1.533051
vt 0.476407 1.533051
vt 0.476407 1.538090
vt 0.478208 1.538090
vt 0.476512 1.574137
vt 0.478354 1.574137
vt 0.469484 1.619776
vt 0.471321 1.619776
vt 0.462209 1.667016
vt 0.464041 1.667016
vt 0.454967 1.714043
vt 0.456794 1.714043
vt 0.447703 1.761214
vt 0.449525 1.761214
vt 0.440462 1.808236
vt 0.442278 1.808236
vt 0.433197 1.855411
vt 0.435009 1.855411
vt 0.425957 1.902427
vt 0.427763 1.902427
vt 0.416628 1.951966
vt 0.418422 1.951966
vt 0.410546 1.961882
vt 0.411778 1.961882
vt 0.404280 1.965989
vt 0.071877 1.951966
vt 0.062469 1.902427
vt 0.055168 1.855411
vt 0.047843 1.808236
vt 0.040541 1.761214
vt 0.033216 1.714043
vt 0.025914 1.667016
vt 0.018578 1.619776
vt 0.011491 1.574137
vt 0.011594 1.538090
vt 0.013395 1.533051
vt 0.321142 1.965989
vt 0.244914 1.965989
vt 0.168686 1.965989
vt 0.475694 1.029839
vt 0.480045 1.031947
vt 0.478770 1.031947
vt 0.481846 1.037038
vt 0.480045 1.037038
vt 0.481992 1.073461
vt 0.480150 1.073461
vt 0.474955 1.119576
vt 0.473116 1.119576
vt 0.467669 1.167308
vt 0.465836 1.167308
vt 0.460417 1.214825
vt 0.458589 1.214825
vt 0.453143 1.262487
vt 0.451320 1.262487
vt 0.445892 1.309999
vt 0.444074 1.309999
vt 0.438617 1.357665
vt 0.436804 1.357665
vt 0.431367 1.405171
vt 0.429559 1.405171
vt 0.422019 1.455226
vt 0.420224 1.455226
vt 0.415370 1.465246
vt 0.414137 1.465246
vt 0.407867 1.469396
vt 0.411160 1.465246
vt 0.324671 1.469396
vt 0.326244 1.465246
vt 0.248390 1.469396
vt 0.248385 1.465246
vt 0.172109 1.469396
vt 0.170527 1.465246
vt 0.089384 1.469396
vt 0.086092 1.465246
vt 0.083115 1.465246
vt 0.081360 1.455226
vt 0.077027 1.455226
vt 0.071991 1.405171
vt 0.067626 1.405171
vt 0.064703 1.357665
vt 0.060326 1.357665
vt 0.057389 1.309999
vt 0.053000 1.309999
vt 0.050099 1.262487
vt 0.045698 1.262487
vt 0.042787 1.214825
vt 0.038373 1.214825
vt 0.035496 1.167308
vt 0.031071 1.167308
vt 0.028173 1.119576
vt 0.023735 1.119576
vt 0.021098 1.073461
vt 0.016648 1.073461
vt 0.021060 1.037038
vt 0.016710 1.037038
vt 0.021060 1.031947
vt 0.017984 1.031947
vt 0.021060 1.029839
vt 0.016710 1.031947
vt 0.365577 1.031947
vt 0.475694 1.031947
vt 0.365577 1.037038
vt 0.475694 1.037038
vt 0.365030 1.073461
vt 0.475700 1.073461
vt 0.360731 1.119576
vt 0.468678 1.119576
vt 0.356281 1.167308
vt 0.461411 1.167308
vt 0.351852 1.214825
vt 0.454176 1.214825
vt 0.347409 1.262487
vt 0.446919 1.262487
vt 0.342979 1.309999
vt 0.439685 1.309999
vt 0.338536 1.357665
vt 0.432427 1.357665
vt 0.334107 1.405171
vt 0.425194 1.405171
vt 0.328504 1.455226
vt 0.415891 1.455226
vt 0.248377 1.031947
vt 0.248377 1.037038
vt 0.248377 1.073461
vt 0.248377 1.119576
vt 0.248377 1.167308
vt 0.248377 1.214825
vt 0.248377 1.262487
vt 0.248377 1.309999
vt 0.248377 1.357665
vt 0.248377 1.405171
vt 0.248378 1.455226
vt 0.131178 1.031947
vt 0.131178 1.037038
vt 0.131724 1.073461
vt 0.136023 1.119576
vt 0.140473 1.167308
vt 0.144902 1.214825
vt 0.149346 1.262487
vt 0.153775 1.309999
vt 0.158218 1.357665
vt 0.162647 1.405171
vt 0.168253 1.455226
vt 0.014908 1.037038
vt 0.014805 1.073461
vt 0.021897 1.119576
vt 0.029238 1.167308
vt 0.036545 1.214825
vt 0.043875 1.262487
vt 0.051182 1.309999
vt 0.058513 1.357665
vt 0.065819 1.405171
vt 0.075233 1.455226
vt 0.081881 1.465246
vt 0.365577 1.029839
vt 0.248377 1.029839
vt 0.131178 1.029839
vt 0.823773 1.484714
vt 0.823773 1.484714
vt 0.812939 1.484714
vt 0.812939 1.484714
vt 0.803005 1.484714
vt 0.803005 1.484714
vt 0.793072 1.484714
vt 0.793072 1.484714
vt 0.782299 1.484714
vt 0.782299 1.484714
vt 0.823773 1.484714
vt 0.812939 1.484714
vt 0.803005 1.484714
vt 0.793072 1.484714
vt 0.782299 1.484714
vt 0.424426 1.454849
vt 0.422121 1.456440
vt 0.426551 1.458614
vt 0.421003 1.458614
vt 0.421372 1.460788
vt 0.431729 1.456440
vt 0.429973 1.454849
vt 0.427300 1.454266
vt 0.428676 1.462380
vt 0.430980 1.460788
vt 0.432098 1.458614
vt 0.423128 1.462380
vt 0.425801 1.462962
vt 0.421003 1.458614
vt 0.422121 1.456440
vt 0.423587 1.464137
vt 0.424426 1.454849
vt 0.425990 1.463059
vt 0.427300 1.454266
vt 0.428864 1.462476
vt 0.429973 1.454849
vt 0.431439 1.462546
vt 0.431729 1.456440
vt 0.433059 1.463674
vt 0.432098 1.458614
vt 0.433325 1.465252
vt 0.430980 1.460788
vt 0.432243 1.467160
vt 0.428676 1.462380
vt 0.429778 1.468317
vt 0.425801 1.462962
vt 0.426965 1.468887
vt 0.423128 1.462380
vt 0.424408 1.468641
vt 0.421372 1.460788
vt 0.422731 1.467440
vt 0.422425 1.465829
vt 0.475536 1.456440
vt 0.475826 1.462546
vt 0.477292 1.454849
vt 0.479965 1.454266
vt 0.478401 1.462476
vt 0.485144 1.456440
vt 0.482839 1.454849
vt 0.480714 1.458614
vt 0.479965 1.454266
vt 0.477292 1.454849
vt 0.484137 1.462380
vt 0.485893 1.460788
vt 0.486262 1.458614
vt 0.476285 1.460788
vt 0.478589 1.462380
vt 0.481463 1.462962
vt 0.475536 1.456440
vt 0.475167 1.458614
vt 0.478589 1.462380
vt 0.477487 1.468317
vt 0.481463 1.462962
vt 0.480300 1.468887
vt 0.484137 1.462380
vt 0.468603 1.476280
vt 0.468892 1.476280
vt 0.466206 1.477775
vt 0.466816 1.477775
vt 0.464538 1.480841
vt 0.465372 1.480841
vt 0.464538 1.484381
vt 0.465372 1.484381
vt 0.466206 1.487447
vt 0.466816 1.487447
vt 0.468449 1.488972
vt 0.468759 1.488972
vt 0.470762 1.489450
vt 0.469683 1.476280
vt 0.468892 1.476280
vt 0.468484 1.477775
vt 0.466816 1.477775
vt 0.467650 1.480841
vt 0.465372 1.480841
vt 0.471690 1.477775
vt 0.471943 1.476280
vt 0.472028 1.475772
vt 0.482493 1.472844
vt 0.481065 1.473524
vt 0.479427 1.477143
vt 0.478588 1.473448
vt 0.477017 1.477092
vt 0.476100 1.472569
vt 0.474913 1.475916
vt 0.474039 1.470679
vt 0.473270 1.473045
vt 0.473209 1.469061
vt 0.472815 1.471298
vt 0.473318 1.468327
vt 0.472860 1.470978
vt 0.474425 1.468277
vt 0.473643 1.471245
vt 0.476545 1.469562
vt 0.475210 1.473912
vt 0.477314 1.475088
vt 0.475594 1.479734
vt 0.479670 1.475542
vt 0.477911 1.479961
vt 0.478729 1.480248
vt 0.476152 1.484381
vt 0.477152 1.484381
vt 0.475318 1.487447
vt 0.474708 1.487447
vt 0.473075 1.488972
vt 0.472765 1.488972
vt 0.471918 1.488972
vt 0.470762 1.488972
vt 0.473040 1.487447
vt 0.470762 1.487447
vt 0.473874 1.484381
vt 0.470762 1.484381
vt 0.472540 1.482611
vt 0.480657 1.476690
vt 0.482660 1.471983
vt 0.480863 1.476116
vt 0.478821 1.480535
vt 0.477790 1.480762
vt 0.476152 1.484381
vt 0.475445 1.480737
vt 0.473727 1.479264
vt 0.471207 1.480841
vt 0.467650 1.484381
vt 0.468484 1.487447
vt 0.469606 1.488972
vt 0.468759 1.488972
vt 0.466816 1.487447
vt 0.465372 1.484381
vt 0.469683 1.476280
vt 0.468484 1.477775
vt 0.467650 1.480841
vt 0.467650 1.484381
vt 0.468484 1.487447
vt 0.469606 1.488972
vt 0.470762 1.488972
vt 0.471918 1.488972
vt 0.470762 1.487447
vt 0.473040 1.487447
vt 0.470762 1.484381
vt 0.473874 1.484381
vt 0.472540 1.482611
vt 0.473875 1.478261
vt 0.471207 1.480841
vt 0.471690 1.477775
vt 0.471943 1.476280
vt 0.472028 1.475772
vt 0.471943 1.476280
vt 0.474708 1.487447
vt 0.472765 1.488972
vt 0.479034 1.470442
vt 0.481430 1.471122
vt 0.471943 1.476280
vt 0.474892 1.442588
vt 0.474330 1.442588
vt 0.474892 1.440671
vt 0.474330 1.440671
vt 0.474892 1.438628
vt 0.474330 1.438633
vt 0.474892 1.436586
vt 0.474330 1.436596
vt 0.474892 1.434914
vt 0.474330 1.434914
vt 0.474892 1.425813
vt 0.474330 1.425813
vt 0.474892 1.425216
vt 0.464722 1.425813
vt 0.464722 1.425216
vt 0.456145 1.425813
vt 0.456145 1.425216
vt 0.455582 1.425813
vt 0.456145 1.425216
vt 0.455582 1.425813
vt 0.456145 1.425216
vt 0.455582 1.425813
vt 0.456145 1.425216
vt 0.455582 1.425813
vt 0.474892 1.425813
vt 0.474892 1.425216
vt 0.474892 1.425813
vt 0.474344 1.425216
vt 0.474892 1.425813
vt 0.474344 1.425216
vt 0.474330 1.425813
vt 0.464722 1.425216
vt 0.464722 1.425813
vt 0.456145 1.425813
vt 0.456145 1.433722
vt 0.455582 1.433722
vt 0.456145 1.434320
vt 0.455582 1.433722
vt 0.456145 1.434320
vt 0.455625 1.434072
vt 0.456145 1.434495
vt 0.455625 1.434917
vt 0.456145 1.434917
vt 0.455625 1.436618
vt 0.456145 1.436617
vt 0.455625 1.438644
vt 0.456145 1.438643
vt 0.455625 1.440655
vt 0.456145 1.440653
vt 0.455625 1.442592
vt 0.456145 1.442589
vt 0.474133 1.433722
vt 0.474696 1.433722
vt 0.474118 1.434320
vt 0.474118 1.434320
vt 0.474696 1.433722
vt 0.474114 1.434495
vt 0.474687 1.434072
vt 0.474104 1.434917
vt 0.474892 1.434917
vt 0.474104 1.436617
vt 0.474892 1.436617
vt 0.474104 1.438643
vt 0.474892 1.438643
vt 0.474104 1.440653
vt 0.474892 1.440654
vt 0.474104 1.442589
vt 0.474892 1.442590
vt 0.455582 1.434915
vt 0.456145 1.434914
vt 0.455582 1.436579
vt 0.456145 1.436596
vt 0.455582 1.438625
vt 0.456145 1.438633
vt 0.455582 1.440671
vt 0.456145 1.440671
vt 0.455582 1.442588
vt 0.456145 1.442588
vt 0.474892 1.425813
vt 0.474696 1.433722
vt 0.474892 1.425813
vt 0.474696 1.433722
vt 0.474892 1.425813
vt 0.474687 1.434072
vt 0.474892 1.434917
vt 0.474892 1.434914
vt 0.474892 1.434916
vt 0.474892 1.436586
vt 0.474892 1.436602
vt 0.474892 1.438628
vt 0.474892 1.438636
vt 0.474892 1.440671
vt 0.474892 1.440663
vt 0.474892 1.442588
vt 0.474892 1.442589
vt 0.474892 1.442590
vt 0.474892 1.440654
vt 0.474892 1.438643
vt 0.474892 1.436617
vt 0.474892 1.425813
vt 0.470592 1.425216
vt 0.474892 1.425216
vt 0.471388 1.425216
vt 0.471718 1.425216
vt 0.474892 1.425216
vt 0.471718 1.425216
vt 0.474344 1.425216
vt 0.471718 1.425216
vt 0.474344 1.425216
vt 0.471388 1.425216
vt 0.470592 1.425216
vt 0.464722 1.425216
vt 0.464722 1.425216
vt 0.458852 1.425216
vt 0.456145 1.425216
vt 0.458852 1.425216
vt 0.456145 1.425216
vt 0.458056 1.425216
vt 0.457726 1.425216
vt 0.456145 1.425216
vt 0.457726 1.425216
vt 0.456145 1.425216
vt 0.457726 1.425216
vt 0.458056 1.425216
vt 0.464722 1.425216
vt 0.464722 1.425216
vt 0.455582 1.425813
vt 0.455582 1.434916
vt 0.455582 1.425813
vt 0.455582 1.434915
vt 0.455582 1.436599
vt 0.455582 1.436579
vt 0.455582 1.438635
vt 0.455582 1.438625
vt 0.455582 1.440663
vt 0.455582 1.440671
vt 0.455582 1.442591
vt 0.455582 1.442588
vt 0.455625 1.442592
vt 0.455625 1.440655
vt 0.455625 1.438644
vt 0.455625 1.436618
vt 0.455625 1.434917
vt 0.455625 1.434072
vt 0.455582 1.433722
vt 0.455582 1.425813
vt 0.455582 1.433722
vt 0.455582 1.425813
vt 0.474330 1.425813
vt 0.464722 1.425813
vt 0.474133 1.433722
vt 0.464722 1.433722
vt 0.474118 1.434320
vt 0.464722 1.434320
vt 0.474118 1.434320
vt 0.464722 1.434320
vt 0.474114 1.434495
vt 0.464722 1.434495
vt 0.456145 1.434495
vt 0.456145 1.434320
vt 0.456145 1.434320
vt 0.456145 1.433722
vt 0.456145 1.425813
vt 0.458852 1.440656
vt 0.458454 1.440712
vt 0.458852 1.436591
vt 0.458454 1.436596
vt 0.458289 1.440712
vt 0.458289 1.436596
vt 0.458289 1.440662
vt 0.458289 1.436596
vt 0.458289 1.440662
vt 0.458289 1.436596
vt 0.458852 1.440663
vt 0.458852 1.436596
vt 0.464722 1.440660
vt 0.464722 1.436596
vt 0.470592 1.440656
vt 0.470592 1.436596
vt 0.471155 1.440656
vt 0.471155 1.436596
vt 0.471155 1.440656
vt 0.471155 1.436596
vt 0.471155 1.440712
vt 0.471155 1.436596
vt 0.470990 1.440712
vt 0.470990 1.436596
vt 0.470592 1.440656
vt 0.470592 1.436591
vt 0.458852 1.433847
vt 0.458454 1.433904
vt 0.458289 1.433904
vt 0.458852 1.425813
vt 0.458454 1.425813
vt 0.458289 1.425813
vt 0.458289 1.425813
vt 0.458289 1.430365
vt 0.458289 1.429170
vt 0.458852 1.430365
vt 0.458852 1.429768
vt 0.464722 1.430365
vt 0.464722 1.429768
vt 0.470592 1.430365
vt 0.470592 1.429768
vt 0.471155 1.430365
vt 0.471155 1.429170
vt 0.471155 1.425813
vt 0.471155 1.429170
vt 0.471155 1.425813
vt 0.470990 1.429170
vt 0.470990 1.425813
vt 0.470592 1.429170
vt 0.470592 1.425813
vt 0.464722 1.429170
vt 0.464722 1.425813
vt 0.458852 1.429170
vt 0.458852 1.425813
vt 0.458454 1.429170
vt 0.458454 1.425813
vt 0.458289 1.429170
vt 0.458289 1.425813
vt 0.470592 1.442591
vt 0.470990 1.442591
vt 0.471155 1.442591
vt 0.471155 1.442581
vt 0.471155 1.442580
vt 0.470592 1.442580
vt 0.464722 1.442582
vt 0.458852 1.442583
vt 0.458289 1.442583
vt 0.458289 1.442584
vt 0.458289 1.442591
vt 0.458454 1.442591
vt 0.458852 1.442591
vt 0.470592 1.433847
vt 0.470990 1.433904
vt 0.471155 1.433904
vt 0.470592 1.425813
vt 0.470990 1.425813
vt 0.471155 1.425813
vt 0.458852 1.429768
vt 0.464722 1.429768
vt 0.470592 1.429768
vt 0.474114 1.434495
vt 0.464722 1.434495
vt 0.474104 1.434917
vt 0.464722 1.434917
vt 0.474104 1.436617
vt 0.464722 1.436617
vt 0.474104 1.438643
vt 0.464722 1.438643
vt 0.474104 1.440653
vt 0.464722 1.440653
vt 0.474104 1.442589
vt 0.464722 1.442589
vt 0.456145 1.442589
vt 0.456145 1.440653
vt 0.456145 1.438643
vt 0.456145 1.436617
vt 0.456145 1.434917
vt 0.456145 1.434495
vt 0.470592 1.425216
vt 0.471388 1.425216
vt 0.470592 1.425813
vt 0.470990 1.425813
vt 0.471718 1.425216
vt 0.471155 1.425813
vt 0.471718 1.425216
vt 0.471155 1.425813
vt 0.471718 1.425216
vt 0.471155 1.425813
vt 0.471388 1.425216
vt 0.470990 1.425813
vt 0.470592 1.425216
vt 0.470592 1.425813
vt 0.464722 1.425216
vt 0.464722 1.425813
vt 0.458852 1.425216
vt 0.458852 1.425813
vt 0.458056 1.425216
vt 0.458454 1.425813
vt 0.457726 1.425216
vt 0.458289 1.425813
vt 0.457726 1.425216
vt 0.458289 1.425813
vt 0.457726 1.425216
vt 0.458289 1.425813
vt 0.458056 1.425216
vt 0.458454 1.425813
vt 0.458852 1.425216
vt 0.458852 1.425813
vt 0.464722 1.425216
vt 0.464722 1.425813
vt 0.458852 1.442591
vt 0.458852 1.440656
vt 0.464722 1.442591
vt 0.464722 1.440656
vt 0.458852 1.436591
vt 0.464722 1.436591
vt 0.458852 1.433847
vt 0.464722 1.433847
vt 0.458852 1.425813
vt 0.464722 1.425813
vt 0.470592 1.425813
vt 0.470592 1.433847
vt 0.470592 1.436591
vt 0.470592 1.440656
vt 0.470592 1.442591
vt 0.474330 1.442588
vt 0.464722 1.442588
vt 0.474330 1.440671
vt 0.464722 1.440671
vt 0.474330 1.438633
vt 0.464722 1.438633
vt 0.474330 1.436596
vt 0.464722 1.436596
vt 0.474330 1.434914
vt 0.464722 1.434914
vt 0.474330 1.425813
vt 0.464722 1.425813
vt 0.456145 1.425813
vt 0.456145 1.434914
vt 0.456145 1.436596
vt 0.456145 1.438633
vt 0.456145 1.440671
vt 0.456145 1.442588
vt 0.433590 1.466797
vt 0.432385 1.467643
vt 0.432528 1.468415
vt 0.429902 1.468701
vt 0.430026 1.469373
vt 0.432840 1.468277
vt 0.432222 1.466811
vt 0.433947 1.468327
vt 0.433556 1.467056
vt 0.434056 1.469061
vt 0.433799 1.467906
vt 0.433226 1.470679
vt 0.432854 1.469588
vt 0.431165 1.472569
vt 0.430479 1.470816
vt 0.427895 1.471534
vt 0.427288 1.469977
vt 0.427126 1.469288
vt 0.430720 1.469562
vt 0.433319 1.465787
vt 0.431846 1.465280
vt 0.429080 1.463917
vt 0.431552 1.463919
vt 0.429434 1.465462
vt 0.426710 1.466066
vt 0.429969 1.467387
vt 0.427395 1.468116
vt 0.428231 1.470442
vt 0.425100 1.468926
vt 0.425835 1.471122
vt 0.424605 1.471983
vt 0.423121 1.468069
vt 0.422773 1.466805
vt 0.424379 1.466961
vt 0.423983 1.465453
vt 0.426313 1.464478
vt 0.423853 1.469884
vt 0.423011 1.468168
vt 0.423291 1.469185
vt 0.424620 1.469177
vt 0.424832 1.470001
vt 0.424010 1.470871
vt 0.425498 1.471597
vt 0.426200 1.473524
vt 0.428676 1.473448
vt 0.432352 1.475916
vt 0.435575 1.477775
vt 0.433995 1.473045
vt 0.434449 1.471298
vt 0.435322 1.476280
vt 0.435237 1.475772
vt 0.434405 1.470978
vt 0.435322 1.476280
vt 0.433622 1.471245
vt 0.435575 1.477775
vt 0.432055 1.473912
vt 0.433390 1.478261
vt 0.431671 1.479734
vt 0.433391 1.484381
vt 0.429354 1.479961
vt 0.426402 1.476116
vt 0.427595 1.475542
vt 0.428536 1.480248
vt 0.431113 1.484381
vt 0.432557 1.487447
vt 0.434225 1.487447
vt 0.434500 1.488972
vt 0.435347 1.488972
vt 0.436503 1.489450
vt 0.436503 1.488972
vt 0.437659 1.488972
vt 0.436503 1.487447
vt 0.438781 1.487447
vt 0.436503 1.484381
vt 0.439615 1.484381
vt 0.439615 1.480841
vt 0.441893 1.484381
vt 0.441893 1.480841
vt 0.442727 1.484381
vt 0.442727 1.480841
vt 0.441893 1.484381
vt 0.441893 1.480841
vt 0.439615 1.484381
vt 0.439615 1.480841
vt 0.436058 1.480841
vt 0.433538 1.479264
vt 0.431820 1.480737
vt 0.430248 1.477092
vt 0.429475 1.480762
vt 0.427838 1.477143
vt 0.426608 1.476690
vt 0.424772 1.472844
vt 0.429951 1.475088
vt 0.433091 1.464594
vt 0.433458 1.465880
vt 0.432243 1.467160
vt 0.429778 1.468317
vt 0.426965 1.468887
vt 0.424408 1.468641
vt 0.422731 1.467440
vt 0.422425 1.465829
vt 0.423587 1.464137
vt 0.425990 1.463059
vt 0.428864 1.462476
vt 0.431439 1.462546
vt 0.433059 1.463674
vt 0.433325 1.465252
vt 0.435322 1.476280
vt 0.437582 1.476280
vt 0.435237 1.475772
vt 0.438373 1.476280
vt 0.438662 1.476280
vt 0.438373 1.476280
vt 0.437582 1.476280
vt 0.435322 1.476280
vt 0.438781 1.477775
vt 0.440449 1.477775
vt 0.441059 1.477775
vt 0.440449 1.477775
vt 0.438781 1.477775
vt 0.436058 1.480841
vt 0.434724 1.482611
vt 0.431947 1.487447
vt 0.434190 1.488972
vt 0.430113 1.484381
vt 0.432557 1.487447
vt 0.434500 1.488972
vt 0.435347 1.488972
vt 0.436503 1.488972
vt 0.434225 1.487447
vt 0.436503 1.487447
vt 0.433391 1.484381
vt 0.436503 1.484381
vt 0.434724 1.482611
vt 0.428443 1.480535
vt 0.440449 1.487447
vt 0.441059 1.487447
vt 0.438506 1.488972
vt 0.438815 1.488972
vt 0.431113 1.484381
vt 0.440449 1.487447
vt 0.438781 1.487447
vt 0.438506 1.488972
vt 0.437659 1.488972
vt 0.432935 1.425813
vt 0.432373 1.425216
vt 0.442543 1.425813
vt 0.442543 1.425216
vt 0.451120 1.425813
vt 0.451120 1.425216
vt 0.451120 1.425216
vt 0.451683 1.425813
vt 0.451120 1.425216
vt 0.451683 1.425813
vt 0.451120 1.425216
vt 0.451683 1.425813
vt 0.451683 1.425813
vt 0.451683 1.434915
vt 0.451120 1.434914
vt 0.451683 1.436579
vt 0.451120 1.436596
vt 0.451683 1.438625
vt 0.451120 1.438633
vt 0.451683 1.440671
vt 0.451120 1.440671
vt 0.451683 1.442588
vt 0.451120 1.442588
vt 0.451683 1.444473
vt 0.451120 1.444473
vt 0.451683 1.446882
vt 0.451120 1.446882
vt 0.451683 1.448249
vt 0.451120 1.448249
vt 0.432569 1.433722
vt 0.433132 1.433722
vt 0.432373 1.425813
vt 0.432935 1.425813
vt 0.432373 1.448249
vt 0.433161 1.448020
vt 0.432373 1.446891
vt 0.433161 1.446891
vt 0.432373 1.444449
vt 0.433161 1.444449
vt 0.432373 1.442590
vt 0.433161 1.442589
vt 0.432373 1.440654
vt 0.433161 1.440653
vt 0.432373 1.438643
vt 0.433161 1.438643
vt 0.432373 1.436617
vt 0.433161 1.436617
vt 0.432373 1.434917
vt 0.433161 1.434917
vt 0.432578 1.434072
vt 0.433151 1.434495
vt 0.432569 1.433722
vt 0.433147 1.434320
vt 0.433147 1.434320
vt 0.451120 1.448020
vt 0.451683 1.448249
vt 0.451120 1.446891
vt 0.451683 1.446891
vt 0.451120 1.444449
vt 0.451640 1.444449
vt 0.451120 1.442589
vt 0.451640 1.442592
vt 0.451120 1.440653
vt 0.451640 1.440655
vt 0.451120 1.438643
vt 0.451640 1.438644
vt 0.451120 1.436617
vt 0.451640 1.436618
vt 0.451120 1.434917
vt 0.451640 1.434917
vt 0.451120 1.434495
vt 0.451640 1.434072
vt 0.451120 1.434320
vt 0.451683 1.433722
vt 0.451120 1.434320
vt 0.451683 1.433722
vt 0.451120 1.433722
vt 0.451120 1.425813
vt 0.442543 1.425813
vt 0.442543 1.425216
vt 0.432920 1.425216
vt 0.432920 1.425216
vt 0.432373 1.425813
vt 0.432373 1.425216
vt 0.432373 1.425813
vt 0.432373 1.425813
vt 0.432373 1.434914
vt 0.432935 1.434914
vt 0.432373 1.436586
vt 0.432935 1.436596
vt 0.432373 1.438628
vt 0.432935 1.438633
vt 0.432373 1.440671
vt 0.432935 1.440671
vt 0.432373 1.442588
vt 0.432935 1.442588
vt 0.432373 1.444470
vt 0.432935 1.444475
vt 0.432373 1.446882
vt 0.432935 1.446882
vt 0.432373 1.448249
vt 0.432935 1.448249
vt 0.432373 1.450526
vt 0.432935 1.450526
vt 0.432373 1.454636
vt 0.432935 1.454636
vt 0.432569 1.433722
vt 0.432373 1.425813
vt 0.432569 1.433722
vt 0.432373 1.425813
vt 0.432578 1.434072
vt 0.432373 1.425813
vt 0.432373 1.434917
vt 0.432373 1.434916
vt 0.432373 1.436617
vt 0.432373 1.436602
vt 0.432373 1.438643
vt 0.432373 1.438636
vt 0.432373 1.440654
vt 0.432373 1.440663
vt 0.432373 1.442590
vt 0.432373 1.442589
vt 0.432373 1.444449
vt 0.432373 1.444461
vt 0.432373 1.446891
vt 0.432373 1.446886
vt 0.432373 1.448249
vt 0.432373 1.448249
vt 0.432373 1.449571
vt 0.432373 1.450526
vt 0.432373 1.451765
vt 0.432373 1.454636
vt 0.432373 1.454636
vt 0.432373 1.425813
vt 0.432373 1.434914
vt 0.432373 1.436586
vt 0.432373 1.438628
vt 0.432373 1.440671
vt 0.432373 1.442588
vt 0.432373 1.444470
vt 0.432373 1.446882
vt 0.432373 1.448249
vt 0.432373 1.450526
vt 0.432373 1.454636
vt 0.433161 1.448020
vt 0.432373 1.448249
vt 0.433147 1.449343
vt 0.432373 1.449571
vt 0.432373 1.451765
vt 0.433147 1.451651
vt 0.436673 1.425216
vt 0.432920 1.425216
vt 0.435877 1.425216
vt 0.435547 1.425216
vt 0.432920 1.425216
vt 0.435547 1.425216
vt 0.432373 1.425216
vt 0.435547 1.425216
vt 0.432373 1.425216
vt 0.435877 1.425216
vt 0.436673 1.425216
vt 0.442543 1.425216
vt 0.442543 1.425216
vt 0.448413 1.425216
vt 0.451120 1.425216
vt 0.448413 1.425216
vt 0.451120 1.425216
vt 0.449209 1.425216
vt 0.449538 1.425216
vt 0.451120 1.425216
vt 0.449538 1.425216
vt 0.451120 1.425216
vt 0.449538 1.425216
vt 0.449209 1.425216
vt 0.442543 1.425216
vt 0.442543 1.425216
vt 0.451683 1.425813
vt 0.451683 1.434915
vt 0.451683 1.425813
vt 0.451683 1.434916
vt 0.451683 1.436579
vt 0.451683 1.436599
vt 0.451683 1.438625
vt 0.451683 1.438635
vt 0.451683 1.440671
vt 0.451683 1.440663
vt 0.451683 1.442588
vt 0.451683 1.442591
vt 0.451683 1.444473
vt 0.451683 1.444461
vt 0.451683 1.446882
vt 0.451683 1.446886
vt 0.451683 1.448249
vt 0.451683 1.448249
vt 0.451683 1.425813
vt 0.451683 1.425813
vt 0.451683 1.433722
vt 0.451683 1.433722
vt 0.451640 1.434072
vt 0.451640 1.434917
vt 0.451640 1.436618
vt 0.451640 1.438644
vt 0.451640 1.440655
vt 0.451640 1.442592
vt 0.451640 1.444449
vt 0.451683 1.446891
vt 0.451683 1.448249
vt 0.442543 1.425813
vt 0.432935 1.425813
vt 0.442543 1.433722
vt 0.433132 1.433722
vt 0.442543 1.434320
vt 0.433147 1.434320
vt 0.442543 1.434320
vt 0.433147 1.434320
vt 0.442543 1.434495
vt 0.433151 1.434495
vt 0.451120 1.425813
vt 0.451120 1.433722
vt 0.451120 1.434320
vt 0.451120 1.434320
vt 0.451120 1.434495
vt 0.448811 1.436596
vt 0.448811 1.440712
vt 0.448413 1.436591
vt 0.448413 1.440656
vt 0.448811 1.442591
vt 0.448413 1.442591
vt 0.448811 1.444463
vt 0.448413 1.444463
vt 0.448811 1.447378
vt 0.448413 1.447378
vt 0.448694 1.447800
vt 0.448413 1.447800
vt 0.448413 1.447975
vt 0.442543 1.447800
vt 0.442543 1.447975
vt 0.436673 1.447800
vt 0.436673 1.447975
vt 0.436392 1.447800
vt 0.436275 1.447800
vt 0.436275 1.447378
vt 0.436110 1.447378
vt 0.436275 1.444463
vt 0.436110 1.444464
vt 0.436275 1.442591
vt 0.436110 1.442591
vt 0.436275 1.440712
vt 0.436110 1.440712
vt 0.436275 1.436596
vt 0.436110 1.436596
vt 0.436275 1.433904
vt 0.436110 1.433904
vt 0.436275 1.425813
vt 0.436110 1.425813
vt 0.448976 1.436596
vt 0.448976 1.440712
vt 0.448976 1.442591
vt 0.448976 1.444463
vt 0.448976 1.447378
vt 0.448811 1.447800
vt 0.448413 1.436596
vt 0.448413 1.440663
vt 0.448976 1.436596
vt 0.448976 1.440662
vt 0.448413 1.442583
vt 0.448976 1.442583
vt 0.448413 1.444464
vt 0.448976 1.444466
vt 0.448413 1.447378
vt 0.448976 1.447378
vt 0.448413 1.447800
vt 0.448811 1.447800
vt 0.442543 1.436596
vt 0.442543 1.440660
vt 0.442543 1.442582
vt 0.442543 1.444461
vt 0.442543 1.447378
vt 0.442543 1.447800
vt 0.448976 1.430365
vt 0.448413 1.430365
vt 0.442543 1.430365
vt 0.436673 1.430365
vt 0.436673 1.436596
vt 0.436110 1.430365
vt 0.436110 1.436596
vt 0.436110 1.436596
vt 0.436110 1.440656
vt 0.436110 1.440656
vt 0.436110 1.442580
vt 0.436110 1.442581
vt 0.436110 1.444458
vt 0.436110 1.444461
vt 0.436110 1.447378
vt 0.436110 1.447378
vt 0.436275 1.447800
vt 0.436275 1.447800
vt 0.436673 1.447975
vt 0.436673 1.447975
vt 0.442543 1.447975
vt 0.442543 1.447975
vt 0.448413 1.447975
vt 0.448413 1.447975
vt 0.448811 1.447800
vt 0.448976 1.447378
vt 0.448976 1.444461
vt 0.448976 1.442584
vt 0.448976 1.440662
vt 0.448976 1.436596
vt 0.448976 1.425813
vt 0.448976 1.429170
vt 0.448976 1.425813
vt 0.448976 1.429170
vt 0.448811 1.425813
vt 0.448811 1.429170
vt 0.448413 1.425813
vt 0.448413 1.429170
vt 0.442543 1.425813
vt 0.442543 1.429170
vt 0.436673 1.425813
vt 0.436673 1.429170
vt 0.436275 1.425813
vt 0.436275 1.429170
vt 0.436110 1.425813
vt 0.436110 1.429170
vt 0.436110 1.425813
vt 0.436110 1.429170
vt 0.436673 1.429768
vt 0.442543 1.429768
vt 0.448413 1.429768
vt 0.448976 1.433904
vt 0.448976 1.425813
vt 0.448811 1.433904
vt 0.448811 1.425813
vt 0.448413 1.433847
vt 0.448413 1.425813
vt 0.436673 1.429768
vt 0.442543 1.429768
vt 0.448413 1.429768
vt 0.436673 1.425813
vt 0.436673 1.433847
vt 0.436673 1.436591
vt 0.436673 1.440656
vt 0.436673 1.442591
vt 0.436673 1.444463
vt 0.436673 1.447378
vt 0.442543 1.444467
vt 0.442543 1.447378
vt 0.436673 1.447800
vt 0.436673 1.447378
vt 0.436673 1.444457
vt 0.436673 1.442580
vt 0.436673 1.440656
vt 0.442543 1.434495
vt 0.433151 1.434495
vt 0.442543 1.434917
vt 0.433161 1.434917
vt 0.442543 1.436617
vt 0.433161 1.436617
vt 0.442543 1.438643
vt 0.433161 1.438643
vt 0.442543 1.440653
vt 0.433161 1.440653
vt 0.442543 1.442589
vt 0.433161 1.442589
vt 0.442543 1.444449
vt 0.433161 1.444449
vt 0.442543 1.446891
vt 0.433161 1.446891
vt 0.442543 1.448020
vt 0.433161 1.448020
vt 0.451120 1.434495
vt 0.451120 1.434917
vt 0.451120 1.436617
vt 0.451120 1.438643
vt 0.451120 1.440653
vt 0.451120 1.442589
vt 0.451120 1.444449
vt 0.451120 1.446891
vt 0.451120 1.448020
vt 0.435877 1.425216
vt 0.436673 1.425216
vt 0.436275 1.425813
vt 0.436673 1.425813
vt 0.442543 1.425216
vt 0.442543 1.425813
vt 0.448413 1.425216
vt 0.448413 1.425813
vt 0.449209 1.425216
vt 0.448811 1.425813
vt 0.449538 1.425216
vt 0.448976 1.425813
vt 0.449538 1.425216
vt 0.448976 1.425813
vt 0.449538 1.425216
vt 0.448976 1.425813
vt 0.449209 1.425216
vt 0.448811 1.425813
vt 0.448413 1.425216
vt 0.448413 1.425813
vt 0.442543 1.425216
vt 0.442543 1.425813
vt 0.436673 1.425216
vt 0.436673 1.425813
vt 0.435877 1.425216
vt 0.436275 1.425813
vt 0.435547 1.425216
vt 0.436110 1.425813
vt 0.435547 1.425216
vt 0.436110 1.425813
vt 0.435547 1.425216
vt 0.436110 1.425813
vt 0.433147 1.454636
vt 0.442543 1.454636
vt 0.433147 1.451651
vt 0.442543 1.451651
vt 0.433147 1.449343
vt 0.442543 1.449343
vt 0.433161 1.448020
vt 0.442543 1.448020
vt 0.451120 1.454636
vt 0.451120 1.451651
vt 0.451120 1.449343
vt 0.451120 1.448020
vt 0.456145 1.454636
vt 0.456145 1.451651
vt 0.456145 1.449343
vt 0.456145 1.448020
vt 0.451683 1.448249
vt 0.455582 1.448249
vt 0.451683 1.448249
vt 0.455582 1.448249
vt 0.451683 1.448249
vt 0.455582 1.448249
vt 0.451120 1.448249
vt 0.456145 1.448249
vt 0.451120 1.450526
vt 0.456145 1.450526
vt 0.451120 1.454636
vt 0.456145 1.454636
vt 0.464722 1.454636
vt 0.464722 1.451651
vt 0.464722 1.449343
vt 0.464722 1.448020
vt 0.474104 1.448020
vt 0.474118 1.449343
vt 0.474118 1.451651
vt 0.474118 1.454636
vt 0.442543 1.454636
vt 0.442543 1.450526
vt 0.451120 1.448249
vt 0.442543 1.448249
vt 0.451120 1.446882
vt 0.442543 1.446882
vt 0.451120 1.444473
vt 0.442543 1.444474
vt 0.451120 1.442588
vt 0.442543 1.442588
vt 0.451120 1.440671
vt 0.442543 1.440671
vt 0.451120 1.438633
vt 0.442543 1.438633
vt 0.451120 1.436596
vt 0.442543 1.436596
vt 0.451120 1.434914
vt 0.442543 1.434914
vt 0.451120 1.425813
vt 0.442543 1.425813
vt 0.432935 1.454636
vt 0.432935 1.450526
vt 0.432935 1.448249
vt 0.432935 1.446882
vt 0.432935 1.444475
vt 0.432935 1.442588
vt 0.432935 1.440671
vt 0.432935 1.438633
vt 0.432935 1.436596
vt 0.432935 1.434914
vt 0.432935 1.425813
vt 0.464722 1.454636
vt 0.464722 1.450526
vt 0.464722 1.448249
vt 0.456145 1.448249
vt 0.464722 1.446882
vt 0.456145 1.446882
vt 0.464722 1.444474
vt 0.456145 1.444473
vt 0.464722 1.442588
vt 0.456145 1.442588
vt 0.474330 1.454636
vt 0.474330 1.450526
vt 0.474330 1.448249
vt 0.474330 1.446882
vt 0.474330 1.444475
vt 0.474330 1.442588
vt 0.442543 1.442591
vt 0.448413 1.444463
vt 0.448413 1.442591
vt 0.442543 1.440656
vt 0.448413 1.440656
vt 0.442543 1.436591
vt 0.448413 1.436591
vt 0.442543 1.433847
vt 0.448413 1.433847
vt 0.442543 1.425813
vt 0.448413 1.425813
vt 0.436673 1.444463
vt 0.436673 1.442591
vt 0.436673 1.440656
vt 0.436673 1.436591
vt 0.436673 1.433847
vt 0.436673 1.425813
vt 0.432373 1.451765
vt 0.432373 1.454636
vt 0.433147 1.451651
vt 0.433147 1.454636
vt 0.474892 1.454636
vt 0.474892 1.454636
vt 0.474224 1.454636
vt 0.474118 1.454636
vt 0.464722 1.454636
vt 0.464722 1.454636
vt 0.456145 1.454636
vt 0.456145 1.454636
vt 0.451120 1.454636
vt 0.451120 1.454636
vt 0.442543 1.454636
vt 0.442543 1.454636
vt 0.433041 1.454636
vt 0.433147 1.454636
vt 0.432373 1.454636
vt 0.432373 1.454636
vt 0.474892 1.454636
vt 0.474330 1.454636
vt 0.464722 1.454636
vt 0.456145 1.454636
vt 0.451120 1.454636
vt 0.442543 1.454636
vt 0.432935 1.454636
vt 0.432373 1.454636
vt 0.474104 1.448020
vt 0.474892 1.448249
vt 0.474104 1.446891
vt 0.474892 1.446891
vt 0.474104 1.444449
vt 0.474892 1.444449
vt 0.474104 1.442589
vt 0.474892 1.442590
vt 0.474892 1.448249
vt 0.474104 1.448020
vt 0.474892 1.449571
vt 0.474118 1.449343
vt 0.474892 1.451765
vt 0.474118 1.451651
vt 0.474892 1.454636
vt 0.474330 1.454636
vt 0.474892 1.450526
vt 0.474330 1.450526
vt 0.474892 1.448249
vt 0.474330 1.448249
vt 0.474892 1.446882
vt 0.474330 1.446882
vt 0.474892 1.444470
vt 0.474330 1.444475
vt 0.474892 1.442588
vt 0.474330 1.442588
vt 0.474892 1.454636
vt 0.474892 1.454636
vt 0.474892 1.450526
vt 0.474892 1.450526
vt 0.474892 1.448249
vt 0.474892 1.448249
vt 0.474892 1.446886
vt 0.474892 1.446882
vt 0.474892 1.444461
vt 0.474892 1.444470
vt 0.474892 1.442589
vt 0.474892 1.442588
vt 0.474892 1.454636
vt 0.474892 1.451765
vt 0.474892 1.449571
vt 0.474892 1.448249
vt 0.474892 1.446891
vt 0.474892 1.444449
vt 0.474892 1.442590
vt 0.455582 1.442588
vt 0.456145 1.442588
vt 0.455582 1.444473
vt 0.456145 1.444473
vt 0.455582 1.446882
vt 0.456145 1.446882
vt 0.455582 1.448249
vt 0.456145 1.448249
vt 0.470873 1.447800
vt 0.470592 1.447800
vt 0.470990 1.447378
vt 0.470592 1.447378
vt 0.464722 1.447800
vt 0.464722 1.447378
vt 0.458852 1.447800
vt 0.458852 1.447378
vt 0.458571 1.447800
vt 0.458454 1.447378
vt 0.458454 1.447800
vt 0.458289 1.447378
vt 0.458454 1.447800
vt 0.458289 1.447378
vt 0.458454 1.447800
vt 0.458289 1.447378
vt 0.458852 1.447800
vt 0.458852 1.447378
vt 0.464722 1.447800
vt 0.464722 1.447378
vt 0.470592 1.447800
vt 0.470592 1.447378
vt 0.470990 1.447800
vt 0.471155 1.447378
vt 0.470990 1.447800
vt 0.471155 1.447378
vt 0.470990 1.447800
vt 0.471155 1.447378
vt 0.470592 1.447975
vt 0.464722 1.447975
vt 0.458852 1.447975
vt 0.470990 1.444463
vt 0.471155 1.444464
vt 0.471155 1.444461
vt 0.471155 1.444458
vt 0.470592 1.444457
vt 0.464722 1.444461
vt 0.458852 1.444464
vt 0.458289 1.444466
vt 0.458289 1.444461
vt 0.458289 1.444463
vt 0.458454 1.444463
vt 0.458852 1.444463
vt 0.464722 1.444467
vt 0.470592 1.444463
vt 0.470592 1.442591
vt 0.470990 1.442591
vt 0.471155 1.442591
vt 0.471155 1.442581
vt 0.471155 1.442580
vt 0.470592 1.442580
vt 0.464722 1.442582
vt 0.458852 1.442583
vt 0.458289 1.442583
vt 0.458289 1.442584
vt 0.458289 1.442591
vt 0.458454 1.442591
vt 0.458852 1.442591
vt 0.458852 1.447975
vt 0.458852 1.447975
vt 0.464722 1.447975
vt 0.470592 1.447975
vt 0.464722 1.447975
vt 0.470592 1.447975
vt 0.456145 1.448020
vt 0.464722 1.448020
vt 0.456145 1.446891
vt 0.464722 1.446891
vt 0.456145 1.444449
vt 0.464722 1.444449
vt 0.456145 1.442589
vt 0.464722 1.442589
vt 0.474104 1.442589
vt 0.474104 1.444449
vt 0.474104 1.446891
vt 0.474104 1.448020
vt 0.455582 1.448249
vt 0.456145 1.448020
vt 0.455582 1.446891
vt 0.456145 1.446891
vt 0.456145 1.444449
vt 0.455625 1.444449
vt 0.456145 1.442589
vt 0.455625 1.442592
vt 0.455582 1.442591
vt 0.455582 1.444461
vt 0.455582 1.442588
vt 0.455582 1.444473
vt 0.455582 1.446886
vt 0.455582 1.446882
vt 0.455582 1.448249
vt 0.455582 1.448249
vt 0.455625 1.442592
vt 0.455625 1.444449
vt 0.455582 1.446891
vt 0.455582 1.448249
vt 0.458852 1.442591
vt 0.464722 1.442591
vt 0.458852 1.444463
vt 0.470592 1.442591
vt 0.470592 1.444463
vt 0.474118 1.454636
vt 0.474892 1.454636
vt 0.474118 1.451651
vt 0.474892 1.451765
vt 0.521629 1.280670
vt 0.521974 1.282580
vt 0.522366 1.281149
vt 0.522741 1.283192
vt 0.523380 1.281339
vt 0.523773 1.283468
vt 0.524563 1.281304
vt 0.524956 1.283433
vt 0.525770 1.281036
vt 0.526164 1.283165
vt 0.526857 1.280567
vt 0.527250 1.282696
vt 0.527693 1.279966
vt 0.528068 1.282010
vt 0.528164 1.279219
vt 0.528509 1.281130
vt 0.528156 1.278167
vt 0.528475 1.279960
vt 0.527754 1.277323
vt 0.528074 1.279117
vt 0.526981 1.276675
vt 0.527301 1.278468
vt 0.525931 1.276299
vt 0.526251 1.278092
vt 0.524729 1.276242
vt 0.525049 1.278035
vt 0.523522 1.276510
vt 0.523842 1.278303
vt 0.522454 1.277071
vt 0.522774 1.278864
vt 0.521654 1.277857
vt 0.521974 1.279650
vt 0.521219 1.278773
vt 0.521539 1.280567
vt 0.521201 1.279710
vt 0.521521 1.281503
vt 0.520818 1.275387
vt 0.521526 1.275733
vt 0.522528 1.275877
vt 0.523711 1.275842
vt 0.524918 1.275574
vt 0.526005 1.275105
vt 0.526853 1.274551
vt 0.527353 1.273937
vt 0.527370 1.273001
vt 0.526783 1.272255
vt 0.526196 1.271509
vt 0.525145 1.271134
vt 0.523944 1.271076
vt 0.522736 1.271344
vt 0.521668 1.271905
vt 0.520868 1.272691
vt 0.520433 1.273608
vt 0.520416 1.274545
vt 0.520516 1.264436
vt 0.521502 1.272605
vt 0.520137 1.265456
vt 0.521123 1.273625
vt 0.519875 1.266593
vt 0.520860 1.274761
vt 0.519738 1.267605
vt 0.520723 1.275774
vt 0.519872 1.268671
vt 0.520857 1.276840
vt 0.520579 1.269575
vt 0.521564 1.277743
vt 0.521752 1.270179
vt 0.522737 1.278348
vt 0.523211 1.270392
vt 0.524197 1.278561
vt 0.524736 1.270181
vt 0.525721 1.278350
vt 0.526092 1.269578
vt 0.527078 1.277747
vt 0.527075 1.268675
vt 0.528061 1.276844
vt 0.527535 1.267610
vt 0.528520 1.275779
vt 0.527707 1.266598
vt 0.528692 1.274766
vt 0.527791 1.265461
vt 0.528777 1.273629
vt 0.527724 1.264440
vt 0.528709 1.272609
vt 0.527726 1.263977
vt 0.528711 1.272145
vt 0.521386 1.273008
vt 0.520543 1.274133
vt 0.520305 1.274064
vt 0.520280 1.275272
vt 0.519534 1.275129
vt 0.520144 1.276283
vt 0.519091 1.276283
vt 0.520300 1.277524
vt 0.519283 1.277811
vt 0.521123 1.278576
vt 0.520298 1.279108
vt 0.522489 1.279280
vt 0.521980 1.279974
vt 0.524188 1.279528
vt 0.524074 1.280280
vt 0.525963 1.279282
vt 0.526260 1.279977
vt 0.527543 1.278580
vt 0.528206 1.279112
vt 0.528688 1.277529
vt 0.529616 1.277817
vt 0.529223 1.276289
vt 0.530275 1.276289
vt 0.529395 1.275277
vt 0.530185 1.275135
vt 0.529479 1.274139
vt 0.529739 1.274070
vt 0.529209 1.273141
vt 0.529445 1.272765
vt 0.529143 1.272580
vt 0.529495 1.272318
vt 0.529116 1.272117
vt 0.528510 1.264149
vt 0.528130 1.263948
vt 0.519937 1.273735
vt 0.519098 1.274886
vt 0.518620 1.276133
vt 0.518828 1.277786
vt 0.519924 1.279187
vt 0.521743 1.280124
vt 0.524006 1.280454
vt 0.526370 1.280127
vt 0.528474 1.279192
vt 0.529998 1.277792
vt 0.530711 1.276140
vt 0.530613 1.274893
vt 0.530125 1.273741
vt 0.520915 1.272760
vt 0.520804 1.272313
vt 0.519749 1.273300
vt 0.519819 1.264144
vt 0.518764 1.265131
vt 0.518865 1.264845
vt 0.517896 1.266318
vt 0.518026 1.265996
vt 0.517403 1.267604
vt 0.517547 1.267244
vt 0.517617 1.269308
vt 0.517755 1.268896
vt 0.518748 1.270753
vt 0.518852 1.270298
vt 0.520623 1.271719
vt 0.520670 1.271235
vt 0.522957 1.272059
vt 0.522934 1.271565
vt 0.525394 1.271722
vt 0.525297 1.271238
vt 0.527563 1.270758
vt 0.527402 1.270303
vt 0.529135 1.269315
vt 0.528926 1.268903
vt 0.529869 1.267611
vt 0.529638 1.267251
vt 0.529769 1.266325
vt 0.529540 1.266003
vt 0.529264 1.265138
vt 0.529053 1.264852
vt 0.528373 1.263875
vt 0.518882 1.274487
vt 0.518389 1.275772
vt 0.518603 1.277476
vt 0.519734 1.278921
vt 0.521609 1.279888
vt 0.523942 1.280228
vt 0.526379 1.279891
vt 0.528549 1.278927
vt 0.530120 1.277483
vt 0.530855 1.275780
vt 0.530754 1.274494
vt 0.530249 1.273306
vt 0.520201 1.263686
vt 0.520260 1.263943
vt 0.520656 1.263973
vt 0.521246 1.272112
vt 0.521641 1.272141
vt 0.521273 1.272575
vt 0.521546 1.272613
vt 0.520474 1.263724
vt 0.520314 1.264118
vt 0.520011 1.263939
vt 0.519906 1.265096
vt 0.519435 1.264946
vt 0.519643 1.266233
vt 0.519172 1.266084
vt 0.519506 1.267245
vt 0.519035 1.267095
vt 0.519647 1.268362
vt 0.519191 1.268336
vt 0.520388 1.269309
vt 0.520015 1.269389
vt 0.521617 1.269943
vt 0.521380 1.270092
vt 0.523147 1.270166
vt 0.523080 1.270340
vt 0.524745 1.269945
vt 0.524855 1.270094
vt 0.526167 1.269313
vt 0.526435 1.269392
vt 0.527198 1.268366
vt 0.527579 1.268341
vt 0.527679 1.267250
vt 0.528114 1.267101
vt 0.527851 1.266238
vt 0.528286 1.266089
vt 0.527936 1.265100
vt 0.528371 1.264951
vt 0.527826 1.264123
vt 0.528099 1.263944
vt 0.519842 1.263870
vt 0.528859 1.272617
vt 0.528899 1.273012
vt 0.529008 1.273990
vt 0.528923 1.275127
vt 0.528751 1.276139
vt 0.528270 1.277256
vt 0.527240 1.278202
vt 0.525817 1.278834
vt 0.524220 1.279055
vt 0.522690 1.278832
vt 0.521461 1.278198
vt 0.520719 1.277251
vt 0.520579 1.276134
vt 0.520716 1.275122
vt 0.520978 1.273985
vt 0.528071 1.263691
vt 0.521121 1.273136
vt 0.527786 1.263728
vt 0.528630 1.264882
vt 0.529076 1.265947
vt 0.529167 1.267101
vt 0.528508 1.268630
vt 0.527098 1.269925
vt 0.525152 1.270789
vt 0.522965 1.271092
vt 0.520872 1.270787
vt 0.519189 1.269920
vt 0.518175 1.268623
vt 0.517982 1.267095
vt 0.518425 1.265941
vt 0.519196 1.264876
vt 0.579617 1.282580
vt 0.579225 1.281149
vt 0.578850 1.283192
vt 0.578211 1.281339
vt 0.577818 1.283468
vt 0.577028 1.281304
vt 0.576635 1.283433
vt 0.575821 1.281036
vt 0.575427 1.283165
vt 0.574734 1.280567
vt 0.574341 1.282696
vt 0.573898 1.279966
vt 0.573523 1.282010
vt 0.573428 1.279219
vt 0.573082 1.281130
vt 0.573435 1.278167
vt 0.573116 1.279960
vt 0.573837 1.277323
vt 0.573517 1.279117
vt 0.574610 1.276675
vt 0.574290 1.278468
vt 0.575660 1.276299
vt 0.575340 1.278092
vt 0.576862 1.276242
vt 0.576542 1.278035
vt 0.578069 1.276510
vt 0.577749 1.278303
vt 0.579137 1.277071
vt 0.578817 1.278864
vt 0.579937 1.277857
vt 0.579617 1.279650
vt 0.580372 1.278773
vt 0.580052 1.280567
vt 0.580390 1.279710
vt 0.580070 1.281503
vt 0.579962 1.280670
vt 0.580065 1.275733
vt 0.579063 1.275877
vt 0.577880 1.275842
vt 0.576673 1.275574
vt 0.575586 1.275105
vt 0.574738 1.274551
vt 0.574239 1.273937
vt 0.574221 1.273001
vt 0.574808 1.272255
vt 0.575395 1.271509
vt 0.576446 1.271134
vt 0.577647 1.271076
vt 0.578855 1.271344
vt 0.579923 1.271905
vt 0.580723 1.272691
vt 0.581158 1.273608
vt 0.581175 1.274545
vt 0.580773 1.275387
vt 0.580089 1.272605
vt 0.581075 1.264436
vt 0.580469 1.273625
vt 0.581454 1.265456
vt 0.580731 1.274761
vt 0.581716 1.266593
vt 0.580868 1.275774
vt 0.581854 1.267605
vt 0.580734 1.276840
vt 0.581719 1.268671
vt 0.580027 1.277743
vt 0.581012 1.269575
vt 0.578854 1.278348
vt 0.579839 1.270179
vt 0.577394 1.278561
vt 0.578380 1.270392
vt 0.575870 1.278350
vt 0.576856 1.270181
vt 0.574513 1.277747
vt 0.575499 1.269578
vt 0.573530 1.276844
vt 0.574516 1.268675
vt 0.573071 1.275779
vt 0.574056 1.267610
vt 0.572899 1.274766
vt 0.573884 1.266598
vt 0.572814 1.273629
vt 0.573800 1.265461
vt 0.572882 1.272609
vt 0.573867 1.264440
vt 0.572880 1.272145
vt 0.573865 1.263977
vt 0.580205 1.273008
vt 0.581048 1.274133
vt 0.580613 1.273985
vt 0.581311 1.275272
vt 0.580875 1.275122
vt 0.581448 1.276283
vt 0.581012 1.276134
vt 0.581291 1.277524
vt 0.580872 1.277251
vt 0.580468 1.278576
vt 0.580130 1.278198
vt 0.579102 1.279280
vt 0.578901 1.278832
vt 0.577403 1.279528
vt 0.577371 1.279055
vt 0.575628 1.279282
vt 0.575774 1.278834
vt 0.574048 1.278580
vt 0.574351 1.278202
vt 0.572903 1.277529
vt 0.573321 1.277256
vt 0.572368 1.276289
vt 0.572840 1.276139
vt 0.572197 1.275277
vt 0.572668 1.275127
vt 0.572112 1.274139
vt 0.572583 1.273990
vt 0.572382 1.273141
vt 0.572692 1.273012
vt 0.572732 1.272617
vt 0.581654 1.273735
vt 0.581286 1.274064
vt 0.582493 1.274886
vt 0.582057 1.275129
vt 0.582971 1.276133
vt 0.582500 1.276283
vt 0.582763 1.277786
vt 0.582308 1.277811
vt 0.581667 1.279187
vt 0.581293 1.279108
vt 0.579848 1.280124
vt 0.579611 1.279974
vt 0.577585 1.280454
vt 0.577518 1.280280
vt 0.575221 1.280127
vt 0.575331 1.279977
vt 0.573117 1.279192
vt 0.573385 1.279112
vt 0.571593 1.277792
vt 0.571975 1.277817
vt 0.570880 1.276140
vt 0.571316 1.276289
vt 0.570978 1.274893
vt 0.571406 1.275135
vt 0.571466 1.273741
vt 0.571852 1.274070
vt 0.572146 1.272765
vt 0.580045 1.272613
vt 0.580318 1.272575
vt 0.579950 1.272141
vt 0.580346 1.272112
vt 0.580935 1.263973
vt 0.581331 1.263943
vt 0.582827 1.265131
vt 0.581842 1.273300
vt 0.583695 1.266318
vt 0.582709 1.274487
vt 0.584188 1.267604
vt 0.583203 1.275772
vt 0.583974 1.269308
vt 0.582988 1.277476
vt 0.582843 1.270753
vt 0.581857 1.278921
vt 0.580968 1.271719
vt 0.579983 1.279888
vt 0.578634 1.272059
vt 0.577649 1.280228
vt 0.576197 1.271722
vt 0.575212 1.279891
vt 0.574028 1.270758
vt 0.573042 1.278927
vt 0.572456 1.269315
vt 0.571471 1.277483
vt 0.571722 1.267611
vt 0.570736 1.275780
vt 0.571823 1.266325
vt 0.570837 1.274494
vt 0.572327 1.265138
vt 0.571342 1.273306
vt 0.581390 1.263686
vt 0.581117 1.263724
vt 0.581278 1.264118
vt 0.581580 1.263939
vt 0.581685 1.265096
vt 0.582156 1.264946
vt 0.581948 1.266233
vt 0.582419 1.266084
vt 0.582085 1.267245
vt 0.582556 1.267095
vt 0.581944 1.268362
vt 0.582400 1.268336
vt 0.581203 1.269309
vt 0.581576 1.269389
vt 0.579974 1.269943
vt 0.580211 1.270092
vt 0.578444 1.270166
vt 0.578511 1.270340
vt 0.576846 1.269945
vt 0.576736 1.270094
vt 0.575424 1.269313
vt 0.575156 1.269392
vt 0.574394 1.268366
vt 0.574012 1.268341
vt 0.573912 1.267250
vt 0.573477 1.267101
vt 0.573740 1.266238
vt 0.573305 1.266089
vt 0.573655 1.265100
vt 0.573220 1.264951
vt 0.573765 1.264123
vt 0.573492 1.263944
vt 0.581772 1.264144
vt 0.582726 1.264845
vt 0.581749 1.263870
vt 0.572475 1.272117
vt 0.572448 1.272580
vt 0.573461 1.263948
vt 0.573081 1.264149
vt 0.572096 1.272318
vt 0.573218 1.263875
vt 0.572538 1.264852
vt 0.572051 1.266003
vt 0.571953 1.267251
vt 0.572665 1.268903
vt 0.574190 1.270303
vt 0.576294 1.271238
vt 0.578657 1.271565
vt 0.580921 1.271235
vt 0.582739 1.270298
vt 0.583836 1.268896
vt 0.584044 1.267244
vt 0.583565 1.265996
vt 0.580787 1.272313
vt 0.580676 1.272760
vt 0.573805 1.263728
vt 0.580471 1.273136
vt 0.582395 1.264876
vt 0.583166 1.265941
vt 0.583609 1.267095
vt 0.583416 1.268623
vt 0.582402 1.269920
vt 0.580720 1.270787
vt 0.578626 1.271092
vt 0.576440 1.270789
vt 0.574493 1.269925
vt 0.573083 1.268630
vt 0.572424 1.267101
vt 0.572515 1.265947
vt 0.572961 1.264882
vt 0.573520 1.263691
vn -0.7194 0.0000 -0.6946
vn -0.6421 0.0000 -0.7666
vn -0.5305 0.0000 -0.8477
vn -0.3152 0.0000 -0.9490
vn -0.1323 0.0000 -0.9912
vn 0.1323 0.0000 -0.9912
vn 0.3152 0.0000 -0.9490
vn 0.5305 0.0000 -0.8477
vn 0.6421 0.0000 -0.7666
vn 0.7194 0.0000 -0.6946
vn -0.7195 0.0000 -0.6945
vn 0.7195 0.0000 -0.6945
vn 0.3478 -0.4195 -0.8385
vn 0.0165 -0.4919 -0.8705
vn 0.2222 -0.5399 -0.8119
vn 0.0077 -0.6049 -0.7963
vn 0.5305 0.1880 0.8266
vn 0.6836 0.1343 0.7174
vn 0.4181 0.2543 0.8721
vn 0.6034 0.2282 0.7641
vn 0.3860 0.3740 0.8433
vn 0.5351 0.3872 0.7509
vn 0.3631 0.5737 0.7342
vn 0.4891 0.6046 0.6287
vn -0.1239 0.9136 -0.3873
vn -0.0016 0.8717 -0.4900
vn -0.0000 0.8933 -0.4495
vn 0.1240 0.9138 -0.3868
vn 0.6066 0.7121 -0.3534
vn 0.6134 0.7129 -0.3398
vn 0.6553 0.7082 -0.2629
vn 0.5263 0.6700 0.5235
vn 0.5043 0.4426 0.7414
vn 0.2900 0.4832 0.8261
vn 0.3848 0.2193 0.8966
vn 0.1417 0.0545 0.9884
vn 0.2631 -0.2492 0.9320
vn 0.1808 -0.2559 0.9496
vn 0.1567 -0.6846 0.7119
vn 0.3605 -0.6126 0.7034
vn 0.3067 -0.9505 0.0490
vn 0.4234 -0.6208 0.6598
vn 0.4298 -0.8876 0.1659
vn 0.6140 -0.7890 0.0207
vn 0.5075 -0.5773 -0.6397
vn 0.6003 -0.7296 -0.3276
vn -0.1697 0.7365 -0.6548
vn 0.6580 0.4171 -0.6270
vn 0.5032 0.4143 -0.7584
vn 0.8105 -0.0642 -0.5822
vn 0.8089 -0.2034 -0.5517
vn 0.2674 -0.9619 0.0565
vn 0.1944 -0.9522 0.2358
vn 0.7046 -0.5193 0.4837
vn 0.1047 0.5097 0.8540
vn -0.0261 0.7048 0.7089
vn 0.0584 0.7094 0.7024
vn -0.0960 0.9406 0.3256
vn -0.0195 0.9265 0.3759
vn -0.0384 0.8254 -0.5632
vn -0.1005 0.9427 -0.3181
vn 0.0721 0.3947 -0.9160
vn 0.3819 0.7623 -0.5226
vn -0.1180 0.1754 -0.9774
vn 0.2008 -0.1979 0.9594
vn 0.4228 -0.6768 0.6027
vn 0.6412 -0.7268 -0.2462
vn 0.4767 -0.5797 -0.6608
vn -0.2030 0.8125 -0.5465
vn 0.3994 0.8981 -0.1840
vn 0.0520 0.7398 -0.6708
vn 0.5725 0.6055 -0.5528
vn 0.0466 0.4614 -0.8860
vn 0.3416 0.3868 -0.8566
vn 0.0008 0.2617 -0.9651
vn -0.1603 0.0767 -0.9841
vn 0.4487 -0.7247 0.5230
vn 0.5143 -0.8576 -0.0089
vn 0.6508 -0.7593 -0.0035
vn -0.3314 -0.7934 -0.5106
vn 0.2185 -0.8026 -0.5550
vn 0.6935 -0.4666 0.5490
vn 0.4990 -0.1807 0.8476
vn 0.3962 0.2966 -0.8689
vn 0.4437 0.0110 0.8961
vn 0.8591 0.0928 0.5032
vn 0.5026 -0.0867 0.8602
vn -0.0132 -0.9602 0.2788
vn 0.0242 -0.9707 0.2391
vn 0.0426 -0.9095 -0.4135
vn 0.0000 -0.9706 0.2408
vn 0.0003 -0.9298 -0.3681
vn -0.0160 -0.9707 0.2399
vn -0.2754 -0.8790 -0.3894
vn 0.0132 -0.9602 0.2788
vn -0.0891 0.8008 -0.5923
vn -0.1504 0.8616 -0.4849
vn -0.0392 0.8877 -0.4587
vn -0.0698 0.9432 -0.3248
vn 0.0730 0.8904 -0.4493
vn 0.1202 0.9376 -0.3262
vn 0.3951 0.8556 -0.3345
vn 0.3429 0.8918 -0.2953
vn 0.5661 0.7317 -0.3797
vn 0.5555 0.6870 -0.4685
vn 0.6685 0.6160 -0.4167
vn -0.0198 0.7720 -0.6353
vn 0.7969 -0.6041 0.0021
vn 0.9095 -0.4062 0.0884
vn 0.9205 -0.3256 0.2160
vn 0.9570 -0.1000 0.2723
vn 0.9492 -0.0875 0.3024
vn 0.9064 0.1360 0.3999
vn 0.7811 0.1440 0.6076
vn 0.8475 0.2527 0.4669
vn 0.7619 0.2359 0.6032
vn 0.8019 0.4296 0.4153
vn 0.7168 0.4213 0.5557
vn 0.6871 0.6402 0.3436
vn 0.6661 0.5781 0.4713
vn 0.4497 0.8159 0.3635
vn 0.2723 0.8230 0.4984
vn 0.0840 0.8281 0.5543
vn 0.1230 0.5631 0.8172
vn -0.0203 0.7768 0.6294
vn 0.0222 0.5508 0.8343
vn -0.1232 0.8062 0.5786
vn -0.1090 0.5907 0.7995
vn -0.3840 0.5828 0.7161
vn -0.4144 0.3405 0.8440
vn -0.5270 0.6213 0.5799
vn -0.5789 0.3948 0.7134
vn -0.6633 0.6185 0.4214
vn -0.7167 0.4213 0.5557
vn -0.6974 0.6512 0.2993
vn -0.8181 0.4209 0.3919
vn -0.7147 0.6782 0.1710
vn -0.8234 0.5001 0.2683
vn -0.7093 0.7048 -0.0112
vn -0.8355 0.5247 0.1633
vn 0.7432 -0.1395 -0.6544
vn 0.7537 -0.0046 -0.6572
vn 0.6776 0.1175 -0.7260
vn 0.6943 0.2123 -0.6876
vn 0.5895 0.1401 -0.7956
vn 0.8522 0.0720 -0.5183
vn 0.7443 0.0124 -0.6677
vn 0.7974 -0.3553 -0.4878
vn 0.6892 -0.4085 -0.5985
vn 0.6942 -0.5837 -0.4212
vn 0.5321 -0.6171 -0.5797
vn 0.6828 -0.6660 -0.3004
vn 0.6291 -0.6692 -0.3955
vn 0.6965 -0.6648 -0.2701
vn 0.6910 -0.6617 -0.2910
vn 0.5685 0.8076 -0.1566
vn 0.3944 0.8908 -0.2257
vn 0.2473 0.9603 -0.1289
vn 0.1228 0.9467 -0.2976
vn 0.1963 0.9589 -0.2048
vn 0.1574 0.9054 -0.3942
vn 0.2697 0.9195 -0.2859
vn 0.3112 0.8378 -0.4486
vn 0.1243 0.9369 -0.3268
vn 0.4059 0.2739 -0.8719
vn 0.7596 0.1159 -0.6400
vn 0.7164 0.3447 -0.6066
vn 0.8655 0.1042 -0.4899
vn 0.8789 0.1082 -0.4645
vn 0.3482 0.4424 -0.8264
vn -0.2081 0.3768 -0.9026
vn -0.1521 0.1840 -0.9711
vn -0.3894 0.0843 -0.9172
vn -0.2426 -0.0602 -0.9683
vn -0.1124 0.0427 -0.9928
vn 0.1571 0.0370 -0.9869
vn 0.1244 0.2448 -0.9616
vn 0.5082 0.3162 -0.8011
vn 0.6347 0.2851 -0.7182
vn 0.7256 0.4499 -0.5207
vn 0.8776 0.2572 -0.4046
vn 0.6702 -0.0815 -0.7377
vn 0.3632 0.2257 -0.9040
vn 0.1562 0.4185 -0.8947
vn -0.0658 0.2306 -0.9708
vn -0.1673 0.1611 -0.9727
vn -0.0687 0.4401 -0.8953
vn 0.0618 0.6804 -0.7303
vn 0.1882 0.1529 -0.9702
vn 0.1474 -0.1241 -0.9813
vn 0.0705 -0.4967 -0.8651
vn 0.4880 -0.4375 -0.7553
vn 0.5498 0.0600 -0.8331
vn 0.6182 -0.3580 -0.6998
vn 0.5628 -0.3290 -0.7583
vn 0.6554 0.2599 -0.7092
vn 0.5958 0.6599 -0.4578
vn 0.8731 0.4409 -0.2082
vn 0.3737 0.8222 0.4294
vn 0.7976 0.4827 -0.3616
vn 0.5629 -0.7650 -0.3130
vn 0.6847 -0.6240 -0.3766
vn 0.5125 -0.6800 -0.5243
vn 0.3906 -0.7080 -0.5884
vn 0.4841 -0.5149 -0.7075
vn 0.6871 -0.4175 -0.5947
vn 0.5872 -0.4395 -0.6798
vn 0.1347 0.3853 -0.9129
vn -0.0015 0.4842 -0.8749
vn 0.5311 -0.4447 -0.7212
vn 0.3604 0.5499 -0.7535
vn 0.6863 -0.2736 -0.6739
vn 0.7185 0.5423 -0.4355
vn 0.7966 -0.0770 -0.5995
vn 0.7089 0.1089 -0.6969
vn 0.3952 -0.7535 -0.5255
vn 0.2749 -0.5671 -0.7764
vn 0.2750 -0.7502 -0.6013
vn 0.1222 -0.6664 -0.7355
vn 0.5319 -0.3117 -0.7874
vn 0.6160 -0.3574 -0.7020
vn 0.9185 0.2500 -0.3064
vn 0.7441 -0.2450 -0.6215
vn 0.8550 0.1680 -0.4907
vn 0.8117 -0.1621 -0.5612
vn 0.3661 -0.3761 -0.8512
vn -0.0507 0.9175 -0.3945
vn -0.0720 0.9553 -0.2868
vn -0.0933 0.8768 -0.4717
vn 0.0000 0.9585 -0.2851
vn 0.0720 0.9553 -0.2868
vn 0.0704 0.9665 -0.2470
vn -0.0168 0.7887 -0.6145
vn 0.6255 0.2308 -0.7453
vn 0.7151 -0.1019 -0.6916
vn 0.4771 -0.0309 -0.8783
vn 0.6239 -0.3350 -0.7061
vn 0.5314 -0.2819 -0.7988
vn 0.4529 -0.8588 -0.2393
vn 0.3728 -0.8703 -0.3217
vn 0.8809 -0.0494 0.4708
vn 0.8563 0.2701 0.4403
vn 0.9178 0.1176 0.3793
vn 0.9099 0.3678 0.1921
vn 0.8896 0.3031 0.3417
vn 0.8053 0.5710 0.1598
vn 0.8232 0.4998 0.2692
vn 0.6994 0.7139 0.0346
vn 0.7238 0.6723 0.1556
vn 0.6211 0.7835 -0.0200
vn 0.6133 0.7837 0.0982
vn 0.4367 0.8996 0.0058
vn 0.2555 0.9442 0.2078
vn 0.3571 0.9338 -0.0214
vn 0.1981 0.9738 0.1118
vn 0.3711 0.9284 -0.0165
vn 0.8708 -0.4169 -0.2606
vn 0.8588 -0.4729 0.1969
vn 0.9785 -0.1501 0.1417
vn 0.7298 -0.2920 0.6182
vn 0.7308 -0.4390 0.5226
vn 0.4076 -0.4808 0.7763
vn 0.4273 -0.5365 0.7277
vn 0.2036 -0.6267 0.7522
vn 0.8037 -0.4588 -0.3789
vn 0.7609 -0.6125 -0.2141
vn 0.7903 -0.5972 -0.1372
vn 0.7897 -0.5019 0.3527
vn 0.6666 -0.5482 0.5050
vn 0.6918 -0.3787 0.6149
vn 0.3612 -0.5269 0.7694
vn 0.5125 -0.0754 0.8554
vn 0.1659 -0.5486 0.8195
vn 0.2255 -0.1704 0.9592
vn -0.0346 -0.4763 0.8786
vn 0.1019 -0.1987 0.9747
vn -0.3252 -0.1631 0.9315
vn -0.2343 0.1821 0.9550
vn -0.5125 -0.1668 0.8423
vn -0.5381 0.1273 0.8332
vn -0.7326 -0.0625 0.6777
vn -0.6847 0.1326 0.7167
vn -0.8637 -0.0671 0.4995
vn -0.8148 0.0672 0.5758
vn -0.9522 -0.0719 0.2969
vn -0.9057 0.0693 0.4183
vn 0.8356 -0.2754 -0.4754
vn 0.9206 -0.2060 -0.3318
vn 0.9953 -0.0911 0.0315
vn 0.8269 -0.0678 0.5582
vn 0.4597 -0.2821 0.8421
vn 0.1667 -0.4555 0.8745
vn 0.0233 -0.5574 0.8299
vn 0.0118 -0.6736 0.7390
vn -0.1821 -0.6361 0.7498
vn -0.2176 -0.5433 0.8108
vn -0.4608 -0.5275 0.7137
vn -0.6868 -0.4023 0.6054
vn -0.8483 -0.3951 0.3526
vn -0.9267 -0.3314 0.1774
vn -0.9552 -0.0973 0.2796
vn -0.9149 0.1238 0.3843
vn -0.8969 0.2928 0.3315
vn -0.9079 0.3772 0.1826
vn -0.7897 0.6135 0.0014
vn -0.7088 0.7054 -0.0050
vn -0.6230 0.7821 -0.0133
vn -0.6433 0.7656 -0.0041
vn -0.4783 0.8782 -0.0043
vn -0.6482 0.7533 -0.1114
vn -0.4698 0.8715 -0.1407
vn -0.6247 0.7463 -0.2297
vn -0.4723 0.8440 -0.2542
vn -0.3876 0.8933 -0.2274
vn -0.1710 0.9296 -0.3266
vn -0.0537 0.9121 -0.4064
vn 0.0120 0.9033 -0.4288
vn 0.0194 0.8970 -0.4416
vn -0.0000 0.8936 -0.4488
vn 0.0617 0.8921 -0.4477
vn 0.0000 0.8782 -0.4784
vn 0.8594 -0.0996 -0.5015
vn 0.8613 0.4814 0.1626
vn 0.7537 0.6355 0.1673
vn 0.8150 0.5795 -0.0061
vn 0.7308 0.6824 -0.0164
vn 0.7887 0.6123 0.0546
vn 0.9083 0.3820 0.1705
vn 0.8277 0.4118 0.3813
vn 0.7088 0.7054 -0.0050
vn 0.6433 0.7656 -0.0041
vn 0.4942 0.8693 -0.0022
vn 0.8774 0.4733 0.0785
vn 0.7865 0.6176 -0.0026
vn 0.6887 0.7188 -0.0953
vn 0.6513 0.7489 -0.1223
vn 0.4513 0.8782 -0.1585
vn 0.1402 0.9871 -0.0771
vn 0.1215 0.9708 0.2070
vn 0.1825 0.9236 0.3371
vn 0.0650 0.9812 0.1816
vn 0.0947 0.9319 0.3501
vn 0.0154 0.9885 0.1506
vn 0.0049 0.9299 0.3679
vn -0.0744 0.9807 0.1809
vn -0.0931 0.9370 0.3367
vn -0.1652 0.9666 0.1960
vn -0.1774 0.9318 0.3168
vn -0.2342 0.9643 0.1232
vn -0.2854 0.9452 0.1584
vn -0.3822 0.9240 0.0127
vn -0.4392 0.8984 0.0033
vn -0.4108 0.9115 0.0179
vn -0.3497 0.9356 -0.0491
vn -0.1402 0.9871 -0.0771
vn -0.1575 0.9491 -0.2728
vn -0.0301 0.9873 -0.1558
vn -0.0172 0.9313 -0.3638
vn 0.0272 0.9799 -0.1977
vn 0.0019 0.9265 -0.3763
vn 0.0527 0.9833 -0.1740
vn 0.0266 0.9286 -0.3701
vn 0.2141 0.9189 -0.3315
vn 0.0142 0.9181 -0.3961
vn 0.1806 0.9262 -0.3311
vn 0.8640 -0.0672 0.4990
vn 0.2166 -0.0669 0.9740
vn 0.1719 -0.1667 0.9709
vn -0.0000 -0.0489 0.9988
vn -0.0287 -0.1199 0.9924
vn -0.1659 -0.1324 0.9772
vn -0.1553 -0.2866 0.9454
vn -0.4956 -0.1102 0.8616
vn -0.4524 -0.2991 0.8401
vn -0.8186 -0.0664 0.5704
vn -0.7322 -0.2928 0.6150
vn -0.9808 -0.1944 0.0149
vn 0.2440 0.2224 0.9439
vn 0.1427 0.3599 0.9220
vn 0.1635 0.3247 0.9316
vn 0.0046 0.3000 0.9539
vn -0.0150 0.1372 0.9904
vn -0.1268 0.8746 -0.4679
vn 0.0341 0.9379 0.3452
vn 0.1463 0.6633 0.7340
vn 0.2471 0.4604 0.8526
vn 0.2951 0.1803 0.9383
vn 0.3423 0.4775 0.8092
vn 0.2554 0.3168 0.9134
vn 0.5213 0.4048 0.7512
vn 0.6093 0.0831 0.7885
vn 0.8151 0.3095 0.4897
vn 0.7677 0.1252 0.6285
vn 0.9682 0.1634 -0.1893
vn 0.9056 -0.3936 -0.1583
vn 0.5023 0.0861 -0.8604
vn 0.7821 -0.6131 -0.1119
vn 0.3206 -0.5093 -0.7986
vn -0.3436 -0.3082 -0.8871
vn -0.0837 -0.7947 -0.6012
vn 0.1155 -0.9741 -0.1943
vn 0.4064 -0.7907 0.4578
vn 0.2903 -0.7860 0.5458
vn 0.4222 -0.2254 0.8780
vn 0.4910 -0.6958 0.5241
vn 0.4231 -0.2890 0.8588
vn 0.2417 -0.2766 0.9301
vn 0.1402 0.1257 0.9821
vn 0.0469 0.4432 0.8952
vn 0.3337 0.6870 0.6455
vn 0.3544 0.8858 0.2997
vn 0.3022 0.9360 -0.1807
vn 0.7300 0.5903 -0.3444
vn 0.3459 0.6950 -0.6304
vn 0.2930 0.4252 -0.8564
vn 0.2574 0.2782 -0.9254
vn 0.2716 -0.2685 -0.9242
vn 0.2326 -0.3414 -0.9107
vn 0.2152 -0.5534 -0.8046
vn 0.0043 -0.4856 -0.8741
vn 0.0362 -0.6195 -0.7841
vn -0.1398 -0.5002 -0.8546
vn 0.0048 -0.8580 -0.5137
vn -0.3751 -0.2678 -0.8875
vn -0.2929 -0.5142 -0.8061
vn -0.3825 -0.1613 -0.9098
vn -0.3759 -0.4346 -0.8184
vn -0.3468 -0.1902 -0.9184
vn -0.4936 -0.1885 -0.8490
vn -0.1967 0.5725 -0.7959
vn -0.4589 0.4487 -0.7668
vn -0.3764 0.4961 -0.7824
vn -0.4729 0.2539 -0.8437
vn -0.4713 0.6195 -0.6278
vn -0.4562 0.3790 -0.8051
vn -0.1963 0.6433 -0.7400
vn -0.0854 0.2689 -0.9594
vn 0.5204 -0.0668 -0.8513
vn 0.6237 -0.4001 -0.6715
vn 0.6119 -0.1933 -0.7669
vn 0.5396 0.0092 -0.8419
vn 0.6106 0.1112 -0.7841
vn 0.5362 0.4953 -0.6835
vn 0.7714 0.5124 -0.3773
vn 0.7716 0.5776 -0.2665
vn -0.4990 0.1561 -0.8524
vn -0.3843 0.1917 -0.9031
vn -0.3808 0.1808 -0.9068
vn -0.3885 0.1715 -0.9054
vn -0.4171 0.1103 -0.9022
vn -0.3815 -0.0100 -0.9243
vn -0.4110 -0.3395 -0.8461
vn -0.3757 -0.0976 -0.9216
vn -0.3714 -0.3139 -0.8738
vn -0.4056 -0.1343 -0.9041
vn -0.1403 -0.5636 -0.8141
vn -0.1358 -0.2811 -0.9500
vn 0.0174 -0.6102 -0.7920
vn 0.3087 -0.2261 -0.9239
vn 0.3067 -0.6588 -0.6869
vn 0.4799 -0.4641 -0.7445
vn -0.4631 -0.1880 -0.8661
vn -0.5403 0.0397 -0.8406
vn -0.4818 -0.1704 -0.8596
vn -0.4183 0.0472 -0.9071
vn -0.3705 -0.0500 -0.9275
vn -0.4035 0.1865 -0.8958
vn -0.3991 0.1284 -0.9079
vn -0.4061 0.1051 -0.9077
vn 0.7147 -0.4080 -0.5681
vn 0.6796 -0.4019 -0.6136
vn 0.7575 -0.3749 -0.5345
vn 0.5456 -0.4030 -0.7348
vn 0.6851 -0.1203 -0.7184
vn 0.6003 -0.3195 -0.7332
vn 0.6942 0.1723 -0.6989
vn 0.3554 -0.2922 -0.8879
vn 0.1373 0.0861 -0.9868
vn 0.6200 0.2783 -0.7336
vn 0.8846 0.1250 -0.4493
vn 0.3312 0.4860 -0.8088
vn 0.5063 0.2437 -0.8272
vn 0.0972 -0.1773 -0.9793
vn -0.1764 -0.2122 -0.9612
vn -0.2779 -0.0674 -0.9582
vn -0.2954 -0.1198 -0.9478
vn -0.2378 0.3360 -0.9114
vn 0.1032 0.1489 -0.9835
vn 0.4213 0.5038 -0.7541
vn 0.6014 0.7315 -0.3214
vn 0.2317 0.7600 -0.6073
vn 0.3157 0.7410 -0.5927
vn 0.0816 0.7917 -0.6054
vn 0.6369 0.5683 -0.5209
vn 0.7909 0.4259 -0.4395
vn 0.8549 0.5140 -0.0705
vn 0.7927 0.5550 -0.2520
vn 0.6706 0.7344 -0.1048
vn 0.4164 0.7986 -0.4346
vn 0.4674 0.3061 -0.8294
vn 0.1063 0.7743 -0.6238
vn -0.0160 0.3293 -0.9441
vn -0.1047 0.7601 -0.6413
vn 0.1251 0.5410 -0.8317
vn 0.3016 0.4403 -0.8457
vn 0.0519 0.1691 -0.9842
vn 0.2673 -0.0212 -0.9634
vn 0.0723 -0.2575 -0.9636
vn -0.0185 -0.2722 -0.9621
vn 0.0796 -0.0128 -0.9967
vn -0.1195 -0.1496 -0.9815
vn 0.1834 -0.1208 -0.9756
vn 0.4844 -0.0246 -0.8745
vn 0.7888 0.2760 -0.5493
vn 0.9528 0.2672 -0.1442
vn 0.9573 0.1700 -0.2339
vn 0.8739 0.3990 -0.2776
vn 0.8530 0.2476 -0.4594
vn 0.7240 0.3483 -0.5954
vn 0.7968 0.1933 -0.5725
vn 0.6777 0.1696 -0.7155
vn 0.8258 0.0635 -0.5605
vn 0.7131 0.1194 -0.6908
vn 0.8332 -0.1658 -0.5275
vn 0.7811 -0.0695 -0.6205
vn 0.7638 -0.4351 -0.4767
vn -0.1900 0.1109 -0.9755
vn -0.1502 0.1030 -0.9833
vn 0.1442 -0.0984 -0.9846
vn 0.1823 0.4911 -0.8518
vn 0.1955 0.4627 -0.8647
vn 0.3358 0.2239 -0.9149
vn 0.2485 0.2129 -0.9449
vn 0.8959 0.0948 -0.4341
vn 0.7603 0.1912 -0.6208
vn 0.7767 -0.0812 -0.6247
vn 0.5685 -0.0390 -0.8218
vn 0.6500 0.1522 -0.7445
vn 0.3193 0.2391 -0.9170
vn 0.4401 0.2130 -0.8723
vn 0.0789 0.3074 -0.9483
vn 0.8220 -0.1672 -0.5444
vn 0.7632 0.0279 -0.6456
vn 0.8288 -0.0839 -0.5533
vn 0.7980 0.0562 -0.6000
vn 0.7534 -0.2765 -0.5966
vn 0.7494 -0.2678 -0.6055
vn 0.7639 -0.2563 -0.5923
vn 0.1614 -0.5153 0.8417
vn 0.6596 -0.5433 -0.5194
vn 0.7893 -0.1215 -0.6018
vn 0.8790 -0.0003 -0.4769
vn 0.8795 0.1825 -0.4395
vn 0.8148 0.1426 -0.5620
vn 0.8763 0.0920 -0.4729
vn 0.8231 0.1119 -0.5567
vn -0.0011 -0.0044 -1.0000
vn -0.0292 0.0890 -0.9956
vn 0.1572 0.2841 -0.9458
vn -0.0427 -0.0506 -0.9978
vn -0.6580 0.0460 -0.7517
vn -0.1909 0.3110 -0.9310
vn 0.4341 0.1653 -0.8856
vn 0.5707 0.4561 -0.6828
vn 0.8227 0.1415 -0.5505
vn 0.5780 -0.4018 -0.7103
vn 0.7067 0.1104 -0.6989
vn 0.7247 -0.1168 -0.6791
vn -0.4280 -0.6248 -0.6530
vn -0.1758 -0.4702 -0.8649
vn 0.3316 -0.4959 -0.8026
vn 0.5153 -0.0562 -0.8551
vn 0.6446 -0.2033 -0.7370
vn 0.3378 -0.2177 -0.9157
vn 0.6855 -0.0521 -0.7262
vn 0.6479 -0.2480 -0.7202
vn 0.8238 -0.1033 -0.5573
vn 0.8600 -0.2040 -0.4677
vn 0.8826 -0.1912 -0.4295
vn 0.9360 -0.0794 -0.3428
vn 0.4657 0.2454 -0.8502
vn 0.4670 0.0548 -0.8826
vn 0.1680 -0.1343 -0.9766
vn 0.0986 -0.0546 -0.9936
vn 0.7095 -0.1482 -0.6889
vn 0.9320 0.0205 -0.3619
vn 0.7963 0.1651 -0.5819
vn 0.8024 -0.4799 -0.3548
vn 0.7812 -0.5926 -0.1965
vn 0.7918 -0.5969 -0.1293
vn 0.6507 0.7099 -0.2694
vn 0.7282 0.6694 -0.1471
vn 0.7015 0.6581 -0.2736
vn 0.6467 0.7357 -0.2015
vn 0.4766 0.7341 -0.4837
vn 0.6614 0.6958 -0.2799
vn 0.6178 0.6944 -0.3688
vn 0.5059 0.6938 -0.5125
vn 0.3337 0.7552 -0.5642
vn 0.1958 0.8059 -0.5587
vn 0.0875 0.8166 -0.5706
vn -0.0265 0.8161 -0.5773
vn -0.0751 0.8238 -0.5619
vn -0.0260 0.7981 -0.6020
vn 0.4949 0.8356 -0.2382
vn 0.6556 0.7197 -0.2283
vn 0.6775 0.7082 -0.1986
vn 0.7957 0.5955 -0.1102
vn 0.0026 0.9129 -0.4081
vn -0.0216 0.9194 -0.3926
vn -0.2351 0.9277 -0.2901
vn 0.1495 -0.9688 -0.1976
vn 0.0596 -0.9915 -0.1159
vn 0.1447 -0.9780 0.1502
vn 0.0920 -0.8963 -0.4339
vn 0.1932 -0.6552 -0.7303
vn 0.3760 -0.9079 -0.1850
vn 0.7564 -0.2703 0.5956
vn 0.5981 -0.0204 0.8011
vn -0.4513 0.0870 -0.8881
vn -0.2669 0.0172 -0.9636
vn -0.2137 -0.1438 -0.9663
vn -0.4055 -0.1955 -0.8930
vn -0.3510 -0.3190 -0.8804
vn -0.3649 -0.2922 -0.8840
vn -0.2226 -0.2545 -0.9411
vn -0.0462 -0.2382 -0.9701
vn 0.2256 -0.1583 -0.9613
vn 0.2720 -0.2499 -0.9293
vn 0.5003 -0.4046 -0.7655
vn 0.2327 -0.6595 -0.7148
vn 0.5983 -0.5198 -0.6098
vn 0.7404 -0.4743 -0.4762
vn 0.7981 -0.4979 -0.3393
vn 0.8268 -0.5556 -0.0878
vn 0.8460 -0.5300 -0.0586
vn 0.8961 -0.4102 0.1692
vn 0.8999 -0.4255 0.0955
vn 0.8875 -0.3902 0.2450
vn 0.9381 -0.1591 0.3077
vn 0.4266 0.9043 -0.0158
vn -0.0318 0.7895 -0.6129
vn -0.0000 0.7851 -0.6193
vn 0.0000 0.8136 -0.5814
vn 0.0318 0.7895 -0.6129
vn 0.6531 0.7393 -0.1642
vn 0.5950 0.7876 -0.1602
vn 0.5123 0.7526 -0.4136
vn 0.5522 0.7608 -0.3410
vn 0.2050 0.7948 -0.5712
vn 0.0405 0.7358 -0.6760
vn -0.0485 0.7801 -0.6238
vn 0.0000 0.7429 -0.6694
vn 0.1710 0.9296 -0.3266
vn 0.0537 0.9121 -0.4064
vn -0.0120 0.9033 -0.4288
vn -0.0194 0.8970 -0.4416
vn -0.0617 0.8921 -0.4477
vn 0.3876 0.8933 -0.2274
vn 0.5754 0.8145 -0.0743
vn 0.6642 0.7247 -0.1832
vn 0.7595 0.6439 -0.0921
vn 0.7660 0.6418 -0.0352
vn 0.4001 -0.2752 -0.8742
vn 0.2304 -0.2531 -0.9396
vn 0.2972 -0.6728 -0.6775
vn 0.0460 -0.2793 -0.9591
vn -0.0447 -0.6772 -0.7344
vn -0.2633 -0.6682 -0.6958
vn -0.0197 -0.9553 -0.2949
vn -0.2632 -0.9075 -0.3275
vn 0.5315 -0.6876 -0.4946
vn 0.6645 -0.6060 -0.4373
vn 0.3930 -0.6934 -0.6039
vn 0.5737 -0.4693 -0.6713
vn 0.5594 -0.2641 -0.7857
vn 0.7111 -0.7019 0.0406
vn 0.7704 -0.6233 0.1343
vn 0.8403 -0.3830 0.3836
vn 0.7194 0.0038 0.6946
vn 0.7123 0.1444 -0.6869
vn 0.2153 -0.8496 -0.4814
vn 0.0604 -0.8405 -0.5385
vn -0.0360 -0.9149 -0.4020
vn 0.4232 -0.3166 -0.8489
vn 0.5538 -0.4897 -0.6734
vn 0.1981 -0.2853 0.9377
vn -0.0237 -0.2938 0.9556
vn -0.1263 -0.5043 0.8542
vn -0.4038 -0.4843 0.7761
vn -0.7308 -0.4390 0.5226
vn -0.8967 -0.4327 0.0930
vn -0.8708 -0.4169 -0.2606
vn -0.8297 -0.5532 -0.0749
vn -0.7609 -0.6125 -0.2141
vn 0.1093 -0.6285 -0.7701
vn 0.1807 -0.7091 -0.6816
vn 0.0329 -0.5095 -0.8598
vn 0.2863 -0.1545 -0.9456
vn 0.6522 0.3376 -0.6787
vn 0.7821 0.1993 -0.5904
vn 0.4726 -0.6094 -0.6366
vn 0.4073 -0.6487 -0.6428
vn 0.5119 -0.6882 -0.5142
vn 0.5752 -0.6025 -0.5533
vn 0.7314 -0.5731 -0.3697
vn 0.7727 -0.4480 -0.4497
vn 0.6527 -0.6479 -0.3926
vn 0.7259 -0.4435 -0.5257
vn 0.3297 -0.6279 -0.7050
vn 0.3545 -0.2229 -0.9081
vn -0.0230 -0.3999 -0.9163
vn 0.0014 -0.1664 -0.9861
vn -0.3718 -0.2614 -0.8907
vn -0.3326 -0.3767 -0.8646
vn -0.6556 -0.3343 -0.6771
vn -0.5654 -0.4765 -0.6733
vn 0.5098 0.1623 -0.8448
vn 0.2527 0.1282 -0.9590
vn 0.0834 -0.1991 -0.9764
vn 0.0457 -0.2814 -0.9585
vn 0.4134 -0.1485 -0.8983
vn 0.4311 0.2941 -0.8530
vn 0.2881 0.0516 -0.9562
vn 0.1629 -0.4159 -0.8947
vn 0.3698 -0.7475 -0.5518
vn 0.3279 -0.2390 0.9140
vn 0.5688 0.1521 0.8083
vn 0.4350 -0.5968 0.6742
vn -0.3023 -0.5467 -0.7808
vn -0.0914 -0.1878 -0.9779
vn 0.0083 0.0771 -0.9970
vn -0.1352 0.1952 -0.9714
vn 0.3186 -0.2596 -0.9116
vn -0.0334 0.2778 -0.9601
vn 0.5602 -0.2364 0.7939
vn -0.3131 0.1161 -0.9426
vn 0.8451 0.4865 -0.2215
vn 0.4664 0.7151 0.5207
vn 0.5275 0.6365 0.5627
vn 0.3897 0.5692 0.7240
vn 0.5633 0.7672 0.3067
vn 0.4224 0.7913 0.4421
vn 0.3424 0.9378 -0.0579
vn 0.7509 -0.1242 0.6486
vn 0.6008 0.0403 0.7984
vn -0.0129 0.3869 0.9220
vn 0.7690 0.1123 -0.6293
vn 0.3911 -0.2548 -0.8844
vn 0.1711 -0.4446 -0.8792
vn 0.4809 -0.5297 -0.6986
vn 0.2471 -0.6105 -0.7525
vn 0.3377 -0.3992 -0.8524
vn 0.2014 -0.4554 -0.8672
vn 0.1718 0.0072 -0.9851
vn 0.0950 -0.2453 -0.9648
vn -0.0187 -0.3764 -0.9263
vn 0.6310 -0.7737 -0.0566
vn -0.1654 0.3249 0.9312
vn -0.1425 0.3600 0.9220
vn -0.1270 0.2109 -0.9692
vn -0.2024 0.1285 -0.9708
vn -0.1554 -0.3993 -0.9036
vn -0.3324 0.7862 -0.5209
vn 0.0083 0.9569 -0.2904
vn 0.0370 0.9398 -0.3396
vn 0.0919 0.9500 -0.2983
vn -0.0616 0.9911 -0.1184
vn 0.5894 -0.2846 -0.7560
vn 0.7821 -0.2857 -0.5538
vn 0.6055 -0.3343 -0.7222
vn 0.2124 -0.3550 -0.9104
vn 0.0162 -0.3319 -0.9432
vn -0.2884 -0.3556 -0.8890
vn -0.0584 -0.0002 -0.9983
vn -0.0016 0.3790 -0.9254
vn 0.1757 -0.3799 -0.9082
vn 0.4163 -0.7593 -0.5002
vn 0.7568 -0.6070 -0.2423
vn 0.5334 -0.6072 -0.5889
vn 0.5901 -0.1353 -0.7959
vn 0.4150 -0.6474 -0.6393
vn 0.7024 -0.5777 -0.4159
vn 0.9083 -0.3005 -0.2909
vn 0.6624 -0.0340 -0.7484
vn 0.5240 -0.3296 -0.7854
vn 0.3741 -0.2630 -0.8893
vn -0.0143 -0.3951 -0.9185
vn -0.0523 -0.4257 -0.9034
vn -0.3690 -0.2873 -0.8839
vn -0.0935 0.0730 -0.9929
vn -0.3625 0.1843 -0.9136
vn -0.2321 0.2842 -0.9302
vn -0.5685 -0.0390 -0.8218
vn -0.6500 0.1522 -0.7445
vn -0.7795 0.1585 -0.6060
vn -0.6315 0.2026 -0.7485
vn -0.7956 0.2044 -0.5703
vn -0.6936 -0.1514 -0.7043
vn -0.6797 -0.1396 -0.7200
vn -0.6976 -0.3055 -0.6481
vn -0.5894 -0.2846 -0.7560
vn -0.4370 -0.8665 -0.2414
vn -0.5042 -0.7801 -0.3705
vn -0.4953 -0.2657 -0.8271
vn -0.1126 0.0254 -0.9933
vn 0.2073 -0.0594 -0.9765
vn -0.0098 0.7228 -0.6910
vn -0.0041 0.4558 -0.8901
vn -0.0045 0.7134 -0.7008
vn 0.0581 0.4543 -0.8889
vn 0.2964 -0.8481 -0.4392
vn -0.0085 -0.4425 -0.8967
vn -0.0103 -0.7261 -0.6875
vn 0.5777 0.8069 0.1233
vn 0.3574 0.6514 -0.6693
vn 0.5106 0.6937 -0.5081
vn 0.3130 0.9008 -0.3010
vn 0.0800 0.7855 -0.6137
vn 0.1504 0.8616 -0.4849
vn 0.0392 0.8877 -0.4587
vn 0.0698 0.9432 -0.3248
vn -0.0730 0.8904 -0.4493
vn -0.1202 0.9376 -0.3262
vn -0.3951 0.8556 -0.3345
vn -0.3429 0.8918 -0.2953
vn -0.5661 0.7317 -0.3797
vn -0.5555 0.6870 -0.4685
vn -0.5782 0.7266 -0.3711
vn -0.6685 0.6160 -0.4167
vn -0.6553 0.7082 -0.2629
vn 0.2300 -0.9081 -0.3499
vn 0.4709 -0.5214 -0.7116
vn 0.4069 -0.6163 -0.6742
vn 0.4200 -0.8258 -0.3764
vn 0.2389 -0.9557 -0.1718
vn 0.2934 -0.8404 -0.4557
vn -0.0034 -0.9868 -0.1621
vn -0.0115 -0.8785 -0.4776
vn -0.2559 -0.9486 -0.1865
vn -0.3869 -0.8536 -0.3489
vn -0.5627 -0.7651 -0.3131
vn -0.6478 -0.6614 -0.3779
vn -0.7383 -0.5653 -0.3678
vn -0.7111 -0.4602 -0.5316
vn -0.7744 -0.4623 -0.4320
vn -0.7586 -0.3707 -0.5358
vn -0.4876 -0.6457 -0.5876
vn -0.6614 -0.4080 -0.6294
vn -0.5106 -0.5775 -0.6369
vn -0.4688 -0.5201 -0.7139
vn -0.4138 -0.6660 -0.6206
vn -0.4567 -0.5378 -0.7086
vn -0.4088 -0.6313 -0.6590
vn -0.7147 -0.3978 -0.5753
vn -0.6908 -0.4114 -0.5946
vn -0.7761 -0.2751 -0.5674
vn -0.7780 -0.0570 -0.6257
vn -0.4927 0.6769 -0.5469
vn 0.0616 0.9911 -0.1184
vn -0.4744 0.3773 -0.7954
vn -0.0919 0.9500 -0.2983
vn -0.0682 0.6871 -0.7234
vn -0.0370 0.9398 -0.3397
vn -0.2299 0.3909 -0.8913
vn -0.0083 0.9569 -0.2904
vn 0.0000 0.9631 -0.2692
vn 0.4831 -0.5371 -0.6915
vn 0.4567 -0.5378 -0.7086
vn 0.6995 0.7136 0.0378
vn -0.4623 0.0026 -0.8867
vn 0.3874 0.4184 -0.8215
vn 0.0726 0.4025 -0.9125
vn -0.0000 0.3500 -0.9367
vn -0.0726 0.4025 -0.9125
vn 0.3230 0.2438 -0.9145
vn 0.0721 0.2030 -0.9765
vn -0.0041 0.0797 -0.9968
vn -0.0037 -0.0342 -0.9994
vn 0.0187 0.1915 -0.9813
vn 0.0026 0.5628 -0.8266
vn -0.0582 0.8269 -0.5593
vn 0.1902 0.6423 -0.7425
vn 0.2632 0.7381 -0.6212
vn -0.1841 0.8531 -0.4882
vn -0.3204 0.4469 -0.8352
vn -0.2971 0.3758 -0.8778
vn -0.2910 -0.2864 -0.9129
vn -0.3553 -0.4820 -0.8009
vn 0.0507 0.4134 -0.9091
vn -0.1088 0.3459 -0.9319
vn -0.2785 0.4665 -0.8395
vn -0.1824 0.0464 -0.9821
vn -0.1440 0.0504 -0.9883
vn -0.1000 -0.1317 -0.9862
vn -0.0640 -0.2306 -0.9710
vn 0.1959 0.7636 -0.6153
vn -0.0000 0.2381 -0.9713
vn -0.0301 0.2037 -0.9786
vn -0.0023 0.1054 -0.9944
vn 0.1720 0.4893 -0.8550
vn 0.1786 -0.4179 -0.8907
vn -0.0489 -0.2902 -0.9557
vn -0.0544 0.0446 -0.9975
vn -0.4455 -0.4230 -0.7890
vn -0.5677 -0.3318 -0.7534
vn -0.9158 -0.2560 -0.3096
vn -0.7219 0.0515 -0.6900
vn -0.7082 0.0390 -0.7050
vn -0.1666 0.4055 -0.8988
vn -0.0593 0.2512 -0.9661
vn -0.1005 -0.0419 -0.9941
vn -0.2000 -0.6095 -0.7672
vn -0.4250 -0.3379 -0.8397
vn -0.1447 -0.6498 -0.7462
vn -0.6422 -0.0677 -0.7635
vn -0.2416 -0.7533 -0.6117
vn -0.6355 -0.3354 -0.6954
vn -0.2869 -0.4865 -0.8253
vn -0.3452 0.5682 -0.7470
vn -0.2355 0.4830 -0.8433
vn -0.0058 0.4772 -0.8788
vn 0.0014 0.8137 -0.5812
vn 0.5416 0.4996 -0.6760
vn 0.8980 0.3871 -0.2093
vn 0.1216 0.0880 -0.9887
vn 0.8312 -0.3041 -0.4654
vn 0.7873 -0.0446 -0.6150
vn 0.8038 -0.0333 -0.5939
vn 0.7856 -0.1704 -0.5948
vn 0.8296 -0.1173 -0.5459
vn 0.0120 0.7237 -0.6901
vn -0.0581 0.4543 -0.8889
vn -0.3874 0.4184 -0.8215
vn -0.0633 0.1932 -0.9791
vn 0.1005 -0.0420 -0.9941
vn 0.1463 0.4946 -0.8567
vn -0.2273 -0.5756 -0.7855
vn -0.3283 -0.2188 -0.9189
vn -0.4841 -0.5108 -0.7104
vn -0.3319 -0.4404 -0.8342
vn -0.6998 -0.3052 -0.6458
vn 0.0490 0.9007 -0.4316
vn -0.1421 0.9311 -0.3360
vn -0.0702 0.9665 -0.2470
vn -0.2696 0.9196 -0.2859
vn -0.2835 -0.2623 -0.9224
vn -0.9970 -0.0734 0.0256
vn -0.4177 0.2633 0.8696
vn -0.6164 0.1973 0.7623
vn -0.7620 0.2289 0.6057
vn -0.8367 0.2333 0.4955
vn -0.6066 0.7121 -0.3534
vn -0.7705 0.6375 0.0004
vn -0.6887 0.7188 -0.0953
vn -0.7207 0.6859 -0.1003
vn -0.6809 0.7009 -0.2122
vn -0.6708 0.7225 -0.1676
vn -0.5652 0.8156 -0.1237
vn -0.7844 -0.4997 0.3675
vn -0.4442 -0.5957 0.6692
vn -0.2542 -0.9595 0.1211
vn -0.1679 -0.6634 0.7292
vn -0.0098 -0.9770 0.2128
vn -0.4293 -0.8879 0.1652
vn -0.0920 -0.8963 -0.4339
vn -0.3851 -0.8126 -0.4376
vn -0.1877 0.3481 -0.9185
vn -0.5075 -0.5773 -0.6397
vn 0.0895 0.1571 -0.9835
vn -0.3186 -0.2596 -0.9116
vn 0.0890 0.1863 -0.9785
vn -0.0083 0.0771 -0.9970
vn 0.2373 -0.2716 -0.9327
vn -0.1932 -0.6552 -0.7303
vn 0.3378 -0.5614 -0.7555
vn 0.0888 -0.8289 -0.5523
vn 0.2936 -0.3069 -0.9053
vn -0.2702 -0.9613 0.0533
vn -0.1496 -0.9688 -0.1975
vn -0.0721 0.3947 -0.9160
vn 0.1180 0.1754 -0.9774
vn 0.2688 0.8447 -0.4629
vn 0.1268 0.8746 -0.4679
vn 0.0961 0.9405 0.3258
vn -0.0341 0.9379 0.3452
vn 0.0252 0.6958 0.7178
vn -0.1463 0.6633 0.7340
vn -0.0902 0.5040 0.8590
vn -0.2471 0.4604 0.8526
vn -0.2951 0.1803 0.9383
vn -0.3423 0.4775 0.8092
vn -0.2554 0.3168 0.9135
vn -0.5213 0.4048 0.7512
vn -0.6093 0.0831 0.7885
vn -0.8151 0.3095 0.4897
vn -0.7677 0.1252 0.6285
vn -0.9682 0.1635 -0.1893
vn -0.9056 -0.3936 -0.1583
vn -0.5023 0.0861 -0.8604
vn -0.7821 -0.6131 -0.1119
vn -0.3206 -0.5093 -0.7986
vn -0.1423 -0.8454 -0.5149
vn 0.0773 -0.8963 -0.4367
vn -0.5089 -0.8583 0.0662
vn -0.1155 -0.9741 -0.1943
vn -0.5587 -0.6613 0.5005
vn -0.4064 -0.7907 0.4578
vn -0.5031 -0.1015 0.8583
vn -0.2903 -0.7860 0.5459
vn -0.4223 -0.2254 0.8780
vn -0.4910 -0.6958 0.5241
vn -0.4231 -0.2890 0.8588
vn -0.2417 -0.2766 0.9301
vn -0.1402 0.1257 0.9821
vn -0.0469 0.4432 0.8952
vn -0.0460 0.6811 0.7307
vn -0.3337 0.6870 0.6455
vn 0.0279 0.9303 0.3658
vn -0.3544 0.8858 0.2997
vn 0.0391 0.9679 -0.2483
vn -0.3022 0.9360 -0.1807
vn -0.4155 0.8793 -0.2329
vn -0.7331 0.5848 -0.3472
vn -0.3333 0.6777 -0.6555
vn -0.2733 0.4091 -0.8706
vn -0.2376 0.2726 -0.9323
vn -0.2577 -0.2672 -0.9285
vn -0.2326 -0.3414 -0.9107
vn -0.2152 -0.5534 -0.8046
vn -0.0043 -0.4856 -0.8741
vn -0.0362 -0.6195 -0.7841
vn 0.1398 -0.5002 -0.8546
vn -0.0048 -0.8580 -0.5137
vn 0.3751 -0.2678 -0.8875
vn 0.2929 -0.5142 -0.8061
vn 0.3826 -0.1614 -0.9097
vn 0.3759 -0.4346 -0.8184
vn 0.3468 -0.1902 -0.9184
vn 0.4936 -0.1885 -0.8490
vn 0.2030 0.8125 -0.5465
vn -0.0520 0.7398 -0.6708
vn -0.3994 0.8981 -0.1840
vn -0.5725 0.6055 -0.5528
vn -0.5551 0.7555 0.3479
vn -0.6995 0.7136 0.0378
vn -0.4522 0.5985 0.6612
vn -0.4958 0.8017 0.3338
vn 0.0596 0.1861 -0.9807
vn 0.1603 0.0767 -0.9841
vn -0.3839 0.4446 -0.8093
vn -0.3962 0.2966 -0.8689
vn -0.8003 0.5000 -0.3309
vn -0.7678 -0.4351 -0.4703
vn -0.7997 -0.5008 -0.3314
vn -0.8241 -0.5585 -0.0948
vn -0.8432 -0.5339 -0.0628
vn -0.8877 -0.4299 0.1647
vn -0.8942 -0.4370 0.0973
vn -0.8729 -0.4085 0.2670
vn -0.1711 -0.4446 -0.8792
vn -0.1629 -0.4159 -0.8947
vn -0.3931 -0.2589 -0.8823
vn -0.2813 -0.2485 -0.9269
vn -0.7238 0.1117 -0.6809
vn -0.7892 0.1891 -0.5843
vn -0.7080 0.2048 -0.6758
vn -0.5949 -0.0974 -0.7979
vn -0.8066 -0.2762 -0.5225
vn -0.6616 -0.1956 -0.7239
vn -0.6518 -0.3486 -0.6736
vn -0.5455 -0.2121 -0.8108
vn -0.9903 -0.0981 -0.0985
vn -0.9155 -0.2188 -0.3378
vn -0.9293 -0.0654 -0.3634
vn -0.4694 -0.3790 -0.7975
vn -0.2693 0.1542 -0.9506
vn -0.5455 0.0644 -0.8357
vn -0.4942 -0.0057 -0.8693
vn -0.5889 0.1881 -0.7860
vn -0.0703 -0.1332 -0.9886
vn -0.0566 0.0404 -0.9976
vn -0.3469 0.2678 -0.8988
vn -0.8699 0.1181 -0.4788
vn -0.7663 -0.1958 -0.6119
vn -0.8117 -0.1620 -0.5612
vn -0.9095 -0.4062 0.0884
vn -0.8084 -0.5853 0.0624
vn -0.7654 -0.6376 0.0867
vn -0.8471 -0.4968 0.1888
vn -0.7171 -0.4789 0.5064
vn -0.3867 -0.5801 0.7169
vn -0.3728 0.3582 -0.8560
vn -0.4059 0.2739 -0.8719
vn 0.2081 0.3768 -0.9026
vn 0.1521 0.1840 -0.9711
vn 0.3894 0.0843 -0.9172
vn 0.2426 -0.0602 -0.9683
vn 0.1124 0.0427 -0.9928
vn -0.1571 0.0370 -0.9869
vn -0.1291 0.2428 -0.9614
vn -0.4657 0.2454 -0.8502
vn -0.4639 0.0485 -0.8845
vn -0.1680 -0.1343 -0.9766
vn -0.0987 -0.0546 -0.9936
vn 0.1764 -0.2122 -0.9612
vn 0.2243 -0.0385 -0.9738
vn 0.3155 -0.0367 -0.9482
vn 0.2378 0.3360 -0.9114
vn -0.1474 -0.1241 -0.9813
vn -0.2189 0.1644 -0.9618
vn -0.0618 0.6804 -0.7303
vn 0.0383 0.4162 -0.9084
vn 0.1673 0.1612 -0.9726
vn 0.0434 0.2197 -0.9746
vn -0.1562 0.4185 -0.8947
vn -0.3163 0.2170 -0.9235
vn -0.6702 -0.0817 -0.7376
vn -0.7059 0.0997 -0.7013
vn -0.6975 -0.1521 -0.7003
vn -0.8245 0.1102 -0.5550
vn -0.8748 0.0960 -0.4749
vn -0.8442 0.1290 -0.5203
vn -0.8786 0.1811 -0.4420
vn -0.8658 -0.0078 -0.5003
vn -0.8655 0.1043 -0.4899
vn -0.8839 -0.0664 -0.4630
vn -0.7591 0.2933 -0.5812
vn -0.4887 -0.3375 -0.8045
vn -0.7505 -0.1341 -0.6471
vn -0.8161 -0.1727 -0.5516
vn -0.6783 0.3359 -0.6535
vn -0.7180 0.0970 -0.6892
vn -0.2884 -0.1506 -0.9456
vn -0.4391 -0.3253 -0.8375
vn -0.1539 -0.5337 -0.8316
vn -0.2821 -0.6661 -0.6905
vn -0.7028 -0.5921 -0.3945
vn -0.4818 -0.7040 -0.5219
vn -0.4819 -0.0966 -0.8709
vn -0.4705 -0.2807 -0.8366
vn -0.5401 -0.5022 -0.6754
vn -0.6645 -0.6060 -0.4373
vn -0.3879 -0.6872 -0.6142
vn -0.5315 -0.6875 -0.4948
vn -0.5175 -0.5910 -0.6187
vn -0.6063 -0.6931 -0.3899
vn -0.5016 -0.6357 -0.5868
vn -0.5873 -0.2402 -0.7729
vn -0.3311 -0.7648 -0.5526
vn -0.7666 -0.6010 -0.2263
vn -0.7572 -0.6097 -0.2344
vn -0.4163 -0.7593 -0.5002
vn -0.4771 -0.0309 -0.8783
vn -0.4548 0.2381 -0.8582
vn -0.0499 0.2807 -0.9585
vn 0.0071 0.0312 -0.9995
vn 0.1765 0.1014 -0.9791
vn 0.3666 0.3157 -0.8752
vn -0.8037 -0.4588 -0.3789
vn -0.8591 0.0928 0.5032
vn -0.8356 -0.2754 -0.4754
vn -0.8594 -0.0996 -0.5015
vn -0.9091 0.3876 0.1527
vn -0.8774 0.4733 0.0785
vn -0.8613 0.4814 0.1626
vn -0.7981 0.6023 -0.0183
vn -0.7537 0.6355 0.1673
vn -0.7310 0.6821 -0.0161
vn -0.8277 0.4118 0.3813
vn -0.8563 0.2701 0.4403
vn -0.4437 0.0110 0.8961
vn -0.2166 -0.0669 0.9740
vn 0.1967 0.5725 -0.7959
vn -0.2567 0.9351 -0.2443
vn -0.4193 0.7889 0.4493
vn -0.4039 0.5675 0.7175
vn 0.3764 0.4961 -0.7824
vn 0.5074 0.6056 -0.6130
vn 0.1697 0.7365 -0.6548
vn 0.2337 0.6714 -0.7033
vn -0.4003 0.3509 -0.8465
vn -0.5614 -0.2189 -0.7981
vn -0.8067 -0.1762 -0.5640
vn 0.3844 0.1918 -0.9030
vn 0.4990 0.1561 -0.8524
vn 0.3808 0.1808 -0.9068
vn -0.6498 -0.3751 -0.6611
vn 0.0702 0.3461 -0.9355
vn -0.2891 -0.1989 -0.9364
vn 0.4170 0.3510 -0.8384
vn 0.1584 -0.2883 -0.9443
vn 0.4320 0.0856 -0.8978
vn 0.4069 -0.1382 -0.9030
vn 0.4721 0.0547 -0.8798
vn 0.3766 -0.0973 -0.9212
vn -0.4861 -0.4616 -0.7421
vn -0.2991 -0.6471 -0.7013
vn -0.0634 -0.6245 -0.7785
vn 0.1428 -0.5307 -0.8354
vn 0.3385 -0.3493 -0.8737
vn 0.4110 -0.3395 -0.8461
vn 0.3885 0.1715 -0.9054
vn 0.4171 0.1103 -0.9022
vn 0.3816 -0.0101 -0.9243
vn 0.6120 -0.0179 -0.7906
vn 0.4861 -0.1347 -0.8635
vn 0.4183 0.0471 -0.9071
vn 0.3705 -0.0500 -0.9275
vn 0.4035 0.1865 -0.8958
vn 0.3991 0.1284 -0.9079
vn 0.4061 0.1051 -0.9077
vn 0.4631 -0.1880 -0.8661
vn -0.3078 0.4439 -0.8416
vn -0.3393 0.3304 -0.8808
vn -0.2523 -0.1005 -0.9624
vn 0.1031 0.3408 -0.9345
vn -0.0841 0.1400 -0.9866
vn 0.1883 0.2051 -0.9605
vn 0.1900 0.1109 -0.9755
vn 0.0459 0.7667 -0.6403
vn -0.4880 -0.4375 -0.7553
vn -0.0574 -0.4803 -0.8752
vn -0.2153 -0.8496 -0.4814
vn 0.0932 -0.3736 -0.9229
vn -0.0604 -0.8405 -0.5385
vn -0.1295 -0.4038 -0.9056
vn 0.0360 -0.9149 -0.4020
vn -0.0139 -0.6296 -0.7768
vn -0.4232 -0.3166 -0.8489
vn -0.5376 -0.2826 -0.7944
vn -0.5538 -0.4897 -0.6734
vn -0.7126 -0.4527 -0.5360
vn -0.3378 -0.2177 -0.9157
vn -0.5063 0.2437 -0.8272
vn -0.7260 0.4497 -0.5203
vn -0.5080 0.3155 -0.8015
vn -0.6559 0.2825 -0.7000
vn -0.1587 0.0822 -0.9839
vn -0.6392 0.2866 -0.7137
vn -0.2349 0.2560 -0.9377
vn -0.2378 -0.0506 -0.9700
vn -0.5653 -0.3138 -0.7628
vn -0.8546 0.5147 -0.0694
vn -0.6706 0.7344 -0.1048
vn -0.7927 0.5550 -0.2520
vn -0.4163 0.7986 -0.4346
vn -0.4674 0.3060 -0.8294
vn -0.1063 0.7743 -0.6238
vn 0.0160 0.3293 -0.9441
vn 0.1047 0.7601 -0.6413
vn -0.1251 0.5410 -0.8317
vn -0.0519 0.1691 -0.9842
vn -0.0723 -0.2575 -0.9636
vn 0.0185 -0.2722 -0.9621
vn -0.0759 0.7629 -0.6421
vn -0.2966 0.7160 -0.6319
vn -0.3156 0.8371 -0.4468
vn -0.1574 0.9056 -0.3940
vn 0.2278 0.8028 -0.5510
vn -0.1963 0.9589 -0.2048
vn -0.1448 0.9600 -0.2398
vn -0.2472 0.9603 -0.1289
vn -0.3710 0.9127 -0.1711
vn -0.5685 0.8077 -0.1565
vn -0.8959 0.0948 -0.4341
vn -0.7767 -0.0811 -0.6246
vn -0.7862 -0.0097 -0.6179
vn -0.8292 -0.0820 -0.5529
vn -0.7964 0.0347 -0.6038
vn -0.7557 -0.2729 -0.5953
vn -0.7497 -0.2675 -0.6053
vn -0.4409 -0.1440 -0.8859
vn -0.5661 -0.4931 -0.6606
vn -0.6371 -0.4855 -0.5987
vn -0.7876 -0.0239 -0.6158
vn -0.8712 0.1131 -0.4776
vn -0.6013 0.2300 -0.7652
vn -0.3437 0.2788 -0.8967
vn 0.1881 0.2752 -0.9428
vn 0.5799 -0.0134 -0.8146
vn 0.1011 -0.0454 -0.9938
vn -0.1512 0.2456 -0.9575
vn 0.0475 0.1131 -0.9925
vn 0.0081 -0.0068 -0.9999
vn -0.0526 -0.2835 -0.9575
vn -0.8286 -0.1142 -0.5481
vn -0.7694 -0.1922 -0.6091
vn -0.7812 -0.0102 -0.6242
vn -0.7100 0.1397 -0.6902
vn -0.6935 0.2281 -0.6834
vn -0.8758 -0.0857 -0.4749
vn -0.7768 0.0183 -0.6295
vn -0.6417 -0.4674 -0.6081
vn -0.2654 -0.4062 -0.8744
vn -0.4471 -0.4710 -0.7605
vn -0.2026 -0.4514 -0.8690
vn -0.2491 -0.6150 -0.7482
vn -0.0930 -0.6695 -0.7370
vn -0.4035 -0.7071 -0.5807
vn -0.5060 -0.6812 -0.5292
vn -0.4612 -0.7831 -0.4172
vn 0.4508 -0.2593 -0.8542
vn 0.6595 -0.3384 -0.6712
vn 0.8066 -0.2762 -0.5225
vn -0.6855 -0.0521 -0.7262
vn -0.6290 -0.1918 -0.7534
vn -0.4559 0.0157 -0.8899
vn -0.7095 -0.1482 -0.6889
vn -0.8137 0.2873 -0.5053
vn -0.9320 0.0205 -0.3619
vn -0.9528 0.2812 -0.1143
vn -0.9361 -0.0712 -0.3444
vn -0.9593 0.1722 -0.2237
vn -0.8444 0.2438 -0.4770
vn -0.7722 0.2048 -0.6015
vn -0.7926 0.1902 -0.5794
vn -0.8488 0.0574 -0.5255
vn -0.8324 -0.2167 -0.5100
vn -0.7950 -0.3433 -0.5001
vn -0.6942 -0.5837 -0.4212
vn -0.6828 -0.6660 -0.3004
vn -0.6965 -0.6648 -0.2701
vn -0.6910 -0.6617 -0.2910
vn -0.6507 0.7099 -0.2694
vn -0.7015 0.6588 -0.2718
vn -0.7282 0.6694 -0.1470
vn -0.6467 0.7357 -0.2015
vn -0.4062 0.8341 0.3731
vn -0.5700 0.8120 0.1259
vn -0.4766 0.7341 -0.4837
vn -0.6178 0.6944 -0.3689
vn -0.6614 0.6958 -0.2799
vn -0.2578 0.8117 0.5241
vn 0.1554 -0.3993 -0.9035
vn 0.1760 0.1054 -0.9787
vn 0.1270 0.2109 -0.9692
vn -0.0596 -0.9915 -0.1159
vn -0.6003 -0.7296 -0.3276
vn -0.6025 -0.7961 0.0557
vn -0.4306 -0.8807 0.1975
vn -0.2094 -0.5660 0.7974
vn -0.3520 -0.5919 0.7251
vn -0.1946 -0.2287 0.9538
vn -0.2643 -0.2077 0.9418
vn -0.1348 0.0407 0.9900
vn -0.4303 0.1849 0.8835
vn -0.2886 0.5068 0.8124
vn -0.5043 0.4426 0.7414
vn -0.5263 0.6700 0.5235
vn -0.4767 -0.5797 -0.6608
vn -0.4850 -0.7905 -0.3741
vn -0.4063 -0.6381 0.6540
vn -0.1004 -0.2070 0.9732
vn -0.3760 -0.9079 -0.1850
vn -0.4189 -0.8973 -0.1393
vn -0.6934 -0.4667 0.5490
vn -0.5795 -0.0065 0.8150
vn -0.5850 0.0484 0.8096
vn -0.8482 0.0459 -0.5277
vn -0.6580 0.4171 -0.6270
vn -0.5843 -0.1827 -0.7907
vn 0.3600 0.3310 -0.8723
vn 0.2668 0.0173 -0.9636
vn -0.7404 -0.4743 -0.4762
vn -0.5982 -0.5199 -0.6098
vn -0.5004 -0.4046 -0.7654
vn -0.2327 -0.6595 -0.7148
vn -0.2720 -0.2499 -0.9293
vn -0.2256 -0.1581 -0.9613
vn 0.0462 -0.2382 -0.9701
vn 0.2226 -0.2545 -0.9411
vn 0.3649 -0.2922 -0.8840
vn 0.3510 -0.3190 -0.8804
vn 0.4055 -0.1955 -0.8930
vn 0.2137 -0.1438 -0.9663
vn -0.7619 -0.5211 -0.3846
vn -0.7778 -0.5765 -0.2503
vn -0.7918 -0.5970 -0.1294
vn -0.7891 -0.0724 -0.6100
vn -0.7365 0.3547 -0.5760
vn -0.8692 0.4008 -0.2897
vn -0.0366 0.1576 -0.9868
vn -0.0758 -0.2120 -0.9743
vn -0.1856 -0.0398 -0.9818
vn 0.1501 -0.1416 -0.9785
vn -0.0796 -0.0128 -0.9967
vn 0.0260 0.7981 -0.6020
vn 0.0751 0.8238 -0.5619
vn 0.0265 0.8161 -0.5773
vn -0.0875 0.8166 -0.5706
vn -0.1958 0.8059 -0.5587
vn -0.3337 0.7552 -0.5642
vn -0.5059 0.6938 -0.5125
vn -0.4020 -0.2171 -0.8895
vn -0.4365 -0.5218 -0.7329
vn -0.3783 -0.5869 -0.7159
vn -0.6377 -0.7699 -0.0253
vn -0.6386 -0.7695 0.0089
vn -0.7800 -0.0101 -0.6257
vn -0.7776 0.0048 -0.6287
vn -0.8250 -0.3136 -0.4702
vn -0.7608 -0.2954 -0.5779
vn -0.1605 -0.5146 0.8423
vn -0.7596 0.1159 -0.6400
vn -0.1307 -0.1579 -0.9788
vn -0.8587 -0.1290 0.4959
vn -0.7946 -0.2397 0.5578
vn 0.2520 -0.0107 -0.9677
vn -0.7660 0.6418 -0.0352
vn -0.7595 0.6439 -0.0921
vn -0.8774 -0.0435 0.4778
vn -0.9292 -0.1452 0.3398
vn -0.2785 -0.0200 -0.9602
vn -0.5692 0.1522 0.8080
vn -0.3922 -0.2272 0.8914
vn -0.5694 -0.3270 0.7542
vn 0.9903 -0.0981 -0.0985
vn 0.9293 -0.0654 -0.3634
vn 0.0356 0.4350 -0.8997
vn -0.0712 0.7974 -0.5992
vn -0.2323 0.7563 -0.6116
vn -0.3406 0.5826 -0.7380
vn -0.5778 0.5974 -0.5561
vn -0.5416 0.4996 -0.6760
vn -0.7909 0.4259 -0.4395
vn -0.8980 0.3871 -0.2093
vn -0.8802 0.2883 -0.3770
vn -0.8896 0.0827 -0.4492
vn 0.1188 -0.3426 -0.9319
vn -0.8814 -0.1905 -0.4323
vn -0.8320 -0.2255 -0.5069
vn -0.8239 -0.1033 -0.5573
vn -0.4992 -0.0002 -0.8665
vn -0.2964 -0.8481 -0.4392
vn 0.0085 -0.4425 -0.8967
vn 0.0103 -0.7261 -0.6875
vn -0.3130 0.9008 -0.3010
vn -0.5667 0.8070 -0.1663
vn -0.7639 0.5911 -0.2590
vn -0.5777 0.8069 0.1233
vn -0.5231 0.7649 -0.3759
vn -0.5106 0.6937 -0.5081
vn -0.6398 0.5704 -0.5150
vn -0.3574 0.6514 -0.6693
vn -0.1933 0.7557 -0.6258
vn -0.0405 0.7358 -0.6760
vn 0.0483 0.7801 -0.6238
vn -0.6531 0.7393 -0.1642
vn 0.0764 -0.0010 -0.9971
vn 0.3102 -0.0166 -0.9505
vn 0.4819 -0.0966 -0.8709
vn 0.5455 -0.2121 -0.8108
vn 0.6616 -0.1956 -0.7239
vn 0.5949 -0.0974 -0.7979
vn 0.4589 0.4487 -0.7668
vn 0.0917 0.5060 -0.8576
vn 0.2998 0.4408 -0.8461
vn 0.3081 0.1381 -0.9413
vn 0.1163 -0.0667 -0.9910
vn -0.3003 0.0729 -0.9511
vn 0.0234 0.6240 -0.7810
vn 0.1440 0.0504 -0.9883
vn 0.2785 0.4665 -0.8395
vn 0.3554 -0.4820 -0.8009
vn 0.2910 -0.2864 -0.9129
vn 0.2971 0.3758 -0.8778
vn 0.3203 0.4469 -0.8353
vn 0.1841 0.8531 -0.4882
vn -0.6584 0.0920 -0.7470
vn -0.6295 0.4698 -0.6189
vn -0.7521 0.5146 -0.4118
vn -0.0721 0.2030 -0.9765
vn -0.3230 0.2438 -0.9145
vn -0.3322 0.7758 -0.5365
vn -0.5879 0.6730 -0.4488
vn -0.7359 0.3181 -0.5977
vn -0.8731 0.4409 -0.2082
vn -0.8184 0.1872 -0.5434
vn -0.4047 0.7999 -0.4432
vn -0.4734 0.7409 0.4763
vn -0.7976 0.4827 -0.3616
vn -0.4214 -0.6662 -0.6152
vn -0.5530 -0.6017 -0.5763
vn -0.6911 0.1335 -0.7103
vn -0.4471 0.1273 0.8854
vn -0.4571 0.1162 0.8818
vn -0.4580 0.1179 0.8811
vn -0.4678 0.1064 0.8774
vn -0.1824 0.0223 0.9830
vn -0.1866 0.0287 0.9820
vn -0.2718 0.0489 0.9611
vn -0.3838 0.0648 0.9211
vn -0.4616 0.0929 0.8822
vn -0.4679 0.1064 0.8774
vn 0.1738 0.0221 0.9845
vn 0.1815 0.0192 0.9832
vn 0.1210 0.0099 0.9926
vn 0.0920 0.0088 0.9957
vn -0.0044 0.0022 1.0000
vn -0.0044 0.0023 1.0000
vn -0.0620 0.0050 0.9981
vn -0.0972 0.0084 0.9952
vn -0.1877 0.0175 0.9821
vn -0.1942 0.0198 0.9808
vn 0.4544 0.0925 0.8860
vn 0.3761 0.0646 0.9243
vn 0.2636 0.0490 0.9634
vn 0.1781 0.0286 0.9836
vn 0.4608 0.1060 0.8812
vn -0.5009 0.0701 0.8627
vn -0.4852 0.1082 0.8677
vn -0.4870 0.0956 0.8682
vn -0.4733 0.1216 0.8725
vn -0.5112 0.0598 0.8574
vn -0.5348 0.1025 0.8387
vn -0.5250 0.1001 0.8452
vn -0.5275 0.0879 0.8450
vn -0.5188 0.0731 0.8518
vn -0.5456 0.0906 0.8332
vn 0.5391 0.0901 0.8374
vn 0.3796 0.0456 0.9240
vn 0.5222 0.0627 0.8505
vn 0.3722 0.0357 0.9275
vn 0.3657 0.0273 0.9303
vn 0.2103 0.0114 0.9776
vn 0.2024 0.0010 0.9793
vn 0.0766 0.0268 0.9967
vn 0.0984 -0.0079 0.9951
vn -0.0044 -0.0071 1.0000
vn -0.0044 -0.0124 0.9999
vn -0.1382 0.0259 0.9901
vn -0.1094 -0.0076 0.9940
vn -0.2184 0.0066 0.9758
vn -0.2108 0.0013 0.9775
vn -0.4189 0.0824 0.9043
vn -0.4311 0.0324 0.9017
vn -0.5289 0.0632 0.8463
vn -0.5111 0.0598 0.8574
vn -0.4254 0.8054 0.4128
vn -0.4908 0.6700 0.5569
vn -0.5233 0.6382 0.5647
vn -0.5837 0.4385 0.6834
vn -0.5687 0.3953 0.7213
vn -0.4620 0.7863 0.4103
vn 0.3308 0.7507 0.5719
vn 0.5409 0.5807 0.6085
vn 0.4590 0.7863 0.4136
vn 0.5632 0.3954 0.7256
vn 0.3986 0.3125 0.8623
vn 0.5522 0.2211 0.8039
vn 0.3922 0.1754 0.9030
vn 0.3926 0.0521 0.9182
vn 0.2301 0.1537 0.9610
vn 0.2196 0.0164 0.9755
vn 0.2348 0.0972 0.9672
vn 0.2271 0.2723 0.9350
vn 0.1155 0.1361 0.9839
vn 0.1159 0.2615 0.9582
vn -0.0044 0.1242 0.9922
vn -0.0043 0.2483 0.9687
vn -0.1601 0.1714 0.9721
vn -0.1238 0.2606 0.9575
vn -0.5395 0.4243 0.7273
vn -0.5315 0.2897 0.7960
vn -0.5617 0.2675 0.7829
vn -0.5547 0.1065 0.8252
vn 0.5361 0.7697 0.3466
vn 0.4392 0.1604 -0.8840
vn 0.8143 0.4230 -0.3975
vn -0.6380 0.7150 0.2858
vn 0.1808 0.7964 0.5771
vn 0.1559 0.9136 0.3756
vn -0.2989 0.8523 0.4292
vn -0.0523 0.9693 0.2404
vn -0.3739 0.8991 0.2278
vn -0.1004 0.9948 0.0156
vn -0.2856 0.9292 0.2347
vn -0.1002 0.9933 -0.0581
vn -0.2378 0.8675 -0.4368
vn -0.0019 -0.8887 0.4586
vn -0.0742 -0.9046 0.4197
vn -0.4621 0.8096 0.3619
vn -0.3416 0.0619 0.9378
vn -0.4903 0.0715 0.8686
vn -0.3487 0.0450 0.9362
vn -0.3608 0.0255 0.9323
vn -0.2025 0.0139 0.9792
vn -0.0799 -0.0265 0.9965
vn -0.0044 -0.0051 1.0000
vn 0.1179 -0.0278 0.9926
vn 0.1941 0.0108 0.9809
vn 0.3763 -0.0025 0.9265
vn 0.4118 0.0303 0.9108
vn 0.4833 0.0709 0.8726
vn 0.5043 0.0593 0.8615
vn -0.1919 0.0234 0.9811
vn 0.1880 0.0296 0.9817
vn 0.3872 0.0678 0.9195
vn 0.4663 0.1212 0.8763
vn 0.4783 0.1079 0.8716
vn 0.4800 0.0950 0.8721
vn 0.4940 0.0696 0.8667
vn 0.4398 0.1271 0.8890
vn 0.4508 0.1176 0.8848
vn 0.4500 0.1158 0.8855
vn 0.5124 0.0731 0.8556
vn 0.5181 0.0999 0.8495
vn 0.5208 0.0872 0.8492
vn 0.5282 0.1020 0.8430
vn -0.5455 0.0906 0.8332
vn -0.4001 0.0526 0.9150
vn -0.5583 0.2212 0.7996
vn -0.4054 0.1787 0.8965
vn -0.4057 0.3120 0.8591
vn -0.2383 0.1535 0.9590
vn -0.2392 0.2782 0.9302
vn -0.4504 0.0439 0.8918
vn -0.2244 0.0180 0.9743
vn -0.0993 0.0059 0.9950
vn -0.0044 -0.0018 1.0000
vn 0.1091 0.0041 0.9940
vn 0.2163 0.0140 0.9762
vn -0.2280 0.0166 0.9735
vn -0.2431 0.0974 0.9651
vn -0.2371 0.2743 0.9319
vn -0.2406 0.4850 0.8408
vn -0.1231 0.4664 0.8760
vn -0.1093 0.6562 0.7466
vn -0.0039 0.4623 0.8867
vn -0.0032 0.6522 0.7581
vn 0.1471 0.4429 0.8844
vn 0.1430 0.6544 0.7425
vn 0.2339 0.4852 0.8425
vn 0.2191 0.6964 0.6834
vn 0.2195 0.0164 0.9755
vn 0.5485 0.1061 0.8294
vn 0.5255 0.2896 0.8000
vn 0.5557 0.2673 0.7873
vn 0.5338 0.4244 0.7314
vn -0.5455 0.5807 0.6043
vn -0.3351 0.7509 0.5691
vn -0.3758 -0.6090 0.6985
vn -0.3833 0.7542 0.5333
vn -0.2246 0.6964 0.6816
vn -0.1371 0.6621 0.7367
vn 0.2190 0.6964 0.6834
vn 0.1808 0.6596 0.7295
vn -0.0031 0.6522 0.7581
vn 0.2260 0.5142 0.8273
vn 0.4283 0.5307 0.7314
vn 0.4262 0.3355 0.8401
vn -0.7785 0.2600 0.5713
vn 0.3791 0.7542 0.5361
vn 0.4596 0.8096 0.3651
vn 0.4591 0.7863 0.4136
vn 0.5785 0.4386 0.6877
vn 0.4867 0.6700 0.5605
vn 0.5191 0.6382 0.5685
vn 0.4223 0.8054 0.4160
vn 0.2316 0.2785 0.9321
vn 0.2317 0.2785 0.9321
vn -0.3806 0.5288 0.7586
vn -0.4326 0.3352 0.8369
vn -0.2325 0.5139 0.8257
vn -0.2392 0.2782 0.9303
vn -0.5688 0.3953 0.7213
vn 0.9813 -0.1922 0.0000
vn 0.9979 0.0648 -0.0000
vn 0.9748 -0.2210 -0.0300
vn 0.7142 -0.6999 -0.0000
vn 0.3917 -0.9201 0.0000
vn 0.3914 -0.9202 0.0000
vn 0.8279 -0.5609 0.0000
vn 0.2759 -0.9612 0.0000
vn 0.1190 -0.9929 0.0000
vn 0.0000 -1.0000 0.0000
vn 0.0000 -1.0000 -0.0001
vn -0.1191 -0.9929 0.0000
vn -0.2759 -0.9612 0.0000
vn -0.5776 -0.8163 0.0000
vn -0.5831 -0.8124 -0.0000
vn -0.9815 -0.1916 0.0000
vn -0.9980 0.0601 0.0184
vn -0.9978 0.0662 0.0000
vn -0.9862 -0.1626 -0.0299
vn -0.9649 -0.2627 0.0000
vn -0.7141 -0.7000 -0.0000
vn -0.5776 -0.8163 -0.0001
vn -0.1190 -0.9929 -0.0000
vn 0.0000 -1.0000 0.0001
vn 0.1190 -0.9929 -0.0001
vn 0.8238 -0.5669 0.0000
vn 0.8279 -0.5609 0.0001
vn 0.9811 -0.1817 -0.0672
vn 0.9927 -0.1204 0.0000
vn 0.9981 0.0588 -0.0184
vn 0.9934 0.1149 0.0000
vn 0.9853 0.1710 0.0000
vn 0.9815 0.1916 -0.0059
vn 0.9807 0.1956 -0.0000
vn 0.8941 0.4409 -0.0783
vn 0.8711 0.4912 0.0000
vn 0.6264 0.7744 -0.0887
vn 0.5606 0.8281 -0.0000
vn 0.4375 0.8992 0.0000
vn 0.3917 -0.9201 0.0005
vn -0.3915 -0.9202 0.0006
vn -0.3910 -0.9204 -0.0000
vn -0.3915 -0.9202 -0.0005
vn -0.9932 0.1162 0.0000
vn -0.9850 0.1723 0.0000
vn -0.9812 0.1929 0.0059
vn -0.9804 0.1970 0.0000
vn -0.8939 0.4414 0.0780
vn -0.8709 0.4915 -0.0000
vn -0.6265 0.7744 0.0887
vn -0.5606 0.8281 -0.0000
vn -0.4373 0.8993 0.0000
vn -0.2445 -0.6876 0.6837
vn 0.3478 -0.4610 0.8164
vn 0.3683 -0.2350 0.8995
vn 0.7893 -0.2114 0.5765
vn 0.8014 -0.0672 0.5943
vn 0.9574 0.1357 0.2548
vn 0.9423 0.1746 0.2855
vn 0.8969 0.4307 -0.1003
vn 0.9231 0.3604 -0.1344
vn 0.6883 0.5843 -0.4300
vn 0.7379 0.4293 -0.5208
vn 0.2678 0.5403 -0.7977
vn 0.3799 0.2674 -0.8855
vn -0.3361 0.3202 -0.8857
vn -0.3017 0.0652 -0.9512
vn -0.8001 -0.0469 -0.5980
vn -0.7875 -0.0489 -0.6144
vn -0.9686 -0.2326 -0.0878
vn -0.8284 -0.2809 -0.4846
vn -0.9525 -0.2846 -0.1086
vn -0.6531 -0.5707 0.4978
vn -0.3022 -0.2814 0.9108
vn -0.1832 -0.0809 0.9797
vn 0.3262 0.0355 0.9446
vn 0.3386 0.0818 0.9374
vn 0.7050 0.2431 0.6662
vn -0.6518 -0.4882 0.5804
vn -0.7301 -0.3169 0.6054
vn -0.9256 -0.3129 0.2129
vn -0.7225 -0.3640 0.5878
vn -0.3807 -0.2495 0.8904
vn -0.9137 -0.3234 0.2459
vn -0.9525 -0.2125 0.2181
vn -0.9887 -0.1010 -0.1110
vn -0.8164 0.0631 -0.5740
vn -0.7198 -0.5468 0.4277
vn -0.9206 -0.3579 0.1561
vn -0.9746 -0.1855 0.1254
vn -0.9848 -0.0025 -0.1736
vn -0.9817 0.0022 -0.1905
vn -0.8574 0.2507 -0.4494
vn -0.5982 0.4681 -0.6504
vn -0.7774 0.3022 -0.5516
vn -0.9932 -0.0374 -0.1102
vn -0.9259 -0.3047 0.2234
vn -0.0864 -0.6778 0.7302
vn 0.3908 -0.6054 0.6934
vn 0.8042 -0.3136 0.5049
vn 0.9776 0.0670 0.1997
vn 0.8973 0.4200 -0.1360
vn 0.5999 0.6548 -0.4598
vn 0.2955 0.6519 -0.6983
vn -0.4690 0.5937 -0.6539
vn 0.7159 0.5983 -0.3598
vn 0.9489 0.2992 -0.1006
vn 0.9649 -0.0678 0.2539
vn 0.7213 -0.4301 0.5428
vn 0.2776 -0.6750 0.6837
vn 0.1286 -0.7127 0.6896
vn 0.9273 0.2614 0.2679
vn 0.9301 0.3223 -0.1764
vn 0.7808 0.3035 -0.5461
vn 0.3988 0.0489 -0.9157
vn -0.2461 -0.0577 -0.9675
vn -0.2416 -0.1466 -0.9592
vn 0.5685 0.1801 -0.8027
vn 0.8360 0.2549 -0.4859
vn 0.9443 0.3199 -0.0772
vn 0.8916 0.2924 0.3458
vn 0.7182 0.2841 0.6352
vn 0.0000 0.5202 -0.8540
vn 0.1854 0.4964 -0.8481
vn 0.0000 0.1036 -0.9946
vn 0.2176 0.1631 -0.9623
vn 0.0000 0.0000 -1.0000
vn 0.2024 0.0371 -0.9786
vn 0.1987 0.0344 -0.9795
vn 0.1982 0.0344 -0.9796
vn 0.1977 0.0347 -0.9797
vn 0.1972 0.0342 -0.9798
vn 0.1968 0.0341 -0.9798
vn 0.1963 0.0340 -0.9799
vn 0.2126 0.0076 -0.9771
vn 0.0000 -0.1951 -0.9808
vn 0.1837 -0.1805 -0.9663
vn -0.0004 -0.7072 -0.7070
vn 0.0973 -0.6655 -0.7400
vn 0.0000 -0.7072 -0.7070
vn -0.1164 0.5163 -0.8484
vn -0.1961 0.1581 -0.9678
vn -0.1984 0.0373 -0.9794
vn -0.1987 0.0347 -0.9794
vn -0.1983 0.0346 -0.9795
vn -0.1978 0.0345 -0.9796
vn -0.1973 0.0345 -0.9797
vn -0.1967 0.0343 -0.9799
vn -0.1963 0.0343 -0.9799
vn -0.1965 0.0096 -0.9805
vn -0.1908 -0.1839 -0.9643
vn -0.2111 -0.7084 -0.6735
vn -0.6024 0.7524 -0.2665
vn -0.2086 0.6994 -0.6836
vn -0.5853 0.5892 -0.5571
vn -0.6742 0.3215 -0.6649
vn -0.7041 0.1384 -0.6965
vn -0.7057 0.1233 -0.6977
vn -0.7050 0.1232 -0.6984
vn -0.7044 0.1231 -0.6990
vn -0.7037 0.1230 -0.6998
vn -0.7030 0.1229 -0.7005
vn -0.7023 0.1227 -0.7012
vn -0.7030 0.0667 -0.7080
vn -0.6969 -0.1725 -0.6961
vn -0.4340 -0.7398 -0.5141
vn -0.1402 -0.9323 -0.3335
vn 0.0000 -0.9243 -0.3818
vn 0.0000 -0.9242 -0.3818
vn 0.1913 -0.9144 -0.3568
vn 0.6235 -0.6317 -0.4606
vn 0.7826 -0.5637 -0.2643
vn 0.6678 -0.0915 -0.7387
vn 0.9258 -0.1127 -0.3607
vn 0.7023 0.0858 -0.7067
vn 0.9186 0.1068 -0.3804
vn 0.7024 0.1218 -0.7013
vn 0.9132 0.1585 -0.3755
vn 0.7032 0.1220 -0.7005
vn 0.9137 0.1585 -0.3741
vn 0.7035 0.1220 -0.7002
vn 0.9142 0.1586 -0.3730
vn 0.7044 0.1222 -0.6992
vn 0.9144 0.1586 -0.3724
vn 0.7048 0.1222 -0.6988
vn 0.9150 0.1587 -0.3710
vn 0.7058 0.1224 -0.6978
vn 0.9151 0.1588 -0.3708
vn 0.7026 0.1404 -0.6976
vn 0.9112 0.1817 -0.3697
vn 0.6260 0.3890 -0.6759
vn 0.8065 0.4674 -0.3620
vn 0.4524 0.7143 -0.5339
vn 0.6024 0.7524 -0.2665
vn 0.1597 0.7569 -0.6338
vn -0.8064 0.4677 -0.3619
vn -0.9106 0.1828 -0.3707
vn -0.9147 0.1599 -0.3712
vn -0.9142 0.1598 -0.3724
vn -0.9142 0.1599 -0.3724
vn -0.9137 0.1598 -0.3738
vn -0.9134 0.1598 -0.3744
vn -0.9128 0.1596 -0.3759
vn -0.9181 0.1079 -0.3813
vn -0.9259 -0.1118 -0.3609
vn -0.7826 -0.5636 -0.2642
vn 0.0000 0.7750 -0.6320
vn 0.1402 -0.9323 0.3334
vn 0.6523 -0.6892 0.3155
vn 0.5971 -0.6751 0.4332
vn 0.8943 -0.2483 0.3722
vn 0.7527 -0.1916 0.6298
vn 0.9236 0.0484 0.3803
vn 0.7356 0.0418 0.6761
vn 0.9133 0.1585 0.3753
vn 0.7025 0.1219 0.7012
vn 0.9137 0.1585 0.3742
vn 0.7032 0.1220 0.7004
vn 0.9143 0.1587 0.3726
vn 0.7039 0.1221 0.6997
vn 0.9144 0.1587 0.3725
vn 0.7045 0.1222 0.6991
vn 0.9149 0.1587 0.3711
vn 0.7052 0.1223 0.6983
vn 0.9150 0.1588 0.3708
vn 0.7057 0.1230 0.6977
vn 0.9141 0.1703 0.3681
vn 0.7112 0.1341 0.6901
vn 0.8864 0.3194 0.3351
vn 0.7492 0.3299 0.5743
vn 0.6786 0.6947 0.2385
vn 0.5045 0.7282 0.4638
vn 0.2086 0.6994 0.6836
vn 0.1262 0.5114 0.8500
vn 0.0000 0.7750 0.6320
vn 0.0000 0.5202 0.8540
vn -0.1597 0.7568 0.6338
vn -0.0994 0.5119 0.8533
vn -0.5183 0.6176 0.5916
vn -0.1949 0.1683 0.9663
vn -0.7072 0.2997 0.6403
vn -0.1995 0.0384 0.9791
vn -0.7085 0.1340 0.6929
vn -0.1987 0.0347 0.9794
vn -0.7057 0.1233 0.6977
vn -0.1983 0.0346 0.9795
vn -0.7050 0.1232 0.6984
vn -0.1978 0.0345 0.9796
vn -0.7044 0.1231 0.6990
vn -0.1973 0.0345 0.9797
vn -0.7037 0.1230 0.6998
vn -0.1967 0.0344 0.9799
vn -0.7030 0.1229 0.7005
vn -0.1963 0.0343 0.9799
vn -0.7023 0.1227 0.7012
vn -0.1958 0.0120 0.9806
vn -0.7254 0.0449 0.6868
vn -0.2013 -0.1802 0.9628
vn -0.6911 -0.1796 0.7001
vn -0.2040 -0.6650 0.7184
vn -0.5826 -0.5549 0.5939
vn -0.1913 -0.9144 0.3567
vn -0.6523 -0.6892 0.3155
vn 0.0000 -0.7072 0.7070
vn 0.1971 -0.6229 0.7571
vn 0.0000 -0.1951 0.9808
vn 0.1953 -0.1899 0.9622
vn 0.0000 -0.0000 1.0000
vn 0.2147 0.0291 0.9762
vn 0.1963 0.0340 0.9800
vn 0.1968 0.0341 0.9798
vn 0.1972 0.0342 0.9798
vn 0.1977 0.0343 0.9797
vn 0.1982 0.0343 0.9796
vn 0.1987 0.0344 0.9795
vn 0.2033 0.0424 0.9782
vn 0.0000 0.1036 0.9946
vn 0.2228 0.1962 0.9549
vn -0.8944 -0.2480 0.3722
vn -0.9231 0.0496 0.3813
vn -0.9131 0.1596 0.3752
vn -0.9135 0.1597 0.3741
vn -0.9137 0.1598 0.3735
vn -0.9144 0.1599 0.3720
vn -0.9143 0.1598 0.3722
vn -0.9146 0.1601 0.3713
vn -0.9135 0.1714 0.3691
vn -0.8860 0.3204 0.3352
vn -0.6786 0.6947 0.2386
vn -0.0000 -0.9242 0.3820
vn -0.0000 -0.9243 0.3818
vn -0.0000 -0.9242 0.3818
vn 0.0000 1.0000 0.0000
vn -0.1394 -0.6891 -0.7111
vn -0.1393 -0.6891 -0.7112
vn -0.1394 -0.6891 -0.7112
vn -0.1393 -0.6891 -0.7111
vn -0.9830 0.0117 0.1830
vn -0.7846 -0.3686 0.4986
vn -0.7964 -0.3746 0.4748
vn -0.4812 -0.5923 0.6463
vn -0.2883 -0.6560 0.6975
vn 0.0241 -0.7324 0.6804
vn 0.2377 -0.7553 0.6107
vn 0.5237 -0.6674 0.5295
vn 0.6763 -0.6386 0.3673
vn 0.8770 -0.4196 0.2340
vn 0.9372 -0.3452 0.0493
vn 0.9903 -0.0767 -0.1158
vn 0.9571 -0.0105 -0.2897
vn 0.8573 0.2504 -0.4498
vn 0.7181 0.3224 -0.6167
vn 0.4717 0.5371 -0.6993
vn 0.2657 0.5952 -0.7583
vn -0.0336 0.6772 -0.7351
vn -0.2693 0.7043 -0.6568
vn -0.5542 0.6343 -0.5390
vn -0.6988 0.5877 -0.4077
vn -0.8709 0.4304 -0.2373
vn -0.9413 0.3265 -0.0859
vn -0.9877 0.0049 0.1560
vn 0.7868 0.5163 -0.3381
vn 0.5378 0.6625 -0.5214
vn 0.6042 0.6332 -0.4837
vn 0.3899 0.7068 -0.5903
vn 0.3991 0.7066 -0.5843
vn 0.1393 -0.6891 -0.7112
vn 0.1394 -0.6891 -0.7111
vn 0.1394 -0.6891 -0.7112
vn 0.1393 -0.6891 -0.7111
vn -0.1162 0.6518 -0.7494
vn -0.1158 0.6520 -0.7493
vn 0.0336 0.6772 -0.7351
vn 0.0638 0.5369 -0.8412
vn 0.3891 0.6605 -0.6421
vn -0.3477 -0.9370 0.0336
vn -0.2974 -0.9357 0.1897
vn -0.8198 -0.5695 -0.0599
vn -0.6345 -0.6705 0.3845
vn -0.9872 -0.1357 -0.0840
vn -0.8446 -0.2407 0.4782
vn -0.9435 0.3207 -0.0837
vn -0.8585 0.2488 0.4483
vn -0.7060 0.7058 -0.0585
vn -0.6731 0.6677 0.3179
vn -0.3693 0.9287 -0.0344
vn -0.3735 0.9052 0.2028
vn -0.2026 -0.9335 -0.2957
vn -0.3543 -0.9215 -0.1590
vn -0.3388 -0.5731 -0.7462
vn -0.5870 -0.7016 -0.4040
vn -0.4160 -0.1337 -0.8995
vn -0.7875 -0.2651 -0.5564
vn -0.5361 -0.5125 -0.6708
vn -0.0559 -0.9143 -0.4011
vn -0.0513 -0.9987 0.0000
vn 0.8806 0.4548 -0.1333
vn 0.7542 0.4115 -0.5116
vn 0.7804 0.3876 -0.4906
vn 0.5396 0.2086 -0.8157
vn 0.4315 0.2109 -0.8771
vn -0.0709 0.0035 -0.9975
vn -0.1503 -0.1715 -0.9737
vn -0.7478 -0.1443 -0.6480
vn -0.7554 -0.3083 -0.5783
vn -0.9785 -0.1273 -0.1620
vn -0.9748 -0.2096 -0.0768
vn -0.9811 -0.1629 0.1044
vn -0.9685 -0.1969 0.1527
vn -0.8487 -0.2364 0.4731
vn -0.8104 -0.1942 0.5527
vn -0.2672 -0.0370 0.9629
vn -0.2326 -0.0653 0.9704
vn 0.3718 0.2135 0.9034
vn 0.4276 0.2272 0.8749
vn 0.6881 0.3910 0.6113
vn 0.7488 0.3990 0.5292
vn 0.8642 0.4336 0.2551
vn 0.7811 0.4652 0.4165
vn 0.9012 0.4329 0.0204
vn 0.6812 0.7318 0.0200
vn 0.5827 0.7482 -0.3172
vn 0.3694 0.9286 0.0343
vn 0.3579 0.9212 -0.1524
vn 0.2322 0.9118 -0.3386
vn 0.0357 0.9294 -0.3672
vn 0.4205 0.6642 -0.6181
vn 0.0679 0.7028 -0.7081
vn 0.3683 0.3623 -0.8562
vn -0.0019 0.2164 -0.9763
vn 0.1910 0.1138 -0.9750
vn 0.8845 0.4509 -0.1197
vn 0.8560 0.3828 0.3475
vn 0.8507 0.4749 0.2253
vn 0.8946 0.4400 -0.0786
vn 0.7871 0.3762 -0.4889
vn 0.8019 0.3888 -0.4536
vn 0.4806 0.2528 -0.8397
vn -0.0288 -0.1813 -0.9830
vn -0.1466 -0.1777 -0.9731
vn -0.5560 0.2516 -0.7922
vn -0.3479 0.6798 -0.6457
vn -0.2200 0.9102 -0.3508
vn -0.3698 0.9151 -0.1607
vn -0.6825 0.5773 -0.4481
vn -0.8247 0.1376 -0.5486
vn -0.1785 -0.9428 0.2814
vn -0.4107 -0.7087 0.5737
vn -0.5922 -0.2627 0.7617
vn -0.6296 0.2713 0.7280
vn -0.4953 0.6984 0.5167
vn -0.2300 0.9256 0.3006
vn -0.0164 0.9133 0.4070
vn 0.1657 0.9277 0.3345
vn -0.0365 0.6709 0.7406
vn 0.3160 0.6999 0.6405
vn 0.0394 0.2801 0.9591
vn 0.3895 0.3633 0.8463
vn 0.1939 0.1109 0.9747
vn -0.0017 -0.0917 0.9958
vn -0.1020 -0.2934 0.9505
vn -0.4730 -0.5495 0.6887
vn -0.9682 -0.2210 0.1176
vn -0.9833 -0.1822 -0.0011
vn -0.9830 -0.1838 -0.0032
vn 0.6965 0.6861 0.2102
vn 0.3579 0.9212 0.1524
vn 0.3155 0.1816 0.9314
vn 0.6621 0.3256 0.6750
vn -0.0479 -0.9397 0.3385
vn 0.7071 0.0000 0.7071
vn 0.8599 0.0823 0.5037
vn 0.5842 -0.2019 0.7861
vn 0.6520 -0.0024 0.7582
vn 0.0000 -0.7071 0.7071
vn -0.4769 -0.4769 0.7384
vn -0.4348 -0.7886 0.4348
vn -0.7392 -0.6083 0.2892
vn -0.7071 -0.7071 -0.0000
vn -0.4769 -0.7383 -0.4769
vn -0.7392 -0.2890 -0.6084
vn 1.0000 -0.0000 0.0000
vn 0.9780 0.2073 -0.0210
vn 0.5511 -0.8342 -0.0200
vn 0.7168 -0.6970 -0.0190
vn 0.7433 -0.4641 -0.4818
vn 0.4408 -0.7827 -0.4394
vn 0.2880 -0.6015 -0.7452
vn 0.0000 -0.7071 -0.7071
vn -0.4348 -0.4348 -0.7886
vn -0.6727 0.1966 -0.7133
vn -0.7886 0.4348 -0.4348
vn -0.6727 0.7133 -0.1966
vn -0.6990 0.7098 -0.0871
vn -0.7074 0.6861 -0.1697
vn -0.7251 0.5461 -0.4195
vn -0.7326 0.4267 -0.5304
vn -0.7335 0.1738 -0.6571
vn -0.7210 0.0999 -0.6857
vn -0.7345 0.0000 -0.6786
vn 0.6701 0.2115 -0.7115
vn 0.7291 0.6212 -0.2873
vn 0.6950 0.6515 -0.3042
vn 0.6839 0.7223 -0.1028
vn 0.6974 0.6941 -0.1785
vn 0.6966 0.5649 -0.4423
vn 0.6620 0.4332 -0.6116
vn 0.6029 0.1596 -0.7817
vn 0.5745 0.0643 -0.8160
vn 0.5808 0.0000 -0.8140
vn -0.7071 -0.0000 0.7071
vn 0.9997 0.0264 0.0000
vn 0.9990 0.0247 -0.0379
vn 0.9912 -0.0642 -0.1156
vn 0.9969 -0.0355 -0.0704
vn 1.0000 -0.0076 -0.0054
vn 1.0000 0.0000 0.0036
vn 1.0000 0.0000 0.0025
vn 1.0000 -0.0000 0.0073
vn 1.0000 -0.0005 0.0065
vn 0.9997 -0.0191 -0.0171
vn 0.9998 -0.0124 -0.0132
vn 0.0088 0.2033 -0.9791
vn 0.0000 0.3827 -0.9239
vn 0.0035 0.8418 -0.5399
vn 0.0000 0.9239 -0.3827
vn -0.0006 0.9903 -0.1389
vn 0.0000 0.9808 -0.1952
vn -0.0005 0.9238 -0.3829
vn 0.0000 0.9238 -0.3829
vn -0.0000 0.9678 -0.2519
vn 0.0000 0.9788 -0.2048
vn 0.0000 0.5405 -0.8413
vn -0.3826 -0.0000 0.9239
vn -0.7072 -0.0000 0.7070
vn -0.9808 -0.0000 0.1952
vn -0.9807 -0.0000 0.1954
vn -1.0000 0.0000 0.0000
vn -0.9239 0.0000 -0.3827
vn -0.8891 -0.0000 -0.4576
vn -0.3827 0.0000 -0.9239
vn 0.3827 0.0000 -0.9239
vn 0.9239 0.0000 -0.3827
vn 0.9808 -0.0000 0.1952
vn 0.9723 0.0000 0.2339
vn 0.3829 -0.0000 0.9238
vn 0.3824 -0.0000 0.9240
vn -0.9723 -0.0000 0.2339
vn -0.7971 -0.0000 0.6038
vn -0.9915 -0.0000 0.1298
vn -0.9235 0.1068 -0.3685
vn -0.9117 0.3491 -0.2165
vn -0.3531 0.3531 -0.8664
vn -0.3809 0.8425 -0.3809
vn 0.3809 0.3808 -0.8426
vn 0.3531 0.8664 -0.3531
vn 0.9117 0.2165 -0.3491
vn 0.8874 0.4428 -0.1284
vn 0.9419 0.3029 -0.1451
vn 0.9657 0.0000 -0.2596
vn 0.7312 0.3111 -0.6071
vn 0.6037 0.0000 -0.7972
vn 0.2287 0.3029 -0.9252
vn 0.1298 0.0000 -0.9915
vn -0.1212 0.3822 -0.9161
vn -0.2596 0.0000 -0.9657
vn -0.6071 0.3111 -0.7312
vn -0.7972 0.0000 -0.6037
vn -0.9038 0.3828 -0.1914
vn -0.9915 0.0000 -0.1298
vn 0.7972 -0.0000 0.6037
vn 0.9915 -0.0000 0.1298
vn 0.8628 -0.0000 -0.5055
vn 0.2527 0.0000 -0.9675
vn -0.5054 -0.0000 -0.8629
vn -0.9675 0.0000 -0.2527
vn -0.9657 0.0000 0.2595
vn -0.6037 -0.0000 0.7972
vn 0.3825 -0.0000 0.9239
vn 0.6038 -0.0001 0.7972
vn 0.9657 0.0000 0.2596
vn -0.3132 0.8966 -0.3132
vn 0.3843 0.8394 -0.3843
vn -0.0005 0.3828 -0.9238
vn 0.0000 0.3832 -0.9237
vn -0.0014 0.2520 -0.9677
vn 0.0000 0.1952 -0.9808
vn 0.0000 0.1382 -0.9904
vn 0.0000 0.3829 -0.9238
vn 0.0946 0.7039 0.7039
vn 0.4289 0.7038 0.5663
vn 0.1891 0.6943 0.6944
vn 0.5663 0.7038 0.4289
vn 0.6944 0.6943 0.1891
vn 0.7039 0.7039 0.0945
vn 0.7071 0.7071 0.0000
vn 0.7039 0.7039 -0.0946
vn 0.6943 0.6943 -0.1891
vn 0.5663 0.7038 -0.4289
vn 0.4289 0.7038 -0.5663
vn 0.1891 0.6943 -0.6944
vn 0.0945 0.7039 -0.7039
vn 0.0000 0.7071 -0.7071
vn -0.0945 0.7039 -0.7039
vn -0.1891 0.6943 -0.6944
vn -0.4289 0.7038 -0.5663
vn -0.5663 0.7038 -0.4289
vn -0.6943 0.6944 -0.1891
vn -0.7039 0.7039 -0.0945
vn -0.7071 0.7071 0.0000
vn -0.7039 0.7039 0.0945
vn -0.6944 0.6943 0.1891
vn -0.5663 0.7038 0.4289
vn -0.4289 0.7038 0.5663
vn -0.1891 0.6943 0.6944
vn -0.0945 0.7039 0.7039
vn 0.0000 0.7071 0.7071
vn 0.9822 -0.1271 -0.1380
vn 0.8164 0.0631 -0.5740
vn 0.8031 -0.0874 -0.5894
vn 0.3588 0.2992 -0.8842
vn 0.2783 0.0944 -0.9558
vn 0.8010 -0.2180 0.5575
vn 0.7013 -0.3582 0.6163
vn 0.9510 -0.2639 0.1612
vn 0.9604 -0.1840 0.2094
vn 0.9577 -0.2266 -0.1774
vn 0.9896 -0.1091 -0.0933
vn 0.7855 -0.2431 -0.5692
vn 0.8334 -0.0795 -0.5470
vn 0.2842 -0.1725 -0.9431
vn 0.2457 -0.0566 -0.9677
vn -0.5322 0.1312 -0.8364
vn -0.3826 0.2696 -0.8837
vn -0.3051 0.5153 -0.8008
vn 0.2388 -0.0571 0.9694
vn 0.9273 -0.3338 0.1694
vn 0.6518 -0.4882 0.5804
vn 0.2118 -0.5488 0.8087
vn 0.6531 -0.5707 0.4978
vn 0.3022 -0.2814 0.9108
vn -0.3617 -0.2474 0.8989
vn 0.1832 -0.0809 0.9797
vn -0.3264 0.0359 0.9446
vn -0.3301 0.1490 0.9321
vn -0.7050 0.2431 0.6662
vn -0.6915 0.3491 0.6324
vn -0.8734 0.4431 0.2018
vn -0.9423 0.1746 0.2855
vn -0.9674 0.1314 0.2167
vn -0.6908 -0.0093 0.7230
vn -0.7851 -0.2519 0.5658
vn -0.3963 -0.5682 0.7212
vn -0.8486 0.4429 0.2892
vn -0.9148 0.3874 -0.1140
vn -0.8985 0.4209 -0.1243
vn -0.6883 0.5843 -0.4300
vn -0.7379 0.4293 -0.5208
vn -0.8592 0.4952 -0.1284
vn -0.7808 0.3035 -0.5461
vn -0.7733 0.3870 -0.5022
vn -0.2698 0.2872 -0.9191
vn 0.1236 -0.0755 -0.9895
vn 0.5361 -0.5125 -0.6708
vn 0.8352 -0.2554 -0.4871
vn 0.9790 -0.1799 -0.0960
vn 0.9829 -0.1840 -0.0030
vn 0.9833 -0.1821 -0.0014
vn 0.9706 -0.1921 0.1451
vn 0.9682 -0.2210 0.1176
vn 0.7962 -0.2407 0.5551
vn 0.4730 -0.5495 0.6887
vn 0.2572 -0.0532 0.9649
vn 0.0946 -0.2039 0.9744
vn -0.4380 0.2401 0.8663
vn -0.4622 0.4248 0.7784
vn -0.7741 0.3411 0.5333
vn -0.8331 0.4851 0.2657
vn -0.7192 0.3274 0.6128
vn -0.8698 0.4228 0.2544
vn -0.7794 0.4950 0.3842
vn -0.6001 0.7243 0.3394
vn -0.4235 0.6779 0.6009
vn -0.3394 0.9298 0.1422
vn -0.2216 0.9092 0.3524
vn 0.0349 0.9223 0.3848
vn -0.0559 0.5838 0.8100
vn 0.0075 0.2750 0.9614
vn 0.5211 0.2613 0.8125
vn 0.5567 -0.3363 0.7596
vn 0.8627 0.3354 0.3785
vn 0.8437 -0.2424 0.4789
vn 0.9413 0.3280 -0.0799
vn 0.9699 -0.2428 0.0158
vn 0.7830 0.3353 -0.5239
vn 0.8585 -0.2489 -0.4484
vn 0.5067 0.2732 -0.8177
vn 0.6195 -0.2729 -0.7361
vn 0.0972 -0.2018 -0.9746
vn 0.1044 -0.0629 -0.9925
vn -0.4758 0.2575 -0.8410
vn -0.4331 0.2094 -0.8767
vn -0.7831 0.3808 -0.4916
vn -0.7826 0.3869 -0.4877
vn -0.8756 0.4663 -0.1262
vn -0.9009 0.4210 -0.1052
vn -0.3825 0.1905 0.9041
vn 0.9268 -0.3040 0.2204
vn 0.9929 -0.0355 -0.1134
vn 0.8166 0.1987 -0.5419
vn 0.2700 0.5576 -0.7849
vn -0.3320 0.6691 -0.6649
vn -0.6576 0.6899 -0.3027
vn -0.8877 0.4600 0.0189
vn -0.9274 0.1147 0.3560
vn -0.7147 -0.2655 0.6471
vn -0.2598 -0.5821 0.7705
vn 0.2707 -0.6880 0.6733
vn 0.7193 -0.5292 0.4500
vn 0.9637 -0.2141 0.1592
vn 0.9936 0.0309 -0.1090
vn 0.0479 -0.9397 0.3385
vn 0.1976 -0.9248 0.3252
vn 0.0513 -0.9987 0.0000
vn 0.2849 -0.9449 0.1611
vn 0.3239 -0.9461 0.0060
vn 0.2804 -0.9480 -0.1509
vn 0.1455 -0.9259 -0.3486
vn 0.0559 -0.9143 -0.4011
vn 0.4724 -0.5791 -0.6645
vn 0.6714 -0.6678 -0.3214
vn 0.7459 -0.6652 0.0351
vn 0.6345 -0.6705 0.3845
vn 0.4107 -0.7087 0.5737
vn 0.1139 -0.1214 0.9860
vn -0.1989 0.1239 0.9721
vn -0.6809 0.7308 -0.0488
vn -0.4283 0.9036 -0.0057
vn -0.9011 0.4332 0.0211
vn -0.5827 0.7482 -0.3173
vn -0.3579 0.9212 -0.1524
vn -0.2322 0.9118 -0.3386
vn -0.0357 0.9294 -0.3672
vn -0.4205 0.6642 -0.6181
vn -0.0679 0.7028 -0.7081
vn -0.3683 0.3623 -0.8562
vn 0.0019 0.2164 -0.9763
vn -0.1910 0.1138 -0.9750
vn -0.8950 0.4395 -0.0770
vn 0.6718 0.6704 0.3151
vn 0.7474 0.6633 0.0376
vn 0.3256 0.9323 0.1578
vn 0.4283 0.9036 -0.0058
vn -0.7381 0.5058 -0.4465
vn 0.6316 0.6726 -0.3857
vn 0.4953 0.6983 -0.5167
vn 0.3115 0.9331 -0.1799
vn 0.2300 0.9256 -0.3006
vn -0.6625 -0.0823 0.7446
vn -0.6520 -0.0024 0.7582
vn 0.4769 -0.4769 0.7384
vn 0.6083 -0.7392 0.2892
vn 0.2891 -0.7392 -0.6083
vn 0.7383 -0.4769 -0.4769
vn 0.7071 -0.7071 -0.0000
vn 0.7886 -0.4348 0.4348
vn -0.7291 0.6212 -0.2873
vn -0.6701 0.2115 -0.7115
vn -0.7433 -0.4641 -0.4818
vn -0.2880 -0.6015 -0.7452
vn -0.5808 0.0000 -0.8140
vn -0.5745 0.0643 -0.8160
vn -0.6029 0.1596 -0.7817
vn -0.6620 0.4332 -0.6116
vn -0.6966 0.5649 -0.4423
vn -0.6974 0.6941 -0.1785
vn -0.6838 0.7224 -0.1028
vn -0.6950 0.6515 -0.3042
vn 0.7071 0.0000 -0.7071
vn 0.7034 -0.0045 -0.7107
vn 0.7376 -0.0046 -0.6752
vn 0.7344 -0.0047 -0.6787
vn 0.7345 0.0000 -0.6786
vn 0.7210 0.0999 -0.6857
vn 0.7335 0.1739 -0.6570
vn 0.7326 0.4267 -0.5304
vn 0.7251 0.5461 -0.4195
vn 0.7074 0.6861 -0.1697
vn 0.6990 0.7098 -0.0871
vn 0.6728 0.7133 -0.1966
vn 0.7886 0.4348 -0.4348
vn 0.6727 0.1966 -0.7133
vn 0.4348 -0.4348 -0.7886
vn -0.4408 -0.7827 -0.4394
vn -0.7167 -0.6971 -0.0190
vn -0.5511 -0.8342 -0.0200
vn -0.9780 0.2073 -0.0210
vn -0.8629 -0.0000 0.5054
vn -0.7074 0.0006 0.7068
vn -0.7048 0.0005 0.7094
vn -0.7047 0.0002 0.7095
vn -0.7072 -0.0004 0.7070
vn -0.7071 -0.0006 0.7071
vn -0.9997 0.0264 0.0000
vn -0.9956 -0.0309 -0.0881
vn -0.9976 0.0400 -0.0569
vn -0.9968 -0.0567 -0.0567
vn -0.5364 -0.6881 -0.4886
vn -0.5305 -0.6938 -0.4871
vn -0.5724 -0.5511 -0.6071
vn -0.5563 -0.5566 -0.6171
vn -0.5699 -0.3968 -0.7195
vn -0.5636 -0.3898 -0.7283
vn -1.0000 -0.0073 -0.0063
vn -1.0000 -0.0001 0.0036
vn -1.0000 -0.0000 0.0036
vn -1.0000 0.0032 0.0012
vn -0.9998 -0.0124 -0.0132
vn -0.9999 -0.0131 -0.0082
vn -1.0000 -0.0010 0.0073
vn -1.0000 0.0000 0.0073
vn -1.0000 0.0063 0.0049
vn -1.0000 0.0062 0.0000
vn 0.0090 0.5417 -0.8405
vn 0.0038 0.9788 -0.2047
vn -0.0006 0.9678 -0.2519
vn 0.0003 0.9238 -0.3829
vn 0.0000 0.1997 -0.9799
vn 0.0000 0.8413 -0.5405
vn -0.0000 0.9903 -0.1391
vn -0.0003 0.9238 -0.3829
vn 0.7072 -0.0000 0.7070
vn 0.3826 -0.0000 0.9239
vn 0.2339 0.0000 0.9723
vn 0.6901 0.1962 0.6966
vn 0.1893 0.2553 0.9482
vn 0.4758 0.6526 0.5897
vn 0.1404 0.7041 0.6961
vn 0.1919 0.9625 0.1919
vn 0.0000 0.9808 0.1952
vn -0.1361 0.6624 0.7367
vn -0.1576 0.9748 0.1576
vn -0.4942 0.7152 0.4942
vn -0.6922 0.7040 0.1590
vn -0.6827 0.2605 0.6827
vn -0.9615 0.1942 0.1942
vn 0.9807 -0.0000 0.1955
vn 0.9807 0.0000 0.1954
vn 0.9727 0.1278 0.1938
vn 0.7842 0.6001 0.1577
vn 0.8997 0.0000 -0.4366
vn 0.3829 0.1914 -0.9038
vn 0.8945 0.2418 -0.3759
vn 0.3247 0.6922 -0.6446
vn 0.6111 0.7567 -0.2323
vn 0.9500 0.1280 -0.2848
vn 0.4825 0.3497 -0.8031
vn -0.2441 0.3785 -0.8929
vn -0.5055 0.0000 -0.8629
vn -0.8924 0.1850 -0.4116
vn -0.9161 0.1212 -0.3822
vn -0.9808 0.1952 0.0000
vn -0.7429 0.5864 -0.3229
vn -0.1942 0.9615 -0.1942
vn -0.1952 0.9808 0.0000
vn 0.1534 0.9762 -0.1534
vn 0.1951 0.9808 0.0000
vn 0.7072 0.7070 0.0000
vn 0.9807 0.1954 0.0000
vn 0.8924 0.4116 -0.1850
vn 0.9915 0.0000 -0.1298
vn 0.9252 0.3028 -0.2287
vn 0.7972 0.0000 -0.6037
vn 0.6072 0.3111 -0.7311
vn 0.2596 0.0000 -0.9657
vn 0.1451 0.3029 -0.9419
vn -0.1298 0.0000 -0.9915
vn -0.1914 0.3828 -0.9038
vn -0.6037 0.0001 -0.7972
vn -0.7312 0.3111 -0.6071
vn -0.9657 0.0000 -0.2596
vn -0.9161 0.3822 -0.1212
vn -0.9191 0.3594 -0.1616
vn -0.4825 0.8031 -0.3497
vn 0.2441 0.8929 -0.3784
vn 0.6038 0.0001 0.7972
vn -0.3825 -0.0000 0.9239
vn -0.3829 -0.0000 0.9238
vn -0.2912 -0.0000 0.9567
vn -0.1938 0.1278 0.9727
vn 0.0000 0.1952 0.9808
vn -0.2330 0.6372 -0.7346
vn -0.3766 0.1724 -0.9102
vn -0.0015 0.1384 -0.9904
vn -0.0005 0.3829 -0.9238
vn 0.0000 0.2519 -0.9678
vn 0.0945 0.7039 0.7039
vn 0.6943 0.6944 -0.1891
vn -0.1891 0.6943 -0.6943
vn 0.0000 -0.1110 -0.9938
vn 0.0000 -0.2258 -0.9742
vn -0.0000 -0.2967 -0.9550
vn -0.0000 -0.5882 -0.8087
vn -0.0000 -0.6595 -0.7517
vn -0.0000 -0.8129 -0.5825
vn 0.0000 -0.8129 -0.5824
vn 0.0314 -0.8885 -0.4577
vn -0.1417 -0.8019 -0.5804
vn 0.0160 -0.9723 0.2331
vn 0.0566 -0.9859 0.1573
vn 0.7512 -0.5546 0.3580
vn 0.0000 -0.4472 0.8944
vn -0.0006 -0.7252 -0.6885
vn 0.0000 -0.3659 -0.9306
vn -0.0000 -0.0004 1.0000
vn -0.0001 -0.0004 1.0000
vn -0.0001 0.0001 1.0000
vn -0.0000 0.0006 1.0000
vn -0.0001 -0.0008 1.0000
vn -0.0001 0.0002 1.0000
vn 0.0000 0.0010 1.0000
vn 0.0000 -0.0005 1.0000
vn 0.0001 -0.0001 1.0000
vn 0.0001 0.0002 1.0000
vn 0.0001 0.0001 1.0000
vn 0.0001 0.0010 1.0000
vn 0.0000 -0.0003 1.0000
vn 0.0002 0.0019 1.0000
vn -0.5791 -0.0877 -0.8105
vn -0.5838 -0.0872 -0.8072
vn -0.5813 -0.0904 -0.8086
vn -0.5856 -0.0900 -0.8056
vn 0.5346 -0.6926 -0.4843
vn 0.5317 -0.6913 -0.4894
vn 0.5667 -0.6037 -0.5607
vn 0.5625 -0.4961 -0.6614
vn 0.5699 -0.3968 -0.7195
vn 0.5636 -0.3898 -0.7283
vn 0.7072 -0.0003 0.7070
vn 0.7048 -0.0004 0.7094
vn 0.7047 0.0000 0.7095
vn 0.7063 0.0003 0.7079
vn 0.7071 0.0015 0.7071
vn 0.5897 0.6526 0.4758
vn 0.1590 0.7040 0.6922
vn 0.6966 0.1961 0.6901
vn 0.1942 0.1942 0.9615
vn -0.1120 0.6447 0.7562
vn -0.1897 0.1897 0.9634
vn -0.4758 0.6526 0.5897
vn -0.6901 0.1962 0.6966
vn -0.7442 0.6403 0.1902
vn -0.7072 0.7070 0.0000
vn -0.9807 0.1954 -0.0000
vn -0.6835 0.7037 -0.1940
vn -0.9102 0.1724 -0.3767
vn -0.3247 0.6922 -0.6446
vn -0.3829 0.1914 -0.9038
vn 0.2330 0.6372 -0.7346
vn 0.3766 0.1724 -0.9102
vn 0.6837 0.6181 -0.3880
vn 0.9038 0.1914 -0.3828
vn 0.9808 0.1952 0.0000
vn 0.7014 0.7067 0.0935
vn 0.9634 0.1897 0.1897
vn 0.1576 0.9748 0.1576
vn -0.1919 0.9625 0.1919
vn 0.6038 0.0001 0.7971
vn 0.9675 -0.0000 -0.2527
vn 0.5054 -0.0001 -0.8629
vn -0.2527 0.0001 -0.9675
vn -0.8629 -0.0000 -0.5054
vn -0.7972 0.0001 0.6037
vn -0.1951 0.9808 0.0000
vn -0.1534 0.9762 -0.1534
vn 0.1942 0.9615 -0.1942
vn 0.1952 0.9808 0.0000
vn -0.7071 0.0000 -0.7071
vn -0.7058 -0.0033 -0.7084
vn -0.7376 -0.0046 -0.6752
vn -0.7344 -0.0047 -0.6787
vn 1.0000 0.0000 0.0047
vn 1.0000 0.0030 0.0024
vn 1.0000 0.0062 0.0073
vn 1.0000 0.0067 0.0026
vn 0.5856 -0.0900 -0.8056
vn 0.5838 -0.0872 -0.8072
vn 0.5813 -0.0904 -0.8087
vn 0.5791 -0.0877 -0.8105
vn -0.8601 0.4052 -0.3100
vn -0.8281 0.4456 -0.3402
vn -0.6044 0.6094 -0.5131
vn -0.5913 0.5469 -0.5926
vn -0.3154 0.5887 -0.7443
vn -0.2806 0.5744 -0.7690
vn -0.0146 0.5816 -0.8134
vn 0.0375 0.5520 -0.8330
vn 0.2751 0.5232 -0.8066
vn 0.3231 0.4817 -0.8146
vn 0.5499 0.4050 -0.7305
vn 0.6198 0.3622 -0.6962
vn 0.8012 0.1963 -0.5653
vn 0.8605 0.2014 -0.4680
vn 0.9671 0.0517 -0.2491
vn 0.9842 -0.0355 -0.1734
vn 0.9813 -0.1886 0.0395
vn 0.9635 -0.2570 0.0745
vn 0.8599 -0.4468 0.2470
vn 0.8312 -0.4661 0.3030
vn 0.6493 -0.5929 0.4764
vn 0.5962 -0.6257 0.5030
vn 0.3531 -0.6939 0.6276
vn 0.2894 -0.7096 0.6424
vn 0.0142 -0.7110 0.7030
vn -0.0523 -0.7079 0.7043
vn -0.3264 -0.6422 0.6935
vn -0.3877 -0.6210 0.6812
vn -0.6273 -0.4959 0.6005
vn -0.6764 -0.4590 0.5760
vn -0.8524 -0.2898 0.4352
vn -0.8835 -0.2417 0.4013
vn -0.9749 -0.0491 0.2171
vn -0.9840 0.0047 0.1782
vn -0.9814 0.1910 -0.0172
vn -0.9709 0.2333 -0.0543
vn -0.8795 0.3970 -0.2626
vn -0.4950 0.5952 -0.6330
vn -0.1833 0.6235 -0.7600
vn -0.0639 0.6073 -0.7919
vn 0.2275 0.5616 -0.7955
vn 0.4777 0.4772 -0.7377
vn 0.5788 0.4066 -0.7069
vn 0.8730 0.3047 -0.3809
vn 0.9824 -0.1850 0.0240
vn 0.8932 -0.3884 0.2265
vn 0.7369 -0.5441 0.4013
vn 0.4152 -0.6748 0.6102
vn 0.0812 -0.7103 0.6992
vn -0.2624 -0.6600 0.7039
vn -0.5745 -0.5302 0.6236
vn -0.8172 -0.3363 0.4681
vn -0.9611 -0.1014 0.2568
vn -0.9894 0.1443 0.0143
vn 0.9409 -0.0301 0.3373
vn 0.9673 0.2378 0.0879
vn 0.9373 -0.0492 0.3450
vn 0.9750 0.2096 0.0731
vn 0.9524 -0.1237 0.2786
vn 0.9850 0.1715 0.0194
vn 0.9663 -0.1927 0.1710
vn 0.9910 0.1039 -0.0848
vn 0.9329 -0.3550 -0.0601
vn 0.9473 -0.0461 -0.3171
vn 0.7543 -0.5688 -0.3279
vn 0.7750 -0.2547 -0.5784
vn 0.4588 -0.7115 -0.5322
vn 0.4884 -0.3947 -0.7783
vn 0.0914 -0.7612 -0.6420
vn 0.1313 -0.4444 -0.8861
vn -0.2917 -0.7107 -0.6401
vn -0.2419 -0.3962 -0.8857
vn -0.6325 -0.5673 -0.5273
vn -0.5741 -0.2576 -0.7772
vn -0.8790 -0.3530 -0.3205
vn -0.8152 -0.0497 -0.5770
vn -0.9753 -0.1932 -0.1074
vn -0.9242 0.1025 -0.3678
vn -0.9924 -0.1231 -0.0034
vn -0.9498 0.1691 -0.2632
vn -0.9965 -0.0629 0.0547
vn -0.9538 0.2192 -0.2053
vn -0.9960 0.0014 0.0892
vn -0.9731 0.1898 -0.1309
vn -0.6278 -0.6114 -0.4817
vn -0.6658 -0.2274 -0.7106
vn 0.8184 0.5317 -0.2180
vn 0.2541 0.8096 -0.5291
vn -0.0756 0.6792 -0.7300
vn 0.2858 0.7330 -0.6173
vn -0.1136 0.6978 -0.7073
vn 0.2866 0.7138 -0.6390
vn -0.1403 0.7429 -0.6546
vn 0.2750 0.6724 -0.6872
vn -0.1263 0.7997 -0.5870
vn 0.2345 0.6327 -0.7381
vn -0.0755 0.8474 -0.5256
vn 0.1725 0.6080 -0.7750
vn 0.0009 0.8761 -0.4822
vn 0.0986 0.6022 -0.7922
vn 0.0914 0.8821 -0.4620
vn 0.0240 0.6162 -0.7872
vn 0.1821 0.8640 -0.4695
vn -0.0401 0.6477 -0.7609
vn 0.2592 0.8246 -0.5028
vn -0.0838 0.6921 -0.7169
vn 0.3107 0.7701 -0.5571
vn -0.0975 0.7264 -0.6804
vn 0.3246 0.7134 -0.6210
vn -0.0975 0.7378 -0.6680
vn 0.3048 0.6798 -0.6670
vn -0.0989 0.7606 -0.6417
vn 0.3031 0.7245 -0.6191
vn -0.0406 0.6932 -0.7196
vn 0.6122 -0.0072 -0.7907
vn 0.3371 -0.1894 -0.9222
vn 0.8284 -0.3284 -0.4539
vn 0.3693 -0.4664 -0.8038
vn 0.7220 -0.6174 -0.3123
vn 0.3962 -0.7501 -0.5294
vn -0.4822 0.2065 -0.8514
vn -0.6190 0.3901 -0.6817
vn -0.6794 0.5305 -0.5069
vn -0.6405 0.7108 -0.2908
vn -0.4907 0.8663 -0.0935
vn -0.2569 0.9650 0.0521
vn 0.0265 0.9919 0.1244
vn 0.3150 0.9426 0.1107
vn 0.5646 0.8252 0.0134
vn 0.7382 0.6573 -0.1518
vn 0.8047 0.4776 -0.3525
vn 0.7784 0.3605 -0.5140
vn 0.7930 0.3898 -0.4683
vn -0.4311 0.1288 -0.8931
vn -0.6268 -0.2978 -0.7200
vn -0.8044 -0.1329 -0.5790
vn -0.6808 -0.5176 -0.5182
vn -0.8532 -0.4054 -0.3282
vn -0.7020 -0.6875 0.1858
vn -0.9226 -0.3262 -0.2058
vn -0.7272 -0.6609 0.1854
vn -0.9903 -0.1391 0.0006
vn -0.7914 -0.5257 0.3120
vn -0.9559 0.1002 0.2762
vn -0.7856 -0.3435 0.5147
vn -0.7804 0.3122 0.5418
vn -0.6706 -0.1761 0.7206
vn -0.4890 0.4542 0.7447
vn -0.4628 -0.0580 0.8846
vn -0.1259 0.5045 0.8542
vn -0.1947 -0.0072 0.9808
vn 0.2531 0.4553 0.8536
vn 0.0930 -0.0310 0.9952
vn 0.5910 0.3144 0.7429
vn 0.3577 -0.1271 0.9252
vn 0.8359 0.1030 0.5391
vn 0.5576 -0.2795 0.7816
vn 0.9491 -0.1360 0.2841
vn 0.6591 -0.4624 0.5931
vn 0.9435 -0.3245 0.0671
vn 0.6541 -0.6259 0.4247
vn 0.8885 -0.4551 -0.0578
vn 0.6338 -0.6575 0.4075
vn 0.5659 -0.8207 0.0780
vn -0.8847 -0.0362 -0.4647
vn -0.9529 0.1527 -0.2621
vn -0.9196 0.3925 0.0132
vn -0.7453 0.6054 0.2793
vn -0.4548 0.7482 0.4831
vn -0.0924 0.7995 0.5936
vn 0.2871 0.7512 0.5943
vn 0.6260 0.6110 0.4845
vn 0.8722 0.4001 0.2814
vn 0.9866 0.1612 0.0270
vn 0.9815 -0.0311 -0.1891
vn 0.9053 -0.1778 -0.3857
vn -0.2884 -0.9547 -0.0738
vn -0.1336 -0.8196 -0.5571
vn 0.8047 -0.5701 -0.1653
vn -0.1361 -0.5248 -0.8403
vn 0.7214 -0.3970 -0.5675
vn 0.0207 0.0862 -0.9961
vn 0.5111 0.1903 -0.8382
vn 0.3692 -0.9187 0.1403
vn 0.7653 -0.2278 0.6021
vn 0.0158 -0.8162 0.5776
vn 0.6443 -0.4357 0.6285
vn 0.0589 -0.6740 0.7364
vn 0.6299 -0.5156 0.5809
vn 0.0908 -0.7271 0.6805
vn 0.6389 -0.5699 0.5168
vn 0.0788 -0.7384 0.6697
vn 0.6125 -0.6943 0.3779
vn 0.0570 -0.7619 0.6452
vn 0.4937 -0.8499 0.1844
vn 0.0376 -0.7980 0.6015
vn 0.2891 -0.9567 0.0339
vn -0.0020 -0.8250 0.5652
vn 0.0304 -0.9982 -0.0508
vn -0.0556 -0.8384 0.5421
vn -0.2433 -0.9683 -0.0565
vn -0.1153 -0.8365 0.5357
vn -0.4903 -0.8714 0.0175
vn -0.1719 -0.8194 0.5468
vn -0.6729 -0.7223 0.1598
vn -0.2162 -0.7899 0.5739
vn -0.7555 -0.5811 0.3024
vn -0.2656 -0.7536 0.6012
vn -0.7684 -0.5192 0.3741
vn -0.2789 -0.7334 0.6199
vn -0.7840 -0.4657 0.4105
vn -0.2575 -0.7469 0.6131
vn -0.7811 -0.4466 0.4363
vn -0.1935 -0.7932 0.5774
vn -0.6112 -0.7906 -0.0365
vn -0.4640 0.1999 -0.8630
vn -0.7336 0.4975 -0.4629
vn -0.6668 0.5748 -0.4743
vn -0.6336 0.5392 -0.5548
vn -0.6244 0.4808 -0.6155
vn -0.5588 0.3621 -0.7461
vn -0.3892 0.2065 -0.8977
vn -0.1505 0.1001 -0.9835
vn 0.1218 0.0589 -0.9908
vn 0.3857 0.0891 -0.9183
vn 0.6013 0.1864 -0.7770
vn 0.7355 0.3355 -0.5886
vn 0.7733 0.4717 -0.4238
vn 0.7656 0.5369 -0.3544
vn 0.6907 0.6221 -0.3687
vn 0.2965 -0.9549 -0.0137
vn 0.1722 0.6564 -0.7345
vn -0.6512 -0.7586 -0.0211
vn 0.1595 -0.7869 0.5961
vn 0.0972 -0.7620 0.6403
vn 0.0931 -0.7191 0.6886
vn 0.0654 -0.6707 0.7388
vn 0.0115 -0.6318 0.7750
vn -0.0587 -0.6082 0.7916
vn -0.1338 -0.6034 0.7861
vn -0.2030 -0.6182 0.7593
vn -0.2557 -0.6504 0.7153
vn -0.2835 -0.6948 0.6610
vn -0.2833 -0.7407 0.6092
vn -0.2688 -0.7716 0.5766
vn -0.2611 -0.7852 0.5615
vn 0.8281 0.4456 -0.3402
vn 0.5364 0.6005 -0.5930
vn 0.5913 0.5469 -0.5926
vn 0.3154 0.5887 -0.7443
vn 0.2806 0.5744 -0.7690
vn 0.0146 0.5816 -0.8134
vn -0.0375 0.5520 -0.8330
vn -0.2751 0.5232 -0.8066
vn -0.3231 0.4817 -0.8146
vn -0.5499 0.4050 -0.7305
vn -0.6198 0.3622 -0.6962
vn -0.8012 0.1963 -0.5653
vn -0.8605 0.2014 -0.4680
vn -0.9671 0.0517 -0.2491
vn -0.9841 -0.0357 -0.1738
vn -0.9813 -0.1886 0.0395
vn -0.9635 -0.2570 0.0745
vn -0.8599 -0.4468 0.2470
vn -0.8312 -0.4661 0.3031
vn -0.6493 -0.5929 0.4764
vn -0.5962 -0.6257 0.5030
vn -0.3531 -0.6941 0.6273
vn -0.2894 -0.7096 0.6424
vn -0.0142 -0.7110 0.7030
vn 0.0523 -0.7079 0.7044
vn 0.3264 -0.6422 0.6935
vn 0.3877 -0.6210 0.6812
vn 0.6273 -0.4959 0.6004
vn 0.6765 -0.4590 0.5759
vn 0.8524 -0.2898 0.4352
vn 0.8835 -0.2417 0.4013
vn 0.9749 -0.0491 0.2171
vn 0.9840 0.0047 0.1782
vn 0.9814 0.1910 -0.0172
vn 0.9709 0.2333 -0.0542
vn 0.8576 0.4325 -0.2783
vn 0.4950 0.5952 -0.6330
vn 0.1833 0.6235 -0.7600
vn 0.0639 0.6074 -0.7919
vn -0.2275 0.5616 -0.7955
vn -0.4777 0.4772 -0.7377
vn -0.5788 0.4066 -0.7069
vn -0.8730 0.3047 -0.3809
vn -0.9824 -0.1852 0.0239
vn -0.8932 -0.3884 0.2265
vn -0.7369 -0.5441 0.4013
vn -0.4152 -0.6748 0.6102
vn -0.0812 -0.7103 0.6992
vn 0.2624 -0.6600 0.7039
vn 0.5745 -0.5301 0.6236
vn 0.8172 -0.3363 0.4681
vn 0.9612 -0.1021 0.2561
vn 0.9894 0.1446 0.0145
vn 0.8795 0.3970 -0.2626
vn -0.9785 0.1733 0.1115
vn -0.9316 -0.0547 0.3595
vn -0.9763 0.2003 0.0814
vn -0.9313 -0.0628 0.3589
vn -0.9864 0.1619 0.0282
vn -0.9485 -0.1319 0.2881
vn -0.9950 0.0786 -0.0620
vn -0.9569 -0.2144 0.1957
vn -0.9567 -0.0987 -0.2737
vn -0.9173 -0.3981 -0.0088
vn -0.7823 -0.3110 -0.5396
vn -0.7431 -0.6104 -0.2743
vn -0.4916 -0.4538 -0.7432
vn -0.4529 -0.7528 -0.4776
vn -0.1289 -0.5049 -0.8535
vn -0.0906 -0.8038 -0.5880
vn 0.2505 -0.4565 -0.8537
vn 0.2883 -0.7556 -0.5881
vn 0.5886 -0.3162 -0.7440
vn 0.6263 -0.6154 -0.4785
vn 0.8344 -0.1051 -0.5410
vn 0.8720 -0.4047 -0.2756
vn 0.9344 0.0768 -0.3478
vn 0.9715 -0.2207 -0.0869
vn 0.9537 0.1597 -0.2550
vn 0.9910 -0.1337 0.0041
vn 0.9598 0.2047 -0.1919
vn 0.9948 -0.0785 0.0651
vn 0.9710 0.1960 -0.1368
vn 0.9966 0.0114 0.0817
vn 0.4397 -0.0310 -0.8976
vn 0.6857 -0.3194 -0.6540
vn -0.8184 0.5317 -0.2180
vn -0.2592 0.6894 -0.6764
vn -0.7649 0.5285 -0.3683
vn -0.2862 0.7342 -0.6156
vn -0.7586 0.5397 -0.3649
vn -0.2893 0.7193 -0.6316
vn -0.7560 0.4792 -0.4459
vn -0.2849 0.6836 -0.6720
vn -0.6982 0.3609 -0.6182
vn -0.2509 0.6398 -0.7264
vn -0.5651 0.2222 -0.7945
vn -0.1928 0.6100 -0.7686
vn -0.3566 0.1340 -0.9246
vn -0.1197 0.5987 -0.7920
vn -0.1047 0.1099 -0.9884
vn -0.0426 0.6075 -0.7932
vn 0.1525 0.1536 -0.9763
vn 0.0267 0.6352 -0.7719
vn 0.3755 0.2582 -0.8902
vn 0.0778 0.6775 -0.7314
vn 0.5305 0.4084 -0.7428
vn 0.1002 0.7188 -0.6879
vn 0.6029 0.5055 -0.6172
vn 0.0997 0.7347 -0.6711
vn 0.6252 0.5481 -0.5555
vn 0.1030 0.7526 -0.6503
vn 0.6308 0.6221 -0.4638
vn 0.0462 0.6607 -0.7492
vn 0.7313 0.5838 -0.3527
vn 0.5199 0.1533 -0.8404
vn 0.5208 0.2950 -0.8011
vn 0.0469 0.6541 -0.7550
vn 0.6075 0.4189 -0.6749
vn 0.0983 0.6794 -0.7272
vn 0.6514 0.5732 -0.4972
vn 0.1255 0.7117 -0.6912
vn 0.5957 0.7484 -0.2917
vn 0.1313 0.7655 -0.6299
vn 0.4401 0.8916 -0.1071
vn 0.1011 0.8186 -0.5653
vn 0.2073 0.9780 0.0246
vn 0.0409 0.8578 -0.5124
vn -0.0675 0.9943 0.0827
vn -0.0388 0.8770 -0.4790
vn -0.3419 0.9379 0.0588
vn -0.1274 0.8731 -0.4705
vn -0.5739 0.8177 -0.0436
vn -0.2107 0.8471 -0.4880
vn -0.7290 0.6518 -0.2091
vn -0.2760 0.8026 -0.5289
vn -0.7812 0.4799 -0.3993
vn -0.3114 0.7478 -0.5863
vn -0.7592 0.3655 -0.5386
vn -0.3072 0.6998 -0.6449
vn -0.7800 0.2557 -0.5712
vn -0.2653 0.6329 -0.7273
vn -0.5631 0.1913 -0.8039
vn -0.5111 0.1903 -0.8382
vn 0.1581 0.0394 -0.9866
vn -0.8913 -0.3418 -0.2981
vn 0.1259 -0.5133 -0.8489
vn -0.8372 -0.4988 -0.2241
vn 0.1649 -0.6668 -0.7267
vn 0.8287 -0.4494 -0.3337
vn 0.7917 -0.1586 -0.5900
vn 0.9208 -0.3507 -0.1706
vn 0.8964 -0.0743 -0.4370
vn 0.9818 -0.1816 0.0553
vn 0.9726 0.0914 -0.2140
vn 0.9405 0.0516 0.3357
vn 0.9422 0.3276 0.0700
vn 0.7622 0.2571 0.5941
vn 0.7670 0.5440 0.3402
vn 0.4715 0.3926 0.7897
vn 0.4735 0.6898 0.5477
vn 0.1132 0.4372 0.8922
vn 0.1065 0.7427 0.6611
vn -0.2581 0.3846 0.8862
vn -0.2784 0.6950 0.6629
vn -0.5867 0.2421 0.7728
vn -0.6227 0.5538 0.5528
vn -0.8218 0.0320 0.5689
vn -0.8736 0.3405 0.3478
vn -0.9286 -0.1973 0.3142
vn -0.9910 0.1044 0.0843
vn -0.9293 -0.3581 0.0902
vn -0.9853 -0.0673 -0.1571
vn -0.8915 -0.4434 -0.0924
vn -0.9271 -0.1581 -0.3399
vn 0.2884 -0.9547 -0.0738
vn -0.3692 -0.9187 0.1403
vn -0.7652 -0.2278 0.6021
vn -0.0158 -0.8162 0.5776
vn -0.6442 -0.4357 0.6286
vn -0.0706 -0.7041 0.7066
vn -0.6299 -0.5156 0.5809
vn -0.0907 -0.7270 0.6806
vn -0.6389 -0.5699 0.5168
vn -0.0787 -0.7384 0.6698
vn -0.6126 -0.6943 0.3779
vn -0.0571 -0.7619 0.6451
vn -0.4937 -0.8499 0.1845
vn -0.0376 -0.7980 0.6014
vn -0.2891 -0.9567 0.0339
vn 0.0020 -0.8250 0.5652
vn -0.0304 -0.9982 -0.0508
vn 0.0556 -0.8384 0.5421
vn 0.2433 -0.9683 -0.0565
vn 0.1153 -0.8365 0.5357
vn 0.4903 -0.8714 0.0175
vn 0.1717 -0.8194 0.5468
vn 0.6729 -0.7223 0.1598
vn 0.2163 -0.7899 0.5739
vn 0.7555 -0.5811 0.3024
vn 0.2657 -0.7536 0.6012
vn 0.7684 -0.5192 0.3741
vn 0.2790 -0.7334 0.6199
vn 0.7840 -0.4656 0.4105
vn 0.2449 -0.7800 0.5758
vn 0.7811 -0.4466 0.4363
vn 0.1935 -0.7932 0.5774
vn 0.6199 -0.5471 -0.5625
vn 0.7196 -0.6913 0.0658
vn 0.6111 -0.7907 -0.0364
vn -0.2842 -0.5371 -0.7942
vn -0.3036 -0.1926 -0.9331
vn -0.3962 -0.7501 -0.5294
vn -0.7711 -0.5821 -0.2579
vn -0.7658 -0.3993 -0.5041
vn -0.5659 -0.8207 0.0780
vn -0.5491 -0.8055 0.2231
vn -0.6219 -0.6515 0.4344
vn -0.6148 -0.5121 0.5998
vn -0.5240 -0.3397 0.7811
vn -0.3414 -0.1939 0.9197
vn -0.0963 -0.1003 0.9903
vn 0.1735 -0.0728 0.9821
vn 0.4276 -0.1158 0.8965
vn 0.6270 -0.2230 0.7464
vn 0.7414 -0.3775 0.5548
vn 0.7561 -0.5457 0.3612
vn 0.7104 -0.6675 0.2233
vn 0.5892 -0.4031 -0.7002
vn 0.4311 0.1287 -0.8931
vn 0.6552 -0.7524 0.0675
vn -0.1487 0.6692 -0.7280
vn 0.2938 -0.7635 0.5752
vn 0.2848 -0.7777 0.5604
vn 0.3116 -0.7423 0.5932
vn 0.3173 -0.6874 0.6533
vn 0.2871 -0.6342 0.7179
vn 0.2272 -0.5951 0.7709
vn 0.1470 -0.5759 0.8042
vn 0.0588 -0.5795 0.8129
vn -0.0247 -0.6059 0.7952
vn -0.0900 -0.6502 0.7544
vn -0.1253 -0.7055 0.6975
vn -0.1208 -0.7570 0.6421
vn -0.0978 -0.7967 0.5964
vn -0.0763 -0.9859 -0.1490
usemtl tex_0055_0
s 1
f 1/1/1 3/2/1 2/3/2
f 3/2/1 4/4/3 2/3/2
f 2/3/2 4/4/3 5/5/4
f 4/4/3 6/6/5 5/5/4
f 5/5/4 6/6/5 7/7/6
f 6/6/5 8/8/7 7/7/6
f 7/7/6 8/8/7 9/9/8
f 8/8/7 10/10/9 9/9/8
f 9/9/8 10/10/9 11/11/10
f 10/10/9 12/12/10 11/11/10
f 13/13/11 15/14/11 14/15/2
f 15/14/11 16/16/3 14/15/2
f 14/15/2 16/16/3 17/17/4
f 16/16/3 18/18/5 17/17/4
f 17/17/4 18/18/5 19/19/6
f 18/18/5 20/20/7 19/19/6
f 19/19/6 20/20/7 21/21/8
f 20/20/7 22/22/9 21/21/8
f 21/21/8 22/22/9 23/23/12
f 22/22/9 24/24/12 23/23/12
usemtl tex_0047_0
f 25/25/13 27/26/14 26/27/15
f 27/26/14 28/28/16 26/27/15
f 29/29/17 31/30/18 30/31/19
f 31/30/18 32/32/20 30/31/19
f 30/31/19 32/32/20 33/33/21
f 32/32/20 34/34/22 33/33/21
f 33/33/21 34/34/22 35/35/23
f 34/34/22 36/36/24 35/35/23
f 37/37/25 39/38/26 38/39/27
f 39/38/26 40/40/28 38/39/27
f 41/41/29 43/42/30 42/43/31
f 44/44/32 46/45/33 45/46/34
f 46/45/33 47/47/35 45/46/34
f 45/46/34 47/47/35 48/48/36
f 47/47/35 49/49/37 48/48/36
f 48/48/36 49/49/37 50/50/38
f 49/49/37 51/51/39 50/50/38
f 50/50/38 51/51/39 52/52/40
f 51/51/39 53/53/41 52/52/40
f 52/52/40 53/53/41 54/54/42
f 53/53/41 55/55/43 54/54/42
f 54/54/42 55/55/43 56/56/44
f 55/55/43 57/57/45 56/56/44
f 56/56/44 57/57/45 58/58/46
f 59/59/47 61/60/48 60/61/49
f 61/60/48 62/62/50 60/61/49
f 60/61/49 62/62/50 63/63/51
f 64/64/52 66/65/53 65/66/54
f 67/67/55 69/68/56 68/69/57
f 69/68/56 70/70/58 68/69/57
f 68/69/57 70/70/58 71/71/59
f 70/70/58 72/72/60 71/71/59
f 71/71/59 72/72/60 73/73/61
f 72/72/60 74/74/62 73/73/61
f 73/73/61 74/74/62 75/75/63
f 74/74/62 72/72/60 76/76/64
f 50/50/38 52/52/40 77/77/65
f 52/52/40 54/54/42 77/77/65
f 77/77/65 54/54/42 78/78/66
f 54/54/42 56/56/44 78/78/66
f 78/78/66 56/56/44 79/79/67
f 56/56/44 58/58/46 79/79/67
f 79/79/67 58/58/46 80/80/68
f 81/81/69 83/82/70 82/83/71
f 83/82/70 84/84/72 82/83/71
f 82/83/71 84/84/72 85/85/73
f 84/84/72 86/86/74 85/85/73
f 85/85/73 86/86/74 87/87/75
f 86/86/74 88/88/76 87/87/75
f 89/89/77 91/90/78 90/91/79
f 91/90/78 92/92/80 90/91/79
f 90/91/79 92/92/80 93/93/81
f 90/91/79 94/94/82 89/89/77
f 94/94/82 95/95/83 89/89/77
f 88/88/76 86/86/74 96/96/84
f 97/97/85 99/98/86 98/99/87
f 100/100/88 102/101/89 101/102/90
f 102/101/89 103/103/91 101/102/90
f 101/102/90 103/103/91 104/104/92
f 103/103/91 105/105/93 104/104/92
f 104/104/92 105/105/93 106/106/94
f 105/105/93 107/107/95 106/106/94
f 108/108/96 39/38/26 109/109/97
f 39/38/26 37/37/25 109/109/97
f 109/109/97 37/37/25 110/110/98
f 37/37/25 111/111/99 110/110/98
f 110/110/98 111/111/99 112/112/100
f 111/111/99 113/113/101 112/112/100
f 112/112/100 113/113/101 114/114/102
f 113/113/101 115/115/103 114/114/102
f 114/114/102 115/115/103 116/116/104
f 115/115/103 117/117/105 116/116/104
f 116/116/104 117/117/105 43/42/30
f 117/117/105 118/118/106 43/42/30
f 43/42/30 118/118/106 42/43/31
f 39/38/26 108/108/96 119/119/107
f 120/120/108 122/121/109 121/122/110
f 122/121/109 123/123/111 121/122/110
f 121/122/110 123/123/111 124/124/112
f 123/123/111 125/125/113 124/124/112
f 124/124/112 125/125/113 126/126/114
f 125/125/113 127/127/115 126/126/114
f 126/126/114 127/127/115 128/128/116
f 127/127/115 129/129/117 128/128/116
f 128/128/116 129/129/117 130/130/118
f 129/129/117 131/131/119 130/130/118
f 130/130/118 131/131/119 132/132/120
f 131/131/119 133/133/121 132/132/120
f 132/132/120 133/133/121 36/36/24
f 133/133/121 134/134/122 36/36/24
f 36/36/24 134/134/122 35/35/23
f 134/134/122 135/135/123 35/35/23
f 35/35/23 135/135/123 136/136/124
f 135/135/123 137/137/125 136/136/124
f 136/136/124 137/137/125 138/138/126
f 137/137/125 139/139/127 138/138/126
f 138/138/126 139/139/127 140/140/128
f 139/139/127 141/141/129 140/140/128
f 140/140/128 141/141/129 142/142/130
f 141/141/129 143/143/131 142/142/130
f 142/142/130 143/143/131 144/144/132
f 143/143/131 145/145/133 144/144/132
f 144/144/132 145/145/133 146/146/134
f 145/145/133 147/147/135 146/146/134
f 146/146/134 147/147/135 148/148/136
f 147/147/135 149/149/137 148/148/136
f 148/148/136 149/149/137 150/150/138
f 149/149/137 151/151/139 150/150/138
f 150/150/138 151/151/139 152/152/140
f 153/153/141 155/154/142 154/155/143
f 155/154/142 156/156/144 154/155/143
f 154/155/143 156/156/144 157/157/145
f 156/156/144 158/158/146 157/157/145
f 157/157/145 158/158/146 159/159/147
f 158/158/146 160/160/148 159/159/147
f 159/159/147 160/160/148 161/161/149
f 160/160/148 162/162/150 161/161/149
f 161/161/149 162/162/150 163/163/151
f 162/162/150 164/164/152 163/163/151
f 163/163/151 164/164/152 165/165/153
f 164/164/152 166/166/154 165/165/153
f 165/165/153 166/166/154 167/167/155
f 168/168/156 170/169/157 169/170/158
f 170/169/157 171/171/159 169/170/158
f 169/170/158 171/171/159 172/172/160
f 171/171/159 173/173/161 172/172/160
f 172/172/160 173/173/161 174/174/162
f 173/173/161 175/175/163 174/174/162
f 174/174/162 175/175/163 176/176/164
f 177/177/165 179/178/166 178/179/167
f 179/178/166 180/180/168 178/179/167
f 178/179/167 180/180/168 181/181/169
f 178/179/167 182/182/170 177/177/165
f 182/182/170 183/183/171 177/177/165
f 177/177/165 183/183/171 184/184/172
f 183/183/171 185/185/173 184/184/172
f 184/184/172 185/185/173 186/186/174
f 185/185/173 187/187/175 186/186/174
f 186/186/174 187/187/175 188/188/176
f 187/187/175 189/189/177 188/188/176
f 188/188/176 189/189/177 190/190/178
f 189/189/177 191/191/179 190/190/178
f 190/190/178 191/191/179 192/192/180
f 191/191/179 193/193/181 192/192/180
f 194/194/182 196/195/183 195/196/184
f 196/195/183 197/197/185 195/196/184
f 195/196/184 197/197/185 198/198/186
f 197/197/185 199/199/187 198/198/186
f 198/198/186 199/199/187 200/200/188
f 199/199/187 201/201/189 200/200/188
f 200/200/188 201/201/189 202/202/190
f 201/201/189 203/203/191 202/202/190
f 202/202/190 203/203/191 204/204/192
f 154/155/143 205/205/193 153/153/141
f 205/205/193 206/206/194 153/153/141
f 153/153/141 206/206/194 207/207/195
f 208/208/196 210/209/197 209/210/198
f 210/209/197 211/211/199 209/210/198
f 209/210/198 211/211/199 212/212/200
f 213/213/201 215/214/202 214/215/203
f 215/214/202 216/216/204 214/215/203
f 217/217/205 219/218/206 218/219/207
f 220/220/208 222/221/209 221/222/210
f 222/221/209 223/223/211 221/222/210
f 221/222/210 223/223/211 224/224/212
f 223/223/211 225/225/213 224/224/212
f 224/224/212 225/225/213 226/226/214
f 227/227/215 229/228/216 228/229/217
f 229/228/216 230/230/218 228/229/217
f 228/229/217 230/230/218 231/231/219
f 230/230/218 232/232/220 231/231/219
f 231/231/219 232/232/220 233/233/221
f 232/232/220 234/234/222 233/233/221
f 233/233/221 234/234/222 235/235/223
f 234/234/222 236/236/224 235/235/223
f 235/235/223 236/236/224 237/237/225
f 238/238/226 228/229/217 231/231/219
f 176/176/164 240/239/227 239/240/228
f 240/239/227 241/241/229 239/240/228
f 239/240/228 241/241/229 242/242/230
f 241/241/229 243/243/231 242/242/230
f 239/240/228 244/244/232 176/176/164
f 244/244/232 174/174/162 176/176/164
f 108/108/96 109/109/97 245/245/233
f 109/109/97 110/110/98 245/245/233
f 245/245/233 110/110/98 112/112/100
f 246/246/234 248/247/235 247/248/236
f 248/247/235 249/249/237 247/248/236
f 247/248/236 249/249/237 250/250/238
f 249/249/237 251/251/239 250/250/238
f 250/250/238 251/251/239 252/252/240
f 253/253/241 255/254/242 254/255/243
f 255/254/242 256/256/244 254/255/243
f 254/255/243 256/256/244 257/257/245
f 256/256/244 258/258/246 257/257/245
f 257/257/245 258/258/246 259/259/247
f 258/258/246 260/260/248 259/259/247
f 259/259/247 260/260/248 261/261/249
f 260/260/248 262/262/250 261/261/249
f 261/261/249 262/262/250 263/263/251
f 262/262/250 264/264/252 263/263/251
f 263/263/251 264/264/252 265/265/253
f 264/264/252 266/266/254 265/265/253
f 265/265/253 266/266/254 267/267/255
f 266/266/254 268/268/256 267/267/255
f 269/269/257 271/270/258 270/271/259
f 272/272/260 274/273/261 273/274/262
f 274/273/261 275/275/263 273/274/262
f 273/274/262 275/275/263 276/276/264
f 277/277/265 278/278/266 269/269/257
f 278/278/266 279/279/267 269/269/257
f 269/269/257 279/279/267 271/270/258
f 279/279/267 280/280/268 271/270/258
f 271/270/258 280/280/268 281/281/269
f 280/280/268 282/282/270 281/281/269
f 281/281/269 282/282/270 283/283/271
f 282/282/270 284/284/272 283/283/271
f 283/283/271 284/284/272 285/285/273
f 284/284/272 286/286/274 285/285/273
f 285/285/273 286/286/274 287/287/275
f 286/286/274 288/288/276 287/287/275
f 287/287/275 288/288/276 289/289/277
f 288/288/276 290/290/278 289/289/277
f 289/289/277 290/290/278 291/291/279
f 290/290/278 292/292/280 291/291/279
f 291/291/279 292/292/280 293/293/281
f 292/292/280 294/294/282 293/293/281
f 293/293/281 294/294/282 295/295/283
f 294/294/282 296/296/284 295/295/283
f 295/295/283 296/296/284 297/297/285
f 296/296/284 298/298/286 297/297/285
f 299/299/287 277/277/265 300/300/288
f 277/277/265 269/269/257 300/300/288
f 300/300/288 269/269/257 301/301/289
f 269/269/257 270/271/259 301/301/289
f 301/301/289 270/271/259 302/302/290
f 270/271/259 272/272/260 302/302/290
f 302/302/290 272/272/260 303/303/291
f 272/272/260 273/274/262 303/303/291
f 303/303/291 273/274/262 304/304/292
f 273/274/262 276/276/264 304/304/292
f 304/304/292 276/276/264 305/305/293
f 276/276/264 306/306/294 305/305/293
f 305/305/293 306/306/294 307/307/295
f 306/306/294 308/308/296 307/307/295
f 307/307/295 308/308/296 309/309/297
f 308/308/296 291/291/279 309/309/297
f 309/309/297 291/291/279 310/310/298
f 291/291/279 293/293/281 310/310/298
f 310/310/298 293/293/281 311/311/299
f 293/293/281 295/295/283 311/311/299
f 311/311/299 295/295/283 312/312/300
f 295/295/283 297/297/285 312/312/300
f 312/312/300 297/297/285 313/313/301
f 297/297/285 298/298/286 313/313/301
f 313/313/301 298/298/286 314/314/302
f 298/298/286 315/315/303 314/314/302
f 314/314/302 315/315/303 316/316/304
f 315/315/303 152/152/140 316/316/304
f 316/316/304 152/152/140 317/317/305
f 152/152/140 151/151/139 317/317/305
f 317/317/305 151/151/139 318/318/306
f 151/151/139 319/319/307 318/318/306
f 318/318/306 319/319/307 320/320/308
f 319/319/307 321/321/309 320/320/308
f 320/320/308 321/321/309 322/322/310
f 321/321/309 323/323/311 322/322/310
f 322/322/310 323/323/311 324/324/312
f 323/323/311 325/325/313 324/324/312
f 324/324/312 325/325/313 326/326/314
f 325/325/313 327/327/315 326/326/314
f 326/326/314 327/327/315 328/328/316
f 327/327/315 329/329/317 328/328/316
f 328/328/316 329/329/317 330/330/318
f 329/329/317 331/331/319 330/330/318
f 330/330/318 331/331/319 332/332/320
f 331/331/319 333/333/321 332/332/320
f 300/300/288 334/334/322 299/299/287
f 335/335/323 337/336/324 336/337/325
f 337/336/324 338/338/326 336/337/325
f 339/339/327 256/256/244 340/340/328
f 256/256/244 255/254/242 340/340/328
f 340/340/328 255/254/242 341/341/329
f 256/256/244 339/339/327 258/258/246
f 258/258/246 339/339/327 260/260/248
f 339/339/327 342/342/330 260/260/248
f 260/260/248 342/342/330 262/262/250
f 342/342/330 343/343/331 262/262/250
f 262/262/250 343/343/331 344/344/332
f 341/341/329 335/335/323 340/340/328
f 335/335/323 345/345/333 340/340/328
f 340/340/328 345/345/333 339/339/327
f 345/345/333 346/346/334 339/339/327
f 339/339/327 346/346/334 342/342/330
f 346/346/334 347/347/335 342/342/330
f 342/342/330 347/347/335 343/343/331
f 347/347/335 348/348/336 343/343/331
f 343/343/331 348/348/336 344/344/332
f 348/348/336 349/349/337 344/344/332
f 344/344/332 349/349/337 268/268/256
f 349/349/337 350/350/338 268/268/256
f 268/268/256 350/350/338 267/267/255
f 350/350/338 351/351/339 267/267/255
f 267/267/255 351/351/339 352/352/340
f 351/351/339 353/353/341 352/352/340
f 352/352/340 353/353/341 354/354/342
f 353/353/341 355/355/343 354/354/342
f 354/354/342 355/355/343 356/356/344
f 355/355/343 357/357/345 356/356/344
f 356/356/344 357/357/345 358/358/346
f 357/357/345 359/359/347 358/358/346
f 358/358/346 359/359/347 360/360/348
f 359/359/347 361/361/349 360/360/348
f 360/360/348 361/361/349 362/362/350
f 361/361/349 363/363/351 362/362/350
f 362/362/350 363/363/351 364/364/352
f 363/363/351 365/365/353 364/364/352
f 364/364/352 365/365/353 321/321/309
f 365/365/353 366/366/354 321/321/309
f 321/321/309 366/366/354 323/323/311
f 366/366/354 367/367/355 323/323/311
f 323/323/311 367/367/355 368/368/356
f 367/367/355 369/369/357 368/368/356
f 368/368/356 369/369/357 370/370/358
f 369/369/357 371/371/359 370/370/358
f 370/370/358 371/371/359 372/372/360
f 371/371/359 373/373/361 372/372/360
f 372/372/360 373/373/361 374/374/362
f 373/373/361 375/375/363 374/374/362
f 374/374/362 375/375/363 376/376/364
f 375/375/363 377/377/365 376/376/364
f 121/122/110 124/124/112 378/378/366
f 124/124/112 126/126/114 378/378/366
f 378/378/366 126/126/114 31/30/18
f 126/126/114 128/128/116 31/30/18
f 31/30/18 128/128/116 32/32/20
f 128/128/116 130/130/118 32/32/20
f 32/32/20 130/130/118 34/34/22
f 130/130/118 132/132/120 34/34/22
f 34/34/22 132/132/120 36/36/24
f 379/379/367 381/380/368 380/381/369
f 381/380/368 382/382/370 380/381/369
f 380/381/369 382/382/370 383/383/371
f 382/382/370 384/384/372 383/383/371
f 383/383/371 384/384/372 385/385/373
f 384/384/372 386/386/374 385/385/373
f 385/385/373 386/386/374 387/387/375
f 386/386/374 388/388/376 387/387/375
f 387/387/375 388/388/376 389/389/377
f 29/29/17 30/31/19 390/390/378
f 35/35/23 136/136/124 33/33/21
f 136/136/124 391/391/379 33/33/21
f 33/33/21 391/391/379 30/31/19
f 391/391/379 392/392/380 30/31/19
f 30/31/19 392/392/380 390/390/378
f 392/392/380 393/393/381 390/390/378
f 390/390/378 393/393/381 394/394/382
f 270/271/259 271/270/258 274/273/261
f 271/270/258 281/281/269 274/273/261
f 274/273/261 281/281/269 275/275/263
f 281/281/269 283/283/271 275/275/263
f 275/275/263 283/283/271 276/276/264
f 283/283/271 285/285/273 276/276/264
f 276/276/264 285/285/273 306/306/294
f 285/285/273 287/287/275 306/306/294
f 306/306/294 287/287/275 308/308/296
f 287/287/275 289/289/277 308/308/296
f 308/308/296 289/289/277 291/291/279
f 270/271/259 274/273/261 272/272/260
f 76/76/64 72/72/60 395/395/383
f 72/72/60 70/70/58 395/395/383
f 395/395/383 70/70/58 396/396/384
f 70/70/58 69/68/56 396/396/384
f 396/396/384 69/68/56 397/397/385
f 69/68/56 67/67/55 397/397/385
f 397/397/385 67/67/55 398/398/386
f 67/67/55 399/399/387 398/398/386
f 398/398/386 399/399/387 400/400/388
f 399/399/387 401/401/389 400/400/388
f 400/400/388 401/401/389 402/402/390
f 401/401/389 403/403/391 402/402/390
f 402/402/390 403/403/391 404/404/392
f 403/403/391 405/405/393 404/404/392
f 404/404/392 405/405/393 406/406/394
f 405/405/393 407/407/395 406/406/394
f 406/406/394 407/407/395 408/408/396
f 407/407/395 409/409/397 408/408/396
f 408/408/396 409/409/397 410/410/398
f 409/409/397 93/93/81 410/410/398
f 410/410/398 93/93/81 411/411/399
f 93/93/81 92/92/80 411/411/399
f 411/411/399 92/92/80 412/412/400
f 92/92/80 91/90/78 412/412/400
f 412/412/400 91/90/78 413/413/401
f 91/90/78 89/89/77 413/413/401
f 413/413/401 89/89/77 414/414/402
f 89/89/77 95/95/83 414/414/402
f 414/414/402 95/95/83 415/415/403
f 95/95/83 416/416/404 415/415/403
f 415/415/403 416/416/404 417/417/405
f 416/416/404 418/418/406 417/417/405
f 417/417/405 418/418/406 419/419/407
f 418/418/406 399/399/387 419/419/407
f 419/419/407 399/399/387 420/420/408
f 399/399/387 67/67/55 420/420/408
f 420/420/408 67/67/55 421/421/409
f 67/67/55 68/69/57 421/421/409
f 421/421/409 68/69/57 422/422/410
f 68/69/57 71/71/59 422/422/410
f 422/422/410 71/71/59 423/423/411
f 71/71/59 73/73/61 423/423/411
f 423/423/411 73/73/61 424/424/412
f 73/73/61 75/75/63 424/424/412
f 424/424/412 75/75/63 425/425/413
f 75/75/63 426/426/414 425/425/413
f 425/425/413 426/426/414 427/427/415
f 426/426/414 428/428/416 427/427/415
f 427/427/415 428/428/416 429/429/417
f 428/428/416 430/430/418 429/429/417
f 429/429/417 430/430/418 431/431/419
f 430/430/418 432/432/420 431/431/419
f 431/431/419 432/432/420 433/433/421
f 432/432/420 434/434/422 433/433/421
f 433/433/421 434/434/422 435/435/423
f 434/434/422 436/436/424 435/435/423
f 435/435/423 436/436/424 437/437/425
f 436/436/424 438/438/426 437/437/425
f 437/437/425 438/438/426 439/439/427
f 438/438/426 440/440/428 439/439/427
f 439/439/427 440/440/428 441/441/429
f 76/76/64 395/395/383 442/442/430
f 443/443/431 445/444/432 444/445/433
f 445/444/432 446/446/434 444/445/433
f 444/445/433 446/446/434 447/447/435
f 446/446/434 448/448/436 447/447/435
f 447/447/435 448/448/436 449/449/437
f 448/448/436 450/450/438 449/449/437
f 449/449/437 450/450/438 451/451/439
f 450/450/438 63/63/51 451/451/439
f 451/451/439 63/63/51 452/452/440
f 63/63/51 62/62/50 452/452/440
f 452/452/440 62/62/50 453/453/441
f 62/62/50 454/454/442 453/453/441
f 453/453/441 454/454/442 427/427/415
f 454/454/442 455/455/443 427/427/415
f 427/427/415 455/455/443 425/425/413
f 455/455/443 456/456/444 425/425/413
f 425/425/413 456/456/444 457/457/445
f 458/458/446 460/459/447 459/460/448
f 460/459/447 461/461/449 459/460/448
f 459/460/448 461/461/449 462/462/450
f 461/461/449 463/463/451 462/462/450
f 464/464/452 466/465/453 465/466/454
f 466/465/453 467/467/455 465/466/454
f 465/466/454 467/467/455 468/468/456
f 467/467/455 469/469/457 468/468/456
f 468/468/456 469/469/457 470/470/458
f 469/469/457 471/471/459 470/470/458
f 470/470/458 471/471/459 472/472/460
f 471/471/459 451/451/439 472/472/460
f 472/472/460 451/451/439 473/473/461
f 451/451/439 452/452/440 473/473/461
f 474/474/462 476/475/463 475/476/464
f 476/475/463 477/477/465 475/476/464
f 475/476/464 477/477/465 478/478/466
f 477/477/465 479/479/467 478/478/466
f 478/478/466 479/479/467 480/480/468
f 479/479/467 481/481/469 480/480/468
f 482/482/470 484/483/471 483/484/472
f 484/483/471 485/485/473 483/484/472
f 484/483/471 487/486/474 486/487/475
f 487/486/474 488/488/476 486/487/475
f 486/487/475 488/488/476 489/489/477
f 189/189/177 490/490/478 191/191/179
f 490/490/478 491/491/479 191/191/179
f 191/191/179 491/491/479 492/492/480
f 208/208/196 493/493/481 210/209/197
f 190/190/178 192/192/180 188/188/176
f 192/192/180 494/494/482 188/188/176
f 494/494/482 495/495/483 188/188/176
f 188/188/176 495/495/483 496/496/484
f 495/495/483 497/497/485 496/496/484
f 496/496/484 497/497/485 498/498/486
f 497/497/485 499/499/487 498/498/486
f 498/498/486 499/499/487 500/500/488
f 501/501/489 503/502/490 502/503/491
f 503/502/490 504/504/492 502/503/491
f 502/503/491 504/504/492 505/505/493
f 501/501/489 506/506/494 503/502/490
f 506/506/494 507/507/495 503/502/490
f 508/508/496 510/509/497 509/510/498
f 509/510/498 510/509/497 511/511/499
f 510/509/497 512/512/500 511/511/499
f 511/511/499 512/512/500 513/513/501
f 512/512/500 514/514/502 513/513/501
f 513/513/501 514/514/502 515/515/503
f 514/514/502 516/516/504 515/515/503
f 515/515/503 516/516/504 517/517/505
f 516/516/504 518/518/506 517/517/505
f 517/517/505 518/518/506 519/519/507
f 518/518/506 520/520/508 519/519/507
f 519/519/507 520/520/508 521/521/509
f 522/522/510 524/523/511 523/524/512
f 524/523/511 521/521/509 523/524/512
f 523/524/512 521/521/509 495/495/483
f 521/521/509 520/520/508 495/495/483
f 495/495/483 520/520/508 497/497/485
f 520/520/508 518/518/506 497/497/485
f 497/497/485 518/518/506 499/499/487
f 518/518/506 516/516/504 499/499/487
f 499/499/487 516/516/504 500/500/488
f 516/516/504 514/514/502 500/500/488
f 500/500/488 514/514/502 525/525/513
f 514/514/502 512/512/500 525/525/513
f 525/525/513 512/512/500 526/526/514
f 512/512/500 510/509/497 526/526/514
f 526/526/514 510/509/497 527/527/515
f 510/509/497 508/508/496 527/527/515
f 527/527/515 508/508/496 528/528/516
f 508/508/496 529/529/517 528/528/516
f 528/528/516 529/529/517 530/530/518
f 529/529/517 531/531/519 530/530/518
f 530/530/518 531/531/519 532/532/520
f 531/531/519 533/533/521 532/532/520
f 532/532/520 533/533/521 534/534/522
f 533/533/521 535/535/523 534/534/522
f 534/534/522 535/535/523 536/536/524
f 535/535/523 537/537/525 536/536/524
f 536/536/524 537/537/525 538/538/526
f 539/539/527 541/540/528 540/541/529
f 541/540/528 542/542/530 540/541/529
f 540/541/529 542/542/530 519/519/507
f 542/542/530 543/543/531 519/519/507
f 519/519/507 543/543/531 517/517/505
f 490/490/478 544/544/532 491/491/479
f 544/544/532 545/545/533 491/491/479
f 546/546/534 548/547/535 547/548/536
f 549/549/537 551/550/538 550/551/539
f 551/550/538 552/552/540 550/551/539
f 550/551/539 552/552/540 553/553/541
f 554/554/542 556/555/543 555/556/544
f 556/555/543 557/557/545 555/556/544
f 555/556/544 557/557/545 558/558/546
f 557/557/545 559/559/547 558/558/546
f 558/558/546 559/559/547 560/560/548
f 559/559/547 561/561/549 560/560/548
f 562/562/550 181/181/169 563/563/551
f 181/181/169 180/180/168 563/563/551
f 563/563/551 180/180/168 564/564/552
f 180/180/168 565/565/553 564/564/552
f 564/564/552 565/565/553 566/566/554
f 565/565/553 567/567/555 566/566/554
f 566/566/554 567/567/555 568/568/556
f 569/569/557 490/490/478 570/570/558
f 490/490/478 189/189/177 570/570/558
f 570/570/558 189/189/177 571/571/559
f 189/189/177 187/187/175 571/571/559
f 571/571/559 187/187/175 572/572/560
f 187/187/175 185/185/173 572/572/560
f 572/572/560 185/185/173 573/573/561
f 185/185/173 183/183/171 573/573/561
f 573/573/561 183/183/171 574/574/562
f 183/183/171 182/182/170 574/574/562
f 574/574/562 182/182/170 575/575/563
f 182/182/170 178/179/167 575/575/563
f 575/575/563 178/179/167 576/576/564
f 178/179/167 181/181/169 576/576/564
f 576/576/564 181/181/169 577/577/565
f 181/181/169 562/562/550 577/577/565
f 577/577/565 562/562/550 578/578/566
f 556/555/543 579/579/567 557/557/545
f 579/579/567 580/580/568 557/557/545
f 557/557/545 580/580/568 559/559/547
f 196/195/183 569/569/557 197/197/185
f 569/569/557 570/570/558 197/197/185
f 197/197/185 570/570/558 199/199/187
f 570/570/558 571/571/559 199/199/187
f 199/199/187 571/571/559 201/201/189
f 571/571/559 572/572/560 201/201/189
f 201/201/189 572/572/560 203/203/191
f 572/572/560 573/573/561 203/203/191
f 203/203/191 573/573/561 581/581/569
f 573/573/561 574/574/562 581/581/569
f 581/581/569 574/574/562 582/582/570
f 574/574/562 575/575/563 582/582/570
f 582/582/570 575/575/563 583/583/571
f 575/575/563 576/576/564 583/583/571
f 583/583/571 576/576/564 584/584/572
f 576/576/564 577/577/565 584/584/572
f 584/584/572 577/577/565 585/585/573
f 577/577/565 578/578/566 585/585/573
f 585/585/573 578/578/566 586/586/574
f 578/578/566 194/194/182 586/586/574
f 587/587/575 589/588/576 588/589/577
f 589/588/576 590/590/578 588/589/577
f 588/589/577 590/590/578 591/591/579
f 590/590/578 592/592/580 591/591/579
f 591/591/579 592/592/580 567/567/555
f 587/587/575 594/593/581 593/594/582
f 594/593/581 595/595/583 593/594/582
f 593/594/582 595/595/583 596/596/584
f 595/595/583 496/496/484 596/596/584
f 596/596/584 496/496/484 498/498/486
f 587/587/575 593/594/582 589/588/576
f 593/594/582 525/525/513 589/588/576
f 589/588/576 525/525/513 597/597/585
f 525/525/513 526/526/514 597/597/585
f 597/597/585 526/526/514 598/598/586
f 526/526/514 527/527/515 598/598/586
f 598/598/586 527/527/515 592/592/580
f 527/527/515 528/528/516 592/592/580
f 592/592/580 528/528/516 567/567/555
f 528/528/516 530/530/518 567/567/555
f 567/567/555 530/530/518 568/568/556
f 530/530/518 532/532/520 568/568/556
f 568/568/556 532/532/520 599/599/587
f 532/532/520 534/534/522 599/599/587
f 599/599/587 534/534/522 158/158/146
f 534/534/522 536/536/524 158/158/146
f 158/158/146 536/536/524 160/160/148
f 536/536/524 600/600/588 160/160/148
f 160/160/148 600/600/588 162/162/150
f 600/600/588 601/601/589 162/162/150
f 162/162/150 601/601/589 164/164/152
f 601/601/589 602/602/590 164/164/152
f 164/164/152 602/602/590 166/166/154
f 603/603/591 605/604/592 604/605/593
f 605/604/592 606/606/594 604/605/593
f 607/607/595 609/608/596 608/609/597
f 609/608/596 42/43/31 608/609/597
f 608/609/597 610/610/598 607/607/595
f 610/610/598 611/611/599 607/607/595
f 607/607/595 611/611/599 612/612/600
f 611/611/599 613/613/601 612/612/600
f 612/612/600 613/613/601 614/614/602
f 613/613/601 615/615/603 614/614/602
f 614/614/602 615/615/603 616/616/604
f 133/133/121 352/352/340 134/134/122
f 352/352/340 354/354/342 134/134/122
f 134/134/122 354/354/342 135/135/123
f 354/354/342 356/356/344 135/135/123
f 377/377/365 375/375/363 617/617/605
f 375/375/363 349/349/337 617/617/605
f 617/617/605 349/349/337 618/618/606
f 349/349/337 348/348/336 618/618/606
f 618/618/606 348/348/336 619/619/607
f 348/348/336 347/347/335 619/619/607
f 619/619/607 347/347/335 620/620/608
f 347/347/335 346/346/334 620/620/608
f 620/620/608 346/346/334 336/337/325
f 346/346/334 345/345/333 336/337/325
f 336/337/325 345/345/333 335/335/323
f 374/374/362 376/376/364 372/372/360
f 376/376/364 621/621/609 372/372/360
f 372/372/360 621/621/609 370/370/358
f 621/621/609 622/622/610 370/370/358
f 370/370/358 622/622/610 368/368/356
f 622/622/610 623/623/611 368/368/356
f 368/368/356 623/623/611 323/323/311
f 623/623/611 325/325/313 323/323/311
f 64/64/52 624/624/612 66/65/53
f 624/624/612 625/625/613 66/65/53
f 66/65/53 625/625/613 626/626/614
f 625/625/613 627/627/615 626/626/614
f 628/628/616 413/413/401 629/629/617
f 413/413/401 415/415/403 629/629/617
f 629/629/617 415/415/403 417/417/405
f 413/413/401 628/628/616 412/412/400
f 93/93/81 409/409/397 90/91/79
f 409/409/397 630/630/618 90/91/79
f 90/91/79 630/630/618 94/94/82
f 630/630/618 631/631/619 94/94/82
f 94/94/82 631/631/619 95/95/83
f 631/631/619 401/401/389 95/95/83
f 95/95/83 401/401/389 416/416/404
f 401/401/389 399/399/387 416/416/404
f 416/416/404 399/399/387 418/418/406
f 63/63/51 450/450/438 60/61/49
f 450/450/438 448/448/436 60/61/49
f 60/61/49 448/448/436 59/59/47
f 448/448/436 446/446/434 59/59/47
f 59/59/47 446/446/434 445/444/432
f 447/447/435 632/632/620 444/445/433
f 632/632/620 633/633/621 444/445/433
f 444/445/433 633/633/621 443/443/431
f 634/634/622 636/635/623 635/636/624
f 636/635/623 637/637/625 635/636/624
f 635/636/624 637/637/625 638/638/626
f 637/637/625 639/639/627 638/638/626
f 638/638/626 639/639/627 640/640/628
f 639/639/627 641/641/629 640/640/628
f 640/640/628 641/641/629 642/642/630
f 641/641/629 643/643/631 642/642/630
f 642/642/630 643/643/631 644/644/632
f 642/642/630 644/644/632 645/645/633
f 536/536/524 538/538/526 646/646/634
f 538/538/526 647/647/635 646/646/634
f 646/646/634 647/647/635 648/648/636
f 647/647/635 649/649/637 648/648/636
f 648/648/636 649/649/637 650/650/638
f 649/649/637 651/651/639 650/650/638
f 267/267/255 352/352/340 265/265/253
f 352/352/340 133/133/121 265/265/253
f 265/265/253 133/133/121 263/263/251
f 133/133/121 131/131/119 263/263/251
f 263/263/251 131/131/119 261/261/249
f 131/131/119 129/129/117 261/261/249
f 261/261/249 129/129/117 259/259/247
f 129/129/117 127/127/115 259/259/247
f 259/259/247 127/127/115 257/257/245
f 127/127/115 125/125/113 257/257/245
f 257/257/245 125/125/113 254/255/243
f 125/125/113 123/123/111 254/255/243
f 254/255/243 123/123/111 253/253/241
f 123/123/111 652/652/640 253/253/241
f 344/344/332 268/268/256 653/653/641
f 268/268/256 266/266/254 653/653/641
f 653/653/641 266/266/254 344/344/332
f 266/266/254 264/264/252 344/344/332
f 344/344/332 264/264/252 262/262/250
f 349/349/337 375/375/363 350/350/338
f 375/375/363 373/373/361 350/350/338
f 350/350/338 373/373/361 353/353/341
f 373/373/361 355/355/343 353/353/341
f 614/614/602 616/616/604 654/654/642
f 616/616/604 655/655/643 654/654/642
f 654/654/642 655/655/643 656/656/644
f 655/655/643 657/657/645 656/656/644
f 350/350/338 353/353/341 351/351/339
f 609/608/596 658/658/646 42/43/31
f 658/658/646 603/603/591 42/43/31
f 42/43/31 603/603/591 41/41/29
f 603/603/591 604/605/593 41/41/29
f 41/41/29 604/605/593 43/42/30
f 604/605/593 659/659/647 43/42/30
f 43/42/30 659/659/647 116/116/104
f 659/659/647 660/660/648 116/116/104
f 116/116/104 660/660/648 114/114/102
f 660/660/648 661/661/649 114/114/102
f 114/114/102 661/661/649 112/112/100
f 661/661/649 662/662/650 112/112/100
f 112/112/100 662/662/650 245/245/233
f 662/662/650 663/663/651 245/245/233
f 245/245/233 663/663/651 108/108/96
f 663/663/651 664/664/652 108/108/96
f 108/108/96 664/664/652 665/665/653
f 666/666/654 668/667/655 667/668/656
f 668/667/655 669/669/657 667/668/656
f 667/668/656 669/669/657 331/331/319
f 669/669/657 670/670/658 331/331/319
f 331/331/319 670/670/658 333/333/321
f 666/666/654 617/617/605 671/671/659
f 617/617/605 618/618/606 671/671/659
f 671/671/659 618/618/606 672/672/660
f 618/618/606 619/619/607 672/672/660
f 672/672/660 619/619/607 673/673/661
f 619/619/607 620/620/608 673/673/661
f 673/673/661 620/620/608 674/674/662
f 620/620/608 336/337/325 674/674/662
f 674/674/662 336/337/325 675/675/663
f 336/337/325 338/338/326 675/675/663
f 666/666/654 671/671/659 668/667/655
f 676/676/664 678/677/665 677/678/666
f 678/677/665 679/679/667 677/678/666
f 677/678/666 679/679/667 680/680/668
f 679/679/667 681/681/669 680/680/668
f 680/680/668 681/681/669 682/682/670
f 681/681/669 683/683/671 682/682/670
f 684/684/672 686/685/673 685/686/674
f 686/685/673 687/687/675 685/686/674
f 602/602/590 601/601/589 648/648/636
f 601/601/589 600/600/588 648/648/636
f 648/648/636 600/600/588 646/646/634
f 600/600/588 536/536/524 646/646/634
f 602/602/590 648/648/636 650/650/638
f 159/159/147 161/161/149 688/688/676
f 689/689/677 690/690/678 280/280/268
f 690/690/678 691/691/679 280/280/268
f 280/280/268 691/691/679 282/282/270
f 691/691/679 692/692/680 282/282/270
f 282/282/270 692/692/680 284/284/272
f 599/599/587 158/158/146 693/693/681
f 158/158/146 156/156/144 693/693/681
f 693/693/681 156/156/144 155/154/142
f 204/204/192 203/203/191 694/694/682
f 203/203/191 581/581/569 694/694/682
f 694/694/682 581/581/569 695/695/683
f 581/581/569 582/582/570 695/695/683
f 695/695/683 582/582/570 696/696/684
f 582/582/570 583/583/571 696/696/684
f 696/696/684 583/583/571 697/697/685
f 583/583/571 584/584/572 697/697/685
f 697/697/685 584/584/572 698/698/686
f 584/584/572 585/585/573 698/698/686
f 698/698/686 585/585/573 586/586/574
f 97/97/85 98/99/87 381/380/368
f 98/99/87 699/699/687 381/380/368
f 381/380/368 699/699/687 382/382/370
f 699/699/687 700/700/688 382/382/370
f 382/382/370 700/700/688 384/384/372
f 700/700/688 701/701/689 384/384/372
f 384/384/372 701/701/689 386/386/374
f 701/701/689 702/702/690 386/386/374
f 386/386/374 702/702/690 388/388/376
f 702/702/690 703/703/691 388/388/376
f 388/388/376 703/703/691 389/389/377
f 703/703/691 704/704/692 389/389/377
f 389/389/377 704/704/692 705/705/693
f 704/704/692 706/706/694 705/705/693
f 705/705/693 706/706/694 707/707/695
f 97/97/85 381/380/368 379/379/367
f 708/708/696 710/709/697 709/710/698
f 710/709/697 489/489/477 709/710/698
f 709/710/698 489/489/477 711/711/699
f 489/489/477 488/488/476 711/711/699
f 711/711/699 488/488/476 712/712/700
f 488/488/476 713/713/701 712/712/700
f 712/712/700 713/713/701 548/547/535
f 167/167/155 686/685/673 165/165/153
f 686/685/673 684/684/672 165/165/153
f 165/165/153 684/684/672 714/714/702
f 684/684/672 685/686/674 714/714/702
f 714/714/702 685/686/674 715/715/703
f 685/686/674 716/716/704 715/715/703
f 715/715/703 716/716/704 717/717/705
f 716/716/704 718/718/706 717/717/705
f 717/717/705 718/718/706 719/719/707
f 718/718/706 720/720/708 719/719/707
f 719/719/707 720/720/708 721/721/709
f 720/720/708 722/722/710 721/721/709
f 721/721/709 722/722/710 723/723/711
f 722/722/710 724/724/712 723/723/711
f 723/723/711 724/724/712 725/725/713
f 724/724/712 726/726/714 725/725/713
f 725/725/713 726/726/714 727/727/715
f 726/726/714 728/728/716 727/727/715
f 727/727/715 728/728/716 729/729/717
f 159/159/147 688/688/676 157/157/145
f 688/688/676 730/730/718 157/157/145
f 157/157/145 730/730/718 205/205/193
f 730/730/718 731/731/719 205/205/193
f 205/205/193 731/731/719 206/206/194
f 731/731/719 732/732/720 206/206/194
f 206/206/194 732/732/720 207/207/195
f 732/732/720 733/733/721 207/207/195
f 207/207/195 733/733/721 734/734/722
f 735/735/723 737/736/724 736/737/725
f 737/736/724 627/627/615 736/737/725
f 53/53/41 738/738/726 55/55/43
f 738/738/726 57/57/45 55/55/43
f 51/51/39 49/49/37 739/739/727
f 49/49/37 47/47/35 739/739/727
f 739/739/727 47/47/35 740/740/728
f 47/47/35 46/45/33 740/740/728
f 51/51/39 739/739/727 741/741/729
f 411/411/399 412/412/400 742/742/730
f 412/412/400 628/628/616 742/742/730
f 742/742/730 628/628/616 743/743/731
f 628/628/616 744/744/732 743/743/731
f 743/743/731 744/744/732 745/745/733
f 744/744/732 746/746/734 745/745/733
f 745/745/733 746/746/734 747/747/735
f 746/746/734 57/57/45 747/747/735
f 747/747/735 57/57/45 737/736/724
f 57/57/45 738/738/726 737/736/724
f 737/736/724 738/738/726 627/627/615
f 738/738/726 53/53/41 627/627/615
f 627/627/615 53/53/41 626/626/614
f 53/53/41 51/51/39 626/626/614
f 626/626/614 51/51/39 66/65/53
f 51/51/39 741/741/729 66/65/53
f 66/65/53 741/741/729 65/66/54
f 741/741/729 739/739/727 65/66/54
f 65/66/54 739/739/727 748/748/736
f 739/739/727 740/740/728 748/748/736
f 749/749/737 88/88/76 408/408/396
f 88/88/76 96/96/84 408/408/396
f 408/408/396 96/96/84 406/406/394
f 96/96/84 750/750/738 406/406/394
f 406/406/394 750/750/738 404/404/392
f 750/750/738 751/751/739 404/404/392
f 404/404/392 751/751/739 402/402/390
f 751/751/739 752/752/740 402/402/390
f 402/402/390 752/752/740 753/753/741
f 752/752/740 754/754/742 753/753/741
f 753/753/741 754/754/742 755/755/743
f 754/754/742 83/82/70 755/755/743
f 755/755/743 83/82/70 756/756/744
f 83/82/70 81/81/69 756/756/744
f 756/756/744 81/81/69 442/442/430
f 410/410/398 411/411/399 408/408/396
f 411/411/399 749/749/737 408/408/396
f 409/409/397 407/407/395 757/757/745
f 407/407/395 405/405/393 757/757/745
f 757/757/745 405/405/393 758/758/746
f 405/405/393 403/403/391 758/758/746
f 758/758/746 403/403/391 401/401/389
f 409/409/397 757/757/745 630/630/618
f 757/757/745 758/758/746 630/630/618
f 630/630/618 758/758/746 631/631/619
f 758/758/746 401/401/389 631/631/619
f 402/402/390 753/753/741 400/400/388
f 393/393/381 392/392/380 759/759/747
f 392/392/380 391/391/379 759/759/747
f 759/759/747 391/391/379 138/138/126
f 391/391/379 136/136/124 138/138/126
f 373/373/361 371/371/359 355/355/343
f 371/371/359 369/369/357 355/355/343
f 355/355/343 369/369/357 357/357/345
f 369/369/357 367/367/355 357/357/345
f 357/357/345 367/367/355 359/359/347
f 367/367/355 361/361/349 359/359/347
f 533/533/521 760/760/748 535/535/523
f 760/760/748 735/735/723 535/535/523
f 535/535/523 735/735/723 761/761/749
f 735/735/723 736/737/725 761/761/749
f 761/761/749 736/737/725 762/762/750
f 599/599/587 693/693/681 568/568/556
f 763/763/751 765/764/752 764/765/753
f 765/764/752 766/766/754 764/765/753
f 764/765/753 766/766/754 767/767/755
f 766/766/754 768/768/756 767/767/755
f 767/767/755 768/768/756 545/545/533
f 768/768/756 769/769/757 545/545/533
f 278/278/266 770/770/758 689/689/677
f 770/770/758 120/120/108 689/689/677
f 689/689/677 120/120/108 690/690/678
f 120/120/108 121/122/110 690/690/678
f 690/690/678 121/122/110 691/691/679
f 121/122/110 378/378/366 691/691/679
f 691/691/679 378/378/366 692/692/680
f 378/378/366 31/30/18 692/692/680
f 692/692/680 31/30/18 284/284/272
f 31/30/18 29/29/17 284/284/272
f 284/284/272 29/29/17 286/286/274
f 29/29/17 390/390/378 286/286/274
f 286/286/274 390/390/378 288/288/276
f 390/390/378 394/394/382 288/288/276
f 288/288/276 394/394/382 290/290/278
f 394/394/382 393/393/381 290/290/278
f 290/290/278 393/393/381 771/771/759
f 393/393/381 759/759/747 771/771/759
f 771/771/759 759/759/747 772/772/760
f 759/759/747 138/138/126 772/772/760
f 772/772/760 138/138/126 140/140/128
f 278/278/266 689/689/677 279/279/267
f 689/689/677 280/280/268 279/279/267
f 476/475/463 479/479/467 477/477/465
f 773/773/761 774/774/762 474/474/462
f 774/774/762 463/463/451 474/474/462
f 474/474/462 463/463/451 476/475/463
f 463/463/451 461/461/449 476/475/463
f 476/475/463 461/461/449 479/479/467
f 461/461/449 460/459/447 479/479/467
f 479/479/467 460/459/447 481/481/469
f 460/459/447 458/458/446 481/481/469
f 481/481/469 458/458/446 775/775/763
f 776/776/764 777/777/765 220/220/208
f 777/777/765 778/778/766 220/220/208
f 220/220/208 778/778/766 222/221/209
f 778/778/766 779/779/767 222/221/209
f 222/221/209 779/779/767 223/223/211
f 779/779/767 780/780/768 223/223/211
f 223/223/211 780/780/768 225/225/213
f 780/780/768 781/781/769 225/225/213
f 225/225/213 781/781/769 226/226/214
f 781/781/769 487/486/474 226/226/214
f 226/226/214 487/486/474 782/782/770
f 487/486/474 484/483/471 782/782/770
f 782/782/770 484/483/471 219/218/206
f 484/483/471 482/482/470 219/218/206
f 219/218/206 482/482/470 218/219/207
f 482/482/470 483/484/472 218/219/207
f 218/219/207 483/484/472 783/783/771
f 784/784/772 101/102/90 785/785/773
f 101/102/90 104/104/92 785/785/773
f 785/785/773 104/104/92 786/786/774
f 104/104/92 106/106/94 786/786/774
f 553/553/541 788/787/775 787/788/776
f 789/789/777 791/790/778 790/791/779
f 791/790/778 792/792/780 790/791/779
f 789/789/777 793/793/781 791/790/778
f 793/793/781 230/230/218 791/790/778
f 791/790/778 230/230/218 794/794/782
f 230/230/218 229/228/216 794/794/782
f 794/794/782 229/228/216 795/795/783
f 229/228/216 227/227/215 795/795/783
f 795/795/783 227/227/215 796/796/784
f 227/227/215 797/797/785 796/796/784
f 796/796/784 797/797/785 798/798/786
f 797/797/785 799/799/787 798/798/786
f 798/798/786 799/799/787 800/800/788
f 799/799/787 801/801/789 800/800/788
f 800/800/788 801/801/789 802/802/790
f 801/801/789 803/803/791 802/802/790
f 802/802/790 803/803/791 804/804/792
f 803/803/791 805/805/793 804/804/792
f 804/804/792 805/805/793 806/806/794
f 805/805/793 807/807/795 806/806/794
f 806/806/794 807/807/795 808/808/796
f 807/807/795 809/809/797 808/808/796
f 808/808/796 809/809/797 810/810/798
f 809/809/797 811/811/799 810/810/798
f 810/810/798 811/811/799 812/812/800
f 811/811/799 813/813/801 812/812/800
f 812/812/800 813/813/801 814/814/802
f 813/813/801 815/815/803 814/814/802
f 814/814/802 815/815/803 107/107/95
f 815/815/803 816/816/804 107/107/95
f 107/107/95 816/816/804 106/106/94
f 816/816/804 817/817/805 106/106/94
f 106/106/94 817/817/805 786/786/774
f 817/817/805 818/818/806 786/786/774
f 786/786/774 818/818/806 785/785/773
f 818/818/806 788/787/775 785/785/773
f 785/785/773 788/787/775 819/819/807
f 788/787/775 553/553/541 819/819/807
f 819/819/807 553/553/541 247/248/236
f 553/553/541 552/552/540 247/248/236
f 247/248/236 552/552/540 246/246/234
f 552/552/540 551/550/538 246/246/234
f 246/246/234 551/550/538 548/547/535
f 551/550/538 549/549/537 548/547/535
f 548/547/535 549/549/537 547/548/536
f 820/820/808 822/821/809 821/822/810
f 822/821/809 823/823/811 821/822/810
f 453/453/441 427/427/415 452/452/440
f 427/427/415 429/429/417 452/452/440
f 452/452/440 429/429/417 473/473/461
f 429/429/417 824/824/812 473/473/461
f 473/473/461 824/824/812 472/472/460
f 824/824/812 825/825/813 472/472/460
f 472/472/460 825/825/813 470/470/458
f 825/825/813 826/826/814 470/470/458
f 470/470/458 826/826/814 468/468/456
f 826/826/814 437/437/425 468/468/456
f 468/468/456 437/437/425 465/466/454
f 437/437/425 439/439/427 465/466/454
f 465/466/454 439/439/427 464/464/452
f 439/439/427 441/441/429 464/464/452
f 168/168/156 659/659/647 457/457/445
f 659/659/647 604/605/593 457/457/445
f 457/457/445 604/605/593 425/425/413
f 604/605/593 606/606/594 425/425/413
f 425/425/413 606/606/594 424/424/412
f 606/606/594 827/827/815 424/424/412
f 424/424/412 827/827/815 423/423/411
f 827/827/815 44/44/32 423/423/411
f 423/423/411 44/44/32 422/422/410
f 44/44/32 45/46/34 422/422/410
f 422/422/410 45/46/34 421/421/409
f 45/46/34 48/48/36 421/421/409
f 421/421/409 48/48/36 420/420/408
f 48/48/36 77/77/65 420/420/408
f 420/420/408 77/77/65 419/419/407
f 77/77/65 78/78/66 419/419/407
f 419/419/407 78/78/66 417/417/405
f 78/78/66 79/79/67 417/417/405
f 417/417/405 79/79/67 629/629/617
f 79/79/67 80/80/68 629/629/617
f 629/629/617 80/80/68 628/628/616
f 663/663/651 662/662/650 828/828/816
f 662/662/650 661/661/649 828/828/816
f 828/828/816 661/661/649 829/829/817
f 661/661/649 660/660/648 829/829/817
f 829/829/817 660/660/648 830/830/818
f 660/660/648 659/659/647 830/830/818
f 830/830/818 659/659/647 168/168/156
f 108/108/96 665/665/653 119/119/107
f 665/665/653 831/831/819 119/119/107
f 119/119/107 831/831/819 39/38/26
f 831/831/819 832/832/820 39/38/26
f 39/38/26 832/832/820 40/40/28
f 832/832/820 833/833/821 40/40/28
f 40/40/28 833/833/821 834/834/822
f 833/833/821 835/835/823 834/834/822
f 834/834/822 835/835/823 836/836/824
f 835/835/823 837/837/825 836/836/824
f 836/836/824 837/837/825 838/838/826
f 837/837/825 839/839/827 838/838/826
f 838/838/826 839/839/827 840/840/828
f 839/839/827 841/841/829 840/840/828
f 840/840/828 841/841/829 842/842/830
f 841/841/829 843/843/831 842/842/830
f 682/682/670 844/844/832 680/680/668
f 844/844/832 677/678/666 680/680/668
f 845/845/833 846/846/834 214/215/203
f 846/846/834 847/847/835 214/215/203
f 214/215/203 847/847/835 213/213/201
f 847/847/835 848/848/836 213/213/201
f 213/213/201 848/848/836 849/849/837
f 848/848/836 850/850/838 849/849/837
f 849/849/837 850/850/838 851/851/839
f 850/850/838 852/852/840 851/851/839
f 851/851/839 852/852/840 853/853/841
f 852/852/840 854/854/842 853/853/841
f 853/853/841 854/854/842 855/855/843
f 854/854/842 856/856/844 855/855/843
f 855/855/843 856/856/844 857/857/845
f 856/856/844 858/858/846 857/857/845
f 857/857/845 858/858/846 859/859/847
f 858/858/846 860/860/848 859/859/847
f 859/859/847 860/860/848 861/861/849
f 860/860/848 862/862/850 861/861/849
f 861/861/849 862/862/850 863/863/851
f 862/862/850 864/864/852 863/863/851
f 863/863/851 864/864/852 865/865/853
f 687/687/675 214/215/203 685/686/674
f 214/215/203 216/216/204 685/686/674
f 685/686/674 216/216/204 716/716/704
f 216/216/204 215/214/202 716/716/704
f 716/716/704 215/214/202 718/718/706
f 215/214/202 213/213/201 718/718/706
f 718/718/706 213/213/201 720/720/708
f 213/213/201 849/849/837 720/720/708
f 720/720/708 849/849/837 722/722/710
f 849/849/837 851/851/839 722/722/710
f 722/722/710 851/851/839 724/724/712
f 851/851/839 866/866/854 724/724/712
f 724/724/712 866/866/854 726/726/714
f 866/866/854 857/857/845 726/726/714
f 726/726/714 857/857/845 728/728/716
f 857/857/845 859/859/847 728/728/716
f 728/728/716 859/859/847 729/729/717
f 859/859/847 867/867/855 729/729/717
f 729/729/717 867/867/855 868/868/856
f 867/867/855 861/861/849 868/868/856
f 868/868/856 861/861/849 869/869/857
f 861/861/849 812/812/800 869/869/857
f 869/869/857 812/812/800 870/870/858
f 812/812/800 814/814/802 870/870/858
f 870/870/858 814/814/802 871/871/859
f 814/814/802 872/872/860 871/871/859
f 871/871/859 872/872/860 873/873/861
f 872/872/860 874/874/862 873/873/861
f 873/873/861 874/874/862 875/875/863
f 874/874/862 876/876/864 875/875/863
f 875/875/863 876/876/864 877/877/865
f 876/876/864 878/878/866 877/877/865
f 877/877/865 878/878/866 776/776/764
f 878/878/866 879/879/867 776/776/764
f 776/776/764 879/879/867 777/777/765
f 214/215/203 687/687/675 845/845/833
f 717/717/705 880/880/868 715/715/703
f 880/880/868 881/881/869 715/715/703
f 715/715/703 881/881/869 714/714/702
f 881/881/869 163/163/151 714/714/702
f 714/714/702 163/163/151 165/165/153
f 83/82/70 754/754/742 84/84/72
f 754/754/742 882/882/870 84/84/72
f 84/84/72 882/882/870 86/86/74
f 882/882/870 750/750/738 86/86/74
f 86/86/74 750/750/738 96/96/84
f 754/754/742 752/752/740 882/882/870
f 752/752/740 751/751/739 882/882/870
f 882/882/870 751/751/739 750/750/738
f 414/414/402 415/415/403 413/413/401
f 442/442/430 395/395/383 756/756/744
f 395/395/383 396/396/384 756/756/744
f 756/756/744 396/396/384 755/755/743
f 396/396/384 397/397/385 755/755/743
f 755/755/743 397/397/385 753/753/741
f 397/397/385 398/398/386 753/753/741
f 753/753/741 398/398/386 400/400/388
f 883/883/871 633/633/621 632/632/620
f 466/465/453 883/883/871 467/467/455
f 883/883/871 632/632/620 467/467/455
f 467/467/455 632/632/620 469/469/457
f 632/632/620 447/447/435 469/469/457
f 469/469/457 447/447/435 471/471/459
f 447/447/435 449/449/437 471/471/459
f 471/471/459 449/449/437 451/451/439
f 884/884/872 823/823/811 885/885/873
f 823/823/811 822/821/809 885/885/873
f 885/885/873 822/821/809 886/886/874
f 822/821/809 887/887/875 886/886/874
f 888/888/876 522/522/510 494/494/482
f 522/522/510 523/524/512 494/494/482
f 494/494/482 523/524/512 495/495/483
f 888/888/876 889/889/877 522/522/510
f 889/889/877 890/890/878 522/522/510
f 522/522/510 890/890/878 524/523/511
f 890/890/878 891/891/879 524/523/511
f 524/523/511 891/891/879 539/539/527
f 891/891/879 892/892/880 539/539/527
f 539/539/527 892/892/880 541/540/528
f 892/892/880 893/893/881 541/540/528
f 541/540/528 893/893/881 542/542/530
f 893/893/881 894/894/882 542/542/530
f 542/542/530 894/894/882 543/543/531
f 894/894/882 895/895/883 543/543/531
f 543/543/531 895/895/883 517/517/505
f 895/895/883 896/896/884 517/517/505
f 517/517/505 896/896/884 515/515/503
f 896/896/884 173/173/161 515/515/503
f 515/515/503 173/173/161 513/513/501
f 173/173/161 171/171/159 513/513/501
f 513/513/501 171/171/159 511/511/499
f 171/171/159 170/169/157 511/511/499
f 511/511/499 170/169/157 509/510/498
f 170/169/157 168/168/156 509/510/498
f 509/510/498 168/168/156 508/508/496
f 168/168/156 457/457/445 508/508/496
f 508/508/496 457/457/445 529/529/517
f 457/457/445 456/456/444 529/529/517
f 529/529/517 456/456/444 531/531/519
f 456/456/444 455/455/443 531/531/519
f 531/531/519 455/455/443 533/533/521
f 455/455/443 454/454/442 533/533/521
f 533/533/521 454/454/442 760/760/748
f 454/454/442 62/62/50 760/760/748
f 760/760/748 62/62/50 735/735/723
f 62/62/50 61/60/48 735/735/723
f 735/735/723 61/60/48 737/736/724
f 61/60/48 897/897/885 737/736/724
f 737/736/724 897/897/885 747/747/735
f 897/897/885 898/898/886 747/747/735
f 747/747/735 898/898/886 745/745/733
f 898/898/886 899/899/887 745/745/733
f 745/745/733 899/899/887 743/743/731
f 899/899/887 900/900/888 743/743/731
f 743/743/731 900/900/888 742/742/730
f 900/900/888 901/901/889 742/742/730
f 742/742/730 901/901/889 411/411/399
f 901/901/889 459/460/448 411/411/399
f 411/411/399 459/460/448 749/749/737
f 459/460/448 462/462/450 749/749/737
f 749/749/737 462/462/450 88/88/76
f 462/462/450 463/463/451 88/88/76
f 88/88/76 463/463/451 87/87/75
f 463/463/451 774/774/762 87/87/75
f 87/87/75 774/774/762 85/85/73
f 774/774/762 773/773/761 85/85/73
f 85/85/73 773/773/761 82/83/71
f 773/773/761 902/902/890 82/83/71
f 82/83/71 902/902/890 81/81/69
f 902/902/890 903/903/891 81/81/69
f 81/81/69 903/903/891 904/904/892
f 903/903/891 905/905/893 904/904/892
f 904/904/892 905/905/893 906/906/894
f 905/905/893 907/907/895 906/906/894
f 906/906/894 907/907/895 74/74/62
f 907/907/895 908/908/896 74/74/62
f 74/74/62 908/908/896 75/75/63
f 908/908/896 909/909/897 75/75/63
f 75/75/63 909/909/897 428/428/416
f 909/909/897 908/908/896 428/428/416
f 428/428/416 908/908/896 430/430/418
f 908/908/896 907/907/895 430/430/418
f 430/430/418 907/907/895 432/432/420
f 907/907/895 905/905/893 432/432/420
f 432/432/420 905/905/893 434/434/422
f 905/905/893 903/903/891 434/434/422
f 434/434/422 903/903/891 436/436/424
f 903/903/891 902/902/890 436/436/424
f 436/436/424 902/902/890 438/438/426
f 902/902/890 773/773/761 438/438/426
f 438/438/426 773/773/761 440/440/428
f 773/773/761 474/474/462 440/440/428
f 440/440/428 474/474/462 441/441/429
f 474/474/462 475/476/464 441/441/429
f 441/441/429 475/476/464 464/464/452
f 475/476/464 478/478/466 464/464/452
f 464/464/452 478/478/466 466/465/453
f 478/478/466 480/480/468 466/465/453
f 466/465/453 480/480/468 883/883/871
f 480/480/468 481/481/469 883/883/871
f 883/883/871 481/481/469 633/633/621
f 481/481/469 775/775/763 633/633/621
f 633/633/621 775/775/763 443/443/431
f 889/889/877 910/910/898 890/890/878
f 910/910/898 911/911/899 890/890/878
f 890/890/878 911/911/899 891/891/879
f 911/911/899 912/912/900 891/891/879
f 913/913/901 505/505/493 493/493/481
f 505/505/493 504/504/492 493/493/481
f 493/493/481 504/504/492 210/209/197
f 504/504/492 503/502/490 210/209/197
f 210/209/197 503/502/490 211/211/199
f 503/502/490 507/507/495 211/211/199
f 211/211/199 507/507/495 212/212/200
f 77/77/65 48/48/36 50/50/38
f 782/782/770 219/218/206 224/224/212
f 219/218/206 217/217/205 224/224/212
f 224/224/212 217/217/205 221/222/210
f 217/217/205 914/914/902 221/222/210
f 221/222/210 914/914/902 220/220/208
f 914/914/902 915/915/903 220/220/208
f 220/220/208 915/915/903 776/776/764
f 915/915/903 877/877/865 776/776/764
f 782/782/770 224/224/212 226/226/214
f 250/250/238 819/819/807 247/248/236
f 785/785/773 819/819/807 784/784/772
f 819/819/807 250/250/238 784/784/772
f 784/784/772 250/250/238 101/102/90
f 250/250/238 252/252/240 101/102/90
f 101/102/90 252/252/240 100/100/88
f 252/252/240 251/251/239 100/100/88
f 100/100/88 251/251/239 781/781/769
f 251/251/239 249/249/237 781/781/769
f 781/781/769 249/249/237 487/486/474
f 249/249/237 248/247/235 487/486/474
f 487/486/474 248/247/235 713/713/701
f 248/247/235 246/246/234 713/713/701
f 713/713/701 246/246/234 548/547/535
f 488/488/476 487/486/474 713/713/701
f 231/231/219 233/233/221 238/238/226
f 233/233/221 235/235/223 238/238/226
f 238/238/226 235/235/223 549/549/537
f 235/235/223 237/237/225 549/549/537
f 212/212/200 236/236/224 209/210/198
f 236/236/224 234/234/222 209/210/198
f 209/210/198 234/234/222 208/208/196
f 234/234/222 232/232/220 208/208/196
f 208/208/196 232/232/220 493/493/481
f 232/232/220 793/793/781 493/493/481
f 493/493/481 793/793/781 913/913/901
f 793/793/781 789/789/777 913/913/901
f 913/913/901 789/789/777 916/916/904
f 789/789/777 800/800/788 916/916/904
f 916/916/904 800/800/788 917/917/905
f 800/800/788 918/918/906 917/917/905
f 917/917/905 918/918/906 919/919/907
f 918/918/906 920/920/908 919/919/907
f 919/919/907 920/920/908 921/921/909
f 920/920/908 922/922/910 921/921/909
f 921/921/909 922/922/910 923/923/911
f 922/922/910 924/924/912 923/923/911
f 923/923/911 924/924/912 925/925/913
f 924/924/912 926/926/914 925/925/913
f 925/925/913 926/926/914 927/927/915
f 926/926/914 928/928/916 927/927/915
f 927/927/915 928/928/916 929/929/917
f 928/928/916 930/930/918 929/929/917
f 929/929/917 930/930/918 931/931/919
f 930/930/918 932/932/920 931/931/919
f 931/931/919 932/932/920 917/917/905
f 932/932/920 933/933/921 917/917/905
f 917/917/905 933/933/921 916/916/904
f 933/933/921 934/934/922 916/916/904
f 916/916/904 934/934/922 913/913/901
f 934/934/922 935/935/923 913/913/901
f 913/913/901 935/935/923 505/505/493
f 935/935/923 821/822/810 505/505/493
f 505/505/493 821/822/810 502/503/491
f 821/822/810 823/823/811 502/503/491
f 502/503/491 823/823/811 501/501/489
f 823/823/811 884/884/872 501/501/489
f 501/501/489 884/884/872 506/506/494
f 884/884/872 936/936/924 506/506/494
f 506/506/494 936/936/924 507/507/495
f 936/936/924 192/192/180 507/507/495
f 507/507/495 192/192/180 937/937/925
f 192/192/180 193/193/181 937/937/925
f 937/937/925 193/193/181 546/546/534
f 193/193/181 492/492/480 546/546/534
f 546/546/534 492/492/480 548/547/535
f 492/492/480 491/491/479 548/547/535
f 548/547/535 491/491/479 712/712/700
f 491/491/479 545/545/533 712/712/700
f 712/712/700 545/545/533 711/711/699
f 545/545/533 769/769/757 711/711/699
f 711/711/699 769/769/757 709/710/698
f 769/769/757 766/766/754 709/710/698
f 709/710/698 766/766/754 708/708/696
f 766/766/754 765/764/752 708/708/696
f 708/708/696 765/764/752 163/163/151
f 765/764/752 763/763/751 163/163/151
f 163/163/151 763/763/751 161/161/149
f 763/763/751 764/765/753 161/161/149
f 161/161/149 764/765/753 688/688/676
f 764/765/753 767/767/755 688/688/676
f 688/688/676 767/767/755 730/730/718
f 767/767/755 545/545/533 730/730/718
f 730/730/718 545/545/533 731/731/719
f 545/545/533 544/544/532 731/731/719
f 731/731/719 544/544/532 938/938/926
f 544/544/532 490/490/478 938/938/926
f 938/938/926 490/490/478 733/733/721
f 490/490/478 569/569/557 733/733/721
f 733/733/721 569/569/557 734/734/722
f 569/569/557 196/195/183 734/734/722
f 734/734/722 196/195/183 579/579/567
f 196/195/183 194/194/182 579/579/567
f 579/579/567 194/194/182 580/580/568
f 194/194/182 578/578/566 580/580/568
f 580/580/568 578/578/566 559/559/547
f 578/578/566 562/562/550 559/559/547
f 559/559/547 562/562/550 561/561/549
f 562/562/550 563/563/551 561/561/549
f 561/561/549 563/563/551 560/560/548
f 563/563/551 564/564/552 560/560/548
f 560/560/548 564/564/552 939/939/927
f 564/564/552 566/566/554 939/939/927
f 939/939/927 566/566/554 940/940/928
f 566/566/554 568/568/556 940/940/928
f 940/940/928 568/568/556 941/941/929
f 568/568/556 693/693/681 941/941/929
f 941/941/929 693/693/681 942/942/930
f 693/693/681 155/154/142 942/942/930
f 942/942/930 155/154/142 943/943/931
f 155/154/142 153/153/141 943/943/931
f 943/943/931 153/153/141 554/554/542
f 153/153/141 207/207/195 554/554/542
f 554/554/542 207/207/195 556/555/543
f 207/207/195 734/734/722 556/555/543
f 556/555/543 734/734/722 579/579/567
f 821/822/810 935/935/923 820/820/808
f 935/935/923 944/944/932 820/820/808
f 820/820/808 944/944/932 822/821/809
f 944/944/932 945/945/933 822/821/809
f 822/821/809 945/945/933 887/887/875
f 945/945/933 946/946/934 887/887/875
f 230/230/218 793/793/781 232/232/220
f 791/790/778 794/794/782 792/792/780
f 794/794/782 795/795/783 792/792/780
f 792/792/780 795/795/783 790/791/779
f 795/795/783 796/796/784 790/791/779
f 790/791/779 796/796/784 789/789/777
f 796/796/784 798/798/786 789/789/777
f 789/789/777 798/798/786 800/800/788
f 947/947/935 949/948/936 948/949/937
f 489/489/477 710/709/697 486/487/475
f 708/708/696 163/163/151 710/709/697
f 163/163/151 881/881/869 710/709/697
f 710/709/697 881/881/869 486/487/475
f 881/881/869 880/880/868 486/487/475
f 486/487/475 880/880/868 484/483/471
f 880/880/868 717/717/705 484/483/471
f 484/483/471 717/717/705 485/485/473
f 717/717/705 719/719/707 485/485/473
f 485/485/473 719/719/707 483/484/472
f 719/719/707 721/721/709 483/484/472
f 483/484/472 721/721/709 783/783/771
f 721/721/709 723/723/711 783/783/771
f 783/783/771 723/723/711 25/25/13
f 723/723/711 725/725/713 25/25/13
f 25/25/13 725/725/713 27/26/14
f 725/725/713 727/727/715 27/26/14
f 27/26/14 727/727/715 28/28/16
f 727/727/715 950/950/938 28/28/16
f 28/28/16 950/950/938 951/951/939
f 950/950/938 952/952/940 951/951/939
f 951/951/939 952/952/940 953/953/941
f 952/952/940 954/954/942 953/953/941
f 953/953/941 954/954/942 873/873/861
f 954/954/942 870/870/858 873/873/861
f 873/873/861 870/870/858 871/871/859
f 766/766/754 769/769/757 768/768/756
f 941/941/929 942/942/930 940/940/928
f 942/942/930 939/939/927 940/940/928
f 560/560/548 939/939/927 558/558/546
f 939/939/927 942/942/930 558/558/546
f 558/558/546 942/942/930 555/556/544
f 942/942/930 943/943/931 555/556/544
f 555/556/544 943/943/931 554/554/542
f 589/588/576 597/597/585 590/590/578
f 597/597/585 598/598/586 590/590/578
f 590/590/578 598/598/586 592/592/580
f 498/498/486 500/500/488 596/596/584
f 500/500/488 525/525/513 596/596/584
f 596/596/584 525/525/513 593/594/582
f 519/519/507 521/521/509 540/541/529
f 521/521/509 524/523/511 540/541/529
f 540/541/529 524/523/511 539/539/527
f 426/426/414 75/75/63 428/428/416
f 173/173/161 896/896/884 175/175/163
f 896/896/884 895/895/883 175/175/163
f 175/175/163 895/895/883 176/176/164
f 895/895/883 894/894/882 176/176/164
f 176/176/164 894/894/882 240/239/227
f 894/894/882 893/893/881 240/239/227
f 240/239/227 893/893/881 241/241/229
f 893/893/881 955/955/943 241/241/229
f 241/241/229 955/955/943 243/243/231
f 955/955/943 956/956/944 243/243/231
f 243/243/231 956/956/944 957/957/945
f 956/956/944 958/958/946 957/957/945
f 193/193/181 191/191/179 492/492/480
f 154/155/143 157/157/145 205/205/193
f 733/733/721 732/732/720 938/938/926
f 732/732/720 731/731/719 938/938/926
f 959/959/947 681/681/669 679/679/667
f 851/851/839 853/853/841 866/866/854
f 853/853/841 855/855/843 866/866/854
f 866/866/854 855/855/843 857/857/845
f 389/389/377 705/705/693 960/960/948
f 961/961/949 962/962/950 294/294/282
f 962/962/950 963/963/951 294/294/282
f 294/294/282 963/963/951 296/296/284
f 963/963/951 964/964/952 296/296/284
f 296/296/284 964/964/952 298/298/286
f 964/964/952 315/315/303 298/298/286
f 294/294/282 292/292/280 961/961/949
f 292/292/280 290/290/278 961/961/949
f 961/961/949 290/290/278 771/771/759
f 843/843/831 841/841/829 965/965/953
f 317/317/305 318/318/306 966/966/954
f 318/318/306 967/967/955 966/966/954
f 966/966/954 967/967/955 968/968/956
f 967/967/955 969/969/957 968/968/956
f 968/968/956 969/969/957 970/970/958
f 969/969/957 324/324/312 970/970/958
f 970/970/958 324/324/312 971/971/959
f 324/324/312 326/326/314 971/971/959
f 972/972/960 974/973/961 973/974/962
f 974/973/961 975/975/963 973/974/962
f 973/974/962 975/975/963 976/976/964
f 975/975/963 977/977/965 976/976/964
f 976/976/964 977/977/965 978/978/966
f 977/977/965 979/979/967 978/978/966
f 978/978/966 979/979/967 980/980/968
f 979/979/967 981/981/969 980/980/968
f 980/980/968 981/981/969 982/982/970
f 981/981/969 983/983/971 982/982/970
f 982/982/970 983/983/971 984/984/972
f 983/983/971 985/985/973 984/984/972
f 984/984/972 985/985/973 986/986/974
f 985/985/973 987/987/975 986/986/974
f 986/986/974 987/987/975 988/988/976
f 987/987/975 989/989/977 988/988/976
f 988/988/976 989/989/977 990/990/978
f 972/972/960 973/974/962 991/991/979
f 973/974/962 992/992/980 991/991/979
f 993/993/981 995/994/982 994/995/983
f 995/994/982 996/996/984 994/995/983
f 994/995/983 996/996/984 997/997/985
f 996/996/984 998/998/986 997/997/985
f 997/997/985 998/998/986 999/999/987
f 998/998/986 1000/1000/988 999/999/987
f 999/999/987 1000/1000/988 1001/1001/989
f 1000/1000/988 1002/1002/990 1001/1001/989
f 1001/1001/989 1002/1002/990 1003/1003/991
f 1002/1002/990 1004/1004/992 1003/1003/991
f 1003/1003/991 1004/1004/992 1005/1005/993
f 1004/1004/992 1006/1006/994 1005/1005/993
f 1005/1005/993 1006/1006/994 1007/1007/995
f 1006/1006/994 1008/1008/996 1007/1007/995
f 1007/1007/995 1008/1008/996 1009/1009/997
f 1008/1008/996 1010/1010/998 1009/1009/997
f 1009/1009/997 1010/1010/998 1011/1011/999
f 1010/1010/998 1012/1012/1000 1011/1011/999
f 1011/1011/999 1012/1012/1000 1013/1013/1001
f 1012/1012/1000 1014/1014/1002 1013/1013/1001
f 1013/1013/1001 1014/1014/1002 1015/1015/1003
f 1014/1014/1002 990/990/978 1015/1015/1003
f 1015/1015/1003 990/990/978 1016/1016/1004
f 990/990/978 989/989/977 1016/1016/1004
f 1016/1016/1004 989/989/977 1017/1017/1005
f 989/989/977 1018/1018/1006 1017/1017/1005
f 1017/1017/1005 1018/1018/1006 1019/1019/1007
f 1018/1018/1006 1020/1020/1008 1019/1019/1007
f 1019/1019/1007 1020/1020/1008 1021/1021/1009
f 1020/1020/1008 1022/1022/1010 1021/1021/1009
f 1021/1021/1009 1022/1022/1010 1023/1023/1011
f 1022/1022/1010 1024/1024/1012 1023/1023/1011
f 1023/1023/1011 1024/1024/1012 1025/1025/1013
f 1024/1024/1012 1026/1026/1014 1025/1025/1013
f 1025/1025/1013 1026/1026/1014 1003/1003/991
f 1026/1026/1014 1027/1027/1015 1003/1003/991
f 1003/1003/991 1027/1027/1015 1001/1001/989
f 1027/1027/1015 1028/1028/1016 1001/1001/989
f 1001/1001/989 1028/1028/1016 1029/1029/1017
f 1028/1028/1016 1030/1030/1018 1029/1029/1017
f 1029/1029/1017 1030/1030/1018 1031/1031/1019
f 1030/1030/1018 1032/1032/1020 1031/1031/1019
f 1031/1031/1019 1032/1032/1020 1033/1033/1021
f 1032/1032/1020 1034/1034/1022 1033/1033/1021
f 1033/1033/1021 1034/1034/1022 1035/1035/1023
f 1034/1034/1022 1036/1036/1024 1035/1035/1023
f 1035/1035/1023 1036/1036/1024 1037/1037/1025
f 1036/1036/1024 1038/1038/1026 1037/1037/1025
f 1037/1037/1025 1038/1038/1026 1039/1039/1027
f 1038/1038/1026 1040/1040/1028 1039/1039/1027
f 1039/1039/1027 1040/1040/1028 1041/1041/1029
f 1040/1040/1028 1042/1042/1030 1041/1041/1029
f 1041/1041/1029 1042/1042/1030 1043/1043/1031
f 1042/1042/1030 1044/1044/1032 1043/1043/1031
f 1043/1043/1031 1044/1044/1032 1045/1045/1033
f 1044/1044/1032 1046/1046/1034 1045/1045/1033
f 1045/1045/1033 1046/1046/1034 1047/1047/1035
f 1046/1046/1034 1048/1048/1036 1047/1047/1035
f 1047/1047/1035 1048/1048/1036 1049/1049/1037
f 1048/1048/1036 1050/1050/1038 1049/1049/1037
f 1049/1049/1037 1050/1050/1038 1051/1051/1039
f 1050/1050/1038 1052/1052/1040 1051/1051/1039
f 1053/1053/1041 1055/1054/1042 1054/1055/1043
f 1055/1054/1042 1056/1056/1044 1054/1055/1043
f 1054/1055/1043 1056/1056/1044 1057/1057/1045
f 1056/1056/1044 1058/1058/1046 1057/1057/1045
f 1057/1057/1045 1058/1058/1046 1059/1059/1047
f 1058/1058/1046 1060/1060/1048 1059/1059/1047
f 1061/1061/1049 1063/1062/1050 1062/1063/1051
f 1063/1062/1050 1064/1064/1052 1062/1063/1051
f 1062/1063/1051 1064/1064/1052 1065/1065/1053
f 1066/1066/1054 1068/1067/1055 1067/1068/1056
f 1068/1067/1055 1069/1069/1057 1067/1068/1056
f 1067/1068/1056 1069/1069/1057 1070/1070/1058
f 1069/1069/1057 1071/1071/1059 1070/1070/1058
f 1070/1070/1058 1071/1071/1059 1072/1072/1060
f 1073/1073/1061 1075/1074/1062 1074/1075/1063
f 1075/1074/1062 1076/1076/1064 1074/1075/1063
f 1074/1075/1063 1076/1076/1064 1077/1077/1065
f 1076/1076/1064 1078/1078/1066 1077/1077/1065
f 1077/1077/1065 1078/1078/1066 1079/1079/1067
f 1080/1080/1068 1082/1081/1069 1081/1082/1070
f 1082/1081/1069 1083/1083/1071 1081/1082/1070
f 1081/1082/1070 1083/1083/1071 1084/1084/1072
f 1085/1085/1073 1087/1086/1074 1086/1087/1075
f 1088/1088/1076 1090/1089/1077 1089/1090/1078
f 1090/1089/1077 1091/1091/1079 1089/1090/1078
f 1089/1090/1078 1091/1091/1079 1092/1092/1080
f 1088/1088/1076 1093/1093/1081 1090/1089/1077
f 1093/1093/1081 1094/1094/1082 1090/1089/1077
f 1090/1089/1077 1094/1094/1082 1095/1095/1083
f 1096/1096/1084 1098/1097/1085 1097/1098/1086
f 1098/1097/1085 806/806/794 1097/1098/1086
f 873/873/861 875/875/863 953/953/941
f 875/875/863 877/877/865 953/953/941
f 953/953/941 877/877/865 951/951/939
f 877/877/865 915/915/903 951/951/939
f 951/951/939 915/915/903 28/28/16
f 915/915/903 914/914/902 28/28/16
f 28/28/16 914/914/902 26/27/15
f 914/914/902 217/217/205 26/27/15
f 26/27/15 217/217/205 25/25/13
f 217/217/205 218/219/207 25/25/13
f 25/25/13 218/219/207 783/783/771
f 1099/1099/1087 1100/1100/1088 312/312/300
f 1100/1100/1088 1101/1101/1089 312/312/300
f 312/312/300 1101/1101/1089 311/311/299
f 1101/1101/1089 1102/1102/1090 311/311/299
f 311/311/299 1102/1102/1090 310/310/298
f 1102/1102/1090 1103/1103/1091 310/310/298
f 310/310/298 1103/1103/1091 309/309/297
f 1103/1103/1091 1104/1104/1092 309/309/297
f 309/309/297 1104/1104/1092 307/307/295
f 1105/1105/1093 1107/1106/1094 1106/1107/1095
f 1107/1106/1094 1108/1108/1096 1106/1107/1095
f 1106/1107/1095 1108/1108/1096 1109/1109/1097
f 1108/1108/1096 1110/1110/1098 1109/1109/1097
f 1109/1109/1097 1110/1110/1098 1111/1111/1099
f 1110/1110/1098 1112/1112/1100 1111/1111/1099
f 1111/1111/1099 1112/1112/1100 1113/1113/1101
f 1114/1114/1102 1116/1115/1103 1115/1116/1104
f 1116/1115/1103 1117/1117/1105 1115/1116/1104
f 1115/1116/1104 1117/1117/1105 1118/1118/1106
f 1117/1117/1105 1119/1119/1107 1118/1118/1106
f 1118/1118/1106 1119/1119/1107 1120/1120/1108
f 1119/1119/1107 1121/1121/1109 1120/1120/1108
f 1122/1122/1110 1124/1123/1111 1123/1124/1112
f 1124/1123/1111 1125/1125/1113 1123/1124/1112
f 1123/1124/1112 1125/1125/1113 1126/1126/1114
f 1125/1125/1113 1127/1127/1115 1126/1126/1114
f 1126/1126/1114 1127/1127/1115 1128/1128/1116
f 1127/1127/1115 1129/1129/1117 1128/1128/1116
f 1128/1128/1116 1129/1129/1117 1130/1130/1118
f 1129/1129/1117 1131/1131/1119 1130/1130/1118
f 1130/1130/1118 1131/1131/1119 1132/1132/1120
f 1133/1133/1121 1135/1134/1122 1134/1135/1123
f 1135/1134/1122 1136/1136/1124 1134/1135/1123
f 1134/1135/1123 1136/1136/1124 1137/1137/1125
f 1136/1136/1124 1138/1138/1126 1137/1137/1125
f 1137/1137/1125 1138/1138/1126 1139/1139/1127
f 1105/1105/1093 1140/1140/1128 1107/1106/1094
f 1141/1141/1129 1143/1142/1130 1142/1143/1131
f 1035/1035/1023 993/993/981 1033/1033/1021
f 993/993/981 994/995/983 1033/1033/1021
f 1033/1033/1021 994/995/983 1031/1031/1019
f 994/995/983 997/997/985 1031/1031/1019
f 1031/1031/1019 997/997/985 1029/1029/1017
f 997/997/985 999/999/987 1029/1029/1017
f 1029/1029/1017 999/999/987 1001/1001/989
f 808/808/796 810/810/798 1144/1144/1132
f 810/810/798 1145/1145/1133 1144/1144/1132
f 1144/1144/1132 1145/1145/1133 1146/1146/1134
f 1145/1145/1133 1147/1147/1135 1146/1146/1134
f 1146/1146/1134 1147/1147/1135 1148/1148/1136
f 1147/1147/1135 1149/1149/1137 1148/1148/1136
f 854/854/842 1150/1150/1138 856/856/844
f 1150/1150/1138 1151/1151/1139 856/856/844
f 856/856/844 1151/1151/1139 858/858/846
f 1151/1151/1139 862/862/850 858/858/846
f 858/858/846 862/862/850 860/860/848
f 1152/1152/1140 1084/1084/1072 1153/1153/1141
f 1084/1084/1072 1083/1083/1071 1153/1153/1141
f 1153/1153/1141 1083/1083/1071 1154/1154/1142
f 1083/1083/1071 1155/1155/1143 1154/1154/1142
f 1154/1154/1142 1155/1155/1143 1156/1156/1144
f 1155/1155/1143 1157/1157/1145 1156/1156/1144
f 1156/1156/1144 1157/1157/1145 1158/1158/1146
f 1157/1157/1145 1159/1159/1147 1158/1158/1146
f 1158/1158/1146 1159/1159/1147 1160/1160/1148
f 861/861/849 863/863/851 1161/1161/1149
f 863/863/851 865/865/853 1161/1161/1149
f 1161/1161/1149 865/865/853 1149/1149/1137
f 950/950/938 727/727/715 952/952/940
f 727/727/715 729/729/717 952/952/940
f 729/729/717 868/868/856 952/952/940
f 952/952/940 868/868/856 954/954/942
f 868/868/856 869/869/857 954/954/942
f 954/954/942 869/869/857 870/870/858
f 927/927/915 929/929/917 925/925/913
f 929/929/917 1162/1162/1150 925/925/913
f 925/925/913 1162/1162/1150 921/921/909
f 1162/1162/1150 1163/1163/1151 921/921/909
f 921/921/909 1163/1163/1151 919/919/907
f 1163/1163/1151 1164/1164/1152 919/919/907
f 919/919/907 1164/1164/1152 917/917/905
f 1164/1164/1152 1165/1165/1153 917/917/905
f 917/917/905 1165/1165/1153 931/931/919
f 1165/1165/1153 929/929/917 931/931/919
f 811/811/799 809/809/797 1166/1166/1154
f 809/809/797 1167/1167/1155 1166/1166/1154
f 1166/1166/1154 1167/1167/1155 1168/1168/1156
f 809/809/797 807/807/795 1167/1167/1155
f 807/807/795 805/805/793 1167/1167/1155
f 1167/1167/1155 805/805/793 1168/1168/1156
f 805/805/793 803/803/791 1168/1168/1156
f 1168/1168/1156 803/803/791 787/788/776
f 803/803/791 1169/1169/1157 787/788/776
f 787/788/776 1169/1169/1157 553/553/541
f 1169/1169/1157 1170/1170/1158 553/553/541
f 553/553/541 1170/1170/1158 550/551/539
f 1170/1170/1158 1171/1171/1159 550/551/539
f 550/551/539 1171/1171/1159 549/549/537
f 1171/1171/1159 948/949/937 549/549/537
f 549/549/537 948/949/937 238/238/226
f 948/949/937 949/948/936 238/238/226
f 238/238/226 949/948/936 228/229/217
f 949/948/936 947/947/935 228/229/217
f 228/229/217 947/947/935 227/227/215
f 947/947/935 948/949/937 227/227/215
f 227/227/215 948/949/937 797/797/785
f 948/949/937 1171/1171/1159 797/797/785
f 797/797/785 1171/1171/1159 799/799/787
f 1171/1171/1159 1170/1170/1158 799/799/787
f 799/799/787 1170/1170/1158 801/801/789
f 1170/1170/1158 1169/1169/1157 801/801/789
f 801/801/789 1169/1169/1157 803/803/791
f 707/707/695 1172/1172/1160 705/705/693
f 1172/1172/1160 1087/1086/1074 705/705/693
f 705/705/693 1087/1086/1074 960/960/948
f 1087/1086/1074 1085/1085/1073 960/960/948
f 960/960/948 1085/1085/1073 1173/1173/1161
f 1172/1172/1160 1174/1174/1162 1087/1086/1074
f 1174/1174/1162 1175/1175/1163 1087/1086/1074
f 1087/1086/1074 1175/1175/1163 1086/1087/1075
f 152/152/140 315/315/303 150/150/138
f 315/315/303 964/964/952 150/150/138
f 150/150/138 964/964/952 148/148/136
f 964/964/952 963/963/951 148/148/136
f 148/148/136 963/963/951 146/146/134
f 963/963/951 962/962/950 146/146/134
f 146/146/134 962/962/950 144/144/132
f 962/962/950 961/961/949 144/144/132
f 144/144/132 961/961/949 142/142/130
f 961/961/949 772/772/760 142/142/130
f 142/142/130 772/772/760 140/140/128
f 1176/1176/1164 1178/1177/1165 1177/1178/1166
f 1178/1177/1165 1179/1179/1167 1177/1178/1166
f 1177/1178/1166 1179/1179/1167 1180/1180/1168
f 1179/1179/1167 1181/1181/1169 1180/1180/1168
f 1177/1178/1166 1182/1182/1170 1176/1176/1164
f 1182/1182/1170 1183/1183/1171 1176/1176/1164
f 312/312/300 313/313/301 1099/1099/1087
f 771/771/759 772/772/760 961/961/949
f 389/389/377 960/960/948 387/387/375
f 960/960/948 1173/1173/1161 387/387/375
f 387/387/375 1173/1173/1161 385/385/373
f 1173/1173/1161 1184/1184/1172 385/385/373
f 385/385/373 1184/1184/1172 383/383/371
f 1184/1184/1172 1185/1185/1173 383/383/371
f 383/383/371 1185/1185/1173 380/381/369
f 995/994/982 1186/1186/1174 996/996/984
f 1186/1186/1174 1187/1187/1175 996/996/984
f 996/996/984 1187/1187/1175 998/998/986
f 1187/1187/1175 1188/1188/1176 998/998/986
f 998/998/986 1188/1188/1176 1000/1000/988
f 1188/1188/1176 1189/1189/1177 1000/1000/988
f 1000/1000/988 1189/1189/1177 1002/1002/990
f 1189/1189/1177 1004/1004/992 1002/1002/990
f 1190/1190/1178 1192/1191/1179 1191/1192/1180
f 1192/1191/1179 1193/1193/1181 1191/1192/1180
f 1191/1192/1180 1193/1193/1181 1194/1194/1182
f 1193/1193/1181 1195/1195/1183 1194/1194/1182
f 1194/1194/1182 1195/1195/1183 1196/1196/1184
f 1197/1197/1185 1199/1198/1186 1198/1199/1187
f 1200/1200/1188 1202/1201/1189 1201/1202/1190
f 1202/1201/1189 1203/1203/1191 1201/1202/1190
f 1201/1202/1190 1203/1203/1191 1204/1204/1192
f 1203/1203/1191 1205/1205/1193 1204/1204/1192
f 1204/1204/1192 1205/1205/1193 1206/1206/1194
f 1205/1205/1193 1207/1207/1195 1206/1206/1194
f 1206/1206/1194 1207/1207/1195 1208/1208/1196
f 1209/1209/1197 1200/1200/1188 1210/1210/1198
f 1200/1200/1188 1201/1202/1190 1210/1210/1198
f 1210/1210/1198 1201/1202/1190 1211/1211/1199
f 1201/1202/1190 1204/1204/1192 1211/1211/1199
f 1211/1211/1199 1204/1204/1192 1212/1212/1200
f 1204/1204/1192 1206/1206/1194 1212/1212/1200
f 1212/1212/1200 1206/1206/1194 1213/1213/1201
f 1206/1206/1194 1208/1208/1196 1213/1213/1201
f 1213/1213/1201 1208/1208/1196 1214/1214/1202
f 1197/1197/1185 1198/1199/1187 1215/1215/1203
f 1198/1199/1187 1216/1216/1204 1215/1215/1203
f 1215/1215/1203 1216/1216/1204 1217/1217/1205
f 1218/1218/1206 1220/1219/1207 1219/1220/1208
f 1220/1219/1207 1221/1221/1209 1219/1220/1208
f 1219/1220/1208 1221/1221/1209 1222/1222/1210
f 1221/1221/1209 1223/1223/1211 1222/1222/1210
f 1222/1222/1210 1223/1223/1211 1224/1224/1212
f 1220/1219/1207 1218/1218/1206 1225/1225/1213
f 859/859/847 861/861/849 867/867/855
f 1161/1161/1149 812/812/800 861/861/849
f 1226/1226/1214 1228/1227/1215 1227/1228/1216
f 1228/1227/1215 1229/1229/1217 1227/1228/1216
f 1227/1228/1216 1229/1229/1217 1230/1230/1218
f 1229/1229/1217 1231/1231/1219 1230/1230/1218
f 1230/1230/1218 1231/1231/1219 1232/1232/1220
f 835/835/823 833/833/821 1233/1233/1221
f 833/833/821 832/832/820 1233/1233/1221
f 1233/1233/1221 832/832/820 831/831/819
f 1122/1122/1110 1235/1234/1222 1234/1235/1223
f 1235/1234/1222 1236/1236/1224 1234/1235/1223
f 1234/1235/1223 1236/1236/1224 1237/1237/1225
f 1236/1236/1224 1238/1238/1226 1237/1237/1225
f 1237/1237/1225 1238/1238/1226 1239/1239/1227
f 1238/1238/1226 1240/1240/1228 1239/1239/1227
f 1239/1239/1227 1240/1240/1228 1241/1241/1229
f 1240/1240/1228 1242/1242/1230 1241/1241/1229
f 1241/1241/1229 1242/1242/1230 1243/1243/1231
f 1242/1242/1230 1244/1244/1232 1243/1243/1231
f 1243/1243/1231 1244/1244/1232 1245/1245/1233
f 1244/1244/1232 1246/1246/1234 1245/1245/1233
f 1122/1122/1110 1234/1235/1223 1124/1123/1111
f 1247/1247/1235 1248/1248/1236 1112/1112/1100
f 1248/1248/1236 1249/1249/1237 1112/1112/1100
f 1112/1112/1100 1249/1249/1237 1113/1113/1101
f 1249/1249/1237 1250/1250/1238 1113/1113/1101
f 1113/1113/1101 1250/1250/1238 1251/1251/1239
f 1250/1250/1238 1252/1252/1240 1251/1251/1239
f 1251/1251/1239 1252/1252/1240 1095/1095/1083
f 1252/1252/1240 1253/1253/1241 1095/1095/1083
f 1095/1095/1083 1253/1253/1241 1090/1089/1077
f 1253/1253/1241 1254/1254/1242 1090/1089/1077
f 1090/1089/1077 1254/1254/1242 1091/1091/1079
f 1254/1254/1242 1255/1255/1243 1091/1091/1079
f 1091/1091/1079 1255/1255/1243 1092/1092/1080
f 1256/1256/1244 1258/1257/1245 1257/1258/1246
f 1258/1257/1245 1259/1259/1247 1257/1258/1246
f 1257/1258/1246 1259/1259/1247 1260/1260/1248
f 1259/1259/1247 1261/1261/1249 1260/1260/1248
f 1260/1260/1248 1261/1261/1249 1262/1262/1250
f 1261/1261/1249 1263/1263/1251 1262/1262/1250
f 1262/1262/1250 1263/1263/1251 1264/1264/1252
f 1263/1263/1251 1226/1226/1214 1264/1264/1252
f 1264/1264/1252 1226/1226/1214 1265/1265/1253
f 1226/1226/1214 1227/1228/1216 1265/1265/1253
f 1265/1265/1253 1227/1228/1216 1266/1266/1254
f 1227/1228/1216 1267/1267/1255 1266/1266/1254
f 1268/1268/1256 1270/1269/1257 1269/1270/1258
f 1270/1269/1257 1271/1271/1259 1269/1270/1258
f 893/893/881 1272/1272/1260 955/955/943
f 1272/1272/1260 1268/1268/1256 955/955/943
f 955/955/943 1268/1268/1256 956/956/944
f 1268/1268/1256 1269/1270/1258 956/956/944
f 956/956/944 1269/1270/1258 958/958/946
f 1269/1270/1258 1271/1271/1259 958/958/946
f 958/958/946 1271/1271/1259 1273/1273/1261
f 1271/1271/1259 1274/1274/1262 1273/1273/1261
f 1273/1273/1261 1274/1274/1262 1275/1275/1263
f 1274/1274/1262 1276/1276/1264 1275/1275/1263
f 1275/1275/1263 1276/1276/1264 1277/1277/1265
f 1278/1278/1266 1279/1279/1267 808/808/796
f 1279/1279/1267 806/806/794 808/808/796
f 1280/1280/1268 1282/1281/1269 1281/1282/1270
f 1282/1281/1269 1283/1283/1271 1281/1282/1270
f 1281/1282/1270 1283/1283/1271 1284/1284/1272
f 1129/1129/1117 1285/1285/1273 1131/1131/1119
f 1285/1285/1273 1280/1280/1268 1131/1131/1119
f 1280/1280/1268 1281/1282/1270 1131/1131/1119
f 1131/1131/1119 1281/1282/1270 1132/1132/1120
f 1281/1282/1270 1284/1284/1272 1132/1132/1120
f 1132/1132/1120 1284/1284/1272 1286/1286/1274
f 1284/1284/1272 1287/1287/1275 1286/1286/1274
f 1286/1286/1274 1287/1287/1275 1288/1288/1276
f 1287/1287/1275 1289/1289/1277 1288/1288/1276
f 1288/1288/1276 1289/1289/1277 1290/1290/1278
f 1289/1289/1277 1140/1140/1128 1290/1290/1278
f 1290/1290/1278 1140/1140/1128 1291/1291/1279
f 1140/1140/1128 1105/1105/1093 1291/1291/1279
f 1291/1291/1279 1105/1105/1093 1292/1292/1280
f 1105/1105/1093 1106/1107/1095 1292/1292/1280
f 1292/1292/1280 1106/1107/1095 1293/1293/1281
f 1106/1107/1095 1109/1109/1097 1293/1293/1281
f 1293/1293/1281 1109/1109/1097 1294/1294/1282
f 1109/1109/1097 1111/1111/1099 1294/1294/1282
f 1294/1294/1282 1111/1111/1099 1295/1295/1283
f 1111/1111/1099 1113/1113/1101 1295/1295/1283
f 1295/1295/1283 1113/1113/1101 1296/1296/1284
f 1113/1113/1101 1251/1251/1239 1296/1296/1284
f 1296/1296/1284 1251/1251/1239 1297/1297/1285
f 1251/1251/1239 1298/1298/1286 1297/1297/1285
f 1297/1297/1285 1298/1298/1286 1285/1285/1273
f 1298/1298/1286 1141/1141/1129 1285/1285/1273
f 1285/1285/1273 1141/1141/1129 1280/1280/1268
f 1141/1141/1129 1142/1143/1131 1280/1280/1268
f 1280/1280/1268 1142/1143/1131 1282/1281/1269
f 1142/1143/1131 1299/1299/1287 1282/1281/1269
f 1282/1281/1269 1299/1299/1287 1300/1300/1288
f 1299/1299/1287 1301/1301/1289 1300/1300/1288
f 1300/1300/1288 1301/1301/1289 1302/1302/1290
f 1301/1301/1289 1303/1303/1291 1302/1302/1290
f 1302/1302/1290 1303/1303/1291 1304/1304/1292
f 1303/1303/1291 1092/1092/1080 1304/1304/1292
f 1304/1304/1292 1092/1092/1080 1305/1305/1293
f 1092/1092/1080 1255/1255/1243 1305/1305/1293
f 1305/1305/1293 1255/1255/1243 1306/1306/1294
f 1255/1255/1243 1307/1307/1295 1306/1306/1294
f 1306/1306/1294 1307/1307/1295 1308/1308/1296
f 1307/1307/1295 1309/1309/1297 1308/1308/1296
f 1308/1308/1296 1309/1309/1297 1310/1310/1298
f 1309/1309/1297 1148/1148/1136 1310/1310/1298
f 1310/1310/1298 1148/1148/1136 1311/1311/1299
f 1148/1148/1136 1149/1149/1137 1311/1311/1299
f 1311/1311/1299 1149/1149/1137 1160/1160/1148
f 1149/1149/1137 865/865/853 1160/1160/1148
f 1160/1160/1148 865/865/853 1158/1158/1146
f 865/865/853 864/864/852 1158/1158/1146
f 1158/1158/1146 864/864/852 1156/1156/1144
f 864/864/852 1151/1151/1139 1156/1156/1144
f 1156/1156/1144 1151/1151/1139 1312/1312/1300
f 1151/1151/1139 1150/1150/1138 1312/1312/1300
f 1312/1312/1300 1150/1150/1138 1313/1313/1301
f 1150/1150/1138 854/854/842 1313/1313/1301
f 1313/1313/1301 854/854/842 1314/1314/1302
f 854/854/842 852/852/840 1314/1314/1302
f 1314/1314/1302 852/852/840 683/683/671
f 852/852/840 850/850/838 683/683/671
f 683/683/671 850/850/838 682/682/670
f 850/850/838 848/848/836 682/682/670
f 682/682/670 848/848/836 844/844/832
f 848/848/836 847/847/835 844/844/832
f 844/844/832 847/847/835 677/678/666
f 847/847/835 846/846/834 677/678/666
f 677/678/666 846/846/834 676/676/664
f 846/846/834 845/845/833 676/676/664
f 676/676/664 845/845/833 1315/1315/1303
f 845/845/833 687/687/675 1315/1315/1303
f 1315/1315/1303 687/687/675 1316/1316/1304
f 687/687/675 686/685/673 1316/1316/1304
f 1316/1316/1304 686/685/673 1317/1317/1305
f 1285/1285/1273 1129/1129/1117 1297/1297/1285
f 1129/1129/1117 1127/1127/1115 1297/1297/1285
f 1297/1297/1285 1127/1127/1115 1296/1296/1284
f 1127/1127/1115 1125/1125/1113 1296/1296/1284
f 1296/1296/1284 1125/1125/1113 1295/1295/1283
f 1125/1125/1113 1124/1123/1111 1295/1295/1283
f 1295/1295/1283 1124/1123/1111 1294/1294/1282
f 1124/1123/1111 1234/1235/1223 1294/1294/1282
f 1294/1294/1282 1234/1235/1223 1293/1293/1281
f 1234/1235/1223 1237/1237/1225 1293/1293/1281
f 1293/1293/1281 1237/1237/1225 1292/1292/1280
f 1237/1237/1225 1239/1239/1227 1292/1292/1280
f 1292/1292/1280 1239/1239/1227 1291/1291/1279
f 1239/1239/1227 1241/1241/1229 1291/1291/1279
f 1291/1291/1279 1241/1241/1229 1290/1290/1278
f 1241/1241/1229 1243/1243/1231 1290/1290/1278
f 1290/1290/1278 1243/1243/1231 1288/1288/1276
f 1243/1243/1231 1245/1245/1233 1288/1288/1276
f 1288/1288/1276 1245/1245/1233 1286/1286/1274
f 1245/1245/1233 1246/1246/1234 1286/1286/1274
f 1286/1286/1274 1246/1246/1234 1130/1130/1118
f 1114/1114/1102 1318/1318/1306 1116/1115/1103
f 1318/1318/1306 1319/1319/1307 1116/1115/1103
f 1116/1115/1103 1319/1319/1307 1320/1320/1308
f 1319/1319/1307 1321/1321/1309 1320/1320/1308
f 1320/1320/1308 1321/1321/1309 1322/1322/1310
f 1321/1321/1309 1323/1323/1311 1322/1322/1310
f 1322/1322/1310 1323/1323/1311 1324/1324/1312
f 1323/1323/1311 1325/1325/1313 1324/1324/1312
f 1324/1324/1312 1325/1325/1313 1326/1326/1314
f 1325/1325/1313 1135/1134/1122 1326/1326/1314
f 1326/1326/1314 1135/1134/1122 1327/1327/1315
f 1135/1134/1122 1133/1133/1121 1327/1327/1315
f 1327/1327/1315 1133/1133/1121 1328/1328/1316
f 1133/1133/1121 1329/1329/1317 1328/1328/1316
f 1328/1328/1316 1329/1329/1317 1330/1330/1318
f 1329/1329/1317 1304/1304/1292 1330/1330/1318
f 1330/1330/1318 1304/1304/1292 1331/1331/1319
f 1304/1304/1292 1305/1305/1293 1331/1331/1319
f 1331/1331/1319 1305/1305/1293 1332/1332/1320
f 1305/1305/1293 1306/1306/1294 1332/1332/1320
f 1332/1332/1320 1306/1306/1294 1333/1333/1321
f 1306/1306/1294 1160/1160/1148 1333/1333/1321
f 1333/1333/1321 1160/1160/1148 1334/1334/1322
f 1160/1160/1148 1159/1159/1147 1334/1334/1322
f 1334/1334/1322 1159/1159/1147 1335/1335/1323
f 1159/1159/1147 1336/1336/1324 1335/1335/1323
f 1337/1337/1325 1339/1338/1326 1338/1339/1327
f 1339/1338/1326 1340/1340/1328 1338/1339/1327
f 147/147/135 1341/1341/1329 149/149/137
f 1341/1341/1329 1342/1342/1330 149/149/137
f 149/149/137 1342/1342/1330 319/319/307
f 149/149/137 319/319/307 151/151/139
f 1343/1343/1331 1345/1344/1332 1344/1345/1333
f 1345/1344/1332 843/843/831 1344/1345/1333
f 321/321/309 319/319/307 364/364/352
f 319/319/307 1342/1342/1330 364/364/352
f 364/364/352 1342/1342/1330 362/362/350
f 1342/1342/1330 1341/1341/1329 362/362/350
f 362/362/350 1341/1341/1329 360/360/348
f 1341/1341/1329 1346/1346/1334 360/360/348
f 360/360/348 1346/1346/1334 358/358/346
f 1346/1346/1334 139/139/127 358/358/346
f 358/358/346 139/139/127 356/356/344
f 139/139/127 137/137/125 356/356/344
f 356/356/344 137/137/125 135/135/123
f 1347/1347/1335 1199/1198/1186 1224/1224/1212
f 1199/1198/1186 1197/1197/1185 1224/1224/1212
f 1224/1224/1212 1197/1197/1185 1222/1222/1210
f 1197/1197/1185 1215/1215/1203 1222/1222/1210
f 1222/1222/1210 1215/1215/1203 1218/1218/1206
f 1215/1215/1203 1217/1217/1205 1218/1218/1206
f 1218/1218/1206 1217/1217/1205 1225/1225/1213
f 1217/1217/1205 1348/1348/1336 1225/1225/1213
f 1225/1225/1213 1348/1348/1336 1349/1349/1337
f 992/992/980 973/974/962 1350/1350/1338
f 973/974/962 976/976/964 1350/1350/1338
f 1350/1350/1338 976/976/964 978/978/966
f 1351/1351/1339 981/981/969 1352/1352/1340
f 981/981/969 1353/1353/1341 1352/1352/1340
f 1352/1352/1340 1353/1353/1341 1354/1354/1342
f 1353/1353/1341 977/977/965 1354/1354/1342
f 1354/1354/1342 977/977/965 1355/1355/1343
f 977/977/965 975/975/963 1355/1355/1343
f 1355/1355/1343 975/975/963 1356/1356/1344
f 975/975/963 1357/1357/1345 1356/1356/1344
f 1356/1356/1344 1357/1357/1345 1358/1358/1346
f 1357/1357/1345 1359/1359/1347 1358/1358/1346
f 1358/1358/1346 1359/1359/1347 1360/1360/1348
f 1359/1359/1347 1361/1361/1349 1360/1360/1348
f 1360/1360/1348 1361/1361/1349 1362/1362/1350
f 1363/1363/1351 1351/1351/1339 1364/1364/1352
f 1351/1351/1339 1352/1352/1340 1364/1364/1352
f 1364/1364/1352 1352/1352/1340 1365/1365/1353
f 1352/1352/1340 1354/1354/1342 1365/1365/1353
f 1365/1365/1353 1354/1354/1342 1366/1366/1354
f 1354/1354/1342 1355/1355/1343 1366/1366/1354
f 1366/1366/1354 1355/1355/1343 1356/1356/1344
f 989/989/977 987/987/975 1018/1018/1006
f 987/987/975 1367/1367/1355 1018/1018/1006
f 1018/1018/1006 1367/1367/1355 1022/1022/1010
f 1367/1367/1355 1024/1024/1012 1022/1022/1010
f 1016/1016/1004 1368/1368/1356 1015/1015/1003
f 1368/1368/1356 1013/1013/1001 1015/1015/1003
f 1016/1016/1004 1017/1017/1005 1368/1368/1356
f 1017/1017/1005 1019/1019/1007 1368/1368/1356
f 1368/1368/1356 1019/1019/1007 1369/1369/1357
f 1019/1019/1007 1021/1021/1009 1369/1369/1357
f 1369/1369/1357 1021/1021/1009 1370/1370/1358
f 1021/1021/1009 1005/1005/993 1370/1370/1358
f 1370/1370/1358 1005/1005/993 1371/1371/1359
f 1005/1005/993 1007/1007/995 1371/1371/1359
f 1371/1371/1359 1007/1007/995 1009/1009/997
f 1196/1196/1184 1372/1372/1360 1194/1194/1182
f 1372/1372/1360 1373/1373/1361 1194/1194/1182
f 1194/1194/1182 1373/1373/1361 1191/1192/1180
f 1209/1209/1197 1374/1374/1362 1200/1200/1188
f 1203/1203/1191 1375/1375/1363 1205/1205/1193
f 1375/1375/1363 1376/1376/1364 1205/1205/1193
f 1205/1205/1193 1376/1376/1364 1207/1207/1195
f 1377/1377/1365 1379/1378/1366 1378/1379/1367
f 1379/1378/1366 1380/1380/1368 1378/1379/1367
f 1380/1380/1368 1381/1381/1369 1378/1379/1367
f 1378/1379/1367 1381/1381/1369 1382/1382/1370
f 1381/1381/1369 1383/1383/1371 1382/1382/1370
f 1382/1382/1370 1383/1383/1371 1384/1384/1372
f 1383/1383/1371 1385/1385/1373 1384/1384/1372
f 1384/1384/1372 1385/1385/1373 1386/1386/1374
f 1385/1385/1373 1387/1387/1375 1386/1386/1374
f 1386/1386/1374 1387/1387/1375 1388/1388/1376
f 1066/1066/1054 1331/1331/1319 1068/1067/1055
f 1331/1331/1319 1389/1389/1377 1068/1067/1055
f 1068/1067/1055 1389/1389/1377 1069/1069/1057
f 1389/1389/1377 1390/1390/1378 1069/1069/1057
f 1069/1069/1057 1390/1390/1378 1391/1391/1379
f 1390/1390/1378 1334/1334/1322 1391/1391/1379
f 1391/1391/1379 1334/1334/1322 1335/1335/1323
f 1066/1066/1054 1392/1392/1380 1331/1331/1319
f 1392/1392/1380 1077/1077/1065 1331/1331/1319
f 1331/1331/1319 1077/1077/1065 1330/1330/1318
f 1077/1077/1065 1079/1079/1067 1330/1330/1318
f 1330/1330/1318 1079/1079/1067 1328/1328/1316
f 1079/1079/1067 1393/1393/1381 1328/1328/1316
f 1328/1328/1316 1393/1393/1381 1327/1327/1315
f 1393/1393/1381 1394/1394/1382 1327/1327/1315
f 1327/1327/1315 1394/1394/1382 1326/1326/1314
f 1394/1394/1382 1256/1256/1244 1326/1326/1314
f 1326/1326/1314 1256/1256/1244 1324/1324/1312
f 1256/1256/1244 1257/1258/1246 1324/1324/1312
f 1324/1324/1312 1257/1258/1246 1322/1322/1310
f 1257/1258/1246 1260/1260/1248 1322/1322/1310
f 1322/1322/1310 1260/1260/1248 1320/1320/1308
f 1260/1260/1248 1262/1262/1250 1320/1320/1308
f 1320/1320/1308 1262/1262/1250 1395/1395/1383
f 1262/1262/1250 1264/1264/1252 1395/1395/1383
f 1395/1395/1383 1264/1264/1252 1121/1121/1109
f 1264/1264/1252 1265/1265/1253 1121/1121/1109
f 1121/1121/1109 1265/1265/1253 1120/1120/1108
f 1265/1265/1253 1266/1266/1254 1120/1120/1108
f 1120/1120/1108 1266/1266/1254 1396/1396/1384
f 1266/1266/1254 1267/1267/1255 1396/1396/1384
f 1396/1396/1384 1267/1267/1255 1397/1397/1385
f 1267/1267/1255 1398/1398/1386 1397/1397/1385
f 1397/1397/1385 1398/1398/1386 1399/1399/1387
f 1400/1400/1388 1402/1401/1389 1401/1402/1390
f 1402/1401/1389 1403/1403/1391 1401/1402/1390
f 1401/1402/1390 1403/1403/1391 1404/1404/1392
f 1403/1403/1391 1405/1405/1393 1404/1404/1392
f 1404/1404/1392 1405/1405/1393 1343/1343/1331
f 1405/1405/1393 1406/1406/1394 1343/1343/1331
f 1343/1343/1331 1406/1406/1394 1345/1344/1332
f 1401/1402/1390 657/657/645 1400/1400/1388
f 657/657/645 655/655/643 1400/1400/1388
f 365/365/353 363/363/351 366/366/354
f 363/363/351 361/361/349 366/366/354
f 366/366/354 361/361/349 367/367/355
f 147/147/135 145/145/133 1341/1341/1329
f 145/145/133 143/143/131 1341/1341/1329
f 1341/1341/1329 143/143/131 1346/1346/1334
f 143/143/131 141/141/129 1346/1346/1334
f 1346/1346/1334 141/141/129 139/139/127
f 318/318/306 320/320/308 967/967/955
f 320/320/308 322/322/310 967/967/955
f 967/967/955 322/322/310 969/969/957
f 322/322/310 324/324/312 969/969/957
f 1407/1407/1395 1409/1408/1396 1408/1409/1397
f 1409/1408/1396 1313/1313/1301 1408/1409/1397
f 1082/1081/1069 1155/1155/1143 1083/1083/1071
f 1071/1071/1059 1069/1069/1057 1391/1391/1379
f 1334/1334/1322 1390/1390/1378 1333/1333/1321
f 1390/1390/1378 1389/1389/1377 1333/1333/1321
f 1333/1333/1321 1389/1389/1377 1332/1332/1320
f 1389/1389/1377 1331/1331/1319 1332/1332/1320
f 1100/1100/1088 1410/1410/1398 1101/1101/1089
f 1410/1410/1398 1411/1411/1399 1101/1101/1089
f 1101/1101/1089 1411/1411/1399 1102/1102/1090
f 1304/1304/1292 1329/1329/1317 1302/1302/1290
f 1329/1329/1317 1133/1133/1121 1302/1302/1290
f 1302/1302/1290 1133/1133/1121 1412/1412/1400
f 1133/1133/1121 1413/1413/1401 1412/1412/1400
f 1412/1412/1400 1413/1413/1401 1300/1300/1288
f 1413/1413/1401 1414/1414/1402 1300/1300/1288
f 1300/1300/1288 1414/1414/1402 1283/1283/1271
f 1414/1414/1402 1415/1415/1403 1283/1283/1271
f 1283/1283/1271 1415/1415/1403 1284/1284/1272
f 1415/1415/1403 1416/1416/1404 1284/1284/1272
f 1284/1284/1272 1416/1416/1404 1287/1287/1275
f 1416/1416/1404 1139/1139/1127 1287/1287/1275
f 1287/1287/1275 1139/1139/1127 1289/1289/1277
f 1139/1139/1127 1138/1138/1126 1289/1289/1277
f 1289/1289/1277 1138/1138/1126 1140/1140/1128
f 1138/1138/1126 1417/1417/1405 1140/1140/1128
f 1140/1140/1128 1417/1417/1405 1107/1106/1094
f 1157/1157/1145 1155/1155/1143 1159/1159/1147
f 1155/1155/1143 1336/1336/1324 1159/1159/1147
f 1418/1418/1406 1254/1254/1242 1253/1253/1241
f 978/978/966 980/980/968 1075/1074/1062
f 980/980/968 1076/1076/1064 1075/1074/1062
f 981/981/969 979/979/967 1353/1353/1341
f 979/979/967 977/977/965 1353/1353/1341
f 1009/1009/997 1011/1011/999 1419/1419/1407
f 1011/1011/999 1013/1013/1001 1419/1419/1407
f 1419/1419/1407 1013/1013/1001 1420/1420/1408
f 1013/1013/1001 1368/1368/1356 1420/1420/1408
f 1420/1420/1408 1368/1368/1356 1369/1369/1357
f 1421/1421/1409 990/990/978 1012/1012/1000
f 990/990/978 1014/1014/1002 1012/1012/1000
f 1004/1004/992 1189/1189/1177 1006/1006/994
f 1181/1181/1169 1179/1179/1167 1422/1422/1410
f 1179/1179/1167 1423/1423/1411 1422/1422/1410
f 970/970/958 1423/1423/1411 968/968/956
f 1423/1423/1411 1179/1179/1167 968/968/956
f 968/968/956 1179/1179/1167 966/966/954
f 1179/1179/1167 1178/1177/1165 966/966/954
f 966/966/954 1178/1177/1165 317/317/305
f 1178/1177/1165 1176/1176/1164 317/317/305
f 317/317/305 1176/1176/1164 316/316/304
f 1176/1176/1164 1183/1183/1171 316/316/304
f 316/316/304 1183/1183/1171 314/314/302
f 1183/1183/1171 1424/1424/1412 314/314/302
f 314/314/302 1424/1424/1412 313/313/301
f 1424/1424/1412 1425/1425/1413 313/313/301
f 1426/1426/1414 1152/1152/1140 1407/1407/1395
f 1152/1152/1140 1153/1153/1141 1407/1407/1395
f 1407/1407/1395 1153/1153/1141 1409/1408/1396
f 1153/1153/1141 1154/1154/1142 1409/1408/1396
f 1409/1408/1396 1154/1154/1142 1313/1313/1301
f 1154/1154/1142 1156/1156/1144 1313/1313/1301
f 1313/1313/1301 1156/1156/1144 1312/1312/1300
f 1361/1361/1349 1359/1359/1347 1427/1427/1415
f 1359/1359/1347 1428/1428/1416 1427/1427/1415
f 1427/1427/1415 1428/1428/1416 1429/1429/1417
f 1428/1428/1416 974/973/961 1429/1429/1417
f 1429/1429/1417 974/973/961 972/972/960
f 1410/1410/1398 707/707/695 1411/1411/1399
f 707/707/695 706/706/694 1411/1411/1399
f 1411/1411/1399 706/706/694 1102/1102/1090
f 706/706/694 704/704/692 1102/1102/1090
f 1102/1102/1090 704/704/692 1103/1103/1091
f 704/704/692 703/703/691 1103/1103/1091
f 1103/1103/1091 703/703/691 1104/1104/1092
f 703/703/691 702/702/690 1104/1104/1092
f 1104/1104/1092 702/702/690 307/307/295
f 702/702/690 701/701/689 307/307/295
f 307/307/295 701/701/689 305/305/293
f 701/701/689 700/700/688 305/305/293
f 305/305/293 700/700/688 304/304/292
f 700/700/688 699/699/687 304/304/292
f 304/304/292 699/699/687 303/303/291
f 699/699/687 98/99/87 303/303/291
f 303/303/291 98/99/87 302/302/290
f 98/99/87 99/98/86 302/302/290
f 302/302/290 99/98/86 301/301/289
f 99/98/86 1430/1430/1418 301/301/289
f 301/301/289 1430/1430/1418 300/300/288
f 1430/1430/1418 1431/1431/1419 300/300/288
f 300/300/288 1431/1431/1419 334/334/322
f 1219/1220/1208 1222/1222/1210 1218/1218/1206
f 1061/1061/1049 1062/1063/1051 1432/1432/1420
f 787/788/776 788/787/775 1168/1168/1156
f 788/787/775 818/818/806 1168/1168/1156
f 1168/1168/1156 818/818/806 1166/1166/1154
f 818/818/806 817/817/805 1166/1166/1154
f 1166/1166/1154 817/817/805 813/813/801
f 817/817/805 816/816/804 813/813/801
f 813/813/801 816/816/804 815/815/803
f 934/934/922 933/933/921 935/935/923
f 933/933/921 1433/1433/1421 935/935/923
f 935/935/923 1433/1433/1421 944/944/932
f 1433/1433/1421 1434/1434/1422 944/944/932
f 944/944/932 1434/1434/1422 945/945/933
f 1434/1434/1422 1435/1435/1423 945/945/933
f 945/945/933 1435/1435/1423 946/946/934
f 1435/1435/1423 1436/1436/1424 946/946/934
f 946/946/934 1436/1436/1424 1437/1437/1425
f 1436/1436/1424 1438/1438/1426 1437/1437/1425
f 1437/1437/1425 1438/1438/1426 1248/1248/1236
f 1438/1438/1426 1439/1439/1427 1248/1248/1236
f 1248/1248/1236 1439/1439/1427 1440/1440/1428
f 1439/1439/1427 1278/1278/1266 1440/1440/1428
f 1440/1440/1428 1278/1278/1266 1441/1441/1429
f 1278/1278/1266 808/808/796 1441/1441/1429
f 1441/1441/1429 808/808/796 1252/1252/1240
f 808/808/796 1144/1144/1132 1252/1252/1240
f 1252/1252/1240 1144/1144/1132 1253/1253/1241
f 1144/1144/1132 1146/1146/1134 1253/1253/1241
f 1253/1253/1241 1146/1146/1134 1442/1442/1430
f 1146/1146/1134 1148/1148/1136 1442/1442/1430
f 1442/1442/1430 1148/1148/1136 1309/1309/1297
f 1135/1134/1122 1325/1325/1313 1443/1443/1431
f 1325/1325/1313 1444/1444/1432 1443/1443/1431
f 1443/1443/1431 1444/1444/1432 1445/1445/1433
f 1444/1444/1432 1319/1319/1307 1445/1445/1433
f 1445/1445/1433 1319/1319/1307 1318/1318/1306
f 1446/1446/1434 1374/1374/1362 1038/1038/1026
f 1038/1038/1026 1374/1374/1362 1040/1040/1028
f 1374/1374/1362 1209/1209/1197 1040/1040/1028
f 1040/1040/1028 1209/1209/1197 1447/1447/1435
f 1209/1209/1197 1210/1210/1198 1447/1447/1435
f 1447/1447/1435 1210/1210/1198 1448/1448/1436
f 1210/1210/1198 1211/1211/1199 1448/1448/1436
f 1448/1448/1436 1211/1211/1199 1449/1449/1437
f 1211/1211/1199 1212/1212/1200 1449/1449/1437
f 1449/1449/1437 1212/1212/1200 1048/1048/1036
f 1212/1212/1200 1213/1213/1201 1048/1048/1036
f 1048/1048/1036 1213/1213/1201 1050/1050/1038
f 1213/1213/1201 1214/1214/1202 1050/1050/1038
f 1050/1050/1038 1214/1214/1202 1052/1052/1040
f 1450/1450/1438 1277/1277/1265 1451/1451/1439
f 1277/1277/1265 1452/1452/1440 1451/1451/1439
f 1451/1451/1439 1452/1452/1440 1339/1338/1326
f 1452/1452/1440 1036/1036/1024 1339/1338/1326
f 1339/1338/1326 1036/1036/1024 1340/1340/1328
f 1036/1036/1024 1034/1034/1022 1340/1340/1328
f 1340/1340/1328 1034/1034/1022 1453/1453/1441
f 1034/1034/1022 1032/1032/1020 1453/1453/1441
f 1453/1453/1441 1032/1032/1020 1362/1362/1350
f 1032/1032/1020 1030/1030/1018 1362/1362/1350
f 1362/1362/1350 1030/1030/1018 1360/1360/1348
f 1030/1030/1018 1028/1028/1016 1360/1360/1348
f 1360/1360/1348 1028/1028/1016 1358/1358/1346
f 1028/1028/1016 1027/1027/1015 1358/1358/1346
f 1358/1358/1346 1027/1027/1015 1366/1366/1354
f 1027/1027/1015 1026/1026/1014 1366/1366/1354
f 1366/1366/1354 1026/1026/1014 1365/1365/1353
f 1026/1026/1014 1024/1024/1012 1365/1365/1353
f 1365/1365/1353 1024/1024/1012 1364/1364/1352
f 1024/1024/1012 1367/1367/1355 1364/1364/1352
f 1364/1364/1352 1367/1367/1355 1363/1363/1351
f 1367/1367/1355 987/987/975 1363/1363/1351
f 1450/1450/1438 1451/1451/1439 1454/1454/1442
f 1450/1450/1438 1454/1454/1442 1455/1455/1443
f 1454/1454/1442 1456/1456/1444 1455/1455/1443
f 1455/1455/1443 1456/1456/1444 1457/1457/1445
f 1456/1456/1444 1458/1458/1446 1457/1457/1445
f 1457/1457/1445 1458/1458/1446 1459/1459/1447
f 665/665/653 1460/1460/1448 831/831/819
f 1460/1460/1448 1459/1459/1447 831/831/819
f 831/831/819 1459/1459/1447 1233/1233/1221
f 1459/1459/1447 1458/1458/1446 1233/1233/1221
f 1233/1233/1221 1458/1458/1446 835/835/823
f 1458/1458/1446 1456/1456/1444 835/835/823
f 835/835/823 1456/1456/1444 837/837/825
f 1456/1456/1444 1454/1454/1442 837/837/825
f 837/837/825 1454/1454/1442 839/839/827
f 1454/1454/1442 1451/1451/1439 839/839/827
f 839/839/827 1451/1451/1439 841/841/829
f 1451/1451/1439 1339/1338/1326 841/841/829
f 841/841/829 1339/1338/1326 965/965/953
f 1339/1338/1326 1337/1337/1325 965/965/953
f 965/965/953 1337/1337/1325 843/843/831
f 1337/1337/1325 1461/1461/1449 843/843/831
f 843/843/831 1461/1461/1449 1344/1345/1333
f 681/681/669 1314/1314/1302 683/683/671
f 1313/1313/1301 1314/1314/1302 1408/1409/1397
f 1314/1314/1302 681/681/669 1408/1409/1397
f 1408/1409/1397 681/681/669 1407/1407/1395
f 681/681/669 959/959/947 1407/1407/1395
f 1407/1407/1395 959/959/947 1426/1426/1414
f 959/959/947 679/679/667 1426/1426/1414
f 1426/1426/1414 679/679/667 1462/1462/1450
f 679/679/667 678/677/665 1462/1462/1450
f 1462/1462/1450 678/677/665 1463/1463/1451
f 678/677/665 676/676/664 1463/1463/1451
f 1463/1463/1451 676/676/664 1464/1464/1452
f 676/676/664 1315/1315/1303 1464/1464/1452
f 1464/1464/1452 1315/1315/1303 1465/1465/1453
f 1315/1315/1303 1316/1316/1304 1465/1465/1453
f 1465/1465/1453 1316/1316/1304 1466/1466/1454
f 1316/1316/1304 1317/1317/1305 1466/1466/1454
f 1466/1466/1454 1317/1317/1305 1467/1467/1455
f 864/864/852 862/862/850 1151/1151/1139
f 1055/1054/1042 1432/1432/1420 1056/1056/1044
f 1432/1432/1420 1062/1063/1051 1056/1056/1044
f 1056/1056/1044 1062/1063/1051 1058/1058/1046
f 1062/1063/1051 1065/1065/1053 1058/1058/1046
f 1058/1058/1046 1065/1065/1053 1060/1060/1048
f 1009/1009/997 1419/1419/1407 1371/1371/1359
f 1419/1419/1407 1420/1420/1408 1371/1371/1359
f 1371/1371/1359 1420/1420/1408 1370/1370/1358
f 1420/1420/1408 1369/1369/1357 1370/1370/1358
f 1018/1018/1006 1022/1022/1010 1020/1020/1008
f 1186/1186/1174 1053/1053/1041 1187/1187/1175
f 1053/1053/1041 1054/1055/1043 1187/1187/1175
f 1187/1187/1175 1054/1055/1043 1188/1188/1176
f 1054/1055/1043 1057/1057/1045 1188/1188/1176
f 1188/1188/1176 1057/1057/1045 1189/1189/1177
f 1057/1057/1045 1059/1059/1047 1189/1189/1177
f 1189/1189/1177 1059/1059/1047 1006/1006/994
f 1059/1059/1047 1060/1060/1048 1006/1006/994
f 1006/1006/994 1060/1060/1048 1008/1008/996
f 1060/1060/1048 1065/1065/1053 1008/1008/996
f 1008/1008/996 1065/1065/1053 1010/1010/998
f 1065/1065/1053 1064/1064/1052 1010/1010/998
f 1010/1010/998 1064/1064/1052 1012/1012/1000
f 1064/1064/1052 1063/1062/1050 1012/1012/1000
f 1012/1012/1000 1063/1062/1050 1421/1421/1409
f 1468/1468/1456 1347/1347/1335 1376/1376/1364
f 1347/1347/1335 1224/1224/1212 1376/1376/1364
f 1376/1376/1364 1224/1224/1212 1207/1207/1195
f 1224/1224/1212 1223/1223/1211 1207/1207/1195
f 1207/1207/1195 1223/1223/1211 1208/1208/1196
f 1223/1223/1211 1221/1221/1209 1208/1208/1196
f 1208/1208/1196 1221/1221/1209 1214/1214/1202
f 1221/1221/1209 1220/1219/1207 1214/1214/1202
f 1214/1214/1202 1220/1219/1207 1052/1052/1040
f 1220/1219/1207 1225/1225/1213 1052/1052/1040
f 1052/1052/1040 1225/1225/1213 1051/1051/1039
f 1225/1225/1213 1349/1349/1337 1051/1051/1039
f 1051/1051/1039 1349/1349/1337 1049/1049/1037
f 1349/1349/1337 1469/1469/1457 1049/1049/1037
f 1049/1049/1037 1469/1469/1457 1047/1047/1035
f 1469/1469/1457 1470/1470/1458 1047/1047/1035
f 1047/1047/1035 1470/1470/1458 1045/1045/1033
f 1470/1470/1458 1471/1471/1459 1045/1045/1033
f 1045/1045/1033 1471/1471/1459 1043/1043/1031
f 1471/1471/1459 1472/1472/1460 1043/1043/1031
f 1043/1043/1031 1472/1472/1460 1041/1041/1029
f 1472/1472/1460 1473/1473/1461 1041/1041/1029
f 1041/1041/1029 1473/1473/1461 1039/1039/1027
f 1473/1473/1461 1474/1474/1462 1039/1039/1027
f 1039/1039/1027 1474/1474/1462 1035/1035/1023
f 1474/1474/1462 1473/1473/1461 1035/1035/1023
f 1035/1035/1023 1473/1473/1461 993/993/981
f 1473/1473/1461 1472/1472/1460 993/993/981
f 993/993/981 1472/1472/1460 1475/1475/1463
f 1472/1472/1460 1471/1471/1459 1475/1475/1463
f 1475/1475/1463 1471/1471/1459 1476/1476/1464
f 1471/1471/1459 1470/1470/1458 1476/1476/1464
f 1476/1476/1464 1470/1470/1458 1053/1053/1041
f 1470/1470/1458 1469/1469/1457 1053/1053/1041
f 1053/1053/1041 1469/1469/1457 1055/1054/1042
f 1469/1469/1457 1349/1349/1337 1055/1054/1042
f 1055/1054/1042 1349/1349/1337 1432/1432/1420
f 1349/1349/1337 1348/1348/1336 1432/1432/1420
f 1432/1432/1420 1348/1348/1336 1061/1061/1049
f 1348/1348/1336 1217/1217/1205 1061/1061/1049
f 1061/1061/1049 1217/1217/1205 1063/1062/1050
f 1217/1217/1205 1216/1216/1204 1063/1062/1050
f 1063/1062/1050 1216/1216/1204 1421/1421/1409
f 1216/1216/1204 1198/1199/1187 1421/1421/1409
f 1421/1421/1409 1198/1199/1187 990/990/978
f 1198/1199/1187 1477/1477/1465 990/990/978
f 990/990/978 1477/1477/1465 988/988/976
f 1477/1477/1465 1478/1478/1466 988/988/976
f 988/988/976 1478/1478/1466 986/986/974
f 1478/1478/1466 1479/1479/1467 986/986/974
f 986/986/974 1479/1479/1467 984/984/972
f 1479/1479/1467 1480/1480/1468 984/984/972
f 984/984/972 1480/1480/1468 982/982/970
f 1480/1480/1468 1481/1481/1469 982/982/970
f 982/982/970 1481/1481/1469 980/980/968
f 1481/1481/1469 1373/1373/1361 980/980/968
f 980/980/968 1373/1373/1361 1076/1076/1064
f 1373/1373/1361 1372/1372/1360 1076/1076/1064
f 1076/1076/1064 1372/1372/1360 1078/1078/1066
f 1372/1372/1360 1482/1482/1470 1078/1078/1066
f 1078/1078/1066 1482/1482/1470 1079/1079/1067
f 1482/1482/1470 1483/1483/1471 1079/1079/1067
f 1079/1079/1067 1483/1483/1471 1393/1393/1381
f 1483/1483/1471 1484/1484/1472 1393/1393/1381
f 1393/1393/1381 1484/1484/1472 1394/1394/1382
f 1484/1484/1472 1452/1452/1440 1394/1394/1382
f 1394/1394/1382 1452/1452/1440 1256/1256/1244
f 1452/1452/1440 1277/1277/1265 1256/1256/1244
f 1256/1256/1244 1277/1277/1265 1258/1257/1245
f 1277/1277/1265 1276/1276/1264 1258/1257/1245
f 1258/1257/1245 1276/1276/1264 1259/1259/1247
f 1276/1276/1264 1274/1274/1262 1259/1259/1247
f 1259/1259/1247 1274/1274/1262 1261/1261/1249
f 1274/1274/1262 1271/1271/1259 1261/1261/1249
f 1261/1261/1249 1271/1271/1259 1263/1263/1251
f 1271/1271/1259 1270/1269/1257 1263/1263/1251
f 1263/1263/1251 1270/1269/1257 1226/1226/1214
f 1270/1269/1257 1268/1268/1256 1226/1226/1214
f 1226/1226/1214 1268/1268/1256 1228/1227/1215
f 1268/1268/1256 1272/1272/1260 1228/1227/1215
f 1228/1227/1215 1272/1272/1260 1229/1229/1217
f 1272/1272/1260 893/893/881 1229/1229/1217
f 1229/1229/1217 893/893/881 1231/1231/1219
f 893/893/881 892/892/880 1231/1231/1219
f 1231/1231/1219 892/892/880 1232/1232/1220
f 892/892/880 891/891/879 1232/1232/1220
f 1232/1232/1220 891/891/879 1398/1398/1386
f 891/891/879 912/912/900 1398/1398/1386
f 1398/1398/1386 912/912/900 1399/1399/1387
f 912/912/900 1485/1485/1473 1399/1399/1387
f 1399/1399/1387 1485/1485/1473 1486/1486/1474
f 1468/1468/1456 1376/1376/1364 1375/1375/1363
f 911/911/899 910/910/898 912/912/900
f 910/910/898 1485/1485/1473 912/912/900
f 1433/1433/1421 933/933/921 1487/1487/1475
f 933/933/921 932/932/920 1487/1487/1475
f 1487/1487/1475 932/932/920 1488/1488/1476
f 932/932/920 1489/1489/1477 1488/1488/1476
f 1488/1488/1476 1489/1489/1477 1490/1490/1478
f 1489/1489/1477 1491/1491/1479 1490/1490/1478
f 1490/1490/1478 1491/1491/1479 1096/1096/1084
f 1491/1491/1479 928/928/916 1096/1096/1084
f 1096/1096/1084 928/928/916 1098/1097/1085
f 928/928/916 926/926/914 1098/1097/1085
f 1098/1097/1085 926/926/914 806/806/794
f 926/926/914 922/922/910 806/806/794
f 806/806/794 922/922/910 804/804/792
f 922/922/910 920/920/908 804/804/792
f 804/804/792 920/920/908 802/802/790
f 920/920/908 918/918/906 802/802/790
f 802/802/790 918/918/906 800/800/788
f 1359/1359/1347 1357/1357/1345 1428/1428/1416
f 1357/1357/1345 975/975/963 1428/1428/1416
f 1428/1428/1416 975/975/963 974/973/961
f 1356/1356/1344 1358/1358/1346 1366/1366/1354
f 1025/1025/1013 1003/1003/991 1023/1023/1011
f 1003/1003/991 1005/1005/993 1023/1023/1011
f 1023/1023/1011 1005/1005/993 1021/1021/1009
f 1438/1438/1426 1436/1436/1424 1492/1492/1480
f 1436/1436/1424 1435/1435/1423 1492/1492/1480
f 1492/1492/1480 1435/1435/1423 1434/1434/1422
f 1492/1492/1480 1493/1493/1481 1438/1438/1426
f 1493/1493/1481 1494/1494/1482 1438/1438/1426
f 811/811/799 1166/1166/1154 813/813/801
f 810/810/798 812/812/800 1145/1145/1133
f 812/812/800 1161/1161/1149 1145/1145/1133
f 1145/1145/1133 1161/1161/1149 1147/1147/1135
f 1161/1161/1149 1149/1149/1137 1147/1147/1135
f 1096/1096/1084 1494/1494/1482 1490/1490/1478
f 1494/1494/1482 1493/1493/1481 1490/1490/1478
f 1490/1490/1478 1493/1493/1481 1488/1488/1476
f 1493/1493/1481 1492/1492/1480 1488/1488/1476
f 1488/1488/1476 1492/1492/1480 1487/1487/1475
f 1492/1492/1480 1434/1434/1422 1487/1487/1475
f 1487/1487/1475 1434/1434/1422 1433/1433/1421
f 928/928/916 1491/1491/1479 930/930/918
f 1491/1491/1479 1489/1489/1477 930/930/918
f 930/930/918 1489/1489/1477 932/932/920
f 1249/1249/1237 1248/1248/1236 1250/1250/1238
f 1248/1248/1236 1440/1440/1428 1250/1250/1238
f 1250/1250/1238 1440/1440/1428 1441/1441/1429
f 1162/1162/1150 929/929/917 1495/1495/1483
f 929/929/917 1165/1165/1153 1495/1495/1483
f 1495/1495/1483 1165/1165/1153 1496/1496/1484
f 1165/1165/1153 1164/1164/1152 1496/1496/1484
f 1496/1496/1484 1164/1164/1152 1163/1163/1151
f 926/926/914 924/924/912 922/922/910
f 1162/1162/1150 1495/1495/1483 1163/1163/1151
f 1495/1495/1483 1496/1496/1484 1163/1163/1151
f 923/923/911 925/925/913 921/921/909
f 1247/1247/1235 1112/1112/1100 1396/1396/1384
f 1112/1112/1100 1118/1118/1106 1396/1396/1384
f 1396/1396/1384 1118/1118/1106 1120/1120/1108
f 1396/1396/1384 1397/1397/1385 1247/1247/1235
f 1397/1397/1385 1399/1399/1387 1247/1247/1235
f 1247/1247/1235 1399/1399/1387 1486/1486/1474
f 1253/1253/1241 1442/1442/1430 1418/1418/1406
f 1442/1442/1430 1309/1309/1297 1418/1418/1406
f 1418/1418/1406 1309/1309/1297 1254/1254/1242
f 1309/1309/1297 1307/1307/1295 1254/1254/1242
f 1254/1254/1242 1307/1307/1295 1255/1255/1243
f 1306/1306/1294 1308/1308/1296 1160/1160/1148
f 1308/1308/1296 1310/1310/1298 1160/1160/1148
f 1160/1160/1148 1310/1310/1298 1311/1311/1299
f 1134/1135/1123 1413/1413/1401 1133/1133/1121
f 1413/1413/1401 1134/1135/1123 1414/1414/1402
f 1134/1135/1123 1137/1137/1125 1414/1414/1402
f 1414/1414/1402 1137/1137/1125 1415/1415/1403
f 1137/1137/1125 1139/1139/1127 1415/1415/1403
f 1415/1415/1403 1139/1139/1127 1416/1416/1404
f 1282/1281/1269 1300/1300/1288 1283/1283/1271
f 1286/1286/1274 1130/1130/1118 1132/1132/1120
f 1452/1452/1440 1484/1484/1472 1036/1036/1024
f 1484/1484/1472 1483/1483/1471 1036/1036/1024
f 1036/1036/1024 1483/1483/1471 1038/1038/1026
f 1483/1483/1471 1482/1482/1470 1038/1038/1026
f 1038/1038/1026 1482/1482/1470 1446/1446/1434
f 1482/1482/1470 1372/1372/1360 1446/1446/1434
f 1446/1446/1434 1372/1372/1360 1374/1374/1362
f 1372/1372/1360 1196/1196/1184 1374/1374/1362
f 1374/1374/1362 1196/1196/1184 1200/1200/1188
f 1196/1196/1184 1195/1195/1183 1200/1200/1188
f 1200/1200/1188 1195/1195/1183 1202/1201/1189
f 1195/1195/1183 1193/1193/1181 1202/1201/1189
f 1202/1201/1189 1193/1193/1181 1203/1203/1191
f 1193/1193/1181 1192/1191/1179 1203/1203/1191
f 1203/1203/1191 1192/1191/1179 1375/1375/1363
f 1192/1191/1179 1190/1190/1178 1375/1375/1363
f 1375/1375/1363 1190/1190/1178 1468/1468/1456
f 1325/1325/1313 1323/1323/1311 1444/1444/1432
f 1323/1323/1311 1321/1321/1309 1444/1444/1432
f 1444/1444/1432 1321/1321/1309 1319/1319/1307
f 1116/1115/1103 1320/1320/1308 1117/1117/1105
f 1320/1320/1308 1395/1395/1383 1117/1117/1105
f 1117/1117/1105 1395/1395/1383 1119/1119/1107
f 1395/1395/1383 1121/1121/1109 1119/1119/1107
f 1232/1232/1220 1398/1398/1386 1230/1230/1218
f 1398/1398/1386 1267/1267/1255 1230/1230/1218
f 1230/1230/1218 1267/1267/1255 1227/1228/1216
f 1039/1039/1027 1035/1035/1023 1037/1037/1025
f 1252/1252/1240 1250/1250/1238 1441/1441/1429
f 1092/1092/1080 1497/1497/1485 1089/1090/1078
f 1497/1497/1485 1143/1142/1130 1089/1090/1078
f 1089/1090/1078 1143/1142/1130 1088/1088/1076
f 1143/1142/1130 1141/1141/1129 1088/1088/1076
f 1088/1088/1076 1141/1141/1129 1093/1093/1081
f 1141/1141/1129 1298/1298/1286 1093/1093/1081
f 1093/1093/1081 1298/1298/1286 1094/1094/1082
f 1298/1298/1286 1251/1251/1239 1094/1094/1082
f 1094/1094/1082 1251/1251/1239 1095/1095/1083
f 1092/1092/1080 1303/1303/1291 1497/1497/1485
f 1303/1303/1291 1301/1301/1289 1497/1497/1485
f 1497/1497/1485 1301/1301/1289 1143/1142/1130
f 1301/1301/1289 1299/1299/1287 1143/1142/1130
f 1143/1142/1130 1299/1299/1287 1142/1143/1131
f 1412/1412/1400 1300/1300/1288 1302/1302/1290
f 1498/1498/1486 1500/1499/1487 1499/1500/1488
f 1500/1499/1487 1501/1501/1489 1499/1500/1488
f 1502/1502/1490 1504/1503/1491 1503/1504/1492
f 1504/1503/1491 1505/1505/1493 1503/1504/1492
f 1503/1504/1492 1505/1505/1493 1506/1506/1494
f 1505/1505/1493 1507/1507/1495 1506/1506/1494
f 1508/1508/1496 1510/1509/1497 1509/1510/1498
f 1510/1509/1497 1511/1511/1499 1509/1510/1498
f 1509/1510/1498 1511/1511/1499 1512/1512/1500
f 1511/1511/1499 1513/1513/1501 1512/1512/1500
f 1512/1512/1500 1513/1513/1501 1514/1514/1502
f 1513/1513/1501 1515/1515/1503 1514/1514/1502
f 1514/1514/1502 1515/1515/1503 1516/1516/1504
f 1515/1515/1503 1517/1517/1505 1516/1516/1504
f 1518/1518/1506 1520/1519/1507 1519/1520/1508
f 1520/1519/1507 1521/1521/1509 1519/1520/1508
f 1519/1520/1508 1521/1521/1509 1522/1522/1496
f 1520/1519/1507 1518/1518/1506 1523/1523/1510
f 1524/1524/1511 1526/1525/1512 1525/1526/1513
f 1526/1525/1512 1527/1527/1514 1525/1526/1513
f 1525/1526/1513 1527/1527/1514 1528/1528/1489
f 1524/1524/1511 1525/1526/1513 1529/1529/1515
f 1530/1530/1516 1532/1531/1517 1531/1532/1518
f 1532/1531/1517 1533/1533/1519 1531/1532/1518
f 1531/1532/1518 1533/1533/1519 1534/1534/1515
f 1530/1530/1516 1531/1532/1518 1535/1535/1520
f 1536/1536/1521 1538/1537/1522 1537/1538/1523
f 1538/1537/1522 1539/1539/1524 1537/1538/1523
f 1537/1538/1523 1539/1539/1524 1540/1540/1525
f 1539/1539/1524 1541/1541/1526 1540/1540/1525
f 1540/1540/1525 1541/1541/1526 1542/1542/1527
f 1541/1541/1526 1543/1543/1528 1542/1542/1527
f 1542/1542/1527 1543/1543/1528 1544/1544/1529
f 1543/1543/1528 1545/1545/1530 1544/1544/1529
f 1544/1544/1529 1545/1545/1530 1546/1546/1531
f 1545/1545/1530 1547/1547/1532 1546/1546/1531
f 1546/1546/1531 1547/1547/1532 1548/1548/1533
f 1547/1547/1532 1549/1549/1534 1548/1548/1533
f 1548/1548/1533 1549/1549/1534 1550/1550/1535
f 1549/1549/1534 1551/1551/1536 1550/1550/1535
f 1550/1550/1535 1551/1551/1536 1552/1552/1537
f 1551/1551/1536 1553/1553/1538 1552/1552/1537
f 1552/1552/1537 1553/1553/1538 1554/1554/1539
f 1555/1555/1540 1557/1556/1541 1556/1557/1542
f 1557/1556/1541 1558/1558/1543 1556/1557/1542
f 1556/1557/1542 1558/1558/1543 1559/1559/1544
f 1555/1555/1540 1556/1557/1542 1560/1560/1545
f 1561/1561/1546 1563/1562/1547 1562/1563/1548
f 1564/1564/1549 1566/1565/1550 1565/1566/1551
f 1566/1565/1550 1567/1567/1552 1565/1566/1551
f 1565/1566/1551 1567/1567/1552 1568/1568/1553
f 1567/1567/1552 1569/1569/1554 1568/1568/1553
f 1568/1568/1553 1569/1569/1554 1570/1570/1555
f 1571/1571/1556 1573/1572/1557 1572/1573/1558
f 1573/1572/1557 1574/1574/1559 1572/1573/1558
f 1572/1573/1558 1574/1574/1559 1575/1575/1560
f 1574/1574/1559 1576/1576/1561 1575/1575/1560
f 1575/1575/1560 1576/1576/1561 1577/1577/1562
f 1576/1576/1561 1578/1578/1563 1577/1577/1562
f 1579/1579/1564 1581/1580/1565 1580/1581/1566
f 1581/1580/1565 1582/1582/1567 1580/1581/1566
f 1580/1581/1566 1582/1582/1567 1583/1583/1520
f 1579/1579/1564 1580/1581/1566 1584/1584/1544
f 1585/1585/1568 1587/1586/1569 1586/1587/1570
f 1587/1586/1569 1588/1588/1571 1586/1587/1570
f 1586/1587/1570 1588/1588/1571 1589/1589/1572
f 1588/1588/1571 1590/1590/1573 1589/1589/1572
f 1589/1589/1572 1590/1590/1573 1591/1591/1574
f 1590/1590/1573 1592/1592/1575 1591/1591/1574
f 1591/1591/1574 1592/1592/1575 1593/1593/1576
f 1592/1592/1575 1594/1594/1577 1593/1593/1576
f 1593/1593/1576 1594/1594/1577 1595/1595/1578
f 1594/1594/1577 1596/1596/1579 1595/1595/1578
f 1586/1587/1570 1589/1589/1572 1597/1597/1580
f 1589/1589/1572 1591/1591/1574 1598/1598/1581
f 1593/1593/1576 1595/1595/1578 1599/1599/1582
f 1595/1595/1578 1600/1600/1583 1599/1599/1582
f 1599/1599/1582 1600/1600/1583 1601/1601/1545
f 1602/1602/1495 1604/1603/1584 1603/1604/1585
f 1604/1603/1584 1605/1605/1586 1603/1604/1585
f 1603/1604/1585 1605/1605/1586 1606/1606/1587
f 1605/1605/1586 1607/1607/1588 1606/1606/1587
f 1606/1606/1587 1607/1607/1588 1550/1550/1535
f 1607/1607/1588 1608/1608/1589 1550/1550/1535
f 1550/1550/1535 1608/1608/1589 1548/1548/1533
f 1608/1608/1589 1609/1609/1590 1548/1548/1533
f 1548/1548/1533 1609/1609/1590 1546/1546/1531
f 1609/1609/1590 1610/1610/1591 1546/1546/1531
f 1546/1546/1531 1610/1610/1591 1544/1544/1529
f 1610/1610/1591 1611/1611/1592 1544/1544/1529
f 1544/1544/1529 1611/1611/1592 1542/1542/1527
f 1611/1611/1592 1612/1612/1593 1542/1542/1527
f 1542/1542/1527 1612/1612/1593 1613/1613/1594
f 1612/1612/1593 1614/1614/1595 1613/1613/1594
f 1613/1613/1594 1614/1614/1595 1615/1615/1596
f 1605/1605/1586 1604/1603/1584 1607/1607/1588
f 1604/1603/1584 1616/1616/1597 1607/1607/1588
f 1607/1607/1588 1517/1517/1505 1608/1608/1589
f 1517/1517/1505 1515/1515/1503 1608/1608/1589
f 1608/1608/1589 1515/1515/1503 1609/1609/1590
f 1515/1515/1503 1513/1513/1501 1609/1609/1590
f 1609/1609/1590 1513/1513/1501 1610/1610/1591
f 1513/1513/1501 1511/1511/1499 1610/1610/1591
f 1610/1610/1591 1511/1511/1499 1611/1611/1592
f 1511/1511/1499 1510/1509/1497 1611/1611/1592
f 1611/1611/1592 1617/1617/1598 1612/1612/1593
f 1617/1617/1598 1618/1618/1599 1612/1612/1593
f 1612/1612/1593 1618/1618/1599 1614/1614/1595
f 1618/1618/1599 1619/1619/1510 1614/1614/1595
f 1620/1620/1600 1622/1621/1601 1621/1622/1602
f 1622/1621/1601 1623/1623/1603 1621/1622/1602
f 1621/1622/1602 1623/1623/1603 1624/1624/1596
f 1620/1620/1600 1621/1622/1602 1625/1625/1510
f 1626/1626/1604 1628/1627/1605 1627/1628/1606
f 1628/1627/1605 1629/1629/1510 1627/1628/1606
f 1603/1604/1585 1606/1606/1587 1630/1630/1539
f 1537/1538/1523 1540/1540/1525 1631/1631/1596
f 1632/1632/1607 1634/1633/1608 1633/1634/1609
f 1634/1633/1608 1635/1635/1610 1633/1634/1609
f 1633/1634/1609 1635/1635/1610 1636/1636/1521
f 1632/1632/1607 1633/1634/1609 1637/1637/1596
f 1638/1638/1611 1640/1639/1612 1639/1640/1613
f 1640/1639/1612 1641/1641/1614 1639/1640/1613
f 1639/1640/1613 1641/1641/1614 1642/1642/1615
f 1641/1641/1614 1643/1643/1616 1642/1642/1615
f 1642/1642/1615 1643/1643/1616 1644/1644/1617
f 1645/1645/1611 1553/1553/1538 1646/1646/1618
f 1553/1553/1538 1551/1551/1536 1646/1646/1618
f 1646/1646/1618 1551/1551/1536 1647/1647/1619
f 1551/1551/1536 1549/1549/1534 1647/1647/1619
f 1647/1647/1619 1549/1549/1534 1648/1648/1620
f 1549/1549/1534 1547/1547/1532 1648/1648/1620
f 1648/1648/1620 1547/1547/1532 1649/1649/1621
f 1547/1547/1532 1545/1545/1530 1649/1649/1621
f 1649/1649/1621 1545/1545/1530 1650/1650/1622
f 1545/1545/1530 1543/1543/1528 1650/1650/1622
f 1650/1650/1622 1543/1543/1528 1651/1651/1623
f 1543/1543/1528 1541/1541/1526 1651/1651/1623
f 1651/1651/1623 1541/1541/1526 1538/1537/1522
f 1541/1541/1526 1539/1539/1524 1538/1537/1522
f 1641/1641/1614 1640/1639/1612 1643/1643/1616
f 1640/1639/1612 1652/1652/1624 1643/1643/1616
f 1653/1653/1624 1648/1648/1620 1654/1654/1625
f 1648/1648/1620 1577/1577/1562 1654/1654/1625
f 1654/1654/1625 1577/1577/1562 1655/1655/1626
f 1577/1577/1562 1578/1578/1563 1655/1655/1626
f 1655/1655/1626 1578/1578/1563 1656/1656/1627
f 1578/1578/1563 1657/1657/1628 1656/1656/1627
f 1656/1656/1627 1657/1657/1628 1658/1658/1629
f 1657/1657/1628 1659/1659/1630 1658/1658/1629
f 1658/1658/1629 1659/1659/1630 1660/1660/1631
f 1659/1659/1630 1661/1661/1632 1660/1660/1631
f 1660/1660/1631 1661/1661/1632 1662/1662/1633
f 1661/1661/1632 1663/1663/1634 1662/1662/1633
f 1662/1662/1633 1663/1663/1634 1664/1664/1635
f 1577/1577/1562 1648/1648/1620 1575/1575/1560
f 1648/1648/1620 1649/1649/1621 1575/1575/1560
f 1575/1575/1560 1649/1649/1621 1572/1573/1558
f 1649/1649/1621 1650/1650/1622 1572/1573/1558
f 1572/1573/1558 1650/1650/1622 1571/1571/1556
f 1650/1650/1622 1665/1665/1636 1571/1571/1556
f 1565/1566/1551 1568/1568/1553 1666/1666/1521
f 1667/1667/1637 1669/1668/1638 1668/1669/1639
f 1669/1668/1638 1670/1670/1640 1668/1669/1639
f 1668/1669/1639 1670/1670/1640 1671/1671/1549
f 1667/1667/1637 1668/1669/1639 1672/1672/1521
f 1673/1673/1641 1675/1674/1642 1674/1675/1545
f 1676/1676/1643 1678/1677/1644 1677/1678/1645
f 1679/1679/1646 1676/1676/1643 1680/1680/1645
f 1656/1656/1627 1658/1658/1629 1681/1681/1645
f 1682/1682/1647 1597/1597/1580 1683/1683/1648
f 1597/1597/1580 1589/1589/1572 1683/1683/1648
f 1683/1683/1648 1589/1589/1572 1660/1660/1649
f 1589/1589/1572 1598/1598/1581 1660/1660/1649
f 1660/1660/1649 1598/1598/1581 1679/1679/1646
f 1598/1598/1581 1591/1591/1574 1679/1679/1646
f 1679/1679/1646 1591/1591/1574 1676/1676/1643
f 1591/1591/1574 1593/1593/1576 1676/1676/1643
f 1676/1676/1643 1593/1593/1576 1678/1677/1644
f 1593/1593/1576 1599/1599/1582 1678/1677/1644
f 1678/1677/1644 1599/1599/1582 1684/1684/1545
f 1685/1685/1635 1686/1686/1650 1561/1561/1546
f 1686/1686/1650 1687/1687/1651 1561/1561/1546
f 1561/1561/1546 1687/1687/1651 1563/1562/1547
f 1687/1687/1651 1688/1688/1652 1563/1562/1547
f 1563/1562/1547 1688/1688/1652 1689/1689/1549
f 1690/1690/1653 1692/1691/1654 1691/1692/1548
f 1693/1693/1655 1585/1585/1568 1690/1690/1653
f 1585/1585/1568 1586/1587/1570 1690/1690/1653
f 1690/1690/1653 1586/1587/1570 1692/1691/1654
f 1586/1587/1570 1597/1597/1580 1692/1691/1654
f 1692/1691/1654 1597/1597/1580 1694/1694/1635
f 1693/1693/1655 1690/1690/1653 1695/1695/1656
f 1696/1696/1657 1698/1697/1658 1697/1698/1659
f 1698/1697/1658 1699/1699/1660 1697/1698/1659
f 1697/1698/1659 1699/1699/1660 1700/1700/1656
f 1696/1696/1657 1697/1698/1659 1701/1701/1549
f 1702/1702/1661 1663/1663/1634 1574/1574/1559
f 1663/1663/1634 1661/1661/1632 1574/1574/1559
f 1574/1574/1559 1661/1661/1632 1576/1576/1561
f 1661/1661/1632 1659/1659/1630 1576/1576/1561
f 1576/1576/1561 1659/1659/1630 1578/1578/1563
f 1659/1659/1630 1657/1657/1628 1578/1578/1563
f 1687/1687/1651 1686/1686/1650 1688/1688/1652
f 1686/1686/1650 1703/1703/1662 1688/1688/1652
f 1567/1567/1552 1566/1565/1550 1569/1569/1554
f 1566/1565/1550 1704/1704/1662 1569/1569/1554
f 1705/1705/1663 1707/1706/1664 1706/1707/1665
f 1707/1706/1664 1644/1644/1666 1706/1707/1665
f 1708/1708/1667 1707/1706/1664 1673/1673/1641
f 1707/1706/1664 1705/1705/1663 1673/1673/1641
f 1673/1673/1641 1705/1705/1663 1675/1674/1642
f 1705/1705/1663 1706/1707/1665 1675/1674/1642
f 1675/1674/1642 1706/1707/1665 1709/1709/1645
f 1639/1640/1613 1642/1642/1615 1710/1710/1667
f 1711/1711/1668 1713/1712/1669 1712/1713/1670
f 1713/1712/1669 1714/1714/1668 1712/1713/1670
f 1712/1713/1670 1714/1714/1668 1715/1715/1671
f 1714/1714/1668 1716/1716/1671 1715/1715/1671
f 1715/1715/1671 1716/1716/1671 1717/1717/1672
f 1716/1716/1671 1718/1718/1673 1717/1717/1672
f 1711/1711/1668 1712/1713/1670 1719/1719/1674
f 1712/1713/1670 1715/1715/1671 1719/1719/1674
f 1719/1719/1674 1715/1715/1671 1720/1720/1675
f 1715/1715/1671 1721/1721/1676 1720/1720/1675
f 1720/1720/1675 1721/1721/1676 1722/1722/1677
f 1721/1721/1676 1723/1723/1677 1722/1722/1677
f 1722/1722/1677 1723/1723/1677 1724/1724/1678
f 1723/1723/1677 1725/1725/1677 1724/1724/1678
f 1724/1724/1678 1725/1725/1677 1726/1726/1677
f 1725/1725/1677 1727/1727/1677 1726/1726/1677
f 1726/1726/1677 1727/1727/1677 1728/1728/1679
f 1727/1727/1677 1729/1729/1680 1728/1728/1679
f 1728/1728/1679 1729/1729/1680 1730/1730/1681
f 1729/1729/1680 1731/1731/1682 1730/1730/1681
f 1730/1730/1681 1731/1731/1682 1732/1732/1683
f 1731/1731/1682 1733/1733/1683 1732/1732/1683
f 1732/1732/1683 1733/1733/1683 1734/1734/1684
f 1733/1733/1683 1735/1735/1683 1734/1734/1684
f 1734/1734/1684 1735/1735/1683 1736/1736/1685
f 1735/1735/1683 1737/1737/1686 1736/1736/1685
f 1736/1736/1685 1737/1737/1686 1738/1738/1687
f 1737/1737/1686 1739/1739/1688 1738/1738/1687
f 1738/1738/1687 1739/1739/1688 1740/1740/1689
f 1739/1739/1688 1741/1741/1680 1740/1740/1689
f 1740/1740/1689 1741/1741/1680 1742/1742/1690
f 1741/1741/1680 1743/1743/1677 1742/1742/1690
f 1742/1742/1690 1743/1743/1677 1744/1744/1677
f 1743/1743/1677 1745/1745/1677 1744/1744/1677
f 1744/1744/1677 1745/1745/1677 1746/1746/1691
f 1745/1745/1677 1747/1747/1677 1746/1746/1691
f 1746/1746/1691 1747/1747/1677 1748/1748/1677
f 1747/1747/1677 1749/1749/1692 1748/1748/1677
f 1748/1748/1677 1749/1749/1692 1750/1750/1675
f 1749/1749/1692 1751/1751/1693 1750/1750/1675
f 1750/1750/1675 1751/1751/1693 1752/1752/1694
f 1751/1751/1693 1753/1753/1695 1752/1752/1694
f 1752/1752/1694 1753/1753/1695 1754/1754/1696
f 1753/1753/1695 1755/1755/1697 1754/1754/1696
f 1754/1754/1696 1755/1755/1697 1756/1756/1698
f 1755/1755/1697 1757/1757/1699 1756/1756/1698
f 1756/1756/1698 1757/1757/1699 1758/1758/1699
f 1757/1757/1699 1759/1759/1699 1758/1758/1699
f 1758/1758/1699 1759/1759/1699 1760/1760/1699
f 1759/1759/1699 1761/1761/1699 1760/1760/1699
f 1760/1760/1699 1761/1761/1699 1762/1762/1699
f 1761/1761/1699 1763/1763/1699 1762/1762/1699
f 1762/1762/1699 1763/1763/1699 1764/1764/1699
f 1763/1763/1699 1765/1765/1699 1764/1764/1699
f 1764/1764/1699 1765/1765/1699 1766/1766/1699
f 1765/1765/1699 1767/1767/1699 1766/1766/1699
f 1766/1766/1699 1767/1767/1699 1768/1768/1699
f 1767/1767/1699 1769/1769/1700 1768/1768/1699
f 1768/1768/1699 1769/1769/1700 1770/1770/1701
f 1769/1769/1700 1771/1771/1702 1770/1770/1701
f 1770/1770/1701 1771/1771/1702 1772/1772/1703
f 1771/1771/1702 1773/1773/1704 1772/1772/1703
f 1772/1772/1703 1773/1773/1704 1774/1774/1705
f 1773/1773/1704 1775/1775/1706 1774/1774/1705
f 1774/1774/1705 1775/1775/1706 1776/1776/1706
f 1777/1777/1707 1718/1718/1673 1751/1751/1693
f 1718/1718/1673 1716/1716/1671 1751/1751/1693
f 1751/1751/1693 1716/1716/1671 1753/1753/1695
f 1716/1716/1671 1714/1714/1668 1753/1753/1695
f 1753/1753/1695 1714/1714/1668 1755/1755/1697
f 1714/1714/1668 1713/1712/1669 1755/1755/1697
f 1755/1755/1697 1713/1712/1669 1757/1757/1699
f 1713/1712/1669 1778/1778/1699 1757/1757/1699
f 1757/1757/1699 1778/1778/1699 1759/1759/1699
f 1778/1778/1699 1779/1779/1699 1759/1759/1699
f 1759/1759/1699 1779/1779/1699 1761/1761/1699
f 1779/1779/1699 1780/1780/1699 1761/1761/1699
f 1761/1761/1699 1780/1780/1699 1763/1763/1699
f 1780/1780/1699 1781/1781/1699 1763/1763/1699
f 1763/1763/1699 1781/1781/1699 1765/1765/1699
f 1781/1781/1699 1782/1782/1699 1765/1765/1699
f 1765/1765/1699 1782/1782/1699 1767/1767/1699
f 1782/1782/1699 1783/1783/1699 1767/1767/1699
f 1767/1767/1699 1783/1783/1699 1769/1769/1700
f 1783/1783/1699 1784/1784/1701 1769/1769/1700
f 1769/1769/1700 1784/1784/1701 1771/1771/1702
f 1784/1784/1701 1785/1785/1703 1771/1771/1702
f 1771/1771/1702 1785/1785/1703 1773/1773/1704
f 1785/1785/1703 1786/1786/1705 1773/1773/1704
f 1773/1773/1704 1786/1786/1705 1775/1775/1706
f 1786/1786/1705 1787/1787/1706 1775/1775/1706
f 1788/1788/1677 1790/1789/1677 1789/1790/1677
f 1790/1789/1677 1747/1747/1677 1789/1790/1677
f 1789/1790/1677 1747/1747/1677 1791/1791/1677
f 1747/1747/1677 1745/1745/1677 1791/1791/1677
f 1791/1791/1677 1745/1745/1677 1792/1792/1677
f 1745/1745/1677 1743/1743/1677 1792/1792/1677
f 1792/1792/1677 1743/1743/1677 1793/1793/1677
f 1743/1743/1677 1794/1794/1677 1793/1793/1677
f 1795/1795/1677 1788/1788/1677 1723/1723/1677
f 1788/1788/1677 1789/1790/1677 1723/1723/1677
f 1723/1723/1677 1789/1790/1677 1725/1725/1677
f 1789/1790/1677 1791/1791/1677 1725/1725/1677
f 1725/1725/1677 1791/1791/1677 1727/1727/1677
f 1791/1791/1677 1792/1792/1677 1727/1727/1677
f 1727/1727/1677 1792/1792/1677 1796/1796/1677
f 1792/1792/1677 1793/1793/1677 1796/1796/1677
f 1733/1733/1683 1731/1731/1682 1735/1735/1683
f 1731/1731/1682 1797/1797/1688 1735/1735/1683
f 1735/1735/1683 1797/1797/1688 1737/1737/1686
f 1797/1797/1688 1739/1739/1688 1737/1737/1686
f 1798/1798/1708 1739/1739/1688 1799/1799/1709
f 1739/1739/1688 1797/1797/1688 1799/1799/1709
f 1799/1799/1709 1797/1797/1688 1800/1800/1710
f 1797/1797/1688 1731/1731/1682 1800/1800/1710
f 1732/1732/1683 1734/1734/1684 1801/1801/1711
f 1734/1734/1684 1802/1802/1712 1801/1801/1711
f 1801/1801/1711 1802/1802/1712 1803/1803/1712
f 1802/1802/1712 1804/1804/1712 1803/1803/1712
f 1803/1803/1712 1804/1804/1712 1805/1805/1712
f 1804/1804/1712 1806/1806/1712 1805/1805/1712
f 1805/1805/1712 1806/1806/1712 1807/1807/1712
f 1806/1806/1712 1808/1808/1712 1807/1807/1712
f 1807/1807/1712 1808/1808/1712 1809/1809/1712
f 1808/1808/1712 1810/1810/1712 1809/1809/1712
f 1809/1809/1712 1810/1810/1712 1811/1811/1712
f 1810/1810/1712 1812/1812/1712 1811/1811/1712
f 1811/1811/1712 1812/1812/1712 1813/1813/1712
f 1812/1812/1712 1814/1814/1713 1813/1813/1712
f 1813/1813/1712 1814/1814/1713 1815/1815/1714
f 1814/1814/1713 1816/1816/1715 1815/1815/1714
f 1815/1815/1714 1816/1816/1715 1817/1817/1716
f 1816/1816/1715 1818/1818/1717 1817/1817/1716
f 1817/1817/1716 1818/1818/1717 1819/1819/1718
f 1818/1818/1717 1820/1820/1719 1819/1819/1718
f 1819/1819/1718 1820/1820/1719 1821/1821/1719
f 1734/1734/1684 1736/1736/1685 1802/1802/1712
f 1736/1736/1685 1822/1822/1712 1802/1802/1712
f 1802/1802/1712 1822/1822/1712 1804/1804/1712
f 1822/1822/1712 1823/1823/1712 1804/1804/1712
f 1804/1804/1712 1823/1823/1712 1806/1806/1712
f 1823/1823/1712 1824/1824/1712 1806/1806/1712
f 1806/1806/1712 1824/1824/1712 1808/1808/1712
f 1824/1824/1712 1825/1825/1712 1808/1808/1712
f 1808/1808/1712 1825/1825/1712 1810/1810/1712
f 1825/1825/1712 1826/1826/1712 1810/1810/1712
f 1810/1810/1712 1826/1826/1712 1812/1812/1712
f 1826/1826/1712 1827/1827/1712 1812/1812/1712
f 1812/1812/1712 1827/1827/1712 1814/1814/1713
f 1827/1827/1712 1828/1828/1714 1814/1814/1713
f 1814/1814/1713 1828/1828/1714 1816/1816/1715
f 1828/1828/1714 1829/1829/1716 1816/1816/1715
f 1816/1816/1715 1829/1829/1716 1818/1818/1717
f 1829/1829/1716 1830/1830/1718 1818/1818/1717
f 1818/1818/1717 1830/1830/1718 1820/1820/1719
f 1830/1830/1718 1831/1831/1719 1820/1820/1719
f 1832/1832/1720 1834/1833/1721 1833/1834/1722
f 1834/1833/1721 1835/1835/1723 1833/1834/1722
f 1833/1834/1722 1835/1835/1723 1836/1836/1724
f 1835/1835/1723 1837/1837/1725 1836/1836/1724
f 1836/1836/1724 1837/1837/1725 1838/1838/1726
f 1837/1837/1725 1839/1839/1727 1838/1838/1726
f 1838/1838/1726 1839/1839/1727 1840/1840/1728
f 1839/1839/1727 1841/1841/1729 1840/1840/1728
f 1840/1840/1728 1841/1841/1729 1842/1842/1730
f 1841/1841/1729 1843/1843/1731 1842/1842/1730
f 1842/1842/1730 1843/1843/1731 1844/1844/1732
f 1843/1843/1731 1845/1845/1733 1844/1844/1732
f 1844/1844/1732 1845/1845/1733 1846/1846/1734
f 1845/1845/1733 1847/1847/1735 1846/1846/1734
f 1846/1846/1734 1847/1847/1735 1848/1848/1736
f 1847/1847/1735 1849/1849/1737 1848/1848/1736
f 1848/1848/1736 1849/1849/1737 1850/1850/1738
f 1849/1849/1737 1851/1851/1739 1850/1850/1738
f 1852/1852/1740 1832/1832/1720 1853/1853/1741
f 1832/1832/1720 1833/1834/1722 1853/1853/1741
f 1853/1853/1741 1833/1834/1722 1854/1854/1742
f 1833/1834/1722 1855/1855/1743 1854/1854/1742
f 1854/1854/1742 1855/1855/1743 1856/1856/1744
f 1855/1855/1743 1857/1857/1745 1856/1856/1744
f 1858/1858/1746 1860/1859/1747 1859/1860/1748
f 1861/1861/1749 1860/1859/1747 1862/1862/1750
f 1861/1861/1749 1863/1863/1751 1860/1859/1747
f 1863/1863/1751 1864/1864/1752 1860/1859/1747
f 1860/1859/1747 1864/1864/1752 1859/1860/1748
f 1864/1864/1752 1849/1849/1737 1859/1860/1748
f 1859/1860/1748 1849/1849/1737 1865/1865/1753
f 1849/1849/1737 1847/1847/1735 1865/1865/1753
f 1865/1865/1753 1847/1847/1735 1866/1866/1754
f 1847/1847/1735 1845/1845/1733 1866/1866/1754
f 1863/1863/1751 1851/1851/1739 1864/1864/1752
f 1851/1851/1739 1849/1849/1737 1864/1864/1752
f 1867/1867/1755 1869/1868/1756 1868/1869/1757
f 1869/1868/1756 1870/1870/1758 1868/1869/1757
f 1868/1869/1757 1870/1870/1758 1871/1871/1759
f 1870/1870/1758 1872/1872/1760 1871/1871/1759
f 1873/1873/1761 1872/1872/1760 1874/1874/1762
f 1872/1872/1760 1870/1870/1758 1874/1874/1762
f 1874/1874/1762 1870/1870/1758 1875/1875/1763
f 1870/1870/1758 1869/1868/1756 1875/1875/1763
f 1875/1875/1763 1869/1868/1756 1876/1876/1764
f 1869/1868/1756 1867/1867/1755 1876/1876/1764
f 1876/1876/1764 1867/1867/1755 1852/1852/1740
f 1867/1867/1755 1877/1877/1765 1852/1852/1740
f 1852/1852/1740 1877/1877/1765 1832/1832/1720
f 1877/1877/1765 1878/1878/1766 1832/1832/1720
f 1832/1832/1720 1878/1878/1766 1834/1833/1721
f 1878/1878/1766 1879/1879/1767 1834/1833/1721
f 1834/1833/1721 1879/1879/1767 1835/1835/1723
f 1879/1879/1767 1880/1880/1768 1835/1835/1723
f 1835/1835/1723 1880/1880/1768 1837/1837/1725
f 1880/1880/1768 1881/1881/1769 1837/1837/1725
f 1837/1837/1725 1881/1881/1769 1839/1839/1727
f 1881/1881/1769 1882/1882/1770 1839/1839/1727
f 1839/1839/1727 1882/1882/1770 1841/1841/1729
f 1882/1882/1770 1883/1883/1771 1841/1841/1729
f 1841/1841/1729 1883/1883/1771 1843/1843/1731
f 1883/1883/1771 1884/1884/1772 1843/1843/1731
f 1843/1843/1731 1884/1884/1772 1845/1845/1733
f 1884/1884/1772 1874/1874/1762 1845/1845/1733
f 1845/1845/1733 1874/1874/1762 1866/1866/1754
f 1874/1874/1762 1875/1875/1763 1866/1866/1754
f 1866/1866/1754 1875/1875/1763 1865/1865/1753
f 1875/1875/1763 1876/1876/1764 1865/1865/1753
f 1865/1865/1753 1876/1876/1764 1859/1860/1748
f 1876/1876/1764 1852/1852/1740 1859/1860/1748
f 1859/1860/1748 1852/1852/1740 1858/1858/1746
f 1852/1852/1740 1853/1853/1741 1858/1858/1746
f 1858/1858/1746 1853/1853/1741 1860/1859/1747
f 1853/1853/1741 1854/1854/1742 1860/1859/1747
f 1860/1859/1747 1854/1854/1742 1862/1862/1750
f 1854/1854/1742 1856/1856/1744 1862/1862/1750
f 1884/1884/1772 1873/1873/1761 1874/1874/1762
f 1883/1883/1771 1882/1882/1770 1885/1885/1773
f 1882/1882/1770 1881/1881/1769 1885/1885/1773
f 1885/1885/1773 1881/1881/1769 1886/1886/1774
f 1881/1881/1769 1880/1880/1768 1886/1886/1774
f 1886/1886/1774 1880/1880/1768 1887/1887/1775
f 1880/1880/1768 1879/1879/1767 1887/1887/1775
f 1887/1887/1775 1879/1879/1767 1888/1888/1776
f 1879/1879/1767 1878/1878/1766 1888/1888/1776
f 1888/1888/1776 1878/1878/1766 1889/1889/1777
f 1878/1878/1766 1877/1877/1765 1889/1889/1777
f 1889/1889/1777 1877/1877/1765 1890/1890/1778
f 1833/1834/1722 1836/1836/1724 1857/1857/1745
f 1836/1836/1724 1838/1838/1726 1857/1857/1745
f 1857/1857/1745 1838/1838/1726 1891/1891/1779
f 1838/1838/1726 1840/1840/1728 1891/1891/1779
f 1891/1891/1779 1840/1840/1728 1892/1892/1780
f 1840/1840/1728 1842/1842/1730 1892/1892/1780
f 1892/1892/1780 1842/1842/1730 1893/1893/1781
f 1842/1842/1730 1844/1844/1732 1893/1893/1781
f 1893/1893/1781 1844/1844/1732 1894/1894/1782
f 1844/1844/1732 1846/1846/1734 1894/1894/1782
f 1894/1894/1782 1846/1846/1734 1895/1895/1783
f 1833/1834/1722 1857/1857/1745 1855/1855/1743
f 1846/1846/1734 1848/1848/1736 1895/1895/1783
f 1848/1848/1736 1896/1896/1784 1895/1895/1783
f 1895/1895/1783 1896/1896/1784 1894/1894/1782
f 1896/1896/1784 1897/1897/1785 1894/1894/1782
f 1894/1894/1782 1897/1897/1785 1893/1893/1781
f 1897/1897/1785 1898/1898/1786 1893/1893/1781
f 1893/1893/1781 1898/1898/1786 1892/1892/1780
f 1898/1898/1786 1899/1899/1787 1892/1892/1780
f 1892/1892/1780 1899/1899/1787 1891/1891/1779
f 1899/1899/1787 1900/1900/1788 1891/1891/1779
f 1891/1891/1779 1900/1900/1788 1857/1857/1745
f 1900/1900/1788 1901/1901/1789 1857/1857/1745
f 1857/1857/1745 1901/1901/1789 1856/1856/1744
f 1896/1896/1784 1848/1848/1736 1850/1850/1738
f 1902/1902/1790 1904/1903/1791 1903/1904/1792
f 1904/1903/1791 1905/1905/1793 1903/1904/1792
f 1903/1904/1792 1905/1905/1793 1906/1906/1794
f 1905/1905/1793 1907/1907/1795 1906/1906/1794
f 1906/1906/1794 1907/1907/1795 1908/1908/1794
f 1907/1907/1795 1909/1909/1796 1908/1908/1794
f 1908/1908/1794 1909/1909/1796 1910/1910/1794
f 1909/1909/1796 1911/1911/1797 1910/1910/1794
f 1910/1910/1794 1911/1911/1797 1912/1912/1794
f 1911/1911/1797 1913/1913/1798 1912/1912/1794
f 1912/1912/1794 1913/1913/1798 1914/1914/1794
f 1913/1913/1798 1915/1915/1799 1914/1914/1794
f 1914/1914/1794 1915/1915/1799 1916/1916/1794
f 1915/1915/1799 1917/1917/1800 1916/1916/1794
f 1916/1916/1794 1917/1917/1800 1918/1918/1794
f 1917/1917/1800 1919/1919/1801 1918/1918/1794
f 1918/1918/1794 1919/1919/1801 1920/1920/1794
f 1919/1919/1801 1921/1921/1802 1920/1920/1794
f 1920/1920/1794 1921/1921/1802 1922/1922/1803
f 1921/1921/1802 1923/1923/1804 1922/1922/1803
f 1922/1922/1803 1923/1923/1804 1924/1924/1805
f 1923/1923/1804 1925/1925/1806 1924/1924/1805
f 1926/1926/1790 1928/1927/1790 1927/1928/1792
f 1928/1927/1790 1929/1929/1792 1927/1928/1792
f 1927/1928/1792 1929/1929/1792 1930/1930/1794
f 1929/1929/1792 1931/1931/1794 1930/1930/1794
f 1930/1930/1794 1931/1931/1794 1932/1932/1794
f 1931/1931/1794 1933/1933/1794 1932/1932/1794
f 1932/1932/1794 1933/1933/1794 1934/1934/1794
f 1933/1933/1794 1935/1935/1794 1934/1934/1794
f 1934/1934/1794 1935/1935/1794 1936/1936/1794
f 1935/1935/1794 1937/1937/1794 1936/1936/1794
f 1936/1936/1794 1937/1937/1794 1938/1938/1794
f 1937/1937/1794 1939/1939/1794 1938/1938/1794
f 1938/1938/1794 1939/1939/1794 1940/1940/1794
f 1939/1939/1794 1941/1941/1794 1940/1940/1794
f 1940/1940/1794 1941/1941/1794 1942/1942/1794
f 1941/1941/1794 1943/1943/1794 1942/1942/1794
f 1942/1942/1794 1943/1943/1794 1944/1944/1794
f 1943/1943/1794 1945/1945/1794 1944/1944/1794
f 1944/1944/1794 1945/1945/1794 1946/1946/1803
f 1945/1945/1794 1947/1947/1803 1946/1946/1803
f 1946/1946/1803 1947/1947/1803 1948/1948/1807
f 1947/1947/1803 1949/1949/1807 1948/1948/1807
f 1928/1927/1790 1902/1902/1790 1929/1929/1792
f 1902/1902/1790 1903/1904/1792 1929/1929/1792
f 1929/1929/1792 1903/1904/1792 1931/1931/1794
f 1903/1904/1792 1906/1906/1794 1931/1931/1794
f 1931/1931/1794 1906/1906/1794 1933/1933/1794
f 1906/1906/1794 1908/1908/1794 1933/1933/1794
f 1933/1933/1794 1908/1908/1794 1935/1935/1794
f 1908/1908/1794 1910/1910/1794 1935/1935/1794
f 1935/1935/1794 1910/1910/1794 1937/1937/1794
f 1910/1910/1794 1912/1912/1794 1937/1937/1794
f 1937/1937/1794 1912/1912/1794 1939/1939/1794
f 1912/1912/1794 1914/1914/1794 1939/1939/1794
f 1939/1939/1794 1914/1914/1794 1941/1941/1794
f 1914/1914/1794 1916/1916/1794 1941/1941/1794
f 1941/1941/1794 1916/1916/1794 1943/1943/1794
f 1916/1916/1794 1918/1918/1794 1943/1943/1794
f 1943/1943/1794 1918/1918/1794 1945/1945/1794
f 1918/1918/1794 1920/1920/1794 1945/1945/1794
f 1945/1945/1794 1920/1920/1794 1947/1947/1803
f 1920/1920/1794 1922/1922/1803 1947/1947/1803
f 1947/1947/1803 1922/1922/1803 1949/1949/1807
f 1922/1922/1803 1924/1924/1805 1949/1949/1807
f 1950/1950/1808 1926/1926/1790 1951/1951/1809
f 1926/1926/1790 1927/1928/1792 1951/1951/1809
f 1951/1951/1809 1927/1928/1792 1952/1952/1810
f 1927/1928/1792 1930/1930/1794 1952/1952/1810
f 1952/1952/1810 1930/1930/1794 1953/1953/1811
f 1930/1930/1794 1932/1932/1794 1953/1953/1811
f 1953/1953/1811 1932/1932/1794 1954/1954/1812
f 1932/1932/1794 1934/1934/1794 1954/1954/1812
f 1954/1954/1812 1934/1934/1794 1955/1955/1813
f 1934/1934/1794 1936/1936/1794 1955/1955/1813
f 1955/1955/1813 1936/1936/1794 1956/1956/1814
f 1936/1936/1794 1938/1938/1794 1956/1956/1814
f 1956/1956/1814 1938/1938/1794 1957/1957/1815
f 1938/1938/1794 1940/1940/1794 1957/1957/1815
f 1957/1957/1815 1940/1940/1794 1958/1958/1816
f 1940/1940/1794 1942/1942/1794 1958/1958/1816
f 1958/1958/1816 1942/1942/1794 1959/1959/1817
f 1942/1942/1794 1944/1944/1794 1959/1959/1817
f 1959/1959/1817 1944/1944/1794 1960/1960/1818
f 1944/1944/1794 1946/1946/1803 1960/1960/1818
f 1960/1960/1818 1946/1946/1803 1961/1961/1819
f 1946/1946/1803 1948/1948/1807 1961/1961/1819
f 1962/1962/1820 1964/1963/1821 1963/1964/1822
f 1964/1963/1821 1950/1950/1808 1963/1964/1822
f 1963/1964/1822 1950/1950/1808 1965/1965/1823
f 1950/1950/1808 1951/1951/1809 1965/1965/1823
f 1965/1965/1823 1951/1951/1809 1966/1966/1824
f 1951/1951/1809 1952/1952/1810 1966/1966/1824
f 1966/1966/1824 1952/1952/1810 1967/1967/1825
f 1952/1952/1810 1953/1953/1811 1967/1967/1825
f 1967/1967/1825 1953/1953/1811 1968/1968/1826
f 1953/1953/1811 1954/1954/1812 1968/1968/1826
f 1968/1968/1826 1954/1954/1812 1969/1969/1827
f 1954/1954/1812 1955/1955/1813 1969/1969/1827
f 1969/1969/1827 1955/1955/1813 1970/1970/1828
f 1955/1955/1813 1956/1956/1814 1970/1970/1828
f 1970/1970/1828 1956/1956/1814 1971/1971/1829
f 1956/1956/1814 1957/1957/1815 1971/1971/1829
f 1971/1971/1829 1957/1957/1815 1972/1972/1830
f 1957/1957/1815 1958/1958/1816 1972/1972/1830
f 1972/1972/1830 1958/1958/1816 1973/1973/1831
f 1958/1958/1816 1959/1959/1817 1973/1973/1831
f 1973/1973/1831 1959/1959/1817 1974/1974/1832
f 1959/1959/1817 1960/1960/1818 1974/1974/1832
f 1974/1974/1832 1960/1960/1818 1975/1975/1833
f 1960/1960/1818 1961/1961/1819 1975/1975/1833
f 1975/1975/1833 1961/1961/1819 1976/1976/1834
f 1961/1961/1819 1948/1948/1807 1976/1976/1834
f 1976/1976/1834 1948/1948/1807 1977/1977/1835
f 1948/1948/1807 1949/1949/1807 1977/1977/1835
f 1977/1977/1835 1949/1949/1807 1978/1978/1836
f 1949/1949/1807 1924/1924/1805 1978/1978/1836
f 1978/1978/1836 1924/1924/1805 1979/1979/1836
f 1924/1924/1805 1925/1925/1806 1979/1979/1836
f 1979/1979/1836 1925/1925/1806 1980/1980/1837
f 1925/1925/1806 1981/1981/1838 1980/1980/1837
f 1980/1980/1837 1981/1981/1838 1982/1982/1839
f 1981/1981/1838 1983/1983/1840 1982/1982/1839
f 1982/1982/1839 1983/1983/1840 1984/1984/1841
f 1983/1983/1840 1985/1985/1842 1984/1984/1841
f 1984/1984/1841 1985/1985/1842 1986/1986/1843
f 1985/1985/1842 1987/1987/1844 1986/1986/1843
f 1986/1986/1843 1987/1987/1844 1988/1988/1845
f 1987/1987/1844 1989/1989/1846 1988/1988/1845
f 1988/1988/1845 1989/1989/1846 1990/1990/1847
f 1989/1989/1846 1991/1991/1848 1990/1990/1847
f 1990/1990/1847 1991/1991/1848 1992/1992/1849
f 1991/1991/1848 1993/1993/1850 1992/1992/1849
f 1992/1992/1849 1993/1993/1850 1994/1994/1851
f 1993/1993/1850 1995/1995/1852 1994/1994/1851
f 1994/1994/1851 1995/1995/1852 1996/1996/1853
f 1995/1995/1852 1997/1997/1854 1996/1996/1853
f 1996/1996/1853 1997/1997/1854 1998/1998/1855
f 1997/1997/1854 1999/1999/1856 1998/1998/1855
f 1998/1998/1855 1999/1999/1856 2000/2000/1857
f 1999/1999/1856 2001/2001/1858 2000/2000/1857
f 2000/2000/1857 2001/2001/1858 2002/2002/1859
f 2001/2001/1858 2003/2003/1860 2002/2002/1859
f 2002/2002/1859 2003/2003/1860 2004/2004/1861
f 2003/2003/1860 2005/2005/1862 2004/2004/1861
f 1962/1962/1820 1963/1964/1822 2006/2006/1863
f 1963/1964/1822 1965/1965/1823 2006/2006/1863
f 2006/2006/1863 1965/1965/1823 2007/2007/1864
f 1965/1965/1823 1966/1966/1824 2007/2007/1864
f 2007/2007/1864 1966/1966/1824 2008/2008/1865
f 1966/1966/1824 1967/1967/1825 2008/2008/1865
f 2008/2008/1865 1967/1967/1825 2009/2009/1866
f 1967/1967/1825 1968/1968/1826 2009/2009/1866
f 2009/2009/1866 1968/1968/1826 2010/2010/1867
f 1968/1968/1826 1969/1969/1827 2010/2010/1867
f 2010/2010/1867 1969/1969/1827 2011/2011/1868
f 1969/1969/1827 1970/1970/1828 2011/2011/1868
f 2011/2011/1868 1970/1970/1828 2012/2012/1869
f 1970/1970/1828 1971/1971/1829 2012/2012/1869
f 2012/2012/1869 1971/1971/1829 2013/2013/1870
f 1971/1971/1829 1972/1972/1830 2013/2013/1870
f 2013/2013/1870 1972/1972/1830 2014/2014/1871
f 1972/1972/1830 1973/1973/1831 2014/2014/1871
f 2014/2014/1871 1973/1973/1831 2015/2015/1872
f 1973/1973/1831 1974/1974/1832 2015/2015/1872
f 2015/2015/1872 1974/1974/1832 2016/2016/1873
f 1974/1974/1832 1975/1975/1833 2016/2016/1873
f 2016/2016/1873 1975/1975/1833 1976/1976/1834
f 1981/1981/1838 1925/1925/1806 1983/1983/1840
f 1925/1925/1806 1923/1923/1804 1983/1983/1840
f 1983/1983/1840 1923/1923/1804 1985/1985/1842
f 1923/1923/1804 1921/1921/1802 1985/1985/1842
f 1985/1985/1842 1921/1921/1802 1987/1987/1844
f 1921/1921/1802 1919/1919/1801 1987/1987/1844
f 1987/1987/1844 1919/1919/1801 1989/1989/1846
f 1919/1919/1801 1917/1917/1800 1989/1989/1846
f 1989/1989/1846 1917/1917/1800 1991/1991/1848
f 1917/1917/1800 1915/1915/1799 1991/1991/1848
f 1991/1991/1848 1915/1915/1799 1993/1993/1850
f 1915/1915/1799 1913/1913/1798 1993/1993/1850
f 1993/1993/1850 1913/1913/1798 1995/1995/1852
f 1913/1913/1798 1911/1911/1797 1995/1995/1852
f 1995/1995/1852 1911/1911/1797 1997/1997/1854
f 1911/1911/1797 1909/1909/1796 1997/1997/1854
f 1997/1997/1854 1909/1909/1796 1999/1999/1856
f 1909/1909/1796 1907/1907/1795 1999/1999/1856
f 1999/1999/1856 1907/1907/1795 2001/2001/1858
f 1907/1907/1795 1905/1905/1793 2001/2001/1858
f 2001/2001/1858 1905/1905/1793 2003/2003/1860
f 1905/1905/1793 1904/1903/1791 2003/2003/1860
f 2003/2003/1860 1904/1903/1791 2005/2005/1862
f 1904/1903/1791 1902/1902/1790 2005/2005/1862
f 2005/2005/1862 1902/1902/1790 2017/2017/1874
f 1902/1902/1790 1928/1927/1790 2017/2017/1874
f 2017/2017/1874 1928/1927/1790 2018/2018/1874
f 1928/1927/1790 1926/1926/1790 2018/2018/1874
f 2018/2018/1874 1926/1926/1790 2019/2019/1874
f 1926/1926/1790 1950/1950/1808 2019/2019/1874
f 2019/2019/1874 1950/1950/1808 1964/1963/1821
f 2020/2020/1875 2022/2021/1876 2021/2022/1877
f 2022/2021/1876 2023/2023/1878 2021/2022/1877
f 2021/2022/1877 2023/2023/1878 2024/2024/1879
f 2023/2023/1878 2025/2025/1880 2024/2024/1879
f 2024/2024/1879 2025/2025/1880 2026/2026/1881
f 2025/2025/1880 2027/2027/1882 2026/2026/1881
f 2026/2026/1881 2027/2027/1882 2028/2028/1883
f 2027/2027/1882 2029/2029/1884 2028/2028/1883
f 2028/2028/1883 2029/2029/1884 2030/2030/1885
f 2029/2029/1884 2031/2031/1886 2030/2030/1885
f 2030/2030/1885 2031/2031/1886 2032/2032/1887
f 2031/2031/1886 2033/2033/1888 2032/2032/1887
f 2032/2032/1887 2033/2033/1888 2034/2034/1889
f 2033/2033/1888 2035/2035/1890 2034/2034/1889
f 2034/2034/1889 2035/2035/1890 2036/2036/1891
f 2035/2035/1890 2037/2037/1892 2036/2036/1891
f 2036/2036/1891 2037/2037/1892 2038/2038/1893
f 2037/2037/1892 2039/2039/1894 2038/2038/1893
f 2038/2038/1893 2039/2039/1894 2040/2040/1895
f 2039/2039/1894 2041/2041/1896 2040/2040/1895
f 2040/2040/1895 2041/2041/1896 2042/2042/1897
f 2041/2041/1896 2043/2043/1898 2042/2042/1897
f 2042/2042/1897 2043/2043/1898 2044/2044/1899
f 2043/2043/1898 2045/2045/1900 2044/2044/1899
f 2044/2044/1899 2045/2045/1900 2046/2046/1901
f 2045/2045/1900 2047/2047/1902 2046/2046/1901
f 2046/2046/1901 2047/2047/1902 2048/2048/1903
f 2047/2047/1902 2049/2049/1902 2048/2048/1903
f 2048/2048/1903 2049/2049/1902 2050/2050/1903
f 2049/2049/1902 2051/2051/1902 2050/2050/1903
f 2050/2050/1903 2051/2051/1902 2052/2052/1903
f 2051/2051/1902 2053/2053/1904 2052/2052/1903
f 2052/2052/1903 2053/2053/1904 2054/2054/1905
f 2053/2053/1904 2055/2055/1906 2054/2054/1905
f 2054/2054/1905 2055/2055/1906 2056/2056/1907
f 2055/2055/1906 2057/2057/1908 2056/2056/1907
f 2056/2056/1907 2057/2057/1908 2058/2058/1909
f 2057/2057/1908 2059/2059/1910 2058/2058/1909
f 2058/2058/1909 2059/2059/1910 2060/2060/1911
f 2059/2059/1910 2061/2061/1912 2060/2060/1911
f 2060/2060/1911 2061/2061/1912 2062/2062/1913
f 2061/2061/1912 2063/2063/1914 2062/2062/1913
f 2062/2062/1913 2063/2063/1914 2064/2064/1915
f 2063/2063/1914 2065/2065/1916 2064/2064/1915
f 2064/2064/1915 2065/2065/1916 2066/2066/1917
f 2065/2065/1916 2067/2067/1918 2066/2066/1917
f 2066/2066/1917 2067/2067/1918 2068/2068/1919
f 2067/2067/1918 2069/2069/1920 2068/2068/1919
f 2068/2068/1919 2069/2069/1920 2070/2070/1921
f 2069/2069/1920 2071/2071/1922 2070/2070/1921
f 2070/2070/1921 2071/2071/1922 2072/2072/1923
f 2071/2071/1922 2073/2073/1924 2072/2072/1923
f 2072/2072/1923 2073/2073/1924 2074/2074/1925
f 2073/2073/1924 2075/2075/1926 2074/2074/1925
f 2074/2074/1925 2075/2075/1926 2076/2076/1927
f 2075/2075/1926 2077/2077/1928 2076/2076/1927
f 2076/2076/1927 2077/2077/1928 2078/2078/1929
f 2077/2077/1928 2079/2079/1930 2078/2078/1929
f 2080/2080/1931 2082/2081/1932 2081/2082/1933
f 2082/2081/1932 2083/2083/1934 2081/2082/1933
f 2081/2082/1933 2083/2083/1934 2084/2084/1935
f 2083/2083/1934 2085/2085/1936 2084/2084/1935
f 2084/2084/1935 2085/2085/1936 2086/2086/1935
f 2085/2085/1936 2087/2087/1937 2086/2086/1935
f 2086/2086/1935 2087/2087/1937 2088/2088/1935
f 2087/2087/1937 2089/2089/1938 2088/2088/1935
f 2088/2088/1935 2089/2089/1938 2090/2090/1935
f 2089/2089/1938 2091/2091/1939 2090/2090/1935
f 2090/2090/1935 2091/2091/1939 2092/2092/1935
f 2091/2091/1939 2093/2093/1940 2092/2092/1935
f 2092/2092/1935 2093/2093/1940 2094/2094/1935
f 2093/2093/1940 2095/2095/1941 2094/2094/1935
f 2094/2094/1935 2095/2095/1941 2096/2096/1935
f 2095/2095/1941 2097/2097/1942 2096/2096/1935
f 2096/2096/1935 2097/2097/1942 2098/2098/1935
f 2097/2097/1942 2099/2099/1943 2098/2098/1935
f 2098/2098/1935 2099/2099/1943 2100/2100/1944
f 2099/2099/1943 2101/2101/1945 2100/2100/1944
f 2100/2100/1944 2101/2101/1945 2048/2048/1903
f 2101/2101/1945 2046/2046/1901 2048/2048/1903
f 2102/2102/1931 2080/2080/1931 2103/2103/1933
f 2080/2080/1931 2081/2082/1933 2103/2103/1933
f 2103/2103/1933 2081/2082/1933 2104/2104/1935
f 2081/2082/1933 2084/2084/1935 2104/2104/1935
f 2104/2104/1935 2084/2084/1935 2105/2105/1935
f 2084/2084/1935 2086/2086/1935 2105/2105/1935
f 2105/2105/1935 2086/2086/1935 2106/2106/1935
f 2086/2086/1935 2088/2088/1935 2106/2106/1935
f 2106/2106/1935 2088/2088/1935 2107/2107/1935
f 2088/2088/1935 2090/2090/1935 2107/2107/1935
f 2107/2107/1935 2090/2090/1935 2108/2108/1935
f 2090/2090/1935 2092/2092/1935 2108/2108/1935
f 2108/2108/1935 2092/2092/1935 2109/2109/1935
f 2092/2092/1935 2094/2094/1935 2109/2109/1935
f 2109/2109/1935 2094/2094/1935 2110/2110/1935
f 2094/2094/1935 2096/2096/1935 2110/2110/1935
f 2110/2110/1935 2096/2096/1935 2111/2111/1935
f 2096/2096/1935 2098/2098/1935 2111/2111/1935
f 2111/2111/1935 2098/2098/1935 2112/2112/1944
f 2098/2098/1935 2100/2100/1944 2112/2112/1944
f 2112/2112/1944 2100/2100/1944 2050/2050/1903
f 2100/2100/1944 2048/2048/1903 2050/2050/1903
f 2113/2113/1931 2102/2102/1931 2114/2114/1933
f 2102/2102/1931 2103/2103/1933 2114/2114/1933
f 2114/2114/1933 2103/2103/1933 2115/2115/1935
f 2103/2103/1933 2104/2104/1935 2115/2115/1935
f 2115/2115/1935 2104/2104/1935 2116/2116/1935
f 2104/2104/1935 2105/2105/1935 2116/2116/1935
f 2116/2116/1935 2105/2105/1935 2117/2117/1935
f 2105/2105/1935 2106/2106/1935 2117/2117/1935
f 2117/2117/1935 2106/2106/1935 2118/2118/1935
f 2106/2106/1935 2107/2107/1935 2118/2118/1935
f 2118/2118/1935 2107/2107/1935 2119/2119/1935
f 2107/2107/1935 2108/2108/1935 2119/2119/1935
f 2119/2119/1935 2108/2108/1935 2120/2120/1935
f 2108/2108/1935 2109/2109/1935 2120/2120/1935
f 2120/2120/1935 2109/2109/1935 2121/2121/1935
f 2109/2109/1935 2110/2110/1935 2121/2121/1935
f 2121/2121/1935 2110/2110/1935 2122/2122/1935
f 2110/2110/1935 2111/2111/1935 2122/2122/1935
f 2122/2122/1935 2111/2111/1935 2123/2123/1944
f 2111/2111/1935 2112/2112/1944 2123/2123/1944
f 2123/2123/1944 2112/2112/1944 2052/2052/1903
f 2112/2112/1944 2050/2050/1903 2052/2052/1903
f 2079/2079/1930 2077/2077/1928 2124/2124/1946
f 2077/2077/1928 2075/2075/1926 2124/2124/1946
f 2124/2124/1946 2075/2075/1926 2125/2125/1947
f 2075/2075/1926 2073/2073/1924 2125/2125/1947
f 2125/2125/1947 2073/2073/1924 2126/2126/1948
f 2073/2073/1924 2071/2071/1922 2126/2126/1948
f 2126/2126/1948 2071/2071/1922 2127/2127/1949
f 2071/2071/1922 2069/2069/1920 2127/2127/1949
f 2127/2127/1949 2069/2069/1920 2128/2128/1950
f 2069/2069/1920 2067/2067/1918 2128/2128/1950
f 2128/2128/1950 2067/2067/1918 2129/2129/1951
f 2067/2067/1918 2065/2065/1916 2129/2129/1951
f 2129/2129/1951 2065/2065/1916 2130/2130/1952
f 2065/2065/1916 2063/2063/1914 2130/2130/1952
f 2130/2130/1952 2063/2063/1914 2131/2131/1953
f 2063/2063/1914 2061/2061/1912 2131/2131/1953
f 2131/2131/1953 2061/2061/1912 2132/2132/1954
f 2061/2061/1912 2059/2059/1910 2132/2132/1954
f 2132/2132/1954 2059/2059/1910 2133/2133/1955
f 2059/2059/1910 2057/2057/1908 2133/2133/1955
f 2133/2133/1955 2057/2057/1908 2134/2134/1956
f 2057/2057/1908 2055/2055/1906 2134/2134/1956
f 2134/2134/1956 2055/2055/1906 2053/2053/1904
f 2052/2052/1903 2054/2054/1905 2123/2123/1944
f 2054/2054/1905 2056/2056/1907 2123/2123/1944
f 2123/2123/1944 2056/2056/1907 2122/2122/1935
f 2056/2056/1907 2058/2058/1909 2122/2122/1935
f 2122/2122/1935 2058/2058/1909 2121/2121/1935
f 2058/2058/1909 2060/2060/1911 2121/2121/1935
f 2121/2121/1935 2060/2060/1911 2120/2120/1935
f 2060/2060/1911 2062/2062/1913 2120/2120/1935
f 2120/2120/1935 2062/2062/1913 2119/2119/1935
f 2062/2062/1913 2064/2064/1915 2119/2119/1935
f 2119/2119/1935 2064/2064/1915 2118/2118/1935
f 2064/2064/1915 2066/2066/1917 2118/2118/1935
f 2118/2118/1935 2066/2066/1917 2117/2117/1935
f 2066/2066/1917 2068/2068/1919 2117/2117/1935
f 2117/2117/1935 2068/2068/1919 2116/2116/1935
f 2068/2068/1919 2070/2070/1921 2116/2116/1935
f 2116/2116/1935 2070/2070/1921 2115/2115/1935
f 2070/2070/1921 2072/2072/1923 2115/2115/1935
f 2115/2115/1935 2072/2072/1923 2114/2114/1933
f 2072/2072/1923 2074/2074/1925 2114/2114/1933
f 2114/2114/1933 2074/2074/1925 2113/2113/1931
f 2074/2074/1925 2076/2076/1927 2113/2113/1931
f 2044/2044/1899 2046/2046/1901 2042/2042/1897
f 2046/2046/1901 2101/2101/1945 2042/2042/1897
f 2042/2042/1897 2101/2101/1945 2040/2040/1895
f 2101/2101/1945 2099/2099/1943 2040/2040/1895
f 2040/2040/1895 2099/2099/1943 2038/2038/1893
f 2099/2099/1943 2097/2097/1942 2038/2038/1893
f 2038/2038/1893 2097/2097/1942 2036/2036/1891
f 2097/2097/1942 2095/2095/1941 2036/2036/1891
f 2036/2036/1891 2095/2095/1941 2034/2034/1889
f 2095/2095/1941 2093/2093/1940 2034/2034/1889
f 2034/2034/1889 2093/2093/1940 2032/2032/1887
f 2093/2093/1940 2091/2091/1939 2032/2032/1887
f 2032/2032/1887 2091/2091/1939 2030/2030/1885
f 2091/2091/1939 2089/2089/1938 2030/2030/1885
f 2030/2030/1885 2089/2089/1938 2028/2028/1883
f 2089/2089/1938 2087/2087/1937 2028/2028/1883
f 2028/2028/1883 2087/2087/1937 2026/2026/1881
f 2087/2087/1937 2085/2085/1936 2026/2026/1881
f 2026/2026/1881 2085/2085/1936 2024/2024/1879
f 2085/2085/1936 2083/2083/1934 2024/2024/1879
f 2024/2024/1879 2083/2083/1934 2021/2022/1877
f 2083/2083/1934 2082/2081/1932 2021/2022/1877
f 2021/2022/1877 2082/2081/1932 2020/2020/1875
f 2082/2081/1932 2080/2080/1931 2020/2020/1875
f 2020/2020/1875 2080/2080/1931 2135/2135/1957
f 2080/2080/1931 2102/2102/1931 2135/2135/1957
f 2135/2135/1957 2102/2102/1931 2136/2136/1958
f 2102/2102/1931 2113/2113/1931 2136/2136/1958
f 2136/2136/1958 2113/2113/1931 2137/2137/1959
f 2113/2113/1931 2076/2076/1927 2137/2137/1959
f 2137/2137/1959 2076/2076/1927 2078/2078/1929
f 2138/2138/1960 2140/2139/1960 2139/2140/1960
f 2140/2139/1960 2141/2141/1960 2139/2140/1960
f 2139/2140/1960 2141/2141/1960 2142/2142/1960
f 2141/2141/1960 2143/2143/1960 2142/2142/1960
f 2142/2142/1960 2143/2143/1960 2144/2144/1960
f 2143/2143/1960 2145/2145/1960 2144/2144/1960
f 2144/2144/1960 2145/2145/1960 2146/2146/1960
f 2145/2145/1960 2147/2147/1960 2146/2146/1960
f 2148/2148/1960 2138/2138/1960 2149/2149/1960
f 2138/2138/1960 2139/2140/1960 2149/2149/1960
f 2149/2149/1960 2139/2140/1960 2150/2150/1960
f 2139/2140/1960 2142/2142/1960 2150/2150/1960
f 2150/2150/1960 2142/2142/1960 2151/2151/1960
f 2142/2142/1960 2144/2144/1960 2151/2151/1960
f 2151/2151/1960 2144/2144/1960 2152/2152/1960
f 2144/2144/1960 2146/2146/1960 2152/2152/1960
f 2153/2153/1961 2155/2154/1962 2154/2155/1962
f 2155/2154/1962 2156/2156/1963 2154/2155/1962
f 2154/2155/1962 2156/2156/1963 2157/2157/1964
f 2158/2158/1961 2159/2159/1962 2154/2155/1962
f 2159/2159/1962 2160/2160/1963 2154/2155/1962
f 2154/2155/1962 2160/2160/1963 2153/2153/1961
f 2161/2161/1961 2162/2162/1961 2154/2155/1962
f 2162/2162/1961 2163/2163/1961 2154/2155/1962
f 2154/2155/1962 2163/2163/1961 2158/2158/1961
f 2157/2157/1964 2164/2164/1962 2154/2155/1962
f 2164/2164/1962 2165/2165/1961 2154/2155/1962
f 2154/2155/1962 2165/2165/1961 2161/2161/1961
f 2166/2166/1965 2168/2167/1966 2167/2168/1967
f 2168/2167/1966 2169/2169/1968 2167/2168/1967
f 2167/2168/1967 2169/2169/1968 2170/2170/1969
f 2169/2169/1968 2171/2171/1970 2170/2170/1969
f 2170/2170/1969 2171/2171/1970 2172/2172/1971
f 2171/2171/1970 2173/2173/1972 2172/2172/1971
f 2172/2172/1971 2173/2173/1972 2174/2174/1973
f 2173/2173/1972 2175/2175/1974 2174/2174/1973
f 2174/2174/1973 2175/2175/1974 2176/2176/1975
f 2175/2175/1974 2177/2177/1976 2176/2176/1975
f 2176/2176/1975 2177/2177/1976 2178/2178/1977
f 2177/2177/1976 2179/2179/1978 2178/2178/1977
f 2178/2178/1977 2179/2179/1978 2180/2180/1979
f 2179/2179/1978 2181/2181/1980 2180/2180/1979
f 2180/2180/1979 2181/2181/1980 2182/2182/1981
f 2181/2181/1980 2183/2183/1982 2182/2182/1981
f 2182/2182/1981 2183/2183/1982 2184/2184/1983
f 2183/2183/1982 2185/2185/1984 2184/2184/1983
f 2184/2184/1983 2185/2185/1984 2186/2186/1985
f 2185/2185/1984 2187/2187/1986 2186/2186/1985
f 2186/2186/1985 2187/2187/1986 2188/2188/1987
f 2187/2187/1986 2166/2166/1965 2188/2188/1987
f 2188/2188/1987 2166/2166/1965 2189/2189/1988
f 2166/2166/1965 2167/2168/1967 2189/2189/1988
f 2190/2190/1989 2191/2191/1990 2192/2192/1991
f 2192/2192/1991 2191/2191/1990 2193/2193/1992
f 2191/2191/1990 2194/2194/1993 2193/2193/1992
f 2195/2195/1994 2197/2196/1995 2196/2197/1994
f 2197/2196/1995 2198/2198/1996 2196/2197/1994
f 2196/2197/1994 2198/2198/1996 2199/2199/1994
f 2200/2200/1994 2201/2201/1997 2196/2197/1994
f 2201/2201/1997 2202/2202/1996 2196/2197/1994
f 2196/2197/1994 2202/2202/1996 2195/2195/1994
f 2203/2203/1995 2204/2204/1995 2196/2197/1994
f 2204/2204/1995 2205/2205/1995 2196/2197/1994
f 2196/2197/1994 2205/2205/1995 2200/2200/1994
f 2199/2199/1994 2206/2206/1995 2196/2197/1994
f 2206/2206/1995 2207/2207/1995 2196/2197/1994
f 2196/2197/1994 2207/2207/1995 2203/2203/1995
f 2208/2208/1998 2210/2209/1999 2209/2210/2000
f 2210/2209/1999 2211/2211/2001 2209/2210/2000
f 2209/2210/2000 2211/2211/2001 2212/2212/2002
f 2213/2213/2003 2215/2214/2004 2214/2215/2005
f 2215/2214/2004 2216/2216/2006 2214/2215/2005
f 2214/2215/2005 2216/2216/2006 2217/2217/2007
f 2216/2216/2006 2218/2218/2008 2217/2217/2007
f 2217/2217/2007 2218/2218/2008 2219/2219/2009
f 2218/2218/2008 2220/2220/2010 2219/2219/2009
f 2219/2219/2009 2220/2220/2010 2221/2221/2011
f 2220/2220/2010 2222/2222/2012 2221/2221/2011
f 2221/2221/2011 2222/2222/2012 2223/2223/2013
f 2222/2222/2012 2224/2224/2014 2223/2223/2013
f 2223/2223/2013 2224/2224/2014 2225/2225/1960
f 2226/2226/2015 2228/2227/2016 2227/2228/2017
f 2228/2227/2016 2229/2229/2018 2227/2228/2017
f 2227/2228/2017 2229/2229/2018 2230/2230/2019
f 2229/2229/2018 2231/2231/2020 2230/2230/2019
f 2230/2230/2019 2232/2232/2021 2227/2228/2017
f 2232/2232/2021 2233/2233/2022 2227/2228/2017
f 2227/2228/2017 2233/2233/2022 2226/2226/2015
f 2233/2233/2022 2234/2234/2023 2226/2226/2015
f 2226/2226/2015 2234/2234/2023 2228/2227/2016
f 2235/2235/2024 2237/2236/2025 2236/2237/2026
f 2237/2236/2025 2238/2238/2027 2236/2237/2026
f 2236/2237/2026 2238/2238/2027 2239/2239/2028
f 2238/2238/2027 2240/2240/2029 2239/2239/2028
f 2239/2239/2028 2240/2240/2029 2241/2241/2030
f 2240/2240/2029 2242/2242/2031 2241/2241/2030
f 2241/2241/2030 2242/2242/2031 2243/2243/2032
f 2242/2242/2031 2244/2244/2033 2243/2243/2032
f 2243/2243/2032 2244/2244/2033 2245/2245/2034
f 2244/2244/2033 2246/2246/2035 2245/2245/2034
f 2245/2245/2034 2246/2246/2035 2247/2247/2036
f 2246/2246/2035 2248/2248/2037 2247/2247/2036
f 2247/2247/2036 2248/2248/2037 2249/2249/2038
f 2248/2248/2037 2250/2250/2039 2249/2249/2038
f 2249/2249/2038 2250/2250/2039 2251/2251/2040
f 2250/2250/2039 2252/2252/2041 2251/2251/2040
f 2251/2251/2040 2252/2252/2041 2253/2253/2042
f 2252/2252/2041 2254/2254/2043 2253/2253/2042
f 2253/2253/2042 2254/2254/2043 2255/2255/2044
f 2254/2254/2043 2256/2256/2045 2255/2255/2044
f 2255/2255/2044 2256/2256/2045 2257/2257/2046
f 2256/2256/2045 2258/2258/2047 2257/2257/2046
f 2257/2257/2046 2258/2258/2047 2259/2259/2048
f 2258/2258/2047 2260/2260/2049 2259/2259/2048
f 2259/2259/2048 2260/2260/2049 2261/2261/2050
f 2260/2260/2049 2262/2262/2051 2261/2261/2050
f 2261/2261/2050 2262/2262/2051 2225/2225/1960
f 2262/2262/2051 2263/2263/2052 2225/2225/1960
f 2225/2225/1960 2263/2263/2052 2264/2264/2053
f 2263/2263/2052 2265/2265/2054 2264/2264/2053
f 2264/2264/2053 2265/2265/2054 2266/2266/2055
f 2265/2265/2054 2267/2267/2056 2266/2266/2055
f 2266/2266/2055 2267/2267/2056 2268/2268/2057
f 2267/2267/2056 2269/2269/2058 2268/2268/2057
f 2270/2270/2059 2235/2235/2024 2236/2237/2026
f 2271/2271/2060 2235/2235/2024 2272/2272/2061
f 2235/2235/2024 2270/2270/2059 2272/2272/2061
f 2272/2272/2061 2270/2270/2059 2256/2256/2045
f 2270/2270/2059 2273/2273/2062 2256/2256/2045
f 2256/2256/2045 2273/2273/2062 2258/2258/2047
f 2273/2273/2062 2274/2274/2063 2258/2258/2047
f 2258/2258/2047 2274/2274/2063 2275/2275/2064
f 2274/2274/2063 2276/2276/2065 2275/2275/2064
f 2275/2275/2064 2276/2276/2065 2267/2267/2056
f 2276/2276/2065 2277/2277/2066 2267/2267/2056
f 2267/2267/2056 2277/2277/2066 2269/2269/2058
f 2277/2277/2066 2278/2278/2067 2269/2269/2058
f 2269/2269/2058 2278/2278/2067 2268/2268/2057
f 2278/2278/2067 2279/2279/2068 2268/2268/2057
f 2268/2268/2057 2279/2279/2068 2266/2266/2055
f 2279/2279/2068 2280/2280/2069 2266/2266/2055
f 2266/2266/2055 2280/2280/2069 2264/2264/2053
f 2280/2280/2069 2281/2281/2070 2264/2264/2053
f 2264/2264/2053 2281/2281/2070 2225/2225/1960
f 2281/2281/2070 2282/2282/2071 2225/2225/1960
f 2225/2225/1960 2282/2282/2071 2223/2223/2013
f 2282/2282/2071 2283/2283/2072 2223/2223/2013
f 2223/2223/2013 2283/2283/2072 2221/2221/2011
f 2283/2283/2072 2284/2284/2073 2221/2221/2011
f 2221/2221/2011 2284/2284/2073 2219/2219/2009
f 2284/2284/2073 2231/2231/2020 2219/2219/2009
f 2219/2219/2009 2231/2231/2020 2217/2217/2007
f 2231/2231/2020 2229/2229/2018 2217/2217/2007
f 2217/2217/2007 2229/2229/2018 2214/2215/2005
f 2229/2229/2018 2228/2227/2016 2214/2215/2005
f 2214/2215/2005 2228/2227/2016 2213/2213/2003
f 2228/2227/2016 2234/2234/2023 2213/2213/2003
f 2213/2213/2003 2234/2234/2023 2215/2214/2004
f 2234/2234/2023 2285/2285/2074 2215/2214/2004
f 2215/2214/2004 2285/2285/2074 2216/2216/2006
f 2285/2285/2074 2286/2286/2075 2216/2216/2006
f 2216/2216/2006 2286/2286/2075 2218/2218/2008
f 2286/2286/2075 2287/2287/2076 2218/2218/2008
f 2218/2218/2008 2287/2287/2076 2220/2220/2010
f 2287/2287/2076 2288/2288/2077 2220/2220/2010
f 2220/2220/2010 2288/2288/2077 2222/2222/2012
f 2288/2288/2077 2289/2289/2078 2222/2222/2012
f 2222/2222/2012 2289/2289/2078 2224/2224/2014
f 2289/2289/2078 2290/2290/2079 2224/2224/2014
f 2224/2224/2014 2290/2290/2079 2225/2225/1960
f 2290/2290/2079 2291/2291/2080 2225/2225/1960
f 2225/2225/1960 2291/2291/2080 2292/2292/2081
f 2291/2291/2080 2293/2293/2082 2292/2292/2081
f 2292/2292/2081 2293/2293/2082 2294/2294/2083
f 2293/2293/2082 2295/2295/2084 2294/2294/2083
f 2294/2294/2083 2295/2295/2084 2296/2296/2085
f 2295/2295/2084 2297/2297/2086 2296/2296/2085
f 2296/2296/2085 2297/2297/2086 2298/2298/2087
f 2297/2297/2086 2299/2299/2088 2298/2298/2087
f 2298/2298/2087 2299/2299/2088 2300/2300/2089
f 2299/2299/2088 2286/2286/2075 2300/2300/2089
f 2300/2300/2089 2286/2286/2075 2285/2285/2074
f 2255/2255/2044 2296/2296/2085 2253/2253/2042
f 2296/2296/2085 2298/2298/2087 2253/2253/2042
f 2253/2253/2042 2298/2298/2087 2251/2251/2040
f 2298/2298/2087 2300/2300/2089 2251/2251/2040
f 2251/2251/2040 2300/2300/2089 2249/2249/2038
f 2300/2300/2089 2301/2301/2090 2249/2249/2038
f 2249/2249/2038 2301/2301/2090 2247/2247/2036
f 2301/2301/2090 2302/2302/2091 2247/2247/2036
f 2247/2247/2036 2302/2302/2091 2245/2245/2034
f 2302/2302/2091 2303/2303/2092 2245/2245/2034
f 2245/2245/2034 2303/2303/2092 2232/2232/2021
f 2279/2279/2068 2284/2284/2073 2280/2280/2069
f 2284/2284/2073 2283/2283/2072 2280/2280/2069
f 2280/2280/2069 2283/2283/2072 2281/2281/2070
f 2283/2283/2072 2282/2282/2071 2281/2281/2070
f 2267/2267/2056 2265/2265/2054 2275/2275/2064
f 2265/2265/2054 2260/2260/2049 2275/2275/2064
f 2275/2275/2064 2260/2260/2049 2258/2258/2047
f 2257/2257/2046 2259/2259/2048 2304/2304/2093
f 2259/2259/2048 2261/2261/2050 2304/2304/2093
f 2304/2304/2093 2261/2261/2050 2305/2305/2094
f 2262/2262/2051 2260/2260/2049 2263/2263/2052
f 2260/2260/2049 2265/2265/2054 2263/2263/2052
f 2261/2261/2050 2225/2225/1960 2305/2305/2094
f 2225/2225/1960 2292/2292/2081 2305/2305/2094
f 2305/2305/2094 2292/2292/2081 2304/2304/2093
f 2292/2292/2081 2294/2294/2083 2304/2304/2093
f 2304/2304/2093 2294/2294/2083 2257/2257/2046
f 2294/2294/2083 2296/2296/2085 2257/2257/2046
f 2257/2257/2046 2296/2296/2085 2255/2255/2044
f 2272/2272/2061 2256/2256/2045 2254/2254/2043
f 2273/2273/2062 2270/2270/2059 2274/2274/2063
f 2297/2297/2086 2295/2295/2084 2299/2299/2088
f 2241/2241/2030 2243/2243/2032 2232/2232/2021
f 2243/2243/2032 2245/2245/2034 2232/2232/2021
f 2250/2250/2039 2306/2306/2095 2252/2252/2041
f 2306/2306/2095 2307/2307/2096 2252/2252/2041
f 2252/2252/2041 2307/2307/2096 2254/2254/2043
f 2307/2307/2096 2271/2271/2060 2254/2254/2043
f 2254/2254/2043 2271/2271/2060 2272/2272/2061
f 2286/2286/2075 2299/2299/2088 2287/2287/2076
f 2299/2299/2088 2295/2295/2084 2287/2287/2076
f 2287/2287/2076 2295/2295/2084 2288/2288/2077
f 2295/2295/2084 2293/2293/2082 2288/2288/2077
f 2288/2288/2077 2293/2293/2082 2289/2289/2078
f 2293/2293/2082 2291/2291/2080 2289/2289/2078
f 2289/2289/2078 2291/2291/2080 2290/2290/2079
f 2270/2270/2059 2236/2237/2026 2274/2274/2063
f 2236/2237/2026 2239/2239/2028 2274/2274/2063
f 2274/2274/2063 2239/2239/2028 2276/2276/2065
f 2239/2239/2028 2241/2241/2030 2276/2276/2065
f 2276/2276/2065 2241/2241/2030 2277/2277/2066
f 2241/2241/2030 2232/2232/2021 2277/2277/2066
f 2277/2277/2066 2232/2232/2021 2278/2278/2067
f 2232/2232/2021 2230/2230/2019 2278/2278/2067
f 2278/2278/2067 2230/2230/2019 2279/2279/2068
f 2230/2230/2019 2231/2231/2020 2279/2279/2068
f 2279/2279/2068 2231/2231/2020 2284/2284/2073
f 2234/2234/2023 2308/2308/2097 2285/2285/2074
f 2308/2308/2097 2300/2300/2089 2285/2285/2074
f 2309/2309/2098 2311/2310/2098 2310/2311/2098
f 2311/2310/2098 2312/2312/2098 2310/2311/2098
f 2310/2311/2098 2312/2312/2098 2313/2313/2098
f 2312/2312/2098 2314/2314/2098 2313/2313/2098
f 2313/2313/2098 2314/2314/2098 2315/2315/2098
f 2314/2314/2098 2316/2316/2098 2315/2315/2098
f 2315/2315/2098 2316/2316/2098 2317/2317/2098
f 2316/2316/2098 2318/2318/2098 2317/2317/2098
f 2317/2317/2098 2318/2318/2098 2319/2319/2099
f 2318/2318/2098 2320/2320/2100 2319/2319/2099
f 2319/2319/2099 2320/2320/2100 2321/2321/2101
f 2320/2320/2100 2322/2322/2102 2321/2321/2101
f 2321/2321/2101 2322/2322/2102 2323/2323/2102
f 2322/2322/2102 2324/2324/2103 2323/2323/2102
f 2323/2323/2102 2324/2324/2103 2325/2325/2104
f 2324/2324/2103 2326/2326/2105 2325/2325/2104
f 2325/2325/2104 2326/2326/2105 2327/2327/2106
f 2326/2326/2105 2328/2328/2106 2327/2327/2106
f 2327/2327/2106 2328/2328/2106 2329/2329/2106
f 2328/2328/2106 2330/2330/2106 2329/2329/2106
f 2329/2329/2106 2330/2330/2106 2331/2331/2107
f 2330/2330/2106 2332/2332/2108 2331/2331/2107
f 2319/2319/2099 2321/2321/2101 2333/2333/2109
f 2321/2321/2101 2334/2334/2110 2333/2333/2109
f 2333/2333/2109 2334/2334/2110 2335/2335/2111
f 2334/2334/2110 2336/2336/2112 2335/2335/2111
f 2335/2335/2111 2336/2336/2112 2337/2337/2113
f 2336/2336/2112 2338/2338/2114 2337/2337/2113
f 2337/2337/2113 2338/2338/2114 2339/2339/2115
f 2338/2338/2114 2340/2340/2116 2339/2339/2115
f 2339/2339/2115 2340/2340/2116 2341/2341/2116
f 2340/2340/2116 2331/2331/2107 2341/2341/2116
f 2341/2341/2116 2331/2331/2107 2342/2342/2117
f 2331/2331/2107 2332/2332/2108 2342/2342/2117
f 2342/2342/2117 2332/2332/2108 2343/2343/2118
f 2332/2332/2108 2344/2344/2119 2343/2343/2118
f 2343/2343/2118 2344/2344/2119 2345/2345/2120
f 2344/2344/2119 2346/2346/2121 2345/2345/2120
f 2345/2345/2120 2346/2346/2121 2347/2347/2122
f 2346/2346/2121 2348/2348/2123 2347/2347/2122
f 2347/2347/2122 2348/2348/2123 2349/2349/2124
f 2348/2348/2123 2350/2350/2125 2349/2349/2124
f 2349/2349/2124 2350/2350/2125 2351/2351/2126
f 2350/2350/2125 2352/2352/2127 2351/2351/2126
f 2351/2351/2126 2352/2352/2127 2353/2353/2127
f 2352/2352/2127 2354/2354/2127 2353/2353/2127
f 2353/2353/2127 2354/2354/2127 2355/2355/2127
f 2354/2354/2127 2356/2356/2127 2355/2355/2127
f 2355/2355/2127 2356/2356/2127 2357/2357/2127
f 2356/2356/2127 2358/2358/2127 2357/2357/2127
f 2357/2357/2127 2358/2358/2127 2359/2359/2127
f 2339/2339/2115 2360/2360/2128 2337/2337/2113
f 2360/2360/2128 2361/2361/2129 2337/2337/2113
f 2360/2360/2128 2362/2362/2130 2361/2361/2129
f 2362/2362/2130 2363/2363/2131 2361/2361/2129
f 2361/2361/2129 2363/2363/2131 2364/2364/2132
f 2363/2363/2131 2365/2365/2133 2364/2364/2132
f 2364/2364/2132 2365/2365/2133 2366/2366/2134
f 2365/2365/2133 2367/2367/2135 2366/2366/2134
f 2366/2366/2134 2367/2367/2135 2368/2368/2136
f 2367/2367/2135 2369/2369/2137 2368/2368/2136
f 2368/2368/2136 2369/2369/2137 2370/2370/2137
f 2369/2369/2137 2371/2371/2137 2370/2370/2137
f 2370/2370/2137 2371/2371/2137 2372/2372/2137
f 2371/2371/2137 2373/2373/2137 2372/2372/2137
f 2372/2372/2137 2373/2373/2137 2374/2374/2137
f 2373/2373/2137 2375/2375/2137 2374/2374/2137
f 2374/2374/2137 2375/2375/2137 2376/2376/2137
f 2326/2326/2105 2324/2324/2103 2377/2377/2138
f 2324/2324/2103 2378/2378/2138 2377/2377/2138
f 2377/2377/2138 2378/2378/2138 2379/2379/2138
f 2378/2378/2138 2380/2380/2138 2379/2379/2138
f 2379/2379/2138 2380/2380/2138 2381/2381/2138
f 2380/2380/2138 2382/2382/2138 2381/2381/2138
f 2381/2381/2138 2382/2382/2138 2383/2383/2138
f 2382/2382/2138 2384/2384/2138 2383/2383/2138
f 2383/2383/2138 2384/2384/2138 2385/2385/2138
f 2384/2384/2138 2386/2386/2138 2385/2385/2138
f 2387/2387/2139 2389/2388/2139 2388/2389/2139
f 2389/2388/2139 2390/2390/2139 2388/2389/2139
f 2388/2389/2139 2390/2390/2139 2391/2391/2140
f 2390/2390/2139 2392/2392/2141 2391/2391/2140
f 2391/2391/2140 2392/2392/2141 2393/2393/2142
f 2394/2394/2109 2396/2395/2109 2395/2396/2109
f 2396/2395/2109 2397/2397/2109 2395/2396/2109
f 2395/2396/2109 2397/2397/2109 2398/2398/2109
f 2397/2397/2109 2399/2399/2109 2398/2398/2109
f 2398/2398/2109 2399/2399/2109 2400/2400/2109
f 2399/2399/2109 2401/2401/2109 2400/2400/2109
f 2400/2400/2109 2401/2401/2109 2402/2402/2109
f 2401/2401/2109 2403/2403/2109 2402/2402/2109
f 2404/2404/2109 2403/2403/2109 2405/2405/2109
f 2403/2403/2109 2401/2401/2109 2405/2405/2109
f 2405/2405/2109 2401/2401/2109 2406/2406/2109
f 2401/2401/2109 2399/2399/2109 2406/2406/2109
f 2406/2406/2109 2399/2399/2109 2407/2407/2109
f 2399/2399/2109 2397/2397/2109 2407/2407/2109
f 2407/2407/2109 2397/2397/2109 2393/2393/2142
f 2397/2397/2109 2396/2395/2109 2393/2393/2142
f 2393/2393/2142 2396/2395/2109 2391/2391/2140
f 2396/2395/2109 2394/2394/2109 2391/2391/2140
f 2391/2391/2140 2394/2394/2109 2408/2408/2109
f 2409/2409/1960 2410/2410/1960 2411/2411/1960
f 2411/2411/1960 2410/2410/1960 2412/2412/1960
f 2410/2410/1960 2413/2413/1960 2412/2412/1960
f 2412/2412/1960 2413/2413/1960 2414/2414/1960
f 2413/2413/1960 2415/2415/1960 2414/2414/1960
f 2414/2414/1960 2415/2415/1960 2416/2416/1960
f 2415/2415/1960 2417/2417/1960 2416/2416/1960
f 2416/2416/1960 2417/2417/1960 2418/2418/1960
f 2417/2417/1960 2419/2419/1960 2418/2418/1960
f 2409/2409/1960 2420/2420/1960 2410/2410/1960
f 2410/2410/1960 2420/2420/1960 2421/2421/1960
f 2420/2420/1960 2422/2422/1960 2421/2421/1960
f 2421/2421/1960 2422/2422/1960 2423/2423/1960
f 2424/2424/1960 2425/2425/1960 2426/2426/1960
f 2426/2426/1960 2425/2425/1960 2427/2427/1960
f 2425/2425/1960 2428/2428/1960 2427/2427/1960
f 2427/2427/1960 2428/2428/1960 2429/2429/1960
f 2428/2428/1960 2430/2430/1960 2429/2429/1960
f 2429/2429/1960 2430/2430/1960 2431/2431/1960
f 2430/2430/1960 2423/2423/1960 2431/2431/1960
f 2431/2431/1960 2423/2423/1960 2432/2432/1960
f 2423/2423/1960 2422/2422/1960 2432/2432/1960
f 2424/2424/1960 2433/2433/1960 2425/2425/1960
f 2425/2425/1960 2433/2433/1960 2434/2434/1960
f 2433/2433/1960 2419/2419/1960 2434/2434/1960
f 2434/2434/1960 2419/2419/1960 2417/2417/1960
f 2435/2435/2143 2436/2436/2144 2437/2437/2109
f 2437/2437/2109 2436/2436/2144 2438/2438/2109
f 2436/2436/2144 2439/2439/2144 2438/2438/2109
f 2438/2438/2109 2439/2439/2144 2440/2440/2109
f 2439/2439/2144 2441/2441/2144 2440/2440/2109
f 2440/2440/2109 2441/2441/2144 2442/2442/2109
f 2441/2441/2144 2443/2443/2144 2442/2442/2109
f 2442/2442/2109 2443/2443/2144 2444/2444/2109
f 2443/2443/2144 2445/2445/2145 2444/2444/2109
f 2444/2444/2109 2445/2445/2145 2446/2446/2109
f 2445/2445/2145 2443/2443/2144 2447/2447/2146
f 2447/2447/2146 2443/2443/2144 2448/2448/2146
f 2443/2443/2144 2441/2441/2144 2448/2448/2146
f 2448/2448/2146 2441/2441/2144 2449/2449/2146
f 2441/2441/2144 2439/2439/2144 2449/2449/2146
f 2449/2449/2146 2439/2439/2144 2450/2450/2146
f 2439/2439/2144 2436/2436/2144 2450/2450/2146
f 2450/2450/2146 2436/2436/2144 2451/2451/2147
f 2436/2436/2144 2435/2435/2143 2451/2451/2147
f 2451/2451/2147 2435/2435/2143 2452/2452/2148
f 2435/2435/2143 2453/2453/2149 2452/2452/2148
f 2435/2435/2143 2454/2454/2109 2453/2453/2149
f 2453/2453/2149 2454/2454/2109 2455/2455/2109
f 2454/2454/2109 2456/2456/2109 2455/2455/2109
f 2457/2457/1794 2459/2458/1794 2458/2459/2150
f 2459/2458/1794 2460/2460/2151 2458/2459/2150
f 2458/2459/2150 2460/2460/2151 2461/2461/2152
f 2460/2460/2151 2462/2462/2153 2461/2461/2152
f 2461/2461/2152 2462/2462/2153 2463/2463/2154
f 2462/2462/2153 2464/2464/2155 2463/2463/2154
f 2463/2463/2154 2464/2464/2155 2465/2465/2156
f 2464/2464/2155 2466/2466/2157 2465/2465/2156
f 2467/2467/2157 2466/2466/2157 2468/2468/2158
f 2466/2466/2157 2464/2464/2155 2468/2468/2158
f 2468/2468/2158 2464/2464/2155 2469/2469/2159
f 2464/2464/2155 2462/2462/2153 2469/2469/2159
f 2469/2469/2159 2462/2462/2153 2470/2470/2160
f 2462/2462/2153 2460/2460/2151 2470/2470/2160
f 2470/2470/2160 2460/2460/2151 2471/2471/1794
f 2460/2460/2151 2459/2458/1794 2471/2471/1794
f 2472/2472/2161 2473/2473/2162 2474/2474/2161
f 2474/2474/2161 2473/2473/2162 2475/2475/2162
f 2473/2473/2162 2476/2476/2163 2475/2475/2162
f 2475/2475/2162 2476/2476/2163 2477/2477/2164
f 2476/2476/2163 2478/2478/2165 2477/2477/2164
f 2477/2477/2164 2478/2478/2165 2479/2479/2165
f 2478/2478/2165 2480/2480/2166 2479/2479/2165
f 2479/2479/2165 2480/2480/2166 2481/2481/2167
f 2480/2480/2166 2482/2482/2168 2481/2481/2167
f 2481/2481/2167 2482/2482/2168 2483/2483/2168
f 2482/2482/2168 2484/2484/1794 2483/2483/2168
f 2483/2483/2168 2484/2484/1794 2485/2485/1794
f 2484/2484/1794 2486/2486/2169 2485/2485/1794
f 2485/2485/1794 2486/2486/2169 2487/2487/2169
f 2486/2486/2169 2488/2488/2170 2487/2487/2169
f 2487/2487/2169 2488/2488/2170 2489/2489/2170
f 2488/2488/2170 2490/2490/2109 2489/2489/2170
f 2489/2489/2170 2490/2490/2109 2491/2491/2109
f 2490/2490/2109 2492/2492/2171 2491/2491/2109
f 2491/2491/2109 2492/2492/2171 2493/2493/2172
f 2492/2492/2171 2494/2494/2098 2493/2493/2172
f 2493/2493/2172 2494/2494/2098 2495/2495/2098
f 2494/2494/2098 2496/2496/2173 2495/2495/2098
f 2495/2495/2098 2496/2496/2173 2497/2497/2174
f 2474/2474/2161 2475/2475/2162 2498/2498/2161
f 2498/2498/2161 2475/2475/2162 2499/2499/2162
f 2475/2475/2162 2477/2477/2164 2499/2499/2162
f 2499/2499/2162 2477/2477/2164 2500/2500/2175
f 2477/2477/2164 2479/2479/2165 2500/2500/2175
f 2498/2498/2161 2499/2499/2162 2501/2501/2161
f 2501/2501/2161 2499/2499/2162 2502/2502/2176
f 2499/2499/2162 2500/2500/2175 2502/2502/2176
f 2502/2502/2176 2500/2500/2175 2503/2503/2177
f 2500/2500/2175 2479/2479/2165 2503/2503/2177
f 2503/2503/2177 2479/2479/2165 2504/2504/2165
f 2479/2479/2165 2505/2505/2178 2504/2504/2165
f 2504/2504/2165 2505/2505/2178 2506/2506/2179
f 2505/2505/2178 2507/2507/2180 2506/2506/2179
f 2506/2506/2179 2507/2507/2180 2508/2508/2181
f 2507/2507/2180 2509/2509/2151 2508/2508/2181
f 2508/2508/2181 2509/2509/2151 2510/2510/2153
f 2509/2509/2151 2511/2511/2182 2510/2510/2153
f 2510/2510/2153 2511/2511/2182 2512/2512/2183
f 2511/2511/2182 2513/2513/2184 2512/2512/2183
f 2512/2512/2183 2513/2513/2184 2514/2514/2185
f 2513/2513/2184 2515/2515/2109 2514/2514/2185
f 2514/2514/2185 2515/2515/2109 2516/2516/2186
f 2515/2515/2109 2517/2517/2187 2516/2516/2186
f 2516/2516/2186 2517/2517/2187 2518/2518/2188
f 2517/2517/2187 2519/2519/2189 2518/2518/2188
f 2518/2518/2188 2519/2519/2189 2520/2520/2190
f 2519/2519/2189 2521/2521/2191 2520/2520/2190
f 2520/2520/2190 2521/2521/2191 2522/2522/2151
f 2521/2521/2191 2523/2523/1794 2522/2522/2151
f 2522/2522/2151 2523/2523/1794 2524/2524/2192
f 2523/2523/1794 2525/2525/2193 2524/2524/2192
f 2524/2524/2192 2525/2525/2193 2526/2526/2194
f 2525/2525/2193 2527/2527/2195 2526/2526/2194
f 2526/2526/2194 2527/2527/2195 2528/2528/2196
f 2527/2527/2195 2529/2529/2197 2528/2528/2196
f 2528/2528/2196 2529/2529/2197 2506/2506/2179
f 2529/2529/2197 2504/2504/2165 2506/2506/2179
f 2496/2496/2173 2494/2494/2098 2530/2530/2174
f 2530/2530/2174 2494/2494/2098 2531/2531/2198
f 2494/2494/2098 2492/2492/2171 2531/2531/2198
f 2531/2531/2198 2492/2492/2171 2532/2532/2199
f 2492/2492/2171 2490/2490/2109 2532/2532/2199
f 2532/2532/2199 2490/2490/2109 2533/2533/2109
f 2490/2490/2109 2488/2488/2170 2533/2533/2109
f 2533/2533/2109 2488/2488/2170 2534/2534/2200
f 2488/2488/2170 2486/2486/2169 2534/2534/2200
f 2534/2534/2200 2486/2486/2169 2535/2535/2201
f 2486/2486/2169 2484/2484/1794 2535/2535/2201
f 2535/2535/2201 2484/2484/1794 2536/2536/1794
f 2484/2484/1794 2482/2482/2168 2536/2536/1794
f 2536/2536/1794 2482/2482/2168 2537/2537/2202
f 2482/2482/2168 2480/2480/2166 2537/2537/2202
f 2537/2537/2202 2480/2480/2166 2538/2538/2203
f 2480/2480/2166 2478/2478/2165 2538/2538/2203
f 2538/2538/2203 2478/2478/2165 2539/2539/2165
f 2478/2478/2165 2476/2476/2163 2539/2539/2165
f 2539/2539/2165 2476/2476/2163 2540/2540/2204
f 2476/2476/2163 2473/2473/2162 2540/2540/2204
f 2540/2540/2204 2473/2473/2162 2541/2541/2205
f 2473/2473/2162 2472/2472/2161 2541/2541/2205
f 2541/2541/2205 2472/2472/2161 2542/2542/2161
f 2543/2543/2206 2544/2544/2098 2497/2497/2174
f 2497/2497/2174 2544/2544/2098 2495/2495/2098
f 2544/2544/2098 2545/2545/2171 2495/2495/2098
f 2495/2495/2098 2545/2545/2171 2493/2493/2172
f 2545/2545/2171 2491/2491/2109 2493/2493/2172
f 2546/2546/2206 2547/2547/2207 2543/2543/2206
f 2543/2543/2206 2547/2547/2207 2544/2544/2098
f 2547/2547/2207 2548/2548/2208 2544/2544/2098
f 2544/2544/2098 2548/2548/2208 2545/2545/2171
f 2548/2548/2208 2515/2515/2109 2545/2545/2171
f 2545/2545/2171 2515/2515/2109 2491/2491/2109
f 2515/2515/2109 2513/2513/2184 2491/2491/2109
f 2491/2491/2109 2513/2513/2184 2489/2489/2170
f 2513/2513/2184 2511/2511/2182 2489/2489/2170
f 2489/2489/2170 2511/2511/2182 2487/2487/2169
f 2511/2511/2182 2509/2509/2151 2487/2487/2169
f 2487/2487/2169 2509/2509/2151 2485/2485/1794
f 2509/2509/2151 2507/2507/2180 2485/2485/1794
f 2485/2485/1794 2507/2507/2180 2483/2483/2168
f 2507/2507/2180 2505/2505/2178 2483/2483/2168
f 2483/2483/2168 2505/2505/2178 2481/2481/2167
f 2505/2505/2178 2479/2479/2165 2481/2481/2167
f 2506/2506/2179 2508/2508/2181 2528/2528/2196
f 2528/2528/2196 2508/2508/2181 2549/2549/2209
f 2508/2508/2181 2510/2510/2153 2549/2549/2209
f 2549/2549/2209 2510/2510/2153 2550/2550/2153
f 2510/2510/2153 2512/2512/2183 2550/2550/2153
f 2550/2550/2153 2512/2512/2183 2551/2551/2210
f 2512/2512/2183 2514/2514/2185 2551/2551/2210
f 2551/2551/2210 2514/2514/2185 2516/2516/2186
f 2528/2528/2196 2549/2549/2209 2526/2526/2194
f 2526/2526/2194 2549/2549/2209 2524/2524/2192
f 2549/2549/2209 2550/2550/2153 2524/2524/2192
f 2524/2524/2192 2550/2550/2153 2522/2522/2151
f 2550/2550/2153 2551/2551/2210 2522/2522/2151
f 2522/2522/2151 2551/2551/2210 2520/2520/2190
f 2551/2551/2210 2518/2518/2188 2520/2520/2190
f 2551/2551/2210 2516/2516/2186 2518/2518/2188
f 2552/2552/2211 2554/2553/2212 2553/2554/2213
f 2554/2553/2212 2555/2555/2214 2553/2554/2213
f 2553/2554/2213 2555/2555/2214 2556/2556/1794
f 2555/2555/2214 2557/2557/1794 2556/2556/1794
f 2556/2556/1794 2557/2557/1794 2558/2558/1794
f 2557/2557/1794 2559/2559/1794 2558/2558/1794
f 2558/2558/1794 2559/2559/1794 2560/2560/1794
f 2559/2559/1794 2561/2561/1794 2560/2560/1794
f 2560/2560/1794 2561/2561/1794 2562/2562/1794
f 2561/2561/1794 2563/2563/1794 2562/2562/1794
f 2564/2564/1794 2563/2563/1794 2565/2565/1794
f 2563/2563/1794 2561/2561/1794 2565/2565/1794
f 2565/2565/1794 2561/2561/1794 2566/2566/1794
f 2561/2561/1794 2559/2559/1794 2566/2566/1794
f 2566/2566/1794 2559/2559/1794 2567/2567/1794
f 2559/2559/1794 2557/2557/1794 2567/2567/1794
f 2567/2567/1794 2557/2557/1794 2568/2568/2215
f 2557/2557/1794 2555/2555/2214 2568/2568/2215
f 2568/2568/2215 2555/2555/2214 2569/2569/2216
f 2555/2555/2214 2554/2553/2212 2569/2569/2216
f 2570/2570/2217 2571/2571/2218 2572/2572/2219
f 2572/2572/2219 2571/2571/2218 2573/2573/2220
f 2571/2571/2218 2574/2574/2221 2573/2573/2220
f 2573/2573/2220 2574/2574/2221 2575/2575/2222
f 2574/2574/2221 2576/2576/2223 2575/2575/2222
f 2575/2575/2222 2576/2576/2223 2577/2577/2223
f 2576/2576/2223 2578/2578/2224 2577/2577/2223
f 2577/2577/2223 2578/2578/2224 2579/2579/2225
f 2578/2578/2224 2580/2580/2226 2579/2579/2225
f 2579/2579/2225 2580/2580/2226 2581/2581/2227
f 2580/2580/2226 2582/2582/2228 2581/2581/2227
f 2581/2581/2227 2582/2582/2228 2583/2583/2229
f 2582/2582/2228 2584/2584/2230 2583/2583/2229
f 2583/2583/2229 2584/2584/2230 2585/2585/2230
f 2584/2584/2230 2586/2586/2231 2585/2585/2230
f 2585/2585/2230 2586/2586/2231 2587/2587/2232
f 2586/2586/2231 2588/2588/2233 2587/2587/2232
f 2587/2587/2232 2588/2588/2233 2589/2589/2234
f 2588/2588/2233 2590/2590/2235 2589/2589/2234
f 2589/2589/2234 2590/2590/2235 2591/2591/2236
f 2590/2590/2235 2592/2592/2237 2591/2591/2236
f 2591/2591/2236 2592/2592/2237 2593/2593/2237
f 2592/2592/2237 2594/2594/2238 2593/2593/2237
f 2593/2593/2237 2594/2594/2238 2595/2595/2239
f 2594/2594/2238 2596/2596/2240 2595/2595/2239
f 2595/2595/2239 2596/2596/2240 2597/2597/2241
f 2596/2596/2240 2598/2598/2242 2597/2597/2241
f 2597/2597/2241 2598/2598/2242 2599/2599/2243
f 2598/2598/2242 2600/2600/2244 2599/2599/2243
f 2599/2599/2243 2600/2600/2244 2601/2601/2244
f 2600/2600/2244 2570/2570/2217 2601/2601/2244
f 2601/2601/2244 2570/2570/2217 2572/2572/2219
f 2602/2602/1935 2603/2603/1935 2604/2604/1935
f 2604/2604/1935 2603/2603/1935 2605/2605/1935
f 2603/2603/1935 2606/2606/1935 2605/2605/1935
f 2605/2605/1935 2606/2606/1935 2607/2607/1935
f 2606/2606/1935 2608/2608/1935 2607/2607/1935
f 2607/2607/1935 2608/2608/1935 2609/2609/1935
f 2608/2608/1935 2610/2610/1935 2609/2609/1935
f 2609/2609/1935 2610/2610/1935 2611/2611/1935
f 2612/2612/1935 2613/2613/1935 2611/2611/1935
f 2611/2611/1935 2613/2613/1935 2609/2609/1935
f 2613/2613/1935 2614/2614/1935 2609/2609/1935
f 2609/2609/1935 2614/2614/1935 2607/2607/1935
f 2614/2614/1935 2615/2615/1935 2607/2607/1935
f 2607/2607/1935 2615/2615/1935 2605/2605/1935
f 2615/2615/1935 2616/2616/1935 2605/2605/1935
f 2605/2605/1935 2616/2616/1935 2604/2604/1935
f 2617/2617/1935 2619/2618/1935 2618/2619/1935
f 2619/2618/1935 2620/2620/1935 2618/2619/1935
f 2618/2619/1935 2620/2620/1935 2621/2621/1935
f 2620/2620/1935 2622/2622/1935 2621/2621/1935
f 2621/2621/1935 2622/2622/1935 2623/2623/1935
f 2622/2622/1935 2624/2624/1935 2623/2623/1935
f 2623/2623/1935 2624/2624/1935 2625/2625/1935
f 2624/2624/1935 2626/2626/1935 2625/2625/1935
f 2625/2625/1935 2626/2626/1935 2627/2627/1935
f 2626/2626/1935 2628/2628/1935 2627/2627/1935
f 2629/2629/1935 2628/2628/1935 2630/2630/1935
f 2628/2628/1935 2626/2626/1935 2630/2630/1935
f 2630/2630/1935 2626/2626/1935 2631/2631/1935
f 2626/2626/1935 2624/2624/1935 2631/2631/1935
f 2631/2631/1935 2624/2624/1935 2632/2632/1935
f 2624/2624/1935 2622/2622/1935 2632/2632/1935
f 2632/2632/1935 2622/2622/1935 2633/2633/1935
f 2622/2622/1935 2620/2620/1935 2633/2633/1935
f 2633/2633/1935 2620/2620/1935 2634/2634/1935
f 2620/2620/1935 2619/2618/1935 2634/2634/1935
f 2635/2635/2245 2637/2636/2246 2636/2637/2247
f 2637/2636/2246 2638/2638/2248 2636/2637/2247
f 2636/2637/2247 2638/2638/2248 2639/2639/2249
f 2640/2640/2250 2642/2641/2251 2641/2642/2252
f 2642/2641/2251 2643/2643/2253 2641/2642/2252
f 2641/2642/2252 2643/2643/2253 2644/2644/2254
f 2643/2643/2253 2645/2645/2255 2644/2644/2254
f 2644/2644/2254 2645/2645/2255 2646/2646/2256
f 2645/2645/2255 2647/2647/2257 2646/2646/2256
f 2646/2646/2256 2647/2647/2257 2648/2648/2258
f 2647/2647/2257 2649/2649/2259 2648/2648/2258
f 2648/2648/2258 2649/2649/2259 2650/2650/2260
f 2649/2649/2259 2639/2639/2249 2650/2650/2260
f 2650/2650/2260 2639/2639/2249 2651/2651/2261
f 2639/2639/2249 2638/2638/2248 2651/2651/2261
f 2651/2651/2261 2638/2638/2248 2652/2652/2262
f 2653/2653/2263 2642/2641/2251 2640/2640/2250
f 2654/2654/2264 2642/2641/2251 2655/2655/2265
f 2642/2641/2251 2654/2654/2264 2643/2643/2253
f 2654/2654/2264 2635/2635/2245 2643/2643/2253
f 2643/2643/2253 2635/2635/2245 2645/2645/2255
f 2635/2635/2245 2636/2637/2247 2645/2645/2255
f 2645/2645/2255 2636/2637/2247 2647/2647/2257
f 2636/2637/2247 2639/2639/2249 2647/2647/2257
f 2647/2647/2257 2639/2639/2249 2649/2649/2259
f 2656/2656/2266 2658/2657/2267 2657/2658/2268
f 2656/2656/2266 2657/2658/2268 2659/2659/2269
f 2657/2658/2268 2660/2660/2270 2659/2659/2269
f 2659/2659/2269 2660/2660/2270 2661/2661/2271
f 2660/2660/2270 2662/2662/2272 2661/2661/2271
f 2661/2661/2271 2662/2662/2272 2663/2663/2273
f 2662/2662/2272 2664/2664/2274 2663/2663/2273
f 2663/2663/2273 2664/2664/2274 2665/2665/2275
f 2666/2666/2276 2668/2667/2277 2667/2668/2278
f 2668/2667/2277 2669/2669/2279 2667/2668/2278
f 2667/2668/2278 2669/2669/2279 2659/2659/2269
f 2669/2669/2279 2670/2670/2280 2659/2659/2269
f 2659/2659/2269 2670/2670/2280 2656/2656/2266
f 2661/2661/2271 2663/2663/2273 2659/2659/2269
f 2663/2663/2273 2667/2668/2278 2659/2659/2269
f 2665/2665/2275 2671/2671/2281 2663/2663/2273
f 2671/2671/2281 2666/2666/2276 2663/2663/2273
f 2663/2663/2273 2666/2666/2276 2667/2668/2278
f 2672/2672/2282 2674/2673/2283 2673/2674/2284
f 2673/2674/2284 2674/2673/2283 2675/2675/2285
f 2674/2673/2283 2676/2676/2286 2675/2675/2285
f 2675/2675/2285 2676/2676/2286 2677/2677/2287
f 2676/2676/2286 2678/2678/2288 2677/2677/2287
f 2677/2677/2287 2678/2678/2288 2679/2679/2289
f 2675/2675/2285 2652/2652/2262 2673/2674/2284
f 2652/2652/2262 2675/2675/2285 2651/2651/2261
f 2675/2675/2285 2677/2677/2287 2651/2651/2261
f 2651/2651/2261 2677/2677/2287 2650/2650/2260
f 2677/2677/2287 2679/2679/2289 2650/2650/2260
f 2650/2650/2260 2679/2679/2289 2648/2648/2258
f 2680/2680/2290 2682/2681/2291 2681/2682/2292
f 2682/2681/2291 2683/2683/2293 2681/2682/2292
f 2682/2681/2291 2684/2684/2294 2683/2683/2293
f 2684/2684/2294 2685/2685/2295 2683/2683/2293
f 2683/2683/2293 2685/2685/2295 2686/2686/2296
f 2685/2685/2295 2687/2687/2297 2686/2686/2296
f 2686/2686/2296 2687/2687/2297 2688/2688/2298
f 2687/2687/2297 2689/2689/2299 2688/2688/2298
f 2688/2688/2298 2689/2689/2299 2690/2690/2300
f 2689/2689/2299 2691/2691/2301 2690/2690/2300
f 2690/2690/2300 2691/2691/2301 2692/2692/2302
f 2691/2691/2301 2693/2693/2303 2692/2692/2302
f 2692/2692/2302 2693/2693/2303 2694/2694/2304
f 2695/2695/2305 2697/2696/2306 2696/2697/2307
f 2697/2696/2306 2694/2694/2304 2696/2697/2307
f 2696/2697/2307 2694/2694/2304 2698/2698/2308
f 2694/2694/2304 2693/2693/2303 2698/2698/2308
f 2698/2698/2308 2693/2693/2303 2699/2699/2309
f 2693/2693/2303 2700/2700/2310 2699/2699/2309
f 2699/2699/2309 2700/2700/2310 2701/2701/2311
f 2700/2700/2310 2702/2702/2312 2701/2701/2311
f 2701/2701/2311 2702/2702/2312 2703/2703/1960
f 2702/2702/2312 2704/2704/2313 2703/2703/1960
f 2703/2703/1960 2704/2704/2313 2705/2705/2081
f 2704/2704/2313 2706/2706/2314 2705/2705/2081
f 2705/2705/2081 2706/2706/2314 2707/2707/2083
f 2706/2706/2314 2708/2708/2315 2707/2707/2083
f 2707/2707/2083 2708/2708/2315 2709/2709/2316
f 2708/2708/2315 2710/2710/2317 2709/2709/2316
f 2709/2709/2316 2710/2710/2317 2711/2711/2318
f 2710/2710/2317 2712/2712/2319 2711/2711/2318
f 2711/2711/2318 2712/2712/2319 2713/2713/2320
f 2712/2712/2319 2714/2714/2321 2713/2713/2320
f 2713/2713/2320 2714/2714/2321 2715/2715/2322
f 2714/2714/2321 2716/2716/2323 2715/2715/2322
f 2715/2715/2322 2716/2716/2323 2717/2717/2324
f 2716/2716/2323 2718/2718/2325 2717/2717/2324
f 2717/2717/2324 2718/2718/2325 2719/2719/2326
f 2718/2718/2325 2682/2681/2291 2719/2719/2326
f 2719/2719/2326 2682/2681/2291 2720/2720/2327
f 2682/2681/2291 2680/2680/2290 2720/2720/2327
f 2720/2720/2327 2680/2680/2290 2721/2721/2328
f 2680/2680/2290 2722/2722/2329 2721/2721/2328
f 2721/2721/2328 2722/2722/2329 2723/2723/2330
f 2722/2722/2329 2724/2724/2331 2723/2723/2330
f 2723/2723/2330 2724/2724/2331 2725/2725/2332
f 2724/2724/2331 2726/2726/2333 2725/2725/2332
f 2725/2725/2332 2726/2726/2333 2695/2695/2305
f 2726/2726/2333 2665/2665/2275 2695/2695/2305
f 2695/2695/2305 2665/2665/2275 2697/2696/2306
f 2665/2665/2275 2664/2664/2274 2697/2696/2306
f 2697/2696/2306 2664/2664/2274 2727/2727/2334
f 2664/2664/2274 2662/2662/2272 2727/2727/2334
f 2727/2727/2334 2662/2662/2272 2653/2653/2263
f 2662/2662/2272 2660/2660/2270 2653/2653/2263
f 2653/2653/2263 2660/2660/2270 2642/2641/2251
f 2660/2660/2270 2657/2658/2268 2642/2641/2251
f 2642/2641/2251 2657/2658/2268 2655/2655/2265
f 2657/2658/2268 2658/2657/2267 2655/2655/2265
f 2655/2655/2265 2658/2657/2267 2654/2654/2264
f 2658/2657/2267 2728/2728/2335 2654/2654/2264
f 2654/2654/2264 2728/2728/2335 2635/2635/2245
f 2728/2728/2335 2729/2729/2336 2635/2635/2245
f 2635/2635/2245 2729/2729/2336 2637/2636/2246
f 2729/2729/2336 2730/2730/2337 2637/2636/2246
f 2637/2636/2246 2730/2730/2337 2638/2638/2248
f 2730/2730/2337 2731/2731/2338 2638/2638/2248
f 2638/2638/2248 2731/2731/2338 2652/2652/2262
f 2731/2731/2338 2732/2732/2339 2652/2652/2262
f 2652/2652/2262 2732/2732/2339 2673/2674/2284
f 2732/2732/2339 2733/2733/2340 2673/2674/2284
f 2673/2674/2284 2733/2733/2340 2672/2672/2282
f 2733/2733/2340 2734/2734/2341 2672/2672/2282
f 2672/2672/2282 2734/2734/2341 2668/2667/2277
f 2734/2734/2341 2735/2735/2342 2668/2667/2277
f 2668/2667/2277 2735/2735/2342 2669/2669/2279
f 2735/2735/2342 2736/2736/2343 2669/2669/2279
f 2669/2669/2279 2736/2736/2343 2670/2670/2280
f 2736/2736/2343 2737/2737/2344 2670/2670/2280
f 2670/2670/2280 2737/2737/2344 2656/2656/2266
f 2737/2737/2344 2738/2738/2345 2656/2656/2266
f 2656/2656/2266 2738/2738/2345 2658/2657/2267
f 2738/2738/2345 2739/2739/2346 2658/2657/2267
f 2658/2657/2267 2739/2739/2346 2728/2728/2335
f 2739/2739/2346 2740/2740/2347 2728/2728/2335
f 2728/2728/2335 2740/2740/2347 2729/2729/2336
f 2740/2740/2347 2741/2741/2348 2729/2729/2336
f 2729/2729/2336 2741/2741/2348 2730/2730/2337
f 2689/2689/2299 2743/2742/2349 2742/2743/2350
f 2743/2742/2349 2744/2744/2351 2742/2743/2350
f 2742/2743/2350 2744/2744/2351 2745/2745/2352
f 2744/2744/2351 2746/2746/2353 2745/2745/2352
f 2746/2746/2353 2744/2744/2351 2747/2747/2354
f 2744/2744/2351 2748/2748/2355 2747/2747/2354
f 2744/2744/2351 2749/2749/2356 2748/2748/2355
f 2749/2749/2356 2750/2750/2357 2748/2748/2355
f 2748/2748/2355 2750/2750/2357 2747/2747/2354
f 2750/2750/2357 2751/2751/2358 2747/2747/2354
f 2747/2747/2354 2751/2751/2358 2746/2746/2353
f 2751/2751/2358 2752/2752/2359 2746/2746/2353
f 2746/2746/2353 2752/2752/2359 2745/2745/2352
f 2752/2752/2359 2753/2753/2360 2745/2745/2352
f 2745/2745/2352 2753/2753/2360 2742/2743/2350
f 2753/2753/2360 2754/2754/2361 2742/2743/2350
f 2742/2743/2350 2754/2754/2361 2689/2689/2299
f 2754/2754/2361 2755/2755/2362 2689/2689/2299
f 2689/2689/2299 2755/2755/2362 2691/2691/2301
f 2755/2755/2362 2756/2756/2363 2691/2691/2301
f 2691/2691/2301 2756/2756/2363 2693/2693/2303
f 2756/2756/2363 2708/2708/2315 2693/2693/2303
f 2693/2693/2303 2708/2708/2315 2700/2700/2310
f 2708/2708/2315 2706/2706/2314 2700/2700/2310
f 2700/2700/2310 2706/2706/2314 2702/2702/2312
f 2706/2706/2314 2704/2704/2313 2702/2702/2312
f 2698/2698/2308 2699/2699/2309 2757/2757/2364
f 2699/2699/2309 2701/2701/2311 2757/2757/2364
f 2757/2757/2364 2701/2701/2311 2758/2758/2365
f 2701/2701/2311 2703/2703/1960 2758/2758/2365
f 2696/2697/2307 2698/2698/2308 2759/2759/2366
f 2698/2698/2308 2757/2757/2364 2759/2759/2366
f 2759/2759/2366 2757/2757/2364 2760/2760/2367
f 2757/2757/2364 2758/2758/2365 2760/2760/2367
f 2760/2760/2367 2758/2758/2365 2761/2761/2368
f 2758/2758/2365 2703/2703/1960 2761/2761/2368
f 2761/2761/2368 2703/2703/1960 2762/2762/2369
f 2703/2703/1960 2763/2763/2370 2762/2762/2369
f 2762/2762/2369 2763/2763/2370 2764/2764/2371
f 2763/2763/2370 2765/2765/2372 2764/2764/2371
f 2764/2764/2371 2765/2765/2372 2766/2766/2373
f 2765/2765/2372 2767/2767/2374 2766/2766/2373
f 2766/2766/2373 2767/2767/2374 2768/2768/2375
f 2723/2723/2330 2725/2725/2332 2769/2769/2376
f 2726/2726/2333 2671/2671/2281 2665/2665/2275
f 2749/2749/2356 2682/2681/2291 2750/2750/2357
f 2682/2681/2291 2718/2718/2325 2750/2750/2357
f 2750/2750/2357 2718/2718/2325 2751/2751/2358
f 2718/2718/2325 2716/2716/2323 2751/2751/2358
f 2751/2751/2358 2716/2716/2323 2752/2752/2359
f 2716/2716/2323 2714/2714/2321 2752/2752/2359
f 2752/2752/2359 2714/2714/2321 2753/2753/2360
f 2714/2714/2321 2712/2712/2319 2753/2753/2360
f 2753/2753/2360 2712/2712/2319 2754/2754/2361
f 2712/2712/2319 2710/2710/2317 2754/2754/2361
f 2754/2754/2361 2710/2710/2317 2755/2755/2362
f 2710/2710/2317 2708/2708/2315 2755/2755/2362
f 2755/2755/2362 2708/2708/2315 2756/2756/2363
f 2711/2711/2318 2713/2713/2320 2770/2770/2377
f 2713/2713/2320 2771/2771/2378 2770/2770/2377
f 2770/2770/2377 2771/2771/2378 2772/2772/2379
f 2771/2771/2378 2773/2773/2380 2772/2772/2379
f 2709/2709/2316 2711/2711/2318 2707/2707/2083
f 2711/2711/2318 2770/2770/2377 2707/2707/2083
f 2707/2707/2083 2770/2770/2377 2705/2705/2081
f 2770/2770/2377 2772/2772/2379 2705/2705/2081
f 2705/2705/2081 2772/2772/2379 2703/2703/1960
f 2772/2772/2379 2773/2773/2380 2703/2703/1960
f 2759/2759/2366 2760/2760/2367 2774/2774/2381
f 2760/2760/2367 2764/2764/2371 2774/2774/2381
f 2774/2774/2381 2764/2764/2371 2766/2766/2373
f 2715/2715/2322 2717/2717/2324 2775/2775/2382
f 2717/2717/2324 2776/2776/2383 2775/2775/2382
f 2775/2775/2382 2776/2776/2383 2777/2777/2384
f 2776/2776/2383 2778/2778/2385 2777/2777/2384
f 2713/2713/2320 2715/2715/2322 2771/2771/2378
f 2715/2715/2322 2775/2775/2382 2771/2771/2378
f 2771/2771/2378 2775/2775/2382 2773/2773/2380
f 2775/2775/2382 2777/2777/2384 2773/2773/2380
f 2773/2773/2380 2777/2777/2384 2703/2703/1960
f 2777/2777/2384 2778/2778/2385 2703/2703/1960
f 2703/2703/1960 2778/2778/2385 2763/2763/2370
f 2778/2778/2385 2776/2776/2383 2763/2763/2370
f 2763/2763/2370 2776/2776/2383 2765/2765/2372
f 2776/2776/2383 2717/2717/2324 2765/2765/2372
f 2765/2765/2372 2717/2717/2324 2767/2767/2374
f 2717/2717/2324 2719/2719/2326 2767/2767/2374
f 2767/2767/2374 2719/2719/2326 2768/2768/2375
f 2719/2719/2326 2720/2720/2327 2768/2768/2375
f 2768/2768/2375 2720/2720/2327 2766/2766/2373
f 2720/2720/2327 2721/2721/2328 2766/2766/2373
f 2766/2766/2373 2721/2721/2328 2774/2774/2381
f 2721/2721/2328 2723/2723/2330 2774/2774/2381
f 2774/2774/2381 2723/2723/2330 2759/2759/2366
f 2723/2723/2330 2769/2769/2376 2759/2759/2366
f 2759/2759/2366 2769/2769/2376 2696/2697/2307
f 2769/2769/2376 2725/2725/2332 2696/2697/2307
f 2696/2697/2307 2725/2725/2332 2695/2695/2305
f 2764/2764/2371 2760/2760/2367 2762/2762/2369
f 2760/2760/2367 2761/2761/2368 2762/2762/2369
f 2694/2694/2304 2697/2696/2306 2692/2692/2302
f 2697/2696/2306 2727/2727/2334 2692/2692/2302
f 2692/2692/2302 2727/2727/2334 2690/2690/2300
f 2727/2727/2334 2653/2653/2263 2690/2690/2300
f 2690/2690/2300 2653/2653/2263 2688/2688/2298
f 2653/2653/2263 2640/2640/2250 2688/2688/2298
f 2688/2688/2298 2640/2640/2250 2686/2686/2296
f 2640/2640/2250 2641/2642/2252 2686/2686/2296
f 2686/2686/2296 2641/2642/2252 2683/2683/2293
f 2641/2642/2252 2644/2644/2254 2683/2683/2293
f 2683/2683/2293 2644/2644/2254 2681/2682/2292
f 2644/2644/2254 2646/2646/2256 2681/2682/2292
f 2681/2682/2292 2646/2646/2256 2680/2680/2290
f 2646/2646/2256 2648/2648/2258 2680/2680/2290
f 2680/2680/2290 2648/2648/2258 2722/2722/2329
f 2648/2648/2258 2679/2679/2289 2722/2722/2329
f 2722/2722/2329 2679/2679/2289 2724/2724/2331
f 2679/2679/2289 2678/2678/2288 2724/2724/2331
f 2724/2724/2331 2678/2678/2288 2726/2726/2333
f 2678/2678/2288 2676/2676/2286 2726/2726/2333
f 2726/2726/2333 2676/2676/2286 2671/2671/2281
f 2676/2676/2286 2674/2673/2283 2671/2671/2281
f 2671/2671/2281 2674/2673/2283 2666/2666/2276
f 2674/2673/2283 2672/2672/2282 2666/2666/2276
f 2666/2666/2276 2672/2672/2282 2668/2667/2277
f 2779/2779/2386 2781/2780/2387 2780/2781/2102
f 2781/2780/2387 2782/2782/2102 2780/2781/2102
f 2780/2781/2102 2782/2782/2102 2783/2783/2388
f 2782/2782/2102 2784/2784/2389 2783/2783/2388
f 2785/2785/2390 2787/2786/2391 2786/2787/2392
f 2787/2786/2391 2788/2788/2392 2786/2787/2392
f 2786/2787/2392 2788/2788/2392 2789/2789/2392
f 2788/2788/2392 2790/2790/2392 2789/2789/2392
f 2789/2789/2392 2790/2790/2392 2784/2784/2389
f 2790/2790/2392 2791/2791/2393 2784/2784/2389
f 2784/2784/2389 2791/2791/2393 2783/2783/2388
f 2791/2791/2393 2792/2792/2098 2783/2783/2388
f 2783/2783/2388 2792/2792/2098 2793/2793/2098
f 2792/2792/2098 2794/2794/2098 2793/2793/2098
f 2793/2793/2098 2794/2794/2098 2795/2795/2098
f 2794/2794/2098 2796/2796/2098 2795/2795/2098
f 2795/2795/2098 2796/2796/2098 2797/2797/2098
f 2796/2796/2098 2798/2798/2098 2797/2797/2098
f 2797/2797/2098 2798/2798/2098 2799/2799/2098
f 2798/2798/2098 2800/2800/2098 2799/2799/2098
f 2799/2799/2098 2800/2800/2098 2801/2801/2098
f 2800/2800/2098 2802/2802/2098 2801/2801/2098
f 2801/2801/2098 2802/2802/2098 2803/2803/2098
f 2802/2802/2098 2804/2804/2098 2803/2803/2098
f 2803/2803/2098 2804/2804/2098 2805/2805/2098
f 2804/2804/2098 2806/2806/2098 2805/2805/2098
f 2805/2805/2098 2806/2806/2098 2807/2807/2098
f 2808/2808/2394 2810/2809/2395 2809/2810/2396
f 2810/2809/2395 2811/2811/2397 2809/2810/2396
f 2812/2812/2398 2814/2813/2398 2813/2814/2398
f 2814/2813/2398 2815/2815/2398 2813/2814/2398
f 2813/2814/2398 2815/2815/2398 2816/2816/2398
f 2815/2815/2398 2817/2817/2398 2816/2816/2398
f 2816/2816/2398 2817/2817/2398 2818/2818/2398
f 2817/2817/2398 2819/2819/2398 2818/2818/2398
f 2818/2818/2398 2819/2819/2398 2820/2820/2398
f 2819/2819/2398 2821/2821/2398 2820/2820/2398
f 2820/2820/2398 2821/2821/2398 2822/2822/2398
f 2821/2821/2398 2823/2823/2398 2822/2822/2398
f 2822/2822/2398 2823/2823/2398 2824/2824/2398
f 2823/2823/2398 2825/2825/2398 2824/2824/2398
f 2824/2824/2398 2825/2825/2398 2826/2826/2399
f 2825/2825/2398 2827/2827/2400 2826/2826/2399
f 2826/2826/2399 2827/2827/2400 2828/2828/2401
f 2827/2827/2400 2829/2829/2402 2828/2828/2401
f 2828/2828/2401 2829/2829/2402 2830/2830/2403
f 2829/2829/2402 2831/2831/2404 2830/2830/2403
f 2830/2830/2403 2831/2831/2404 2808/2808/2394
f 2831/2831/2404 2832/2832/2405 2808/2808/2394
f 2808/2808/2394 2832/2832/2405 2810/2809/2395
f 2833/2833/2406 2835/2834/2406 2834/2835/2406
f 2835/2834/2406 2836/2836/2407 2834/2835/2406
f 2834/2835/2406 2836/2836/2407 2837/2837/2408
f 2836/2836/2407 2838/2838/2409 2837/2837/2408
f 2837/2837/2408 2838/2838/2409 2839/2839/2410
f 2838/2838/2409 2840/2840/2410 2839/2839/2410
f 2839/2839/2410 2840/2840/2410 2841/2841/2410
f 2840/2840/2410 2842/2842/2410 2841/2841/2410
f 2841/2841/2410 2842/2842/2410 2843/2843/2410
f 2842/2842/2410 2844/2844/2410 2843/2843/2410
f 2843/2843/2410 2844/2844/2410 2845/2845/2410
f 2844/2844/2410 2846/2846/2410 2845/2845/2410
f 2845/2845/2410 2846/2846/2410 2847/2847/2411
f 2846/2846/2410 2848/2848/2412 2847/2847/2411
f 2847/2847/2411 2848/2848/2412 2849/2849/2413
f 2848/2848/2412 2850/2850/2414 2849/2849/2413
f 2849/2849/2413 2850/2850/2414 2851/2851/2415
f 2850/2850/2414 2852/2852/2416 2851/2851/2415
f 2851/2851/2415 2852/2852/2416 2853/2853/2417
f 2852/2852/2416 2854/2854/2418 2853/2853/2417
f 2853/2853/2417 2854/2854/2418 2855/2855/2419
f 2854/2854/2418 2787/2786/2391 2855/2855/2419
f 2855/2855/2419 2787/2786/2391 2856/2856/2420
f 2787/2786/2391 2785/2785/2390 2856/2856/2420
f 2856/2856/2420 2785/2785/2390 2857/2857/2116
f 2785/2785/2390 2858/2858/2116 2857/2857/2116
f 2857/2857/2116 2858/2858/2116 2811/2811/2397
f 2858/2858/2116 2859/2859/2421 2811/2811/2397
f 2811/2811/2397 2859/2859/2421 2809/2810/2396
f 2859/2859/2421 2860/2860/2422 2809/2810/2396
f 2809/2810/2396 2860/2860/2422 2861/2861/2423
f 2860/2860/2422 2862/2862/2424 2861/2861/2423
f 2861/2861/2423 2862/2862/2424 2863/2863/2165
f 2862/2862/2424 2781/2780/2387 2863/2863/2165
f 2863/2863/2165 2781/2780/2387 2864/2864/2425
f 2781/2780/2387 2779/2779/2386 2864/2864/2425
f 2864/2864/2425 2779/2779/2386 2865/2865/2138
f 2779/2779/2386 2866/2866/2138 2865/2865/2138
f 2865/2865/2138 2866/2866/2138 2867/2867/2138
f 2866/2866/2138 2868/2868/2138 2867/2867/2138
f 2867/2867/2138 2868/2868/2138 2869/2869/2138
f 2868/2868/2138 2870/2870/2138 2869/2869/2138
f 2869/2869/2138 2870/2870/2138 2871/2871/2138
f 2870/2870/2138 2872/2872/2138 2871/2871/2138
f 2871/2871/2138 2872/2872/2138 2873/2873/2138
f 2872/2872/2138 2874/2874/2426 2873/2873/2138
f 2873/2873/2138 2874/2874/2426 2875/2875/2427
f 2874/2874/2426 2876/2876/2428 2875/2875/2427
f 2875/2875/2427 2876/2876/2428 2877/2877/2429
f 2876/2876/2428 2878/2878/2430 2877/2877/2429
f 2877/2877/2429 2878/2878/2430 2879/2879/2138
f 2878/2878/2430 2880/2880/2138 2879/2879/2138
f 2879/2879/2138 2880/2880/2138 2881/2881/2138
f 2880/2880/2138 2882/2882/2138 2881/2881/2138
f 2881/2881/2138 2882/2882/2138 2883/2883/2138
f 2882/2882/2138 2884/2884/2138 2883/2883/2138
f 2885/2885/2431 2887/2886/2431 2886/2887/2431
f 2887/2886/2431 2888/2888/2431 2886/2887/2431
f 2886/2887/2431 2888/2888/2431 2889/2889/2432
f 2888/2888/2431 2890/2890/2433 2889/2889/2432
f 2889/2889/2432 2890/2890/2433 2891/2891/2434
f 2890/2890/2433 2892/2892/2165 2891/2891/2434
f 2891/2891/2434 2892/2892/2165 2893/2893/2165
f 2892/2892/2165 2894/2894/2165 2893/2893/2165
f 2893/2893/2165 2894/2894/2165 2895/2895/2165
f 2894/2894/2165 2896/2896/2165 2895/2895/2165
f 2895/2895/2165 2896/2896/2165 2897/2897/2165
f 2896/2896/2165 2898/2898/2165 2897/2897/2165
f 2897/2897/2165 2898/2898/2165 2899/2899/2165
f 2898/2898/2165 2900/2900/2165 2899/2899/2165
f 2899/2899/2165 2900/2900/2165 2901/2901/2165
f 2900/2900/2165 2902/2902/2165 2901/2901/2165
f 2901/2901/2165 2902/2902/2165 2903/2903/2165
f 2902/2902/2165 2904/2904/2165 2903/2903/2165
f 2903/2903/2165 2904/2904/2165 2905/2905/2165
f 2904/2904/2165 2906/2906/2165 2905/2905/2165
f 2905/2905/2165 2906/2906/2165 2907/2907/2165
f 2906/2906/2165 2908/2908/2165 2907/2907/2165
f 2907/2907/2165 2908/2908/2165 2909/2909/2165
f 2908/2908/2165 2910/2910/2165 2909/2909/2165
f 2909/2909/2165 2910/2910/2165 2911/2911/2165
f 2890/2890/2433 2912/2912/2165 2892/2892/2165
f 2912/2912/2165 2913/2913/2165 2892/2892/2165
f 2892/2892/2165 2913/2913/2165 2894/2894/2165
f 2913/2913/2165 2914/2914/2165 2894/2894/2165
f 2894/2894/2165 2914/2914/2165 2896/2896/2165
f 2914/2914/2165 2915/2915/2165 2896/2896/2165
f 2896/2896/2165 2915/2915/2165 2898/2898/2165
f 2915/2915/2165 2916/2916/2165 2898/2898/2165
f 2898/2898/2165 2916/2916/2165 2900/2900/2165
f 2916/2916/2165 2917/2917/2165 2900/2900/2165
f 2900/2900/2165 2917/2917/2165 2902/2902/2165
f 2917/2917/2165 2918/2918/2165 2902/2902/2165
f 2902/2902/2165 2918/2918/2165 2904/2904/2165
f 2918/2918/2165 2919/2919/2165 2904/2904/2165
f 2904/2904/2165 2919/2919/2165 2906/2906/2165
f 2919/2919/2165 2920/2920/2165 2906/2906/2165
f 2906/2906/2165 2920/2920/2165 2908/2908/2165
f 2920/2920/2165 2921/2921/2165 2908/2908/2165
f 2908/2908/2165 2921/2921/2165 2910/2910/2165
f 2921/2921/2165 2922/2922/2165 2910/2910/2165
f 2923/2923/2435 2925/2924/2436 2924/2925/2437
f 2925/2924/2436 2926/2926/2438 2924/2925/2437
f 2924/2925/2437 2926/2926/2438 2927/2927/2439
f 2924/2925/2437 2927/2927/2439 2928/2928/2440
f 2929/2929/1960 2930/2930/1960 2931/2931/1960
f 2931/2931/1960 2930/2930/1960 2932/2932/1960
f 2930/2930/1960 2933/2933/1960 2932/2932/1960
f 2932/2932/1960 2933/2933/1960 2934/2934/1960
f 2933/2933/1960 2935/2935/1960 2934/2934/1960
f 2934/2934/1960 2935/2935/1960 2936/2936/1960
f 2935/2935/1960 2937/2937/1960 2936/2936/1960
f 2936/2936/1960 2937/2937/1960 2938/2938/1960
f 2937/2937/1960 2939/2939/1960 2938/2938/1960
f 2929/2929/1960 2940/2940/1960 2930/2930/1960
f 2930/2930/1960 2940/2940/1960 2941/2941/1960
f 2940/2940/1960 2942/2942/1960 2941/2941/1960
f 2941/2941/1960 2942/2942/1960 2943/2943/1960
f 2944/2944/1960 2945/2945/1960 2946/2946/1960
f 2946/2946/1960 2945/2945/1960 2947/2947/1960
f 2945/2945/1960 2948/2948/1960 2947/2947/1960
f 2947/2947/1960 2948/2948/1960 2949/2949/1960
f 2948/2948/1960 2950/2950/1960 2949/2949/1960
f 2949/2949/1960 2950/2950/1960 2951/2951/1960
f 2950/2950/1960 2943/2943/1960 2951/2951/1960
f 2951/2951/1960 2943/2943/1960 2952/2952/1960
f 2943/2943/1960 2942/2942/1960 2952/2952/1960
f 2944/2944/1960 2953/2953/1960 2945/2945/1960
f 2945/2945/1960 2953/2953/1960 2954/2954/1960
f 2953/2953/1960 2939/2939/1960 2954/2954/1960
f 2954/2954/1960 2939/2939/1960 2937/2937/1960
f 2955/2955/2165 2956/2956/2165 2957/2957/2441
f 2957/2957/2441 2956/2956/2165 2958/2958/2442
f 2956/2956/2165 2959/2959/2165 2958/2958/2442
f 2958/2958/2442 2959/2959/2165 2960/2960/2443
f 2959/2959/2165 2961/2961/2165 2960/2960/2443
f 2960/2960/2443 2961/2961/2165 2962/2962/2443
f 2961/2961/2165 2963/2963/2165 2962/2962/2443
f 2962/2962/2443 2963/2963/2165 2964/2964/2443
f 2963/2963/2165 2965/2965/2165 2964/2964/2443
f 2964/2964/2443 2965/2965/2165 2966/2966/2443
f 2965/2965/2165 2967/2967/2165 2966/2966/2443
f 2966/2966/2443 2967/2967/2165 2968/2968/2443
f 2967/2967/2165 2969/2969/2165 2968/2968/2443
f 2968/2968/2443 2969/2969/2165 2970/2970/2444
f 2969/2969/2165 2971/2971/2165 2970/2970/2444
f 2970/2970/2444 2971/2971/2165 2972/2972/2165
f 2973/2973/2165 2974/2974/2165 2975/2975/2165
f 2975/2975/2165 2974/2974/2165 2976/2976/2445
f 2974/2974/2165 2957/2957/2441 2976/2976/2445
f 2976/2976/2445 2957/2957/2441 2977/2977/2446
f 2957/2957/2441 2958/2958/2442 2977/2977/2446
f 2977/2977/2446 2958/2958/2442 2978/2978/2447
f 2958/2958/2442 2960/2960/2443 2978/2978/2447
f 2978/2978/2447 2960/2960/2443 2979/2979/2448
f 2960/2960/2443 2962/2962/2443 2979/2979/2448
f 2979/2979/2448 2962/2962/2443 2980/2980/2448
f 2962/2962/2443 2964/2964/2443 2980/2980/2448
f 2980/2980/2448 2964/2964/2443 2981/2981/2448
f 2964/2964/2443 2966/2966/2443 2981/2981/2448
f 2981/2981/2448 2966/2966/2443 2982/2982/2448
f 2966/2966/2443 2968/2968/2443 2982/2982/2448
f 2982/2982/2448 2968/2968/2443 2983/2983/2449
f 2968/2968/2443 2970/2970/2444 2983/2983/2449
f 2983/2983/2449 2970/2970/2444 2984/2984/2450
f 2970/2970/2444 2972/2972/2165 2984/2984/2450
f 2984/2984/2450 2972/2972/2165 2985/2985/2165
f 2986/2986/1794 2988/2987/1794 2987/2988/2151
f 2988/2987/1794 2989/2989/2451 2987/2988/2151
f 2987/2988/2151 2989/2989/2451 2990/2990/2153
f 2989/2989/2451 2991/2991/2452 2990/2990/2153
f 2990/2990/2153 2991/2991/2452 2992/2992/2155
f 2991/2991/2452 2993/2993/2453 2992/2992/2155
f 2992/2992/2155 2993/2993/2453 2994/2994/2157
f 2993/2993/2453 2995/2995/2454 2994/2994/2157
f 2996/2996/1794 2986/2986/1794 2997/2997/2455
f 2986/2986/1794 2987/2988/2151 2997/2997/2455
f 2997/2997/2455 2987/2988/2151 2998/2998/2456
f 2987/2988/2151 2990/2990/2153 2998/2998/2456
f 2998/2998/2456 2990/2990/2153 2999/2999/2457
f 2990/2990/2153 2992/2992/2155 2999/2999/2457
f 2999/2999/2457 2992/2992/2155 3000/3000/2458
f 2992/2992/2155 2994/2994/2157 3000/3000/2458
f 3001/3001/2198 3002/3002/2459 3003/3003/2460
f 3003/3003/2460 3002/3002/2459 3004/3004/2460
f 3002/3002/2459 3005/3005/2459 3004/3004/2460
f 3004/3004/2460 3005/3005/2459 3006/3006/2460
f 3005/3005/2459 3007/3007/2459 3006/3006/2460
f 3006/3006/2460 3007/3007/2459 3008/3008/2461
f 3007/3007/2459 3009/3009/2462 3008/3008/2461
f 3008/3008/2461 3009/3009/2462 3010/3010/2463
f 3009/3009/2462 3011/3011/2464 3010/3010/2463
f 3010/3010/2463 3011/3011/2464 3012/3012/2465
f 3011/3011/2464 3013/3013/2466 3012/3012/2465
f 3012/3012/2465 3013/3013/2466 3014/3014/2244
f 3013/3013/2466 3015/3015/2467 3014/3014/2244
f 3014/3014/2244 3015/3015/2467 3016/3016/2468
f 3015/3015/2467 3017/3017/2469 3016/3016/2468
f 3016/3016/2468 3017/3017/2469 3018/3018/2470
f 3017/3017/2469 3019/3019/2471 3018/3018/2470
f 3018/3018/2470 3019/3019/2471 3020/3020/2472
f 3019/3019/2471 3021/3021/2473 3020/3020/2472
f 3020/3020/2472 3021/3021/2473 3022/3022/2138
f 3021/3021/2473 3023/3023/2163 3022/3022/2138
f 3022/3022/2138 3023/3023/2163 3024/3024/2138
f 3023/3023/2163 3025/3025/2163 3024/3024/2138
f 3024/3024/2138 3025/3025/2163 3026/3026/2138
f 3025/3025/2163 3027/3027/2163 3026/3026/2138
f 3026/3026/2138 3027/3027/2163 3028/3028/2138
f 3027/3027/2163 3029/3029/2163 3028/3028/2138
f 3028/3028/2138 3029/3029/2163 3030/3030/2138
f 3029/3029/2163 3031/3031/2163 3030/3030/2138
f 3030/3030/2138 3031/3031/2163 3032/3032/2138
f 3031/3031/2163 3033/3033/2163 3032/3032/2138
f 3034/3034/2171 3035/3035/2474 3001/3001/2198
f 3001/3001/2198 3035/3035/2474 3002/3002/2459
f 3035/3035/2474 3036/3036/2171 3002/3002/2459
f 3002/3002/2459 3036/3036/2171 3005/3005/2459
f 3036/3036/2171 3037/3037/2475 3005/3005/2459
f 3005/3005/2459 3037/3037/2475 3007/3007/2459
f 3037/3037/2475 3038/3038/2476 3007/3007/2459
f 3007/3007/2459 3038/3038/2476 3009/3009/2462
f 3038/3038/2476 3039/3039/2477 3009/3009/2462
f 3009/3009/2462 3039/3039/2477 3011/3011/2464
f 3039/3039/2477 3013/3013/2466 3011/3011/2464
f 3040/3040/2201 3041/3041/2169 3042/3042/2478
f 3042/3042/2478 3041/3041/2169 3043/3043/2170
f 3041/3041/2169 3044/3044/2169 3043/3043/2170
f 3043/3043/2170 3044/3044/2169 3045/3045/2170
f 3044/3044/2169 3046/3046/2169 3045/3045/2170
f 3045/3045/2170 3046/3046/2169 3047/3047/2170
f 3046/3046/2169 3048/3048/2479 3047/3047/2170
f 3047/3047/2170 3048/3048/2479 3049/3049/2480
f 3048/3048/2479 3050/3050/2481 3049/3049/2480
f 3049/3049/2480 3050/3050/2481 3051/3051/2482
f 3052/3052/1794 3053/3053/1794 3040/3040/2201
f 3040/3040/2201 3053/3053/1794 3041/3041/2169
f 3053/3053/1794 3054/3054/1794 3041/3041/2169
f 3041/3041/2169 3054/3054/1794 3044/3044/2169
f 3054/3054/1794 3055/3055/1794 3044/3044/2169
f 3044/3044/2169 3055/3055/1794 3046/3046/2169
f 3055/3055/1794 3056/3056/2214 3046/3046/2169
f 3046/3046/2169 3056/3056/2214 3048/3048/2479
f 3056/3056/2214 3057/3057/2230 3048/3048/2479
f 3048/3048/2479 3057/3057/2230 3050/3050/2481
f 3058/3058/2483 3059/3059/2484 3042/3042/2478
f 3042/3042/2478 3059/3059/2484 3040/3040/2201
f 3059/3059/2484 3060/3060/2151 3040/3040/2201
f 3040/3040/2201 3060/3060/2151 3052/3052/1794
f 3060/3060/2151 3061/3061/2485 3052/3052/1794
f 3052/3052/1794 3061/3061/2485 3062/3062/2486
f 3061/3061/2485 3063/3063/2487 3062/3062/2486
f 3062/3062/2486 3063/3063/2487 3064/3064/2166
f 3063/3063/2487 3065/3065/2165 3064/3064/2166
f 3064/3064/2166 3065/3065/2165 3066/3066/2166
f 3065/3065/2165 3067/3067/2165 3066/3066/2166
f 3066/3066/2166 3067/3067/2165 3068/3068/2166
f 3067/3067/2165 3069/3069/2165 3068/3068/2166
f 3068/3068/2166 3069/3069/2165 3070/3070/2166
f 3069/3069/2165 3071/3071/2165 3070/3070/2166
f 3070/3070/2166 3071/3071/2165 3072/3072/2488
f 3071/3071/2165 3073/3073/2489 3072/3072/2488
f 3072/3072/2488 3073/3073/2489 3074/3074/2490
f 3073/3073/2489 3075/3075/2237 3074/3074/2490
f 3074/3074/2490 3075/3075/2237 3076/3076/2491
f 3075/3075/2237 3077/3077/2492 3076/3076/2491
f 3076/3076/2491 3077/3077/2492 3078/3078/2155
f 3077/3077/2492 3079/3079/1960 3078/3078/2155
f 3078/3078/2155 3079/3079/1960 3080/3080/2493
f 3079/3079/1960 3081/3081/2494 3080/3080/2493
f 3080/3080/2493 3081/3081/2494 3051/3051/2482
f 3081/3081/2494 3082/3082/2495 3051/3051/2482
f 3051/3051/2482 3082/3082/2495 3049/3049/2480
f 3082/3082/2495 3083/3083/2496 3049/3049/2480
f 3049/3049/2480 3083/3083/2496 3047/3047/2170
f 3083/3083/2496 3084/3084/2109 3047/3047/2170
f 3047/3047/2170 3084/3084/2109 3045/3045/2170
f 3084/3084/2109 3085/3085/2109 3045/3045/2170
f 3045/3045/2170 3085/3085/2109 3043/3043/2170
f 3085/3085/2109 3086/3086/2109 3043/3043/2170
f 3043/3043/2170 3086/3086/2109 3042/3042/2478
f 3086/3086/2109 3087/3087/2109 3042/3042/2478
f 3042/3042/2478 3087/3087/2109 3058/3058/2483
f 3087/3087/2109 3088/3088/2109 3058/3058/2483
f 3058/3058/2483 3088/3088/2109 3089/3089/2497
f 3088/3088/2109 3090/3090/2498 3089/3089/2497
f 3089/3089/2497 3090/3090/2498 3091/3091/2499
f 3090/3090/2498 3092/3092/2500 3091/3091/2499
f 3091/3091/2499 3092/3092/2500 3093/3093/2501
f 3092/3092/2500 3094/3094/2502 3093/3093/2501
f 3093/3093/2501 3094/3094/2502 3095/3095/2503
f 3094/3094/2502 3096/3096/1794 3095/3095/2503
f 3095/3095/2503 3096/3096/1794 3097/3097/2151
f 3096/3096/1794 3098/3098/2504 3097/3097/2151
f 3097/3097/2151 3098/3098/2504 3099/3099/2505
f 3098/3098/2504 3100/3100/2506 3099/3099/2505
f 3099/3099/2505 3100/3100/2506 3101/3101/2507
f 3100/3100/2506 3102/3102/2508 3101/3101/2507
f 3101/3101/2507 3102/3102/2508 3103/3103/2509
f 3102/3102/2508 3104/3104/2165 3103/3103/2509
f 3103/3103/2509 3104/3104/2165 3105/3105/2510
f 3104/3104/2165 3063/3063/2487 3105/3105/2510
f 3105/3105/2510 3063/3063/2487 3106/3106/2511
f 3063/3063/2487 3061/3061/2485 3106/3106/2511
f 3106/3106/2511 3061/3061/2485 3107/3107/2153
f 3061/3061/2485 3060/3060/2151 3107/3107/2153
f 3107/3107/2153 3060/3060/2151 3108/3108/2512
f 3060/3060/2151 3059/3059/2484 3108/3108/2512
f 3108/3108/2512 3059/3059/2484 3089/3089/2497
f 3059/3059/2484 3058/3058/2483 3089/3089/2497
f 3087/3087/2109 3109/3109/2475 3088/3088/2109
f 3088/3088/2109 3109/3109/2475 3110/3110/2208
f 3109/3109/2475 3111/3111/2459 3110/3110/2208
f 3110/3110/2208 3111/3111/2459 3112/3112/2513
f 3111/3111/2459 3113/3113/2460 3112/3112/2513
f 3112/3112/2513 3113/3113/2460 3114/3114/2460
f 3113/3113/2460 3111/3111/2459 3003/3003/2460
f 3003/3003/2460 3111/3111/2459 3001/3001/2198
f 3111/3111/2459 3109/3109/2475 3001/3001/2198
f 3001/3001/2198 3109/3109/2475 3034/3034/2171
f 3109/3109/2475 3087/3087/2109 3034/3034/2171
f 3034/3034/2171 3087/3087/2109 3035/3035/2474
f 3087/3087/2109 3086/3086/2109 3035/3035/2474
f 3035/3035/2474 3086/3086/2109 3036/3036/2171
f 3086/3086/2109 3085/3085/2109 3036/3036/2171
f 3036/3036/2171 3085/3085/2109 3037/3037/2475
f 3085/3085/2109 3084/3084/2109 3037/3037/2475
f 3037/3037/2475 3084/3084/2109 3038/3038/2476
f 3084/3084/2109 3083/3083/2496 3038/3038/2476
f 3038/3038/2476 3083/3083/2496 3039/3039/2477
f 3083/3083/2496 3082/3082/2495 3039/3039/2477
f 3039/3039/2477 3082/3082/2495 3013/3013/2466
f 3082/3082/2495 3081/3081/2494 3013/3013/2466
f 3013/3013/2466 3081/3081/2494 3015/3015/2467
f 3081/3081/2494 3079/3079/1960 3015/3015/2467
f 3015/3015/2467 3079/3079/1960 3017/3017/2469
f 3079/3079/1960 3077/3077/2492 3017/3017/2469
f 3017/3017/2469 3077/3077/2492 3019/3019/2471
f 3077/3077/2492 3075/3075/2237 3019/3019/2471
f 3019/3019/2471 3075/3075/2237 3021/3021/2473
f 3075/3075/2237 3073/3073/2489 3021/3021/2473
f 3021/3021/2473 3073/3073/2489 3023/3023/2163
f 3073/3073/2489 3071/3071/2165 3023/3023/2163
f 3023/3023/2163 3071/3071/2165 3025/3025/2163
f 3071/3071/2165 3069/3069/2165 3025/3025/2163
f 3025/3025/2163 3069/3069/2165 3027/3027/2163
f 3069/3069/2165 3067/3067/2165 3027/3027/2163
f 3027/3027/2163 3067/3067/2165 3029/3029/2163
f 3067/3067/2165 3065/3065/2165 3029/3029/2163
f 3029/3029/2163 3065/3065/2165 3031/3031/2163
f 3065/3065/2165 3104/3104/2165 3031/3031/2163
f 3031/3031/2163 3104/3104/2165 3033/3033/2163
f 3105/3105/2510 3106/3106/2511 3103/3103/2509
f 3103/3103/2509 3106/3106/2511 3115/3115/2209
f 3106/3106/2511 3107/3107/2153 3115/3115/2209
f 3115/3115/2209 3107/3107/2153 3116/3116/2153
f 3107/3107/2153 3108/3108/2512 3116/3116/2153
f 3116/3116/2153 3108/3108/2512 3117/3117/2210
f 3108/3108/2512 3089/3089/2497 3117/3117/2210
f 3117/3117/2210 3089/3089/2497 3091/3091/2499
f 3103/3103/2509 3115/3115/2209 3101/3101/2507
f 3101/3101/2507 3115/3115/2209 3099/3099/2505
f 3115/3115/2209 3116/3116/2153 3099/3099/2505
f 3099/3099/2505 3116/3116/2153 3097/3097/2151
f 3116/3116/2153 3117/3117/2210 3097/3097/2151
f 3097/3097/2151 3117/3117/2210 3095/3095/2503
f 3117/3117/2210 3093/3093/2501 3095/3095/2503
f 3065/3065/2165 3063/3063/2487 3104/3104/2165
f 3118/3118/2514 3119/3119/2514 3032/3032/2138
f 3032/3032/2138 3119/3119/2514 3030/3030/2138
f 3119/3119/2514 3120/3120/2515 3030/3030/2138
f 3030/3030/2138 3120/3120/2515 3028/3028/2138
f 3120/3120/2515 3121/3121/2515 3028/3028/2138
f 3028/3028/2138 3121/3121/2515 3026/3026/2138
f 3121/3121/2515 3122/3122/2514 3026/3026/2138
f 3026/3026/2138 3122/3122/2514 3024/3024/2138
f 3122/3122/2514 3123/3123/2516 3024/3024/2138
f 3024/3024/2138 3123/3123/2516 3022/3022/2138
f 3123/3123/2516 3124/3124/2517 3022/3022/2138
f 3022/3022/2138 3124/3124/2517 3020/3020/2472
f 3124/3124/2517 3016/3016/2468 3020/3020/2472
f 3020/3020/2472 3016/3016/2468 3018/3018/2470
f 3123/3123/2516 3125/3125/1935 3124/3124/2517
f 3124/3124/2517 3125/3125/1935 3126/3126/2518
f 3125/3125/1935 3008/3008/2461 3126/3126/2518
f 3126/3126/2518 3008/3008/2461 3010/3010/2463
f 3124/3124/2517 3126/3126/2518 3016/3016/2468
f 3016/3016/2468 3126/3126/2518 3014/3014/2244
f 3126/3126/2518 3010/3010/2463 3014/3014/2244
f 3014/3014/2244 3010/3010/2463 3012/3012/2465
f 3057/3057/2230 3056/3056/2214 3127/3127/2519
f 3127/3127/2519 3056/3056/2214 3128/3128/2520
f 3056/3056/2214 3055/3055/1794 3128/3128/2520
f 3128/3128/2520 3055/3055/1794 3129/3129/2168
f 3055/3055/1794 3054/3054/1794 3129/3129/2168
f 3129/3129/2168 3054/3054/1794 3130/3130/2168
f 3054/3054/1794 3053/3053/1794 3130/3130/2168
f 3130/3130/2168 3053/3053/1794 3131/3131/2168
f 3053/3053/1794 3052/3052/1794 3131/3131/2168
f 3131/3131/2168 3052/3052/1794 3062/3062/2486
f 3051/3051/2482 3050/3050/2481 3080/3080/2493
f 3080/3080/2493 3050/3050/2481 3078/3078/2155
f 3050/3050/2481 3057/3057/2230 3078/3078/2155
f 3078/3078/2155 3057/3057/2230 3076/3076/2491
f 3057/3057/2230 3127/3127/2519 3076/3076/2491
f 3076/3076/2491 3127/3127/2519 3074/3074/2490
f 3127/3127/2519 3128/3128/2520 3074/3074/2490
f 3074/3074/2490 3128/3128/2520 3072/3072/2488
f 3128/3128/2520 3129/3129/2168 3072/3072/2488
f 3072/3072/2488 3129/3129/2168 3070/3070/2166
f 3129/3129/2168 3130/3130/2168 3070/3070/2166
f 3070/3070/2166 3130/3130/2168 3068/3068/2166
f 3130/3130/2168 3131/3131/2168 3068/3068/2166
f 3068/3068/2166 3131/3131/2168 3066/3066/2166
f 3131/3131/2168 3062/3062/2486 3066/3066/2166
f 3066/3066/2166 3062/3062/2486 3064/3064/2166
f 3091/3091/2499 3093/3093/2501 3117/3117/2210
f 3132/3132/2216 3134/3133/2216 3133/3134/2214
f 3134/3133/2216 3135/3135/2521 3133/3134/2214
f 3133/3134/2214 3135/3135/2521 3136/3136/1794
f 3135/3135/2521 3137/3137/1794 3136/3136/1794
f 3136/3136/1794 3137/3137/1794 3138/3138/1794
f 3137/3137/1794 3139/3139/1794 3138/3138/1794
f 3138/3138/1794 3139/3139/1794 3140/3140/1794
f 3139/3139/1794 3141/3141/1794 3140/3140/1794
f 3140/3140/1794 3141/3141/1794 3142/3142/1794
f 3141/3141/1794 3143/3143/1794 3142/3142/1794
f 3142/3142/1794 3143/3143/1794 3144/3144/1794
f 3143/3143/1794 3145/3145/1794 3144/3144/1794
f 3144/3144/1794 3145/3145/1794 3146/3146/1794
f 3145/3145/1794 3147/3147/1794 3146/3146/1794
f 3146/3146/1794 3147/3147/1794 3148/3148/1794
f 3147/3147/1794 3149/3149/1794 3148/3148/1794
f 3150/3150/2522 3132/3132/2216 3151/3151/2523
f 3132/3132/2216 3133/3134/2214 3151/3151/2523
f 3151/3151/2523 3133/3134/2214 3152/3152/1794
f 3133/3134/2214 3136/3136/1794 3152/3152/1794
f 3152/3152/1794 3136/3136/1794 3153/3153/1794
f 3136/3136/1794 3138/3138/1794 3153/3153/1794
f 3153/3153/1794 3138/3138/1794 3154/3154/1794
f 3138/3138/1794 3140/3140/1794 3154/3154/1794
f 3154/3154/1794 3140/3140/1794 3155/3155/1794
f 3140/3140/1794 3142/3142/1794 3155/3155/1794
f 3155/3155/1794 3142/3142/1794 3156/3156/1794
f 3142/3142/1794 3144/3144/1794 3156/3156/1794
f 3156/3156/1794 3144/3144/1794 3157/3157/1794
f 3144/3144/1794 3146/3146/1794 3157/3157/1794
f 3157/3157/1794 3146/3146/1794 3158/3158/1794
f 3146/3146/1794 3148/3148/1794 3158/3158/1794
f 3159/3159/2240 3160/3160/2242 3161/3161/2241
f 3161/3161/2241 3160/3160/2242 3162/3162/2243
f 3160/3160/2242 3163/3163/2244 3162/3162/2243
f 3162/3162/2243 3163/3163/2244 3164/3164/2244
f 3163/3163/2244 3165/3165/2524 3164/3164/2244
f 3164/3164/2244 3165/3165/2524 3166/3166/2219
f 3165/3165/2524 3167/3167/2218 3166/3166/2219
f 3166/3166/2219 3167/3167/2218 3168/3168/2220
f 3167/3167/2218 3169/3169/2221 3168/3168/2220
f 3168/3168/2220 3169/3169/2221 3170/3170/2222
f 3169/3169/2221 3171/3171/2223 3170/3170/2222
f 3170/3170/2222 3171/3171/2223 3172/3172/2223
f 3171/3171/2223 3173/3173/2224 3172/3172/2223
f 3172/3172/2223 3173/3173/2224 3174/3174/2525
f 3173/3173/2224 3175/3175/2226 3174/3174/2525
f 3174/3174/2525 3175/3175/2226 3176/3176/2227
f 3175/3175/2226 3177/3177/2228 3176/3176/2227
f 3176/3176/2227 3177/3177/2228 3178/3178/2229
f 3177/3177/2228 3179/3179/2230 3178/3178/2229
f 3178/3178/2229 3179/3179/2230 3180/3180/2230
f 3179/3179/2230 3181/3181/2231 3180/3180/2230
f 3180/3180/2230 3181/3181/2231 3182/3182/2526
f 3181/3181/2231 3183/3183/2233 3182/3182/2526
f 3182/3182/2526 3183/3183/2233 3184/3184/2234
f 3183/3183/2233 3185/3185/2235 3184/3184/2234
f 3184/3184/2234 3185/3185/2235 3186/3186/2236
f 3185/3185/2235 3187/3187/2237 3186/3186/2236
f 3186/3186/2236 3187/3187/2237 3188/3188/2237
f 3187/3187/2237 3189/3189/2238 3188/3188/2237
f 3188/3188/2237 3189/3189/2238 3190/3190/2239
f 3189/3189/2238 3159/3159/2240 3190/3190/2239
f 3190/3190/2239 3159/3159/2240 3161/3161/2241
f 3191/3191/2527 3193/3192/2527 3192/3193/2528
f 3193/3192/2527 3194/3194/2529 3192/3193/2528
f 3192/3193/2528 3194/3194/2529 3195/3195/2530
f 3194/3194/2529 3196/3196/2531 3195/3195/2530
f 3195/3195/2530 3196/3196/2531 3197/3197/2532
f 3196/3196/2531 3198/3198/2533 3197/3197/2532
f 3193/3192/2527 3199/3199/2527 3194/3194/2529
f 3199/3199/2527 3200/3200/2529 3194/3194/2529
f 3194/3194/2529 3200/3200/2529 3196/3196/2531
f 3200/3200/2529 3201/3201/2531 3196/3196/2531
f 3196/3196/2531 3201/3201/2531 3198/3198/2533
f 3201/3201/2531 3202/3202/2534 3198/3198/2533
f 3199/3199/2527 3203/3203/2527 3200/3200/2529
f 3203/3203/2527 3204/3204/2529 3200/3200/2529
f 3200/3200/2529 3204/3204/2529 3201/3201/2531
f 3204/3204/2529 3205/3205/2531 3201/3201/2531
f 3201/3201/2531 3205/3205/2531 3202/3202/2534
f 3205/3205/2531 3206/3206/2535 3202/3202/2534
f 3202/3202/2534 3206/3206/2535 3207/3207/2536
f 3206/3206/2535 3208/3208/2537 3207/3207/2536
f 3207/3207/2536 3208/3208/2537 3209/3209/1677
f 3208/3208/2537 3210/3210/1677 3209/3209/1677
f 3209/3209/1677 3210/3210/1677 3211/3211/1677
f 3210/3210/1677 3212/3212/1677 3211/3211/1677
f 3211/3211/1677 3212/3212/1677 3213/3213/2538
f 3212/3212/1677 3214/3214/2539 3213/3213/2538
f 3213/3213/2538 3214/3214/2539 3215/3215/1935
f 3214/3214/2539 3216/3216/1935 3215/3215/1935
f 3215/3215/1935 3216/3216/1935 3217/3217/1935
f 3216/3216/1935 3218/3218/1935 3217/3217/1935
f 3203/3203/2527 3219/3219/2527 3204/3204/2529
f 3219/3219/2527 3220/3220/2529 3204/3204/2529
f 3204/3204/2529 3220/3220/2529 3205/3205/2531
f 3220/3220/2529 3221/3221/2531 3205/3205/2531
f 3205/3205/2531 3221/3221/2531 3206/3206/2535
f 3221/3221/2531 3222/3222/2533 3206/3206/2535
f 3223/3223/2532 3222/3222/2533 3224/3224/2540
f 3222/3222/2533 3221/3221/2531 3224/3224/2540
f 3224/3224/2540 3221/3221/2531 3225/3225/2541
f 3221/3221/2531 3220/3220/2529 3225/3225/2541
f 3225/3225/2541 3220/3220/2529 3226/3226/2527
f 3220/3220/2529 3219/3219/2527 3226/3226/2527
f 3217/3217/1935 3227/3227/1935 3215/3215/1935
f 3227/3227/1935 3228/3228/1935 3215/3215/1935
f 3215/3215/1935 3228/3228/1935 3229/3229/1935
f 3228/3228/1935 3230/3230/1935 3229/3229/1935
f 3229/3229/1935 3230/3230/1935 3231/3231/1935
f 3230/3230/1935 3232/3232/2542 3231/3231/1935
f 3231/3231/1935 3232/3232/2542 3233/3233/2543
f 3232/3232/2542 3234/3234/2544 3233/3233/2543
f 3233/3233/2543 3234/3234/2544 3235/3235/2544
f 3234/3234/2544 3236/3236/2545 3235/3235/2544
f 3235/3235/2544 3236/3236/2545 3237/3237/1935
f 3236/3236/2545 3238/3238/1935 3237/3237/1935
f 3237/3237/1935 3238/3238/1935 3239/3239/1935
f 3238/3238/1935 3240/3240/1935 3239/3239/1935
f 3239/3239/1935 3240/3240/1935 3241/3241/1935
f 3240/3240/1935 3242/3242/1935 3241/3241/1935
f 3241/3241/1935 3242/3242/1935 3243/3243/1935
f 3242/3242/1935 3244/3244/1935 3243/3243/1935
f 3243/3243/1935 3244/3244/1935 3245/3245/1935
f 3244/3244/1935 3246/3246/1935 3245/3245/1935
f 3227/3227/1935 3247/3247/1935 3228/3228/1935
f 3247/3247/1935 3248/3248/1935 3228/3228/1935
f 3228/3228/1935 3248/3248/1935 3230/3230/1935
f 3248/3248/1935 3249/3249/1935 3230/3230/1935
f 3230/3230/1935 3249/3249/1935 3232/3232/2542
f 3249/3249/1935 3250/3250/2546 3232/3232/2542
f 3232/3232/2542 3250/3250/2546 3234/3234/2544
f 3250/3250/2546 3251/3251/2547 3234/3234/2544
f 3234/3234/2544 3251/3251/2547 3236/3236/2545
f 3251/3251/2547 3252/3252/2548 3236/3236/2545
f 3236/3236/2545 3252/3252/2548 3238/3238/1935
f 3252/3252/2548 3253/3253/1935 3238/3238/1935
f 3238/3238/1935 3253/3253/1935 3240/3240/1935
f 3253/3253/1935 3254/3254/1935 3240/3240/1935
f 3240/3240/1935 3254/3254/1935 3242/3242/1935
f 3254/3254/1935 3255/3255/1935 3242/3242/1935
f 3242/3242/1935 3255/3255/1935 3244/3244/1935
f 3255/3255/1935 3256/3256/1935 3244/3244/1935
f 3244/3244/1935 3256/3256/1935 3246/3246/1935
f 3256/3256/1935 3257/3257/1935 3246/3246/1935
f 3258/3258/1935 3218/3218/1935 3259/3259/1935
f 3218/3218/1935 3216/3216/1935 3259/3259/1935
f 3259/3259/1935 3216/3216/1935 3260/3260/1935
f 3216/3216/1935 3261/3261/1935 3260/3260/1935
f 3260/3260/1935 3261/3261/1935 3262/3262/2549
f 3261/3261/1935 3263/3263/2550 3262/3262/2549
f 3262/3262/2549 3263/3263/2550 3264/3264/2551
f 3263/3263/2550 3265/3265/2552 3264/3264/2551
f 3264/3264/2551 3265/3265/2552 3266/3266/2553
f 3265/3265/2552 3267/3267/1935 3266/3266/2553
f 3268/3268/1935 3258/3258/1935 3269/3269/1935
f 3258/3258/1935 3259/3259/1935 3269/3269/1935
f 3269/3269/1935 3259/3259/1935 3270/3270/1935
f 3259/3259/1935 3260/3260/1935 3270/3270/1935
f 3270/3270/1935 3260/3260/1935 3271/3271/2554
f 3260/3260/1935 3262/3262/2549 3271/3271/2554
f 3271/3271/2554 3262/3262/2549 3272/3272/2550
f 3262/3262/2549 3264/3264/2551 3272/3272/2550
f 3272/3272/2550 3264/3264/2551 3273/3273/2555
f 3264/3264/2551 3266/3266/2553 3273/3273/2555
f 3125/3125/1935 3274/3274/1935 3275/3275/1935
f 3275/3275/1935 3274/3274/1935 3276/3276/1935
f 3274/3274/1935 3277/3277/1935 3276/3276/1935
f 3276/3276/1935 3277/3277/1935 3278/3278/1935
f 3277/3277/1935 3279/3279/1935 3278/3278/1935
f 3278/3278/1935 3279/3279/1935 3280/3280/1935
f 3279/3279/1935 3281/3281/1935 3280/3280/1935
f 3280/3280/1935 3281/3281/1935 3282/3282/1935
f 3281/3281/1935 3283/3283/1935 3282/3282/1935
f 3282/3282/1935 3283/3283/1935 3284/3284/1935
f 3285/3285/1935 3286/3286/1935 3125/3125/1935
f 3125/3125/1935 3286/3286/1935 3274/3274/1935
f 3286/3286/1935 3287/3287/1935 3274/3274/1935
f 3274/3274/1935 3287/3287/1935 3277/3277/1935
f 3287/3287/1935 3288/3288/1935 3277/3277/1935
f 3277/3277/1935 3288/3288/1935 3279/3279/1935
f 3288/3288/1935 3289/3289/1935 3279/3279/1935
f 3279/3279/1935 3289/3289/1935 3281/3281/1935
f 3289/3289/1935 3290/3290/1935 3281/3281/1935
f 3281/3281/1935 3290/3290/1935 3283/3283/1935
f 3291/3291/2556 3293/3292/2557 3292/3293/2558
f 3293/3292/2557 3294/3294/2559 3292/3293/2558
f 3295/3295/1960 3297/3296/1960 3296/3297/1960
f 3297/3296/1960 3298/3298/1960 3296/3297/1960
f 3296/3297/1960 3298/3298/1960 3299/3299/1960
f 3298/3298/1960 3300/3300/1960 3299/3299/1960
f 3299/3299/1960 3300/3300/1960 3301/3301/1960
f 3300/3300/1960 3302/3302/1960 3301/3301/1960
f 3301/3301/1960 3302/3302/1960 3303/3303/1960
f 3302/3302/1960 3304/3304/1960 3303/3303/1960
f 3303/3303/1960 3304/3304/1960 3305/3305/1960
f 3304/3304/1960 3306/3306/1960 3305/3305/1960
f 3305/3305/1960 3306/3306/1960 3307/3307/1960
f 3306/3306/1960 3308/3308/1960 3307/3307/1960
f 3307/3307/1960 3308/3308/1960 3309/3309/1960
f 3308/3308/1960 3310/3310/1960 3309/3309/1960
f 3311/3311/1960 3295/3295/1960 3312/3312/1960
f 3295/3295/1960 3296/3297/1960 3312/3312/1960
f 3312/3312/1960 3296/3297/1960 3313/3313/1960
f 3296/3297/1960 3299/3299/1960 3313/3313/1960
f 3313/3313/1960 3299/3299/1960 3314/3314/1960
f 3299/3299/1960 3301/3301/1960 3314/3314/1960
f 3314/3314/1960 3301/3301/1960 3315/3315/1960
f 3301/3301/1960 3303/3303/1960 3315/3315/1960
f 3315/3315/1960 3303/3303/1960 3316/3316/1960
f 3303/3303/1960 3305/3305/1960 3316/3316/1960
f 3316/3316/1960 3305/3305/1960 3317/3317/1960
f 3305/3305/1960 3307/3307/1960 3317/3317/1960
f 3317/3317/1960 3307/3307/1960 3318/3318/1960
f 3307/3307/1960 3309/3309/1960 3318/3318/1960
f 3319/3319/2137 3321/3320/2137 3320/3321/2137
f 3321/3320/2137 3322/3322/2137 3320/3321/2137
f 3320/3321/2137 3322/3322/2137 3323/3323/2137
f 3322/3322/2137 3324/3324/2137 3323/3323/2137
f 3323/3323/2137 3324/3324/2137 3325/3325/2137
f 3324/3324/2137 3326/3326/2137 3325/3325/2137
f 3327/3327/2560 3329/3328/2561 3328/3329/2562
f 3329/3328/2561 3330/3330/2563 3328/3329/2562
f 3328/3329/2562 3330/3330/2563 3331/3331/2564
f 3330/3330/2563 3332/3332/2565 3331/3331/2564
f 3333/3333/2098 3335/3334/2098 3334/3335/2098
f 3335/3334/2098 3336/3336/2098 3334/3335/2098
f 3334/3335/2098 3336/3336/2098 3337/3337/2098
f 3336/3336/2098 3338/3338/2098 3337/3337/2098
f 3337/3337/2098 3338/3338/2098 3339/3339/2098
f 3338/3338/2098 3340/3340/2566 3339/3339/2098
f 3339/3339/2098 3340/3340/2566 3341/3341/2567
f 3340/3340/2566 3342/3342/2568 3341/3341/2567
f 3341/3341/2567 3342/3342/2568 3343/3343/2569
f 3342/3342/2568 3344/3344/2570 3343/3343/2569
f 3345/3345/2109 3347/3346/2109 3346/3347/2109
f 3347/3346/2109 3348/3348/2109 3346/3347/2109
f 3346/3347/2109 3348/3348/2109 3349/3349/2109
f 3348/3348/2109 3350/3350/2109 3349/3349/2109
f 3349/3349/2109 3350/3350/2109 3351/3351/2109
f 3350/3350/2109 3352/3352/2109 3351/3351/2109
f 3351/3351/2109 3352/3352/2109 3353/3353/2109
f 3352/3352/2109 3354/3354/2109 3353/3353/2109
f 3353/3353/2109 3354/3354/2109 3355/3355/2109
f 3354/3354/2109 3356/3356/2109 3355/3355/2109
f 3357/3357/2109 3345/3345/2109 3358/3358/2109
f 3345/3345/2109 3346/3347/2109 3358/3358/2109
f 3358/3358/2109 3346/3347/2109 3359/3359/2109
f 3346/3347/2109 3349/3349/2109 3359/3359/2109
f 3359/3359/2109 3349/3349/2109 3360/3360/2109
f 3349/3349/2109 3351/3351/2109 3360/3360/2109
f 3360/3360/2109 3351/3351/2109 3361/3361/2109
f 3351/3351/2109 3353/3353/2109 3361/3361/2109
f 3361/3361/2109 3353/3353/2109 3362/3362/2109
f 3353/3353/2109 3355/3355/2109 3362/3362/2109
f 3362/3362/2109 3355/3355/2109 3363/3363/2109
f 3364/3364/2138 3366/3365/2138 3365/3366/2138
f 3366/3365/2138 3367/3367/2138 3365/3366/2138
f 3365/3366/2138 3367/3367/2138 3368/3368/2138
f 3367/3367/2138 3369/3369/2138 3368/3368/2138
f 3368/3368/2138 3369/3369/2138 3370/3370/2138
f 3369/3369/2138 3371/3371/2138 3370/3370/2138
f 3372/3372/2571 3373/3373/2572 3374/3374/2573
f 3374/3374/2573 3373/3373/2572 3375/3375/2574
f 3373/3373/2572 3376/3376/2244 3375/3375/2574
f 3375/3375/2574 3376/3376/2244 3377/3377/2518
f 3376/3376/2244 3378/3378/2575 3377/3377/2518
f 3377/3377/2518 3378/3378/2575 3379/3379/2576
f 3378/3378/2575 3380/3380/2577 3379/3379/2576
f 3379/3379/2576 3380/3380/2577 3381/3381/2578
f 3380/3380/2577 3382/3382/2579 3381/3381/2578
f 3381/3381/2578 3382/3382/2579 3383/3383/2473
f 3382/3382/2579 3384/3384/2580 3383/3383/2473
f 3383/3383/2473 3384/3384/2580 3385/3385/2581
f 3384/3384/2580 3386/3386/2582 3385/3385/2581
f 3385/3385/2581 3386/3386/2582 3387/3387/2583
f 3386/3386/2582 3388/3388/2584 3387/3387/2583
f 3387/3387/2583 3388/3388/2584 3389/3389/2585
f 3388/3388/2584 3390/3390/2230 3389/3389/2585
f 3389/3389/2585 3390/3390/2230 3391/3391/2214
f 3390/3390/2230 3392/3392/2586 3391/3391/2214
f 3391/3391/2214 3392/3392/2586 3393/3393/2587
f 3392/3392/2586 3394/3394/2588 3393/3393/2587
f 3393/3393/2587 3394/3394/2588 3395/3395/2589
f 3394/3394/2588 3396/3396/2223 3395/3395/2589
f 3395/3395/2589 3396/3396/2223 3397/3397/2590
f 3396/3396/2223 3398/3398/2591 3397/3397/2590
f 3397/3397/2590 3398/3398/2591 3399/3399/2592
f 3398/3398/2591 3372/3372/2571 3399/3399/2592
f 3399/3399/2592 3372/3372/2571 3374/3374/2573
f 3398/3398/2591 3400/3400/2593 3372/3372/2571
f 3372/3372/2571 3400/3400/2593 3373/3373/2572
f 3400/3400/2593 3401/3401/2467 3373/3373/2572
f 3373/3373/2572 3401/3401/2467 3376/3376/2244
f 3401/3401/2467 3402/3402/2594 3376/3376/2244
f 3376/3376/2244 3402/3402/2594 3378/3378/2575
f 3402/3402/2594 3380/3380/2577 3378/3378/2575
f 3403/3403/2098 3404/3404/2171 3374/3374/2573
f 3374/3374/2573 3404/3404/2171 3399/3399/2592
f 3404/3404/2171 3405/3405/2109 3399/3399/2592
f 3399/3399/2592 3405/3405/2109 3397/3397/2590
f 3405/3405/2109 3406/3406/2170 3397/3397/2590
f 3397/3397/2590 3406/3406/2170 3395/3395/2589
f 3406/3406/2170 3407/3407/2169 3395/3395/2589
f 3395/3395/2589 3407/3407/2169 3393/3393/2587
f 3407/3407/2169 3408/3408/1794 3393/3393/2587
f 3393/3393/2587 3408/3408/1794 3391/3391/2214
f 3408/3408/1794 3409/3409/2168 3391/3391/2214
f 3391/3391/2214 3409/3409/2168 3389/3389/2585
f 3409/3409/2168 3410/3410/2166 3389/3389/2585
f 3389/3389/2585 3410/3410/2166 3387/3387/2583
f 3410/3410/2166 3411/3411/2165 3387/3387/2583
f 3387/3387/2583 3411/3411/2165 3385/3385/2581
f 3411/3411/2165 3412/3412/2164 3385/3385/2581
f 3385/3385/2581 3412/3412/2164 3383/3383/2473
f 3412/3412/2164 3413/3413/2162 3383/3383/2473
f 3383/3383/2473 3413/3413/2162 3381/3381/2578
f 3413/3413/2162 3414/3414/2516 3381/3381/2578
f 3381/3381/2578 3414/3414/2516 3379/3379/2576
f 3414/3414/2516 3415/3415/1935 3379/3379/2576
f 3379/3379/2576 3415/3415/1935 3377/3377/2518
f 3415/3415/1935 3416/3416/2461 3377/3377/2518
f 3377/3377/2518 3416/3416/2461 3375/3375/2574
f 3416/3416/2461 3403/3403/2098 3375/3375/2574
f 3375/3375/2574 3403/3403/2098 3374/3374/2573
f 3417/3417/2174 3418/3418/2595 3416/3416/2461
f 3416/3416/2461 3418/3418/2595 3403/3403/2098
f 3418/3418/2595 3419/3419/2208 3403/3403/2098
f 3403/3403/2098 3419/3419/2208 3404/3404/2171
f 3419/3419/2208 3420/3420/2109 3404/3404/2171
f 3404/3404/2171 3420/3420/2109 3405/3405/2109
f 3420/3420/2109 3421/3421/2596 3405/3405/2109
f 3405/3405/2109 3421/3421/2596 3406/3406/2170
f 3421/3421/2596 3422/3422/2597 3406/3406/2170
f 3406/3406/2170 3422/3422/2597 3407/3407/2169
f 3422/3422/2597 3423/3423/1794 3407/3407/2169
f 3407/3407/2169 3423/3423/1794 3408/3408/1794
f 3423/3423/1794 3424/3424/2598 3408/3408/1794
f 3408/3408/1794 3424/3424/2598 3409/3409/2168
f 3424/3424/2598 3425/3425/2599 3409/3409/2168
f 3409/3409/2168 3425/3425/2599 3410/3410/2166
f 3425/3425/2599 3426/3426/2165 3410/3410/2166
f 3410/3410/2166 3426/3426/2165 3411/3411/2165
f 3426/3426/2165 3427/3427/2177 3411/3411/2165
f 3411/3411/2165 3427/3427/2177 3412/3412/2164
f 3427/3427/2177 3428/3428/2600 3412/3412/2164
f 3412/3412/2164 3428/3428/2600 3413/3413/2162
f 3428/3428/2600 3429/3429/2161 3413/3413/2162
f 3413/3413/2162 3429/3429/2161 3414/3414/2516
f 3380/3380/2577 3402/3402/2594 3382/3382/2579
f 3382/3382/2579 3402/3402/2594 3384/3384/2580
f 3402/3402/2594 3430/3430/2601 3384/3384/2580
f 3384/3384/2580 3430/3430/2601 3386/3386/2582
f 3430/3430/2601 3431/3431/2602 3386/3386/2582
f 3386/3386/2582 3431/3431/2602 3388/3388/2584
f 3431/3431/2602 3432/3432/2155 3388/3388/2584
f 3388/3388/2584 3432/3432/2155 3390/3390/2230
f 3432/3432/2155 3433/3433/2603 3390/3390/2230
f 3390/3390/2230 3433/3433/2603 3392/3392/2586
f 3433/3433/2603 3394/3394/2588 3392/3392/2586
f 3402/3402/2594 3401/3401/2467 3430/3430/2601
f 3430/3430/2601 3401/3401/2467 3434/3434/1960
f 3401/3401/2467 3400/3400/2593 3434/3434/1960
f 3434/3434/1960 3400/3400/2593 3435/3435/2604
f 3400/3400/2593 3398/3398/2591 3435/3435/2604
f 3435/3435/2604 3398/3398/2591 3396/3396/2223
f 3394/3394/2588 3433/3433/2603 3396/3396/2223
f 3396/3396/2223 3433/3433/2603 3435/3435/2604
f 3433/3433/2603 3432/3432/2155 3435/3435/2604
f 3435/3435/2604 3432/3432/2155 3434/3434/1960
f 3432/3432/2155 3431/3431/2602 3434/3434/1960
f 3434/3434/1960 3431/3431/2602 3430/3430/2601
f 3436/3436/1794 3438/3437/1794 3437/3438/1794
f 3438/3437/1794 3439/3439/1794 3437/3438/1794
f 3437/3438/1794 3439/3439/1794 3440/3440/1794
f 3439/3439/1794 3441/3441/1794 3440/3440/1794
f 3440/3440/1794 3441/3441/1794 3442/3442/1794
f 3441/3441/1794 3443/3443/1794 3442/3442/1794
f 3444/3444/1794 3443/3443/1794 3445/3445/1794
f 3443/3443/1794 3441/3441/1794 3445/3445/1794
f 3445/3445/1794 3441/3441/1794 3446/3446/1794
f 3441/3441/1794 3439/3439/1794 3446/3446/1794
f 3446/3446/1794 3439/3439/1794 3447/3447/1794
f 3439/3439/1794 3438/3437/1794 3447/3447/1794
f 3448/3448/2605 3450/3449/2605 3449/3450/2606
f 3450/3449/2605 3451/3451/2605 3449/3450/2606
f 3449/3450/2606 3451/3451/2605 3452/3452/2607
f 3449/3450/2606 3452/3452/2607 3453/3453/2608
f 3452/3452/2607 3454/3454/2127 3453/3453/2608
f 3453/3453/2608 3454/3454/2127 3455/3455/2127
f 3456/3456/2609 3457/3457/2610 3458/3458/2109
f 3458/3458/2109 3457/3457/2610 3459/3459/2109
f 3457/3457/2610 3460/3460/2109 3459/3459/2109
f 3459/3459/2109 3460/3460/2109 3461/3461/2109
f 3460/3460/2109 3462/3462/2109 3461/3461/2109
f 3461/3461/2109 3462/3462/2109 3463/3463/2109
f 3464/3464/2146 3465/3465/2611 3456/3456/2609
f 3456/3456/2609 3465/3465/2611 3457/3457/2610
f 3465/3465/2611 3466/3466/2612 3457/3457/2610
f 3457/3457/2610 3466/3466/2612 3460/3460/2109
f 3466/3466/2612 3467/3467/2109 3460/3460/2109
f 3460/3460/2109 3467/3467/2109 3462/3462/2109
f 3468/3468/1935 3469/3469/1935 3470/3470/1935
f 3470/3470/1935 3469/3469/1935 3415/3415/1935
f 3469/3469/1935 3471/3471/1935 3415/3415/1935
f 3415/3415/1935 3471/3471/1935 3472/3472/1935
f 3473/3473/2613 3475/3474/2614 3474/3475/2615
f 3475/3474/2614 3476/3476/2616 3474/3475/2615
f 3477/3477/2617 3479/3478/2618 3478/3479/2619
f 3479/3478/2618 3480/3480/2620 3478/3479/2619
f 3478/3479/2619 3480/3480/2620 3481/3481/2621
f 3480/3480/2620 3482/3482/2622 3481/3481/2621
f 3481/3481/2621 3482/3482/2622 3483/3483/2623
f 3482/3482/2622 3484/3484/2624 3483/3483/2623
f 3483/3483/2623 3484/3484/2624 3485/3485/2625
f 3484/3484/2624 3486/3486/2626 3485/3485/2625
f 3485/3485/2625 3486/3486/2626 3487/3487/2627
f 3486/3486/2626 3488/3488/2628 3487/3487/2627
f 3487/3487/2627 3488/3488/2628 3489/3489/2629
f 3488/3488/2628 3490/3490/2630 3489/3489/2629
f 3489/3489/2629 3490/3490/2630 3491/3491/2631
f 3490/3490/2630 3492/3492/2632 3491/3491/2631
f 3491/3491/2631 3492/3492/2632 3493/3493/2633
f 3492/3492/2632 3494/3494/2634 3493/3493/2633
f 3493/3493/2633 3494/3494/2634 3495/3495/2635
f 3494/3494/2634 3496/3496/2636 3495/3495/2635
f 3495/3495/2635 3496/3496/2636 3497/3497/2637
f 3496/3496/2636 3498/3498/2638 3497/3497/2637
f 3497/3497/2637 3498/3498/2638 3499/3499/2639
f 3498/3498/2638 3500/3500/2640 3499/3499/2639
f 3499/3499/2639 3500/3500/2640 3501/3501/2641
f 3500/3500/2640 3502/3502/2642 3501/3501/2641
f 3501/3501/2641 3502/3502/2642 3503/3503/2643
f 3502/3502/2642 3504/3504/2644 3503/3503/2643
f 3503/3503/2643 3504/3504/2644 3505/3505/2645
f 3504/3504/2644 3506/3506/2646 3505/3505/2645
f 3505/3505/2645 3506/3506/2646 3507/3507/2647
f 3506/3506/2646 3508/3508/2648 3507/3507/2647
f 3507/3507/2647 3508/3508/2648 3509/3509/2649
f 3508/3508/2648 3510/3510/2650 3509/3509/2649
f 3509/3509/2649 3510/3510/2650 3511/3511/2651
f 3510/3510/2650 3512/3512/2652 3511/3511/2651
f 3511/3511/2651 3512/3512/2652 3477/3477/2617
f 3512/3512/2652 3479/3478/2618 3477/3477/2617
f 3513/3513/2653 3477/3477/2617 3514/3514/2654
f 3477/3477/2617 3478/3479/2619 3514/3514/2654
f 3514/3514/2654 3478/3479/2619 3515/3515/2655
f 3478/3479/2619 3481/3481/2621 3515/3515/2655
f 3515/3515/2655 3481/3481/2621 3516/3516/2656
f 3481/3481/2621 3483/3483/2623 3516/3516/2656
f 3516/3516/2656 3483/3483/2623 3517/3517/2657
f 3483/3483/2623 3485/3485/2625 3517/3517/2657
f 3517/3517/2657 3485/3485/2625 3518/3518/2658
f 3485/3485/2625 3487/3487/2627 3518/3518/2658
f 3518/3518/2658 3487/3487/2627 3519/3519/2659
f 3487/3487/2627 3489/3489/2629 3519/3519/2659
f 3519/3519/2659 3489/3489/2629 3520/3520/2660
f 3489/3489/2629 3491/3491/2631 3520/3520/2660
f 3520/3520/2660 3491/3491/2631 3521/3521/2661
f 3491/3491/2631 3493/3493/2633 3521/3521/2661
f 3521/3521/2661 3493/3493/2633 3522/3522/2662
f 3493/3493/2633 3495/3495/2635 3522/3522/2662
f 3522/3522/2662 3495/3495/2635 3523/3523/2663
f 3495/3495/2635 3497/3497/2637 3523/3523/2663
f 3523/3523/2663 3497/3497/2637 3524/3524/2664
f 3497/3497/2637 3499/3499/2639 3524/3524/2664
f 3524/3524/2664 3499/3499/2639 3525/3525/2665
f 3499/3499/2639 3501/3501/2641 3525/3525/2665
f 3525/3525/2665 3501/3501/2641 3526/3526/2666
f 3501/3501/2641 3503/3503/2643 3526/3526/2666
f 3526/3526/2666 3503/3503/2643 3527/3527/2667
f 3503/3503/2643 3505/3505/2645 3527/3527/2667
f 3527/3527/2667 3505/3505/2645 3528/3528/2668
f 3505/3505/2645 3507/3507/2647 3528/3528/2668
f 3528/3528/2668 3507/3507/2647 3529/3529/2669
f 3507/3507/2647 3509/3509/2649 3529/3529/2669
f 3529/3529/2669 3509/3509/2649 3530/3530/2670
f 3509/3509/2649 3511/3511/2651 3530/3530/2670
f 3530/3530/2670 3511/3511/2651 3513/3513/2653
f 3511/3511/2651 3477/3477/2617 3513/3513/2653
f 3531/3531/2671 3533/3532/2672 3532/3533/2673
f 3533/3532/2672 3534/3534/2674 3532/3533/2673
f 3532/3533/2673 3534/3534/2674 3535/3535/2675
f 3534/3534/2674 3536/3536/2676 3535/3535/2675
f 3535/3535/2675 3536/3536/2676 3537/3537/2677
f 3536/3536/2676 3538/3538/2678 3537/3537/2677
f 3537/3537/2677 3538/3538/2678 3539/3539/2679
f 3538/3538/2678 3540/3540/2680 3539/3539/2679
f 3539/3539/2679 3540/3540/2680 3541/3541/2681
f 3540/3540/2680 3542/3542/2682 3541/3541/2681
f 3541/3541/2681 3542/3542/2682 3543/3543/2683
f 3542/3542/2682 3544/3544/2684 3543/3543/2683
f 3543/3543/2683 3544/3544/2684 3545/3545/2685
f 3544/3544/2684 3546/3546/2686 3545/3545/2685
f 3545/3545/2685 3546/3546/2686 3547/3547/2687
f 3546/3546/2686 3548/3548/2688 3547/3547/2687
f 3547/3547/2687 3548/3548/2688 3549/3549/2689
f 3548/3548/2688 3550/3550/2690 3549/3549/2689
f 3549/3549/2689 3550/3550/2690 3551/3551/2691
f 3550/3550/2690 3552/3552/2692 3551/3551/2691
f 3551/3551/2691 3552/3552/2692 3553/3553/2693
f 3552/3552/2692 3554/3554/2694 3553/3553/2693
f 3553/3553/2693 3554/3554/2694 3555/3555/2695
f 3554/3554/2694 3556/3556/2696 3555/3555/2695
f 3555/3555/2695 3556/3556/2696 3557/3557/2697
f 3556/3556/2696 3558/3558/2698 3557/3557/2697
f 3557/3557/2697 3558/3558/2698 3559/3559/2699
f 3558/3558/2698 3560/3560/2700 3559/3559/2699
f 3559/3559/2699 3560/3560/2700 3561/3561/2701
f 3560/3560/2700 3562/3562/2702 3561/3561/2701
f 3563/3563/2703 3534/3534/2674 3533/3532/2672
f 3564/3564/2704 3566/3565/2705 3565/3566/2706
f 3566/3565/2705 3567/3567/2707 3565/3566/2706
f 3565/3566/2706 3567/3567/2707 3568/3568/2708
f 3567/3567/2707 3569/3569/2709 3568/3568/2708
f 3568/3568/2708 3569/3569/2709 3570/3570/2710
f 3569/3569/2709 3571/3571/2711 3570/3570/2710
f 3570/3570/2710 3571/3571/2711 3572/3572/2712
f 3571/3571/2711 3573/3573/2713 3572/3572/2712
f 3572/3572/2712 3573/3573/2713 3574/3574/2714
f 3573/3573/2713 3575/3575/2715 3574/3574/2714
f 3574/3574/2714 3575/3575/2715 3576/3576/2716
f 3575/3575/2715 3577/3577/2717 3576/3576/2716
f 3576/3576/2716 3577/3577/2717 3578/3578/2718
f 3577/3577/2717 3579/3579/2719 3578/3578/2718
f 3578/3578/2718 3579/3579/2719 3580/3580/2720
f 3579/3579/2719 3581/3581/2721 3580/3580/2720
f 3580/3580/2720 3581/3581/2721 3582/3582/2722
f 3581/3581/2721 3583/3583/2723 3582/3582/2722
f 3582/3582/2722 3583/3583/2723 3584/3584/2724
f 3583/3583/2723 3585/3585/2725 3584/3584/2724
f 3584/3584/2724 3585/3585/2725 3586/3586/2726
f 3585/3585/2725 3587/3587/2727 3586/3586/2726
f 3586/3586/2726 3587/3587/2727 3588/3588/2728
f 3587/3587/2727 3589/3589/2729 3588/3588/2728
f 3588/3588/2728 3589/3589/2729 3590/3590/2730
f 3589/3589/2729 3591/3591/2731 3590/3590/2730
f 3590/3590/2730 3591/3591/2731 3592/3592/2732
f 3591/3591/2731 3593/3593/2733 3592/3592/2732
f 3592/3592/2732 3593/3593/2733 3594/3594/2734
f 3593/3593/2733 3595/3595/2735 3594/3594/2734
f 3594/3594/2734 3595/3595/2735 3596/3596/2736
f 3566/3565/2705 3597/3597/2737 3567/3567/2707
f 3597/3597/2737 3598/3598/2738 3567/3567/2707
f 3567/3567/2707 3598/3598/2738 3569/3569/2709
f 3598/3598/2738 3599/3599/2739 3569/3569/2709
f 3569/3569/2709 3599/3599/2739 3571/3571/2711
f 3599/3599/2739 3600/3600/2740 3571/3571/2711
f 3571/3571/2711 3600/3600/2740 3573/3573/2713
f 3600/3600/2740 3601/3601/2741 3573/3573/2713
f 3573/3573/2713 3601/3601/2741 3575/3575/2715
f 3601/3601/2741 3602/3602/2742 3575/3575/2715
f 3575/3575/2715 3602/3602/2742 3577/3577/2717
f 3602/3602/2742 3603/3603/2743 3577/3577/2717
f 3577/3577/2717 3603/3603/2743 3579/3579/2719
f 3603/3603/2743 3604/3604/2744 3579/3579/2719
f 3579/3579/2719 3604/3604/2744 3581/3581/2721
f 3604/3604/2744 3605/3605/2745 3581/3581/2721
f 3581/3581/2721 3605/3605/2745 3583/3583/2723
f 3605/3605/2745 3606/3606/2746 3583/3583/2723
f 3583/3583/2723 3606/3606/2746 3585/3585/2725
f 3606/3606/2746 3607/3607/2747 3585/3585/2725
f 3585/3585/2725 3607/3607/2747 3587/3587/2727
f 3607/3607/2747 3608/3608/2748 3587/3587/2727
f 3587/3587/2727 3608/3608/2748 3589/3589/2729
f 3608/3608/2748 3609/3609/2749 3589/3589/2729
f 3589/3589/2729 3609/3609/2749 3591/3591/2731
f 3609/3609/2749 3593/3593/2733 3591/3591/2731
f 3610/3610/2750 3612/3611/2751 3611/3612/2752
f 3612/3611/2751 3613/3613/2753 3611/3612/2752
f 3611/3612/2752 3613/3613/2753 3614/3614/2754
f 3613/3613/2753 3615/3615/2755 3614/3614/2754
f 3614/3614/2754 3615/3615/2755 3616/3616/2756
f 3615/3615/2755 3617/3617/2757 3616/3616/2756
f 3616/3616/2756 3617/3617/2757 3618/3618/2758
f 3617/3617/2757 3619/3619/2759 3618/3618/2758
f 3618/3618/2758 3619/3619/2759 3620/3620/2760
f 3619/3619/2759 3621/3621/2761 3620/3620/2760
f 3620/3620/2760 3621/3621/2761 3622/3622/2762
f 3621/3621/2761 3623/3623/2763 3622/3622/2762
f 3622/3622/2762 3623/3623/2763 3624/3624/2764
f 3623/3623/2763 3625/3625/2765 3624/3624/2764
f 3624/3624/2764 3625/3625/2765 3626/3626/2766
f 3625/3625/2765 3627/3627/2767 3626/3626/2766
f 3626/3626/2766 3627/3627/2767 3628/3628/2768
f 3627/3627/2767 3629/3629/2769 3628/3628/2768
f 3628/3628/2768 3629/3629/2769 3630/3630/2770
f 3629/3629/2769 3631/3631/2771 3630/3630/2770
f 3630/3630/2770 3631/3631/2771 3632/3632/2772
f 3631/3631/2771 3633/3633/2773 3632/3632/2772
f 3632/3632/2772 3633/3633/2773 3634/3634/2774
f 3633/3633/2773 3635/3635/2775 3634/3634/2774
f 3634/3634/2774 3635/3635/2775 3636/3636/2776
f 3635/3635/2775 3637/3637/2777 3636/3636/2776
f 3636/3636/2776 3637/3637/2777 3638/3638/2778
f 3637/3637/2777 3639/3639/2779 3638/3638/2778
f 3638/3638/2778 3639/3639/2779 3640/3640/2780
f 3611/3612/2752 3614/3614/2754 3641/3641/2781
f 3614/3614/2754 3616/3616/2756 3641/3641/2781
f 3641/3641/2781 3616/3616/2756 3642/3642/2782
f 3616/3616/2756 3618/3618/2758 3642/3642/2782
f 3642/3642/2782 3618/3618/2758 3643/3643/2783
f 3618/3618/2758 3620/3620/2760 3643/3643/2783
f 3643/3643/2783 3620/3620/2760 3644/3644/2784
f 3620/3620/2760 3622/3622/2762 3644/3644/2784
f 3644/3644/2784 3622/3622/2762 3645/3645/2785
f 3622/3622/2762 3624/3624/2764 3645/3645/2785
f 3645/3645/2785 3624/3624/2764 3646/3646/2786
f 3624/3624/2764 3626/3626/2766 3646/3646/2786
f 3646/3646/2786 3626/3626/2766 3647/3647/2787
f 3626/3626/2766 3628/3628/2768 3647/3647/2787
f 3647/3647/2787 3628/3628/2768 3648/3648/2788
f 3628/3628/2768 3630/3630/2770 3648/3648/2788
f 3648/3648/2788 3630/3630/2770 3649/3649/2789
f 3630/3630/2770 3632/3632/2772 3649/3649/2789
f 3649/3649/2789 3632/3632/2772 3650/3650/2790
f 3632/3632/2772 3634/3634/2774 3650/3650/2790
f 3650/3650/2790 3634/3634/2774 3651/3651/2791
f 3634/3634/2774 3636/3636/2776 3651/3651/2791
f 3651/3651/2791 3636/3636/2776 3652/3652/2792
f 3636/3636/2776 3638/3638/2778 3652/3652/2792
f 3653/3653/2793 3655/3654/2794 3654/3655/2795
f 3655/3654/2794 3656/3656/2796 3654/3655/2795
f 3654/3655/2795 3656/3656/2796 3657/3657/2797
f 3656/3656/2796 3658/3658/2798 3657/3657/2797
f 3657/3657/2797 3658/3658/2798 3659/3659/2799
f 3653/3653/2793 3654/3655/2795 3660/3660/2800
f 3654/3655/2795 3661/3661/2801 3660/3660/2800
f 3660/3660/2800 3661/3661/2801 3662/3662/2802
f 3661/3661/2801 3663/3663/2803 3662/3662/2802
f 3662/3662/2802 3663/3663/2803 3664/3664/2804
f 3663/3663/2803 3665/3665/2805 3664/3664/2804
f 3664/3664/2804 3665/3665/2805 3666/3666/2806
f 3665/3665/2805 3667/3667/2807 3666/3666/2806
f 3666/3666/2806 3667/3667/2807 3668/3668/2808
f 3667/3667/2807 3669/3669/2809 3668/3668/2808
f 3668/3668/2808 3669/3669/2809 3670/3670/2810
f 3669/3669/2809 3671/3671/2811 3670/3670/2810
f 3670/3670/2810 3671/3671/2811 3672/3672/2812
f 3671/3671/2811 3673/3673/2813 3672/3672/2812
f 3672/3672/2812 3673/3673/2813 3674/3674/2814
f 3673/3673/2813 3675/3675/2815 3674/3674/2814
f 3674/3674/2814 3675/3675/2815 3676/3676/2816
f 3675/3675/2815 3677/3677/2817 3676/3676/2816
f 3676/3676/2816 3677/3677/2817 3678/3678/2818
f 3677/3677/2817 3679/3679/2819 3678/3678/2818
f 3678/3678/2818 3679/3679/2819 3680/3680/2820
f 3679/3679/2819 3681/3681/2821 3680/3680/2820
f 3680/3680/2820 3681/3681/2821 3682/3682/2822
f 3681/3681/2821 3683/3683/2823 3682/3682/2822
f 3682/3682/2822 3683/3683/2823 3684/3684/2824
f 3683/3683/2823 3685/3685/2825 3684/3684/2824
f 3684/3684/2824 3685/3685/2825 3686/3686/2826
f 3685/3685/2825 3687/3687/2827 3686/3686/2826
f 3686/3686/2826 3687/3687/2827 3688/3688/2828
f 3687/3687/2827 3689/3689/2829 3688/3688/2828
f 3688/3688/2828 3689/3689/2829 3690/3690/2830
f 3662/3662/2802 3653/3653/2793 3660/3660/2800
f 3691/3691/2831 3615/3615/2755 3613/3613/2753
f 3594/3594/2734 3692/3692/2832 3592/3592/2732
f 3692/3692/2832 3590/3590/2730 3592/3592/2732
f 3692/3692/2832 3693/3693/2833 3590/3590/2730
f 3693/3693/2833 3694/3694/2834 3590/3590/2730
f 3590/3590/2730 3694/3694/2834 3588/3588/2728
f 3694/3694/2834 3695/3695/2835 3588/3588/2728
f 3588/3588/2728 3695/3695/2835 3586/3586/2726
f 3695/3695/2835 3696/3696/2836 3586/3586/2726
f 3586/3586/2726 3696/3696/2836 3584/3584/2724
f 3696/3696/2836 3697/3697/2837 3584/3584/2724
f 3584/3584/2724 3697/3697/2837 3582/3582/2722
f 3697/3697/2837 3698/3698/2838 3582/3582/2722
f 3582/3582/2722 3698/3698/2838 3580/3580/2720
f 3698/3698/2838 3699/3699/2839 3580/3580/2720
f 3580/3580/2720 3699/3699/2839 3578/3578/2718
f 3699/3699/2839 3700/3700/2840 3578/3578/2718
f 3578/3578/2718 3700/3700/2840 3576/3576/2716
f 3700/3700/2840 3701/3701/2841 3576/3576/2716
f 3576/3576/2716 3701/3701/2841 3574/3574/2714
f 3701/3701/2841 3702/3702/2842 3574/3574/2714
f 3574/3574/2714 3702/3702/2842 3572/3572/2712
f 3702/3702/2842 3703/3703/2843 3572/3572/2712
f 3572/3572/2712 3703/3703/2843 3570/3570/2710
f 3703/3703/2843 3704/3704/2844 3570/3570/2710
f 3570/3570/2710 3704/3704/2844 3568/3568/2708
f 3704/3704/2844 3705/3705/2845 3568/3568/2708
f 3568/3568/2708 3705/3705/2845 3565/3566/2706
f 3705/3705/2845 3706/3706/2846 3565/3566/2706
f 3565/3566/2706 3706/3706/2846 3564/3564/2704
f 3707/3707/2847 3596/3596/2736 3640/3640/2780
f 3596/3596/2736 3595/3595/2735 3640/3640/2780
f 3640/3640/2780 3595/3595/2735 3638/3638/2778
f 3595/3595/2735 3593/3593/2733 3638/3638/2778
f 3638/3638/2778 3593/3593/2733 3652/3652/2792
f 3593/3593/2733 3609/3609/2749 3652/3652/2792
f 3652/3652/2792 3609/3609/2749 3651/3651/2791
f 3609/3609/2749 3608/3608/2748 3651/3651/2791
f 3651/3651/2791 3608/3608/2748 3650/3650/2790
f 3608/3608/2748 3607/3607/2747 3650/3650/2790
f 3650/3650/2790 3607/3607/2747 3649/3649/2789
f 3607/3607/2747 3606/3606/2746 3649/3649/2789
f 3649/3649/2789 3606/3606/2746 3648/3648/2788
f 3606/3606/2746 3605/3605/2745 3648/3648/2788
f 3648/3648/2788 3605/3605/2745 3647/3647/2787
f 3605/3605/2745 3604/3604/2744 3647/3647/2787
f 3647/3647/2787 3604/3604/2744 3646/3646/2786
f 3604/3604/2744 3603/3603/2743 3646/3646/2786
f 3646/3646/2786 3603/3603/2743 3645/3645/2785
f 3603/3603/2743 3602/3602/2742 3645/3645/2785
f 3645/3645/2785 3602/3602/2742 3644/3644/2784
f 3602/3602/2742 3601/3601/2741 3644/3644/2784
f 3644/3644/2784 3601/3601/2741 3643/3643/2783
f 3601/3601/2741 3600/3600/2740 3643/3643/2783
f 3643/3643/2783 3600/3600/2740 3642/3642/2782
f 3600/3600/2740 3599/3599/2739 3642/3642/2782
f 3642/3642/2782 3599/3599/2739 3641/3641/2781
f 3599/3599/2739 3598/3598/2738 3641/3641/2781
f 3641/3641/2781 3598/3598/2738 3611/3612/2752
f 3598/3598/2738 3597/3597/2737 3611/3612/2752
f 3611/3612/2752 3597/3597/2737 3610/3610/2750
f 3597/3597/2737 3566/3565/2705 3610/3610/2750
f 3610/3610/2750 3566/3565/2705 3708/3708/2848
f 3566/3565/2705 3564/3564/2704 3708/3708/2848
f 3708/3708/2848 3564/3564/2704 3563/3563/2703
f 3564/3564/2704 3706/3706/2846 3563/3563/2703
f 3563/3563/2703 3706/3706/2846 3534/3534/2674
f 3706/3706/2846 3705/3705/2845 3534/3534/2674
f 3534/3534/2674 3705/3705/2845 3536/3536/2676
f 3705/3705/2845 3704/3704/2844 3536/3536/2676
f 3536/3536/2676 3704/3704/2844 3538/3538/2678
f 3704/3704/2844 3703/3703/2843 3538/3538/2678
f 3538/3538/2678 3703/3703/2843 3540/3540/2680
f 3703/3703/2843 3702/3702/2842 3540/3540/2680
f 3540/3540/2680 3702/3702/2842 3542/3542/2682
f 3702/3702/2842 3701/3701/2841 3542/3542/2682
f 3542/3542/2682 3701/3701/2841 3544/3544/2684
f 3701/3701/2841 3700/3700/2840 3544/3544/2684
f 3544/3544/2684 3700/3700/2840 3546/3546/2686
f 3700/3700/2840 3699/3699/2839 3546/3546/2686
f 3546/3546/2686 3699/3699/2839 3548/3548/2688
f 3699/3699/2839 3698/3698/2838 3548/3548/2688
f 3548/3548/2688 3698/3698/2838 3550/3550/2690
f 3698/3698/2838 3697/3697/2837 3550/3550/2690
f 3550/3550/2690 3697/3697/2837 3552/3552/2692
f 3697/3697/2837 3696/3696/2836 3552/3552/2692
f 3552/3552/2692 3696/3696/2836 3554/3554/2694
f 3696/3696/2836 3695/3695/2835 3554/3554/2694
f 3554/3554/2694 3695/3695/2835 3556/3556/2696
f 3695/3695/2835 3694/3694/2834 3556/3556/2696
f 3556/3556/2696 3694/3694/2834 3558/3558/2698
f 3694/3694/2834 3693/3693/2833 3558/3558/2698
f 3558/3558/2698 3693/3693/2833 3560/3560/2700
f 3693/3693/2833 3692/3692/2832 3560/3560/2700
f 3560/3560/2700 3692/3692/2832 3562/3562/2702
f 3692/3692/2832 3594/3594/2734 3562/3562/2702
f 3562/3562/2702 3594/3594/2734 3561/3561/2701
f 3594/3594/2734 3596/3596/2736 3561/3561/2701
f 3561/3561/2701 3596/3596/2736 3709/3709/2849
f 3596/3596/2736 3707/3707/2847 3709/3709/2849
f 3709/3709/2849 3707/3707/2847 3690/3690/2830
f 3707/3707/2847 3640/3640/2780 3690/3690/2830
f 3690/3690/2830 3640/3640/2780 3710/3710/2850
f 3640/3640/2780 3639/3639/2779 3710/3710/2850
f 3710/3710/2850 3639/3639/2779 3711/3711/2851
f 3639/3639/2779 3637/3637/2777 3711/3711/2851
f 3711/3711/2851 3637/3637/2777 3712/3712/2852
f 3637/3637/2777 3635/3635/2775 3712/3712/2852
f 3712/3712/2852 3635/3635/2775 3713/3713/2853
f 3635/3635/2775 3633/3633/2773 3713/3713/2853
f 3713/3713/2853 3633/3633/2773 3714/3714/2854
f 3633/3633/2773 3631/3631/2771 3714/3714/2854
f 3714/3714/2854 3631/3631/2771 3715/3715/2855
f 3631/3631/2771 3629/3629/2769 3715/3715/2855
f 3715/3715/2855 3629/3629/2769 3716/3716/2856
f 3629/3629/2769 3627/3627/2767 3716/3716/2856
f 3716/3716/2856 3627/3627/2767 3717/3717/2857
f 3627/3627/2767 3625/3625/2765 3717/3717/2857
f 3717/3717/2857 3625/3625/2765 3718/3718/2858
f 3625/3625/2765 3623/3623/2763 3718/3718/2858
f 3718/3718/2858 3623/3623/2763 3719/3719/2859
f 3623/3623/2763 3621/3621/2761 3719/3719/2859
f 3719/3719/2859 3621/3621/2761 3720/3720/2860
f 3621/3621/2761 3619/3619/2759 3720/3720/2860
f 3720/3720/2860 3619/3619/2759 3721/3721/2861
f 3619/3619/2759 3617/3617/2757 3721/3721/2861
f 3721/3721/2861 3617/3617/2757 3722/3722/2862
f 3617/3617/2757 3615/3615/2755 3722/3722/2862
f 3722/3722/2862 3615/3615/2755 3662/3662/2802
f 3615/3615/2755 3691/3691/2831 3662/3662/2802
f 3662/3662/2802 3691/3691/2831 3653/3653/2793
f 3691/3691/2831 3613/3613/2753 3653/3653/2793
f 3653/3653/2793 3613/3613/2753 3655/3654/2794
f 3613/3613/2753 3612/3611/2751 3655/3654/2794
f 3655/3654/2794 3612/3611/2751 3656/3656/2796
f 3612/3611/2751 3610/3610/2750 3656/3656/2796
f 3656/3656/2796 3610/3610/2750 3658/3658/2798
f 3610/3610/2750 3708/3708/2848 3658/3658/2798
f 3658/3658/2798 3708/3708/2848 3659/3659/2799
f 3708/3708/2848 3563/3563/2703 3659/3659/2799
f 3659/3659/2799 3563/3563/2703 3657/3657/2797
f 3563/3563/2703 3533/3532/2672 3657/3657/2797
f 3657/3657/2797 3533/3532/2672 3654/3655/2795
f 3533/3532/2672 3531/3531/2671 3654/3655/2795
f 3654/3655/2795 3531/3531/2671 3661/3661/2801
f 3531/3531/2671 3532/3533/2673 3661/3661/2801
f 3661/3661/2801 3532/3533/2673 3663/3663/2803
f 3532/3533/2673 3535/3535/2675 3663/3663/2803
f 3663/3663/2803 3535/3535/2675 3665/3665/2805
f 3535/3535/2675 3537/3537/2677 3665/3665/2805
f 3665/3665/2805 3537/3537/2677 3667/3667/2807
f 3537/3537/2677 3539/3539/2679 3667/3667/2807
f 3667/3667/2807 3539/3539/2679 3669/3669/2809
f 3539/3539/2679 3541/3541/2681 3669/3669/2809
f 3669/3669/2809 3541/3541/2681 3671/3671/2811
f 3541/3541/2681 3543/3543/2683 3671/3671/2811
f 3671/3671/2811 3543/3543/2683 3673/3673/2813
f 3543/3543/2683 3545/3545/2685 3673/3673/2813
f 3673/3673/2813 3545/3545/2685 3675/3675/2815
f 3545/3545/2685 3547/3547/2687 3675/3675/2815
f 3675/3675/2815 3547/3547/2687 3677/3677/2817
f 3547/3547/2687 3549/3549/2689 3677/3677/2817
f 3677/3677/2817 3549/3549/2689 3679/3679/2819
f 3549/3549/2689 3551/3551/2691 3679/3679/2819
f 3679/3679/2819 3551/3551/2691 3681/3681/2821
f 3551/3551/2691 3553/3553/2693 3681/3681/2821
f 3681/3681/2821 3553/3553/2693 3683/3683/2823
f 3553/3553/2693 3555/3555/2695 3683/3683/2823
f 3683/3683/2823 3555/3555/2695 3685/3685/2825
f 3555/3555/2695 3557/3557/2697 3685/3685/2825
f 3685/3685/2825 3557/3557/2697 3687/3687/2827
f 3557/3557/2697 3559/3559/2699 3687/3687/2827
f 3687/3687/2827 3559/3559/2699 3689/3689/2829
f 3559/3559/2699 3709/3709/2849 3689/3689/2829
f 3689/3689/2829 3709/3709/2849 3690/3690/2830
f 3561/3561/2701 3709/3709/2849 3559/3559/2699
f 3662/3662/2802 3664/3664/2804 3722/3722/2862
f 3664/3664/2804 3666/3666/2806 3722/3722/2862
f 3722/3722/2862 3666/3666/2806 3721/3721/2861
f 3666/3666/2806 3668/3668/2808 3721/3721/2861
f 3721/3721/2861 3668/3668/2808 3720/3720/2860
f 3668/3668/2808 3670/3670/2810 3720/3720/2860
f 3720/3720/2860 3670/3670/2810 3719/3719/2859
f 3670/3670/2810 3672/3672/2812 3719/3719/2859
f 3719/3719/2859 3672/3672/2812 3718/3718/2858
f 3672/3672/2812 3674/3674/2814 3718/3718/2858
f 3718/3718/2858 3674/3674/2814 3717/3717/2857
f 3674/3674/2814 3676/3676/2816 3717/3717/2857
f 3717/3717/2857 3676/3676/2816 3716/3716/2856
f 3676/3676/2816 3678/3678/2818 3716/3716/2856
f 3716/3716/2856 3678/3678/2818 3715/3715/2855
f 3678/3678/2818 3680/3680/2820 3715/3715/2855
f 3715/3715/2855 3680/3680/2820 3714/3714/2854
f 3680/3680/2820 3682/3682/2822 3714/3714/2854
f 3714/3714/2854 3682/3682/2822 3713/3713/2853
f 3682/3682/2822 3684/3684/2824 3713/3713/2853
f 3713/3713/2853 3684/3684/2824 3712/3712/2852
f 3684/3684/2824 3686/3686/2826 3712/3712/2852
f 3712/3712/2852 3686/3686/2826 3711/3711/2851
f 3686/3686/2826 3688/3688/2828 3711/3711/2851
f 3711/3711/2851 3688/3688/2828 3710/3710/2850
f 3688/3688/2828 3690/3690/2830 3710/3710/2850
f 3723/3723/2863 3725/3724/2864 3724/3725/2865
f 3725/3724/2864 3726/3726/2866 3724/3725/2865
f 3724/3725/2865 3726/3726/2866 3727/3727/2867
f 3726/3726/2866 3728/3728/2868 3727/3727/2867
f 3727/3727/2867 3728/3728/2868 3729/3729/2869
f 3728/3728/2868 3730/3730/2870 3729/3729/2869
f 3729/3729/2869 3730/3730/2870 3731/3731/2871
f 3730/3730/2870 3732/3732/2872 3731/3731/2871
f 3731/3731/2871 3732/3732/2872 3733/3733/2873
f 3732/3732/2872 3734/3734/2874 3733/3733/2873
f 3733/3733/2873 3734/3734/2874 3735/3735/2875
f 3734/3734/2874 3736/3736/2876 3735/3735/2875
f 3735/3735/2875 3736/3736/2876 3737/3737/2877
f 3736/3736/2876 3738/3738/2878 3737/3737/2877
f 3737/3737/2877 3738/3738/2878 3739/3739/2879
f 3738/3738/2878 3740/3740/2880 3739/3739/2879
f 3739/3739/2879 3740/3740/2880 3741/3741/2881
f 3740/3740/2880 3742/3742/2882 3741/3741/2881
f 3741/3741/2881 3742/3742/2882 3743/3743/2883
f 3742/3742/2882 3744/3744/2884 3743/3743/2883
f 3743/3743/2883 3744/3744/2884 3745/3745/2885
f 3744/3744/2884 3746/3746/2886 3745/3745/2885
f 3745/3745/2885 3746/3746/2886 3747/3747/2887
f 3746/3746/2886 3748/3748/2888 3747/3747/2887
f 3747/3747/2887 3748/3748/2888 3749/3749/2889
f 3748/3748/2888 3750/3750/2890 3749/3749/2889
f 3749/3749/2889 3750/3750/2890 3751/3751/2891
f 3750/3750/2890 3752/3752/2892 3751/3751/2891
f 3751/3751/2891 3752/3752/2892 3753/3753/2893
f 3752/3752/2892 3754/3754/2894 3753/3753/2893
f 3753/3753/2893 3754/3754/2894 3755/3755/2895
f 3754/3754/2894 3756/3756/2896 3755/3755/2895
f 3755/3755/2895 3756/3756/2896 3757/3757/2897
f 3756/3756/2896 3758/3758/2898 3757/3757/2897
f 3757/3757/2897 3758/3758/2898 3723/3723/2863
f 3758/3758/2898 3725/3724/2864 3723/3723/2863
f 3758/3758/2898 3759/3759/2899 3725/3724/2864
f 3759/3759/2899 3760/3760/2900 3725/3724/2864
f 3725/3724/2864 3760/3760/2900 3726/3726/2866
f 3760/3760/2900 3761/3761/2901 3726/3726/2866
f 3726/3726/2866 3761/3761/2901 3728/3728/2868
f 3761/3761/2901 3762/3762/2902 3728/3728/2868
f 3728/3728/2868 3762/3762/2902 3730/3730/2870
f 3762/3762/2902 3763/3763/2903 3730/3730/2870
f 3730/3730/2870 3763/3763/2903 3732/3732/2872
f 3763/3763/2903 3764/3764/2904 3732/3732/2872
f 3732/3732/2872 3764/3764/2904 3734/3734/2874
f 3764/3764/2904 3765/3765/2905 3734/3734/2874
f 3734/3734/2874 3765/3765/2905 3736/3736/2876
f 3765/3765/2905 3766/3766/2906 3736/3736/2876
f 3736/3736/2876 3766/3766/2906 3738/3738/2878
f 3766/3766/2906 3767/3767/2907 3738/3738/2878
f 3738/3738/2878 3767/3767/2907 3740/3740/2880
f 3767/3767/2907 3768/3768/2908 3740/3740/2880
f 3740/3740/2880 3768/3768/2908 3742/3742/2882
f 3768/3768/2908 3769/3769/2909 3742/3742/2882
f 3742/3742/2882 3769/3769/2909 3744/3744/2884
f 3769/3769/2909 3770/3770/2910 3744/3744/2884
f 3744/3744/2884 3770/3770/2910 3746/3746/2886
f 3770/3770/2910 3771/3771/2911 3746/3746/2886
f 3746/3746/2886 3771/3771/2911 3748/3748/2888
f 3771/3771/2911 3772/3772/2912 3748/3748/2888
f 3748/3748/2888 3772/3772/2912 3750/3750/2890
f 3772/3772/2912 3773/3773/2913 3750/3750/2890
f 3750/3750/2890 3773/3773/2913 3752/3752/2892
f 3773/3773/2913 3774/3774/2914 3752/3752/2892
f 3752/3752/2892 3774/3774/2914 3754/3754/2894
f 3774/3774/2914 3775/3775/2915 3754/3754/2894
f 3754/3754/2894 3775/3775/2915 3756/3756/2896
f 3775/3775/2915 3776/3776/2916 3756/3756/2896
f 3756/3756/2896 3776/3776/2916 3758/3758/2898
f 3776/3776/2916 3759/3759/2899 3758/3758/2898
f 3777/3777/2917 3779/3778/2918 3778/3779/2919
f 3779/3778/2918 3780/3780/2920 3778/3779/2919
f 3778/3779/2919 3780/3780/2920 3781/3781/2921
f 3780/3780/2920 3782/3782/2922 3781/3781/2921
f 3781/3781/2921 3782/3782/2922 3783/3783/2923
f 3782/3782/2922 3784/3784/2924 3783/3783/2923
f 3783/3783/2923 3784/3784/2924 3785/3785/2925
f 3784/3784/2924 3786/3786/2926 3785/3785/2925
f 3785/3785/2925 3786/3786/2926 3787/3787/2927
f 3786/3786/2926 3788/3788/2928 3787/3787/2927
f 3787/3787/2927 3788/3788/2928 3789/3789/2929
f 3788/3788/2928 3790/3790/2930 3789/3789/2929
f 3789/3789/2929 3790/3790/2930 3791/3791/2931
f 3790/3790/2930 3792/3792/2932 3791/3791/2931
f 3791/3791/2931 3792/3792/2932 3793/3793/2933
f 3792/3792/2932 3794/3794/2934 3793/3793/2933
f 3793/3793/2933 3794/3794/2934 3795/3795/2935
f 3794/3794/2934 3796/3796/2936 3795/3795/2935
f 3795/3795/2935 3796/3796/2936 3797/3797/2937
f 3796/3796/2936 3798/3798/2938 3797/3797/2937
f 3797/3797/2937 3798/3798/2938 3799/3799/2939
f 3798/3798/2938 3800/3800/2940 3799/3799/2939
f 3799/3799/2939 3800/3800/2940 3801/3801/2941
f 3800/3800/2940 3802/3802/2942 3801/3801/2941
f 3801/3801/2941 3802/3802/2942 3803/3803/2943
f 3802/3802/2942 3804/3804/2944 3803/3803/2943
f 3803/3803/2943 3804/3804/2944 3805/3805/2945
f 3804/3804/2944 3806/3806/2946 3805/3805/2945
f 3805/3805/2945 3806/3806/2946 3807/3807/2947
f 3806/3806/2946 3808/3808/2948 3807/3807/2947
f 3777/3777/2917 3778/3779/2919 3809/3809/2949
f 3810/3810/2950 3812/3811/2951 3811/3812/2952
f 3812/3811/2951 3813/3813/2953 3811/3812/2952
f 3811/3812/2952 3813/3813/2953 3814/3814/2954
f 3813/3813/2953 3815/3815/2955 3814/3814/2954
f 3814/3814/2954 3815/3815/2955 3816/3816/2956
f 3815/3815/2955 3817/3817/2957 3816/3816/2956
f 3816/3816/2956 3817/3817/2957 3818/3818/2958
f 3817/3817/2957 3819/3819/2959 3818/3818/2958
f 3818/3818/2958 3819/3819/2959 3820/3820/2960
f 3819/3819/2959 3821/3821/2961 3820/3820/2960
f 3820/3820/2960 3821/3821/2961 3822/3822/2962
f 3821/3821/2961 3823/3823/2963 3822/3822/2962
f 3822/3822/2962 3823/3823/2963 3824/3824/2964
f 3823/3823/2963 3825/3825/2965 3824/3824/2964
f 3824/3824/2964 3825/3825/2965 3826/3826/2966
f 3825/3825/2965 3827/3827/2967 3826/3826/2966
f 3826/3826/2966 3827/3827/2967 3828/3828/2968
f 3827/3827/2967 3829/3829/2969 3828/3828/2968
f 3828/3828/2968 3829/3829/2969 3830/3830/2970
f 3829/3829/2969 3831/3831/2971 3830/3830/2970
f 3830/3830/2970 3831/3831/2971 3832/3832/2972
f 3831/3831/2971 3833/3833/2973 3832/3832/2972
f 3832/3832/2972 3833/3833/2973 3834/3834/2974
f 3833/3833/2973 3835/3835/2975 3834/3834/2974
f 3834/3834/2974 3835/3835/2975 3836/3836/2976
f 3835/3835/2975 3837/3837/2977 3836/3836/2976
f 3836/3836/2976 3837/3837/2977 3838/3838/2978
f 3839/3839/2979 3841/3840/2980 3840/3841/2981
f 3841/3840/2980 3842/3842/2982 3840/3841/2981
f 3840/3841/2981 3842/3842/2982 3843/3843/2983
f 3842/3842/2982 3844/3844/2984 3843/3843/2983
f 3843/3843/2983 3844/3844/2984 3845/3845/2985
f 3844/3844/2984 3846/3846/2986 3845/3845/2985
f 3845/3845/2985 3846/3846/2986 3847/3847/2987
f 3846/3846/2986 3848/3848/2988 3847/3847/2987
f 3847/3847/2987 3848/3848/2988 3849/3849/2989
f 3848/3848/2988 3850/3850/2990 3849/3849/2989
f 3849/3849/2989 3850/3850/2990 3851/3851/2991
f 3850/3850/2990 3852/3852/2992 3851/3851/2991
f 3851/3851/2991 3852/3852/2992 3853/3853/2993
f 3852/3852/2992 3854/3854/2994 3853/3853/2993
f 3853/3853/2993 3854/3854/2994 3855/3855/2995
f 3854/3854/2994 3856/3856/2996 3855/3855/2995
f 3855/3855/2995 3856/3856/2996 3857/3857/2997
f 3856/3856/2996 3858/3858/2998 3857/3857/2997
f 3857/3857/2997 3858/3858/2998 3859/3859/2999
f 3858/3858/2998 3860/3860/3000 3859/3859/2999
f 3859/3859/2999 3860/3860/3000 3861/3861/3001
f 3860/3860/3000 3862/3862/3002 3861/3861/3001
f 3861/3861/3001 3862/3862/3002 3863/3863/3003
f 3862/3862/3002 3864/3864/3004 3863/3863/3003
f 3863/3863/3003 3864/3864/3004 3865/3865/3005
f 3866/3866/3006 3868/3867/3007 3867/3868/3008
f 3868/3867/3007 3869/3869/3009 3867/3868/3008
f 3867/3868/3008 3869/3869/3009 3870/3870/3010
f 3869/3869/3009 3871/3871/3011 3870/3870/3010
f 3872/3872/3012 3874/3873/3013 3873/3874/3014
f 3874/3873/3013 3875/3875/3015 3873/3874/3014
f 3873/3874/3014 3875/3875/3015 3876/3876/3016
f 3875/3875/3015 3877/3877/3017 3876/3876/3016
f 3876/3876/3016 3877/3877/3017 3878/3878/3018
f 3877/3877/3017 3879/3879/3019 3878/3878/3018
f 3878/3878/3018 3879/3879/3019 3880/3880/3020
f 3879/3879/3019 3881/3881/3021 3880/3880/3020
f 3880/3880/3020 3881/3881/3021 3882/3882/3022
f 3881/3881/3021 3883/3883/3023 3882/3882/3022
f 3882/3882/3022 3883/3883/3023 3884/3884/3024
f 3883/3883/3023 3885/3885/3025 3884/3884/3024
f 3884/3884/3024 3885/3885/3025 3886/3886/3026
f 3885/3885/3025 3887/3887/3027 3886/3886/3026
f 3886/3886/3026 3887/3887/3027 3888/3888/3028
f 3887/3887/3027 3889/3889/3029 3888/3888/3028
f 3888/3888/3028 3889/3889/3029 3890/3890/3030
f 3889/3889/3029 3891/3891/3031 3890/3890/3030
f 3890/3890/3030 3891/3891/3031 3892/3892/3032
f 3891/3891/3031 3893/3893/3033 3892/3892/3032
f 3892/3892/3032 3893/3893/3033 3894/3894/3034
f 3893/3893/3033 3895/3895/3035 3894/3894/3034
f 3894/3894/3034 3895/3895/3035 3896/3896/3036
f 3895/3895/3035 3897/3897/3037 3896/3896/3036
f 3871/3871/3011 3898/3898/3038 3870/3870/3010
f 3898/3898/3038 3899/3899/3039 3870/3870/3010
f 3870/3870/3010 3899/3899/3039 3900/3900/3040
f 3899/3899/3039 3901/3901/3041 3900/3900/3040
f 3900/3900/3040 3901/3901/3041 3902/3902/3042
f 3901/3901/3041 3903/3903/3043 3902/3902/3042
f 3902/3902/3042 3903/3903/3043 3904/3904/3044
f 3903/3903/3043 3905/3905/3045 3904/3904/3044
f 3904/3904/3044 3905/3905/3045 3906/3906/3046
f 3905/3905/3045 3907/3907/3047 3906/3906/3046
f 3906/3906/3046 3907/3907/3047 3908/3908/3048
f 3907/3907/3047 3909/3909/3049 3908/3908/3048
f 3908/3908/3048 3909/3909/3049 3910/3910/3050
f 3909/3909/3049 3911/3911/3051 3910/3910/3050
f 3910/3910/3050 3911/3911/3051 3912/3912/3052
f 3911/3911/3051 3913/3913/3053 3912/3912/3052
f 3912/3912/3052 3913/3913/3053 3914/3914/3054
f 3913/3913/3053 3915/3915/3055 3914/3914/3054
f 3914/3914/3054 3915/3915/3055 3916/3916/3056
f 3915/3915/3055 3917/3917/3057 3916/3916/3056
f 3916/3916/3056 3917/3917/3057 3918/3918/3058
f 3917/3917/3057 3919/3919/3059 3918/3918/3058
f 3918/3918/3058 3919/3919/3059 3920/3920/3060
f 3919/3919/3059 3921/3921/3061 3920/3920/3060
f 3920/3920/3060 3921/3921/3061 3922/3922/3062
f 3921/3921/3061 3923/3923/3063 3922/3922/3062
f 3922/3922/3062 3923/3923/3063 3924/3924/3064
f 3923/3923/3063 3925/3925/3065 3924/3924/3064
f 3924/3924/3064 3925/3925/3065 3926/3926/3066
f 3925/3925/3065 3927/3927/3067 3926/3926/3066
f 3926/3926/3066 3927/3927/3067 3928/3928/3068
f 3927/3927/3067 3929/3929/3069 3928/3928/3068
f 3899/3899/3039 3898/3898/3038 3901/3901/3041
f 3930/3930/3070 3932/3931/3071 3931/3932/3072
f 3933/3933/3073 3934/3934/3074 3838/3838/2978
f 3934/3934/3074 3836/3836/2976 3838/3838/2978
f 3935/3935/3075 3936/3936/3076 3933/3933/3073
f 3936/3936/3076 3937/3937/3077 3933/3933/3073
f 3933/3933/3073 3937/3937/3077 3934/3934/3074
f 3937/3937/3077 3865/3865/3005 3934/3934/3074
f 3934/3934/3074 3865/3865/3005 3836/3836/2976
f 3865/3865/3005 3864/3864/3004 3836/3836/2976
f 3836/3836/2976 3864/3864/3004 3834/3834/2974
f 3864/3864/3004 3862/3862/3002 3834/3834/2974
f 3834/3834/2974 3862/3862/3002 3832/3832/2972
f 3862/3862/3002 3860/3860/3000 3832/3832/2972
f 3832/3832/2972 3860/3860/3000 3830/3830/2970
f 3860/3860/3000 3858/3858/2998 3830/3830/2970
f 3830/3830/2970 3858/3858/2998 3828/3828/2968
f 3858/3858/2998 3856/3856/2996 3828/3828/2968
f 3828/3828/2968 3856/3856/2996 3826/3826/2966
f 3856/3856/2996 3854/3854/2994 3826/3826/2966
f 3826/3826/2966 3854/3854/2994 3824/3824/2964
f 3854/3854/2994 3852/3852/2992 3824/3824/2964
f 3824/3824/2964 3852/3852/2992 3822/3822/2962
f 3852/3852/2992 3850/3850/2990 3822/3822/2962
f 3822/3822/2962 3850/3850/2990 3820/3820/2960
f 3850/3850/2990 3848/3848/2988 3820/3820/2960
f 3820/3820/2960 3848/3848/2988 3818/3818/2958
f 3848/3848/2988 3846/3846/2986 3818/3818/2958
f 3818/3818/2958 3846/3846/2986 3816/3816/2956
f 3846/3846/2986 3844/3844/2984 3816/3816/2956
f 3816/3816/2956 3844/3844/2984 3814/3814/2954
f 3844/3844/2984 3842/3842/2982 3814/3814/2954
f 3814/3814/2954 3842/3842/2982 3811/3812/2952
f 3842/3842/2982 3841/3840/2980 3811/3812/2952
f 3811/3812/2952 3841/3840/2980 3810/3810/2950
f 3937/3937/3077 3863/3863/3003 3865/3865/3005
f 3938/3938/3078 3939/3939/3079 3896/3896/3036
f 3939/3939/3079 3940/3940/3080 3896/3896/3036
f 3896/3896/3036 3940/3940/3080 3894/3894/3034
f 3940/3940/3080 3941/3941/3081 3894/3894/3034
f 3894/3894/3034 3941/3941/3081 3892/3892/3032
f 3941/3941/3081 3942/3942/3082 3892/3892/3032
f 3892/3892/3032 3942/3942/3082 3890/3890/3030
f 3942/3942/3082 3943/3943/3083 3890/3890/3030
f 3890/3890/3030 3943/3943/3083 3888/3888/3028
f 3943/3943/3083 3944/3944/3084 3888/3888/3028
f 3888/3888/3028 3944/3944/3084 3886/3886/3026
f 3944/3944/3084 3945/3945/3085 3886/3886/3026
f 3886/3886/3026 3945/3945/3085 3884/3884/3024
f 3945/3945/3085 3946/3946/3086 3884/3884/3024
f 3884/3884/3024 3946/3946/3086 3882/3882/3022
f 3946/3946/3086 3947/3947/3087 3882/3882/3022
f 3882/3882/3022 3947/3947/3087 3880/3880/3020
f 3947/3947/3087 3948/3948/3088 3880/3880/3020
f 3880/3880/3020 3948/3948/3088 3878/3878/3018
f 3948/3948/3088 3949/3949/3089 3878/3878/3018
f 3878/3878/3018 3949/3949/3089 3876/3876/3016
f 3949/3949/3089 3950/3950/3090 3876/3876/3016
f 3876/3876/3016 3950/3950/3090 3873/3874/3014
f 3950/3950/3090 3932/3931/3071 3873/3874/3014
f 3873/3874/3014 3932/3931/3071 3872/3872/3012
f 3932/3931/3071 3930/3930/3070 3872/3872/3012
f 3872/3872/3012 3930/3930/3070 3874/3873/3013
f 3930/3930/3070 3951/3951/3091 3874/3873/3013
f 3874/3873/3013 3951/3951/3091 3952/3952/3092
f 3806/3806/2946 3953/3953/3093 3808/3808/2948
f 3929/3929/3069 3953/3953/3093 3928/3928/3068
f 3953/3953/3093 3806/3806/2946 3928/3928/3068
f 3928/3928/3068 3806/3806/2946 3926/3926/3066
f 3806/3806/2946 3804/3804/2944 3926/3926/3066
f 3926/3926/3066 3804/3804/2944 3924/3924/3064
f 3804/3804/2944 3802/3802/2942 3924/3924/3064
f 3924/3924/3064 3802/3802/2942 3922/3922/3062
f 3802/3802/2942 3800/3800/2940 3922/3922/3062
f 3922/3922/3062 3800/3800/2940 3920/3920/3060
f 3800/3800/2940 3798/3798/2938 3920/3920/3060
f 3920/3920/3060 3798/3798/2938 3918/3918/3058
f 3798/3798/2938 3796/3796/2936 3918/3918/3058
f 3918/3918/3058 3796/3796/2936 3916/3916/3056
f 3796/3796/2936 3794/3794/2934 3916/3916/3056
f 3916/3916/3056 3794/3794/2934 3914/3914/3054
f 3794/3794/2934 3792/3792/2932 3914/3914/3054
f 3914/3914/3054 3792/3792/2932 3912/3912/3052
f 3792/3792/2932 3790/3790/2930 3912/3912/3052
f 3912/3912/3052 3790/3790/2930 3910/3910/3050
f 3790/3790/2930 3788/3788/2928 3910/3910/3050
f 3910/3910/3050 3788/3788/2928 3908/3908/3048
f 3788/3788/2928 3786/3786/2926 3908/3908/3048
f 3908/3908/3048 3786/3786/2926 3906/3906/3046
f 3786/3786/2926 3784/3784/2924 3906/3906/3046
f 3906/3906/3046 3784/3784/2924 3904/3904/3044
f 3784/3784/2924 3782/3782/2922 3904/3904/3044
f 3904/3904/3044 3782/3782/2922 3902/3902/3042
f 3782/3782/2922 3780/3780/2920 3902/3902/3042
f 3902/3902/3042 3780/3780/2920 3900/3900/3040
f 3780/3780/2920 3779/3778/2918 3900/3900/3040
f 3900/3900/3040 3779/3778/2918 3870/3870/3010
f 3779/3778/2918 3777/3777/2917 3870/3870/3010
f 3870/3870/3010 3777/3777/2917 3867/3868/3008
f 3777/3777/2917 3809/3809/2949 3867/3868/3008
f 3867/3868/3008 3809/3809/2949 3866/3866/3006
f 3809/3809/2949 3954/3954/3094 3866/3866/3006
f 3866/3866/3006 3954/3954/3094 3868/3867/3007
f 3954/3954/3094 3952/3952/3092 3868/3867/3007
f 3868/3867/3007 3952/3952/3092 3869/3869/3009
f 3952/3952/3092 3951/3951/3091 3869/3869/3009
f 3869/3869/3009 3951/3951/3091 3871/3871/3011
f 3951/3951/3091 3930/3930/3070 3871/3871/3011
f 3871/3871/3011 3930/3930/3070 3898/3898/3038
f 3930/3930/3070 3931/3932/3072 3898/3898/3038
f 3898/3898/3038 3931/3932/3072 3901/3901/3041
f 3931/3932/3072 3932/3931/3071 3901/3901/3041
f 3901/3901/3041 3932/3931/3071 3955/3955/3095
f 3932/3931/3071 3950/3950/3090 3955/3955/3095
f 3955/3955/3095 3950/3950/3090 3956/3956/3096
f 3950/3950/3090 3949/3949/3089 3956/3956/3096
f 3956/3956/3096 3949/3949/3089 3957/3957/3097
f 3949/3949/3089 3948/3948/3088 3957/3957/3097
f 3957/3957/3097 3948/3948/3088 3958/3958/3098
f 3948/3948/3088 3947/3947/3087 3958/3958/3098
f 3958/3958/3098 3947/3947/3087 3959/3959/3099
f 3947/3947/3087 3946/3946/3086 3959/3959/3099
f 3959/3959/3099 3946/3946/3086 3960/3960/3100
f 3946/3946/3086 3945/3945/3085 3960/3960/3100
f 3960/3960/3100 3945/3945/3085 3961/3961/3101
f 3945/3945/3085 3944/3944/3084 3961/3961/3101
f 3961/3961/3101 3944/3944/3084 3962/3962/3102
f 3944/3944/3084 3943/3943/3083 3962/3962/3102
f 3962/3962/3102 3943/3943/3083 3963/3963/3103
f 3943/3943/3083 3942/3942/3082 3963/3963/3103
f 3963/3963/3103 3942/3942/3082 3964/3964/3104
f 3942/3942/3082 3941/3941/3081 3964/3964/3104
f 3964/3964/3104 3941/3941/3081 3965/3965/3105
f 3941/3941/3081 3940/3940/3080 3965/3965/3105
f 3965/3965/3105 3940/3940/3080 3966/3966/3106
f 3940/3940/3080 3939/3939/3079 3966/3966/3106
f 3966/3966/3106 3939/3939/3079 3967/3967/3107
f 3939/3939/3079 3938/3938/3078 3967/3967/3107
f 3967/3967/3107 3938/3938/3078 3929/3929/3069
f 3938/3938/3078 3968/3968/3108 3929/3929/3069
f 3929/3929/3069 3968/3968/3108 3953/3953/3093
f 3968/3968/3108 3935/3935/3075 3953/3953/3093
f 3953/3953/3093 3935/3935/3075 3808/3808/2948
f 3935/3935/3075 3933/3933/3073 3808/3808/2948
f 3808/3808/2948 3933/3933/3073 3807/3807/2947
f 3933/3933/3073 3838/3838/2978 3807/3807/2947
f 3807/3807/2947 3838/3838/2978 3805/3805/2945
f 3838/3838/2978 3837/3837/2977 3805/3805/2945
f 3805/3805/2945 3837/3837/2977 3803/3803/2943
f 3837/3837/2977 3835/3835/2975 3803/3803/2943
f 3803/3803/2943 3835/3835/2975 3801/3801/2941
f 3835/3835/2975 3833/3833/2973 3801/3801/2941
f 3801/3801/2941 3833/3833/2973 3799/3799/2939
f 3833/3833/2973 3831/3831/2971 3799/3799/2939
f 3799/3799/2939 3831/3831/2971 3797/3797/2937
f 3831/3831/2971 3829/3829/2969 3797/3797/2937
f 3797/3797/2937 3829/3829/2969 3795/3795/2935
f 3829/3829/2969 3827/3827/2967 3795/3795/2935
f 3795/3795/2935 3827/3827/2967 3793/3793/2933
f 3827/3827/2967 3825/3825/2965 3793/3793/2933
f 3793/3793/2933 3825/3825/2965 3791/3791/2931
f 3825/3825/2965 3823/3823/2963 3791/3791/2931
f 3791/3791/2931 3823/3823/2963 3789/3789/2929
f 3823/3823/2963 3821/3821/2961 3789/3789/2929
f 3789/3789/2929 3821/3821/2961 3787/3787/2927
f 3821/3821/2961 3819/3819/2959 3787/3787/2927
f 3787/3787/2927 3819/3819/2959 3785/3785/2925
f 3819/3819/2959 3817/3817/2957 3785/3785/2925
f 3785/3785/2925 3817/3817/2957 3783/3783/2923
f 3817/3817/2957 3815/3815/2955 3783/3783/2923
f 3783/3783/2923 3815/3815/2955 3781/3781/2921
f 3815/3815/2955 3813/3813/2953 3781/3781/2921
f 3781/3781/2921 3813/3813/2953 3778/3779/2919
f 3813/3813/2953 3812/3811/2951 3778/3779/2919
f 3778/3779/2919 3812/3811/2951 3809/3809/2949
f 3812/3811/2951 3810/3810/2950 3809/3809/2949
f 3809/3809/2949 3810/3810/2950 3954/3954/3094
f 3810/3810/2950 3841/3840/2980 3954/3954/3094
f 3954/3954/3094 3841/3840/2980 3952/3952/3092
f 3841/3840/2980 3839/3839/2979 3952/3952/3092
f 3952/3952/3092 3839/3839/2979 3874/3873/3013
f 3839/3839/2979 3840/3841/2981 3874/3873/3013
f 3874/3873/3013 3840/3841/2981 3875/3875/3015
f 3840/3841/2981 3843/3843/2983 3875/3875/3015
f 3875/3875/3015 3843/3843/2983 3877/3877/3017
f 3843/3843/2983 3845/3845/2985 3877/3877/3017
f 3877/3877/3017 3845/3845/2985 3879/3879/3019
f 3845/3845/2985 3847/3847/2987 3879/3879/3019
f 3879/3879/3019 3847/3847/2987 3881/3881/3021
f 3847/3847/2987 3849/3849/2989 3881/3881/3021
f 3881/3881/3021 3849/3849/2989 3883/3883/3023
f 3849/3849/2989 3851/3851/2991 3883/3883/3023
f 3883/3883/3023 3851/3851/2991 3885/3885/3025
f 3851/3851/2991 3853/3853/2993 3885/3885/3025
f 3885/3885/3025 3853/3853/2993 3887/3887/3027
f 3853/3853/2993 3855/3855/2995 3887/3887/3027
f 3887/3887/3027 3855/3855/2995 3889/3889/3029
f 3855/3855/2995 3857/3857/2997 3889/3889/3029
f 3889/3889/3029 3857/3857/2997 3891/3891/3031
f 3857/3857/2997 3859/3859/2999 3891/3891/3031
f 3891/3891/3031 3859/3859/2999 3893/3893/3033
f 3859/3859/2999 3861/3861/3001 3893/3893/3033
f 3893/3893/3033 3861/3861/3001 3895/3895/3035
f 3861/3861/3001 3863/3863/3003 3895/3895/3035
f 3895/3895/3035 3863/3863/3003 3897/3897/3037
f 3863/3863/3003 3937/3937/3077 3897/3897/3037
f 3897/3897/3037 3937/3937/3077 3896/3896/3036
f 3937/3937/3077 3936/3936/3076 3896/3896/3036
f 3896/3896/3036 3936/3936/3076 3938/3938/3078
f 3936/3936/3076 3935/3935/3075 3938/3938/3078
f 3938/3938/3078 3935/3935/3075 3968/3968/3108
f 3901/3901/3041 3955/3955/3095 3903/3903/3043
f 3955/3955/3095 3956/3956/3096 3903/3903/3043
f 3903/3903/3043 3956/3956/3096 3905/3905/3045
f 3956/3956/3096 3957/3957/3097 3905/3905/3045
f 3905/3905/3045 3957/3957/3097 3907/3907/3047
f 3957/3957/3097 3958/3958/3098 3907/3907/3047
f 3907/3907/3047 3958/3958/3098 3909/3909/3049
f 3958/3958/3098 3959/3959/3099 3909/3909/3049
f 3909/3909/3049 3959/3959/3099 3911/3911/3051
f 3959/3959/3099 3960/3960/3100 3911/3911/3051
f 3911/3911/3051 3960/3960/3100 3913/3913/3053
f 3960/3960/3100 3961/3961/3101 3913/3913/3053
f 3913/3913/3053 3961/3961/3101 3915/3915/3055
f 3961/3961/3101 3962/3962/3102 3915/3915/3055
f 3915/3915/3055 3962/3962/3102 3917/3917/3057
f 3962/3962/3102 3963/3963/3103 3917/3917/3057
f 3917/3917/3057 3963/3963/3103 3919/3919/3059
f 3963/3963/3103 3964/3964/3104 3919/3919/3059
f 3919/3919/3059 3964/3964/3104 3921/3921/3061
f 3964/3964/3104 3965/3965/3105 3921/3921/3061
f 3921/3921/3061 3965/3965/3105 3923/3923/3063
f 3965/3965/3105 3966/3966/3106 3923/3923/3063
f 3923/3923/3063 3966/3966/3106 3925/3925/3065
f 3966/3966/3106 3967/3967/3107 3925/3925/3065
f 3925/3925/3065 3967/3967/3107 3927/3927/3067
f 3967/3967/3107 3929/3929/3069 3927/3927/3067
